state	screen_width	screen_height	button	sample	x	y	result	first_hit	handler
01_center	720	1280	Canvas/HUD/VerticalUIRoot/VerticalSafeAreaRoot/ContentSlot/Dimension1Panel/D1CommandCenterProductionRoot/Nav_EXPLORAR	0	220.00	73.33	OK	Canvas/HUD/VerticalUIRoot/VerticalSafeAreaRoot/ContentSlot/Dimension1Panel/D1CommandCenterProductionRoot/Nav_EXPLORAR	Canvas/HUD/VerticalUIRoot/VerticalSafeAreaRoot/ContentSlot/Dimension1Panel/D1CommandCenterProductionRoot/Nav_EXPLORAR
01_center	720	1280	Canvas/HUD/VerticalUIRoot/VerticalSafeAreaRoot/ContentSlot/Dimension1Panel/D1CommandCenterProductionRoot/Nav_EXPLORAR	1	180.40	38.13	OK	Canvas/HUD/VerticalUIRoot/VerticalSafeAreaRoot/ContentSlot/Dimension1Panel/D1CommandCenterProductionRoot/Nav_EXPLORAR	Canvas/HUD/VerticalUIRoot/VerticalSafeAreaRoot/ContentSlot/Dimension1Panel/D1CommandCenterProductionRoot/Nav_EXPLORAR
01_center	720	1280	Canvas/HUD/VerticalUIRoot/VerticalSafeAreaRoot/ContentSlot/Dimension1Panel/D1CommandCenterProductionRoot/Nav_EXPLORAR	2	259.60	38.13	OK	Canvas/HUD/VerticalUIRoot/VerticalSafeAreaRoot/ContentSlot/Dimension1Panel/D1CommandCenterProductionRoot/Nav_EXPLORAR	Canvas/HUD/VerticalUIRoot/VerticalSafeAreaRoot/ContentSlot/Dimension1Panel/D1CommandCenterProductionRoot/Nav_EXPLORAR
01_center	720	1280	Canvas/HUD/VerticalUIRoot/VerticalSafeAreaRoot/ContentSlot/Dimension1Panel/D1CommandCenterProductionRoot/Nav_EXPLORAR	3	180.40	108.53	OK	Canvas/HUD/VerticalUIRoot/VerticalSafeAreaRoot/ContentSlot/Dimension1Panel/D1CommandCenterProductionRoot/Nav_EXPLORAR	Canvas/HUD/VerticalUIRoot/VerticalSafeAreaRoot/ContentSlot/Dimension1Panel/D1CommandCenterProductionRoot/Nav_EXPLORAR
01_center	720	1280	Canvas/HUD/VerticalUIRoot/VerticalSafeAreaRoot/ContentSlot/Dimension1Panel/D1CommandCenterProductionRoot/Nav_EXPLORAR	4	259.60	108.53	OK	Canvas/HUD/VerticalUIRoot/VerticalSafeAreaRoot/ContentSlot/Dimension1Panel/D1CommandCenterProductionRoot/Nav_EXPLORAR	Canvas/HUD/VerticalUIRoot/VerticalSafeAreaRoot/ContentSlot/Dimension1Panel/D1CommandCenterProductionRoot/Nav_EXPLORAR
01_center	720	1280	Canvas/HUD/VerticalUIRoot/VerticalSafeAreaRoot/ContentSlot/Dimension1Panel/D1CommandCenterProductionRoot/CommandDashboard/TreeCard	0	619.33	659.33	OK	Canvas/HUD/VerticalUIRoot/VerticalSafeAreaRoot/ContentSlot/Dimension1Panel/D1CommandCenterProductionRoot/CommandDashboard/TreeCard	Canvas/HUD/VerticalUIRoot/VerticalSafeAreaRoot/ContentSlot/Dimension1Panel/D1CommandCenterProductionRoot/CommandDashboard/TreeCard
01_center	720	1280	Canvas/HUD/VerticalUIRoot/VerticalSafeAreaRoot/ContentSlot/Dimension1Panel/D1CommandCenterProductionRoot/CommandDashboard/TreeCard	1	562.13	602.53	OK	Canvas/HUD/VerticalUIRoot/VerticalSafeAreaRoot/ContentSlot/Dimension1Panel/D1CommandCenterProductionRoot/CommandDashboard/TreeCard	Canvas/HUD/VerticalUIRoot/VerticalSafeAreaRoot/ContentSlot/Dimension1Panel/D1CommandCenterProductionRoot/CommandDashboard/TreeCard
01_center	720	1280	Canvas/HUD/VerticalUIRoot/VerticalSafeAreaRoot/ContentSlot/Dimension1Panel/D1CommandCenterProductionRoot/CommandDashboard/TreeCard	2	676.53	602.53	OK	Canvas/HUD/VerticalUIRoot/VerticalSafeAreaRoot/ContentSlot/Dimension1Panel/D1CommandCenterProductionRoot/CommandDashboard/TreeCard	Canvas/HUD/VerticalUIRoot/VerticalSafeAreaRoot/ContentSlot/Dimension1Panel/D1CommandCenterProductionRoot/CommandDashboard/TreeCard
01_center	720	1280	Canvas/HUD/VerticalUIRoot/VerticalSafeAreaRoot/ContentSlot/Dimension1Panel/D1CommandCenterProductionRoot/CommandDashboard/TreeCard	3	562.13	716.13	OK	Canvas/HUD/VerticalUIRoot/VerticalSafeAreaRoot/ContentSlot/Dimension1Panel/D1CommandCenterProductionRoot/CommandDashboard/TreeCard/DetailedLineIcon	Canvas/HUD/VerticalUIRoot/VerticalSafeAreaRoot/ContentSlot/Dimension1Panel/D1CommandCenterProductionRoot/CommandDashboard/TreeCard
01_center	720	1280	Canvas/HUD/VerticalUIRoot/VerticalSafeAreaRoot/ContentSlot/Dimension1Panel/D1CommandCenterProductionRoot/CommandDashboard/TreeCard	4	676.53	716.13	OK	Canvas/HUD/VerticalUIRoot/VerticalSafeAreaRoot/ContentSlot/Dimension1Panel/D1CommandCenterProductionRoot/CommandDashboard/TreeCard/DetailedLineIcon	Canvas/HUD/VerticalUIRoot/VerticalSafeAreaRoot/ContentSlot/Dimension1Panel/D1CommandCenterProductionRoot/CommandDashboard/TreeCard
01_center	720	1280	Canvas/HUD/VerticalUIRoot/VerticalSafeAreaRoot/ContentSlot/Dimension1Panel/D1CommandCenterProductionRoot/DimensionDrawerToggle	0	360.00	151.33	OK	Canvas/HUD/VerticalUIRoot/VerticalSafeAreaRoot/ContentSlot/Dimension1Panel/D1CommandCenterProductionRoot/DimensionDrawerToggle	Canvas/HUD/VerticalUIRoot/VerticalSafeAreaRoot/ContentSlot/Dimension1Panel/D1CommandCenterProductionRoot/DimensionDrawerToggle
01_center	720	1280	Canvas/HUD/VerticalUIRoot/VerticalSafeAreaRoot/ContentSlot/Dimension1Panel/D1CommandCenterProductionRoot/DimensionDrawerToggle	1	310.00	144.53	OK	Canvas/HUD/VerticalUIRoot/VerticalSafeAreaRoot/ContentSlot/Dimension1Panel/D1CommandCenterProductionRoot/DimensionDrawerToggle	Canvas/HUD/VerticalUIRoot/VerticalSafeAreaRoot/ContentSlot/Dimension1Panel/D1CommandCenterProductionRoot/DimensionDrawerToggle
01_center	720	1280	Canvas/HUD/VerticalUIRoot/VerticalSafeAreaRoot/ContentSlot/Dimension1Panel/D1CommandCenterProductionRoot/DimensionDrawerToggle	2	410.00	144.53	OK	Canvas/HUD/VerticalUIRoot/VerticalSafeAreaRoot/ContentSlot/Dimension1Panel/D1CommandCenterProductionRoot/DimensionDrawerToggle	Canvas/HUD/VerticalUIRoot/VerticalSafeAreaRoot/ContentSlot/Dimension1Panel/D1CommandCenterProductionRoot/DimensionDrawerToggle
01_center	720	1280	Canvas/HUD/VerticalUIRoot/VerticalSafeAreaRoot/ContentSlot/Dimension1Panel/D1CommandCenterProductionRoot/DimensionDrawerToggle	3	310.00	158.13	OK	Canvas/HUD/VerticalUIRoot/VerticalSafeAreaRoot/ContentSlot/Dimension1Panel/D1CommandCenterProductionRoot/DimensionDrawerToggle	Canvas/HUD/VerticalUIRoot/VerticalSafeAreaRoot/ContentSlot/Dimension1Panel/D1CommandCenterProductionRoot/DimensionDrawerToggle
01_center	720	1280	Canvas/HUD/VerticalUIRoot/VerticalSafeAreaRoot/ContentSlot/Dimension1Panel/D1CommandCenterProductionRoot/DimensionDrawerToggle	4	410.00	158.13	OK	Canvas/HUD/VerticalUIRoot/VerticalSafeAreaRoot/ContentSlot/Dimension1Panel/D1CommandCenterProductionRoot/DimensionDrawerToggle	Canvas/HUD/VerticalUIRoot/VerticalSafeAreaRoot/ContentSlot/Dimension1Panel/D1CommandCenterProductionRoot/DimensionDrawerToggle
01_center	720	1280	Canvas/HUD/VerticalUIRoot/VerticalSafeAreaRoot/ContentSlot/Dimension1Panel/D1CommandCenterProductionRoot/Nav_ÁRBOL	0	634.00	73.33	OK	Canvas/HUD/VerticalUIRoot/VerticalSafeAreaRoot/ContentSlot/Dimension1Panel/D1CommandCenterProductionRoot/Nav_ÁRBOL	Canvas/HUD/VerticalUIRoot/VerticalSafeAreaRoot/ContentSlot/Dimension1Panel/D1CommandCenterProductionRoot/Nav_ÁRBOL
01_center	720	1280	Canvas/HUD/VerticalUIRoot/VerticalSafeAreaRoot/ContentSlot/Dimension1Panel/D1CommandCenterProductionRoot/Nav_ÁRBOL	1	594.40	38.13	OK	Canvas/HUD/VerticalUIRoot/VerticalSafeAreaRoot/ContentSlot/Dimension1Panel/D1CommandCenterProductionRoot/Nav_ÁRBOL	Canvas/HUD/VerticalUIRoot/VerticalSafeAreaRoot/ContentSlot/Dimension1Panel/D1CommandCenterProductionRoot/Nav_ÁRBOL
01_center	720	1280	Canvas/HUD/VerticalUIRoot/VerticalSafeAreaRoot/ContentSlot/Dimension1Panel/D1CommandCenterProductionRoot/Nav_ÁRBOL	2	673.60	38.13	OK	Canvas/HUD/VerticalUIRoot/VerticalSafeAreaRoot/ContentSlot/Dimension1Panel/D1CommandCenterProductionRoot/Nav_ÁRBOL	Canvas/HUD/VerticalUIRoot/VerticalSafeAreaRoot/ContentSlot/Dimension1Panel/D1CommandCenterProductionRoot/Nav_ÁRBOL
01_center	720	1280	Canvas/HUD/VerticalUIRoot/VerticalSafeAreaRoot/ContentSlot/Dimension1Panel/D1CommandCenterProductionRoot/Nav_ÁRBOL	3	594.40	108.53	OK	Canvas/HUD/VerticalUIRoot/VerticalSafeAreaRoot/ContentSlot/Dimension1Panel/D1CommandCenterProductionRoot/Nav_ÁRBOL	Canvas/HUD/VerticalUIRoot/VerticalSafeAreaRoot/ContentSlot/Dimension1Panel/D1CommandCenterProductionRoot/Nav_ÁRBOL
01_center	720	1280	Canvas/HUD/VerticalUIRoot/VerticalSafeAreaRoot/ContentSlot/Dimension1Panel/D1CommandCenterProductionRoot/Nav_ÁRBOL	4	673.60	108.53	OK	Canvas/HUD/VerticalUIRoot/VerticalSafeAreaRoot/ContentSlot/Dimension1Panel/D1CommandCenterProductionRoot/Nav_ÁRBOL	Canvas/HUD/VerticalUIRoot/VerticalSafeAreaRoot/ContentSlot/Dimension1Panel/D1CommandCenterProductionRoot/Nav_ÁRBOL
01_center	720	1280	Canvas/HUD/VerticalUIRoot/VerticalSafeAreaRoot/ContentSlot/Dimension1Panel/D1CommandCenterProductionRoot/CommandDashboard/SectorCard	0	100.67	861.33	OK	Canvas/HUD/VerticalUIRoot/VerticalSafeAreaRoot/ContentSlot/Dimension1Panel/D1CommandCenterProductionRoot/CommandDashboard/SectorCard	Canvas/HUD/VerticalUIRoot/VerticalSafeAreaRoot/ContentSlot/Dimension1Panel/D1CommandCenterProductionRoot/CommandDashboard/SectorCard
01_center	720	1280	Canvas/HUD/VerticalUIRoot/VerticalSafeAreaRoot/ContentSlot/Dimension1Panel/D1CommandCenterProductionRoot/CommandDashboard/SectorCard	1	43.47	804.53	OK	Canvas/HUD/VerticalUIRoot/VerticalSafeAreaRoot/ContentSlot/Dimension1Panel/D1CommandCenterProductionRoot/CommandDashboard/SectorCard	Canvas/HUD/VerticalUIRoot/VerticalSafeAreaRoot/ContentSlot/Dimension1Panel/D1CommandCenterProductionRoot/CommandDashboard/SectorCard
01_center	720	1280	Canvas/HUD/VerticalUIRoot/VerticalSafeAreaRoot/ContentSlot/Dimension1Panel/D1CommandCenterProductionRoot/CommandDashboard/SectorCard	2	157.87	804.53	OK	Canvas/HUD/VerticalUIRoot/VerticalSafeAreaRoot/ContentSlot/Dimension1Panel/D1CommandCenterProductionRoot/CommandDashboard/SectorCard	Canvas/HUD/VerticalUIRoot/VerticalSafeAreaRoot/ContentSlot/Dimension1Panel/D1CommandCenterProductionRoot/CommandDashboard/SectorCard
01_center	720	1280	Canvas/HUD/VerticalUIRoot/VerticalSafeAreaRoot/ContentSlot/Dimension1Panel/D1CommandCenterProductionRoot/CommandDashboard/SectorCard	3	43.47	918.13	OK	Canvas/HUD/VerticalUIRoot/VerticalSafeAreaRoot/ContentSlot/Dimension1Panel/D1CommandCenterProductionRoot/CommandDashboard/SectorCard/DetailedLineIcon	Canvas/HUD/VerticalUIRoot/VerticalSafeAreaRoot/ContentSlot/Dimension1Panel/D1CommandCenterProductionRoot/CommandDashboard/SectorCard
01_center	720	1280	Canvas/HUD/VerticalUIRoot/VerticalSafeAreaRoot/ContentSlot/Dimension1Panel/D1CommandCenterProductionRoot/CommandDashboard/SectorCard	4	157.87	918.13	OK	Canvas/HUD/VerticalUIRoot/VerticalSafeAreaRoot/ContentSlot/Dimension1Panel/D1CommandCenterProductionRoot/CommandDashboard/SectorCard/DetailedLineIcon	Canvas/HUD/VerticalUIRoot/VerticalSafeAreaRoot/ContentSlot/Dimension1Panel/D1CommandCenterProductionRoot/CommandDashboard/SectorCard
01_center	720	1280	Canvas/HUD/VerticalUIRoot/VerticalSafeAreaRoot/ContentSlot/Dimension1Panel/OpenGalaxyPanelButton	0	826.67	1017.33	OFFSCREEN	<none>	<none>
01_center	720	1280	Canvas/HUD/VerticalUIRoot/VerticalSafeAreaRoot/ContentSlot/Dimension1Panel/OpenGalaxyPanelButton	1	794.67	1011.33	OFFSCREEN	<none>	<none>
01_center	720	1280	Canvas/HUD/VerticalUIRoot/VerticalSafeAreaRoot/ContentSlot/Dimension1Panel/OpenGalaxyPanelButton	2	858.67	1011.33	OFFSCREEN	<none>	<none>
01_center	720	1280	Canvas/HUD/VerticalUIRoot/VerticalSafeAreaRoot/ContentSlot/Dimension1Panel/OpenGalaxyPanelButton	3	794.67	1023.33	OFFSCREEN	<none>	<none>
01_center	720	1280	Canvas/HUD/VerticalUIRoot/VerticalSafeAreaRoot/ContentSlot/Dimension1Panel/OpenGalaxyPanelButton	4	858.67	1023.33	OFFSCREEN	<none>	<none>
01_center	720	1280	Canvas/HUD/VerticalUIRoot/VerticalSafeAreaRoot/ContentSlot/Dimension1Panel/D1CommandCenterProductionRoot/CommandDashboard/FleetCard	0	100.67	457.33	OK	Canvas/HUD/VerticalUIRoot/VerticalSafeAreaRoot/ContentSlot/Dimension1Panel/D1CommandCenterProductionRoot/CommandDashboard/FleetCard	Canvas/HUD/VerticalUIRoot/VerticalSafeAreaRoot/ContentSlot/Dimension1Panel/D1CommandCenterProductionRoot/CommandDashboard/FleetCard
01_center	720	1280	Canvas/HUD/VerticalUIRoot/VerticalSafeAreaRoot/ContentSlot/Dimension1Panel/D1CommandCenterProductionRoot/CommandDashboard/FleetCard	1	43.47	400.53	OK	Canvas/HUD/VerticalUIRoot/VerticalSafeAreaRoot/ContentSlot/Dimension1Panel/D1CommandCenterProductionRoot/CommandDashboard/FleetCard	Canvas/HUD/VerticalUIRoot/VerticalSafeAreaRoot/ContentSlot/Dimension1Panel/D1CommandCenterProductionRoot/CommandDashboard/FleetCard
01_center	720	1280	Canvas/HUD/VerticalUIRoot/VerticalSafeAreaRoot/ContentSlot/Dimension1Panel/D1CommandCenterProductionRoot/CommandDashboard/FleetCard	2	157.87	400.53	OK	Canvas/HUD/VerticalUIRoot/VerticalSafeAreaRoot/ContentSlot/Dimension1Panel/D1CommandCenterProductionRoot/CommandDashboard/FleetCard	Canvas/HUD/VerticalUIRoot/VerticalSafeAreaRoot/ContentSlot/Dimension1Panel/D1CommandCenterProductionRoot/CommandDashboard/FleetCard
01_center	720	1280	Canvas/HUD/VerticalUIRoot/VerticalSafeAreaRoot/ContentSlot/Dimension1Panel/D1CommandCenterProductionRoot/CommandDashboard/FleetCard	3	43.47	514.13	OK	Canvas/HUD/VerticalUIRoot/VerticalSafeAreaRoot/ContentSlot/Dimension1Panel/D1CommandCenterProductionRoot/CommandDashboard/FleetCard/DetailedLineIcon	Canvas/HUD/VerticalUIRoot/VerticalSafeAreaRoot/ContentSlot/Dimension1Panel/D1CommandCenterProductionRoot/CommandDashboard/FleetCard
01_center	720	1280	Canvas/HUD/VerticalUIRoot/VerticalSafeAreaRoot/ContentSlot/Dimension1Panel/D1CommandCenterProductionRoot/CommandDashboard/FleetCard	4	157.87	514.13	OK	Canvas/HUD/VerticalUIRoot/VerticalSafeAreaRoot/ContentSlot/Dimension1Panel/D1CommandCenterProductionRoot/CommandDashboard/FleetCard/DetailedLineIcon	Canvas/HUD/VerticalUIRoot/VerticalSafeAreaRoot/ContentSlot/Dimension1Panel/D1CommandCenterProductionRoot/CommandDashboard/FleetCard
01_center	720	1280	Canvas/HUD/VerticalUIRoot/VerticalSafeAreaRoot/ContentSlot/Dimension1Panel/D1CommandCenterProductionRoot/Nav_HANGAR	0	358.00	73.33	OK	Canvas/HUD/VerticalUIRoot/VerticalSafeAreaRoot/ContentSlot/Dimension1Panel/D1CommandCenterProductionRoot/Nav_HANGAR	Canvas/HUD/VerticalUIRoot/VerticalSafeAreaRoot/ContentSlot/Dimension1Panel/D1CommandCenterProductionRoot/Nav_HANGAR
01_center	720	1280	Canvas/HUD/VerticalUIRoot/VerticalSafeAreaRoot/ContentSlot/Dimension1Panel/D1CommandCenterProductionRoot/Nav_HANGAR	1	318.40	38.13	OK	Canvas/HUD/VerticalUIRoot/VerticalSafeAreaRoot/ContentSlot/Dimension1Panel/D1CommandCenterProductionRoot/Nav_HANGAR	Canvas/HUD/VerticalUIRoot/VerticalSafeAreaRoot/ContentSlot/Dimension1Panel/D1CommandCenterProductionRoot/Nav_HANGAR
01_center	720	1280	Canvas/HUD/VerticalUIRoot/VerticalSafeAreaRoot/ContentSlot/Dimension1Panel/D1CommandCenterProductionRoot/Nav_HANGAR	2	397.60	38.13	OK	Canvas/HUD/VerticalUIRoot/VerticalSafeAreaRoot/ContentSlot/Dimension1Panel/D1CommandCenterProductionRoot/Nav_HANGAR	Canvas/HUD/VerticalUIRoot/VerticalSafeAreaRoot/ContentSlot/Dimension1Panel/D1CommandCenterProductionRoot/Nav_HANGAR
01_center	720	1280	Canvas/HUD/VerticalUIRoot/VerticalSafeAreaRoot/ContentSlot/Dimension1Panel/D1CommandCenterProductionRoot/Nav_HANGAR	3	318.40	108.53	OK	Canvas/HUD/VerticalUIRoot/VerticalSafeAreaRoot/ContentSlot/Dimension1Panel/D1CommandCenterProductionRoot/Nav_HANGAR	Canvas/HUD/VerticalUIRoot/VerticalSafeAreaRoot/ContentSlot/Dimension1Panel/D1CommandCenterProductionRoot/Nav_HANGAR
01_center	720	1280	Canvas/HUD/VerticalUIRoot/VerticalSafeAreaRoot/ContentSlot/Dimension1Panel/D1CommandCenterProductionRoot/Nav_HANGAR	4	397.60	108.53	OK	Canvas/HUD/VerticalUIRoot/VerticalSafeAreaRoot/ContentSlot/Dimension1Panel/D1CommandCenterProductionRoot/Nav_HANGAR	Canvas/HUD/VerticalUIRoot/VerticalSafeAreaRoot/ContentSlot/Dimension1Panel/D1CommandCenterProductionRoot/Nav_HANGAR
01_center	720	1280	Canvas/HUD/VerticalUIRoot/VerticalSafeAreaRoot/ContentSlot/Dimension1Panel/D1CommandCenterProductionRoot/CommandDashboard/RelicsCard	0	619.33	861.33	OK	Canvas/HUD/VerticalUIRoot/VerticalSafeAreaRoot/ContentSlot/Dimension1Panel/D1CommandCenterProductionRoot/CommandDashboard/RelicsCard	Canvas/HUD/VerticalUIRoot/VerticalSafeAreaRoot/ContentSlot/Dimension1Panel/D1CommandCenterProductionRoot/CommandDashboard/RelicsCard
01_center	720	1280	Canvas/HUD/VerticalUIRoot/VerticalSafeAreaRoot/ContentSlot/Dimension1Panel/D1CommandCenterProductionRoot/CommandDashboard/RelicsCard	1	562.13	804.53	OK	Canvas/HUD/VerticalUIRoot/VerticalSafeAreaRoot/ContentSlot/Dimension1Panel/D1CommandCenterProductionRoot/CommandDashboard/RelicsCard	Canvas/HUD/VerticalUIRoot/VerticalSafeAreaRoot/ContentSlot/Dimension1Panel/D1CommandCenterProductionRoot/CommandDashboard/RelicsCard
01_center	720	1280	Canvas/HUD/VerticalUIRoot/VerticalSafeAreaRoot/ContentSlot/Dimension1Panel/D1CommandCenterProductionRoot/CommandDashboard/RelicsCard	2	676.53	804.53	OK	Canvas/HUD/VerticalUIRoot/VerticalSafeAreaRoot/ContentSlot/Dimension1Panel/D1CommandCenterProductionRoot/CommandDashboard/RelicsCard	Canvas/HUD/VerticalUIRoot/VerticalSafeAreaRoot/ContentSlot/Dimension1Panel/D1CommandCenterProductionRoot/CommandDashboard/RelicsCard
01_center	720	1280	Canvas/HUD/VerticalUIRoot/VerticalSafeAreaRoot/ContentSlot/Dimension1Panel/D1CommandCenterProductionRoot/CommandDashboard/RelicsCard	3	562.13	918.13	OK	Canvas/HUD/VerticalUIRoot/VerticalSafeAreaRoot/ContentSlot/Dimension1Panel/D1CommandCenterProductionRoot/CommandDashboard/RelicsCard/DetailedLineIcon	Canvas/HUD/VerticalUIRoot/VerticalSafeAreaRoot/ContentSlot/Dimension1Panel/D1CommandCenterProductionRoot/CommandDashboard/RelicsCard
01_center	720	1280	Canvas/HUD/VerticalUIRoot/VerticalSafeAreaRoot/ContentSlot/Dimension1Panel/D1CommandCenterProductionRoot/CommandDashboard/RelicsCard	4	676.53	918.13	OK	Canvas/HUD/VerticalUIRoot/VerticalSafeAreaRoot/ContentSlot/Dimension1Panel/D1CommandCenterProductionRoot/CommandDashboard/RelicsCard/DetailedLineIcon	Canvas/HUD/VerticalUIRoot/VerticalSafeAreaRoot/ContentSlot/Dimension1Panel/D1CommandCenterProductionRoot/CommandDashboard/RelicsCard
01_center	720	1280	Canvas/HUD/VerticalUIRoot/VerticalSafeAreaRoot/ContentSlot/Dimension1Panel/D1CommandCenterProductionRoot/Nav_GALAXIA	0	82.00	73.33	OK	Canvas/HUD/VerticalUIRoot/VerticalSafeAreaRoot/ContentSlot/Dimension1Panel/D1CommandCenterProductionRoot/Nav_GALAXIA	Canvas/HUD/VerticalUIRoot/VerticalSafeAreaRoot/ContentSlot/Dimension1Panel/D1CommandCenterProductionRoot/Nav_GALAXIA
01_center	720	1280	Canvas/HUD/VerticalUIRoot/VerticalSafeAreaRoot/ContentSlot/Dimension1Panel/D1CommandCenterProductionRoot/Nav_GALAXIA	1	42.40	38.13	OK	Canvas/HUD/VerticalUIRoot/VerticalSafeAreaRoot/ContentSlot/Dimension1Panel/D1CommandCenterProductionRoot/Nav_GALAXIA	Canvas/HUD/VerticalUIRoot/VerticalSafeAreaRoot/ContentSlot/Dimension1Panel/D1CommandCenterProductionRoot/Nav_GALAXIA
01_center	720	1280	Canvas/HUD/VerticalUIRoot/VerticalSafeAreaRoot/ContentSlot/Dimension1Panel/D1CommandCenterProductionRoot/Nav_GALAXIA	2	121.60	38.13	OK	Canvas/HUD/VerticalUIRoot/VerticalSafeAreaRoot/ContentSlot/Dimension1Panel/D1CommandCenterProductionRoot/Nav_GALAXIA	Canvas/HUD/VerticalUIRoot/VerticalSafeAreaRoot/ContentSlot/Dimension1Panel/D1CommandCenterProductionRoot/Nav_GALAXIA
01_center	720	1280	Canvas/HUD/VerticalUIRoot/VerticalSafeAreaRoot/ContentSlot/Dimension1Panel/D1CommandCenterProductionRoot/Nav_GALAXIA	3	42.40	108.53	OK	Canvas/HUD/VerticalUIRoot/VerticalSafeAreaRoot/ContentSlot/Dimension1Panel/D1CommandCenterProductionRoot/Nav_GALAXIA	Canvas/HUD/VerticalUIRoot/VerticalSafeAreaRoot/ContentSlot/Dimension1Panel/D1CommandCenterProductionRoot/Nav_GALAXIA
01_center	720	1280	Canvas/HUD/VerticalUIRoot/VerticalSafeAreaRoot/ContentSlot/Dimension1Panel/D1CommandCenterProductionRoot/Nav_GALAXIA	4	121.60	108.53	OK	Canvas/HUD/VerticalUIRoot/VerticalSafeAreaRoot/ContentSlot/Dimension1Panel/D1CommandCenterProductionRoot/Nav_GALAXIA	Canvas/HUD/VerticalUIRoot/VerticalSafeAreaRoot/ContentSlot/Dimension1Panel/D1CommandCenterProductionRoot/Nav_GALAXIA
01_center	720	1280	Canvas/HUD/VerticalUIRoot/VerticalSafeAreaRoot/ContentSlot/Dimension1Panel/OpenHangarPanelButton	0	826.67	950.67	OFFSCREEN	<none>	<none>
01_center	720	1280	Canvas/HUD/VerticalUIRoot/VerticalSafeAreaRoot/ContentSlot/Dimension1Panel/OpenHangarPanelButton	1	794.67	944.67	OFFSCREEN	<none>	<none>
01_center	720	1280	Canvas/HUD/VerticalUIRoot/VerticalSafeAreaRoot/ContentSlot/Dimension1Panel/OpenHangarPanelButton	2	858.67	944.67	OFFSCREEN	<none>	<none>
01_center	720	1280	Canvas/HUD/VerticalUIRoot/VerticalSafeAreaRoot/ContentSlot/Dimension1Panel/OpenHangarPanelButton	3	794.67	956.67	OFFSCREEN	<none>	<none>
01_center	720	1280	Canvas/HUD/VerticalUIRoot/VerticalSafeAreaRoot/ContentSlot/Dimension1Panel/OpenHangarPanelButton	4	858.67	956.67	OFFSCREEN	<none>	<none>
01_center	720	1280	Canvas/HUD/VerticalUIRoot/VerticalSafeAreaRoot/ContentSlot/Dimension1Panel/D1CommandCenterProductionRoot/CommandDashboard/ScannerCard	0	100.67	659.33	OK	Canvas/HUD/VerticalUIRoot/VerticalSafeAreaRoot/ContentSlot/Dimension1Panel/D1CommandCenterProductionRoot/CommandDashboard/ScannerCard	Canvas/HUD/VerticalUIRoot/VerticalSafeAreaRoot/ContentSlot/Dimension1Panel/D1CommandCenterProductionRoot/CommandDashboard/ScannerCard
01_center	720	1280	Canvas/HUD/VerticalUIRoot/VerticalSafeAreaRoot/ContentSlot/Dimension1Panel/D1CommandCenterProductionRoot/CommandDashboard/ScannerCard	1	43.47	602.53	OK	Canvas/HUD/VerticalUIRoot/VerticalSafeAreaRoot/ContentSlot/Dimension1Panel/D1CommandCenterProductionRoot/CommandDashboard/ScannerCard	Canvas/HUD/VerticalUIRoot/VerticalSafeAreaRoot/ContentSlot/Dimension1Panel/D1CommandCenterProductionRoot/CommandDashboard/ScannerCard
01_center	720	1280	Canvas/HUD/VerticalUIRoot/VerticalSafeAreaRoot/ContentSlot/Dimension1Panel/D1CommandCenterProductionRoot/CommandDashboard/ScannerCard	2	157.87	602.53	OK	Canvas/HUD/VerticalUIRoot/VerticalSafeAreaRoot/ContentSlot/Dimension1Panel/D1CommandCenterProductionRoot/CommandDashboard/ScannerCard	Canvas/HUD/VerticalUIRoot/VerticalSafeAreaRoot/ContentSlot/Dimension1Panel/D1CommandCenterProductionRoot/CommandDashboard/ScannerCard
01_center	720	1280	Canvas/HUD/VerticalUIRoot/VerticalSafeAreaRoot/ContentSlot/Dimension1Panel/D1CommandCenterProductionRoot/CommandDashboard/ScannerCard	3	43.47	716.13	OK	Canvas/HUD/VerticalUIRoot/VerticalSafeAreaRoot/ContentSlot/Dimension1Panel/D1CommandCenterProductionRoot/CommandDashboard/ScannerCard/DetailedLineIcon	Canvas/HUD/VerticalUIRoot/VerticalSafeAreaRoot/ContentSlot/Dimension1Panel/D1CommandCenterProductionRoot/CommandDashboard/ScannerCard
01_center	720	1280	Canvas/HUD/VerticalUIRoot/VerticalSafeAreaRoot/ContentSlot/Dimension1Panel/D1CommandCenterProductionRoot/CommandDashboard/ScannerCard	4	157.87	716.13	OK	Canvas/HUD/VerticalUIRoot/VerticalSafeAreaRoot/ContentSlot/Dimension1Panel/D1CommandCenterProductionRoot/CommandDashboard/ScannerCard/DetailedLineIcon	Canvas/HUD/VerticalUIRoot/VerticalSafeAreaRoot/ContentSlot/Dimension1Panel/D1CommandCenterProductionRoot/CommandDashboard/ScannerCard
01_center	720	1280	Canvas/HUD/VerticalUIRoot/VerticalSafeAreaRoot/ContentSlot/Dimension1Panel/D1CommandCenterProductionRoot/MetalsButton	0	614.33	1178.67	OK	Canvas/HUD/VerticalUIRoot/VerticalSafeAreaRoot/ContentSlot/Dimension1Panel/D1CommandCenterProductionRoot/MetalsButton	Canvas/HUD/VerticalUIRoot/VerticalSafeAreaRoot/ContentSlot/Dimension1Panel/D1CommandCenterProductionRoot/MetalsButton
01_center	720	1280	Canvas/HUD/VerticalUIRoot/VerticalSafeAreaRoot/ContentSlot/Dimension1Panel/D1CommandCenterProductionRoot/MetalsButton	1	565.33	1158.67	OK	Canvas/HUD/VerticalUIRoot/VerticalSafeAreaRoot/ContentSlot/Dimension1Panel/D1CommandCenterProductionRoot/MetalsButton	Canvas/HUD/VerticalUIRoot/VerticalSafeAreaRoot/ContentSlot/Dimension1Panel/D1CommandCenterProductionRoot/MetalsButton
01_center	720	1280	Canvas/HUD/VerticalUIRoot/VerticalSafeAreaRoot/ContentSlot/Dimension1Panel/D1CommandCenterProductionRoot/MetalsButton	2	663.33	1158.67	OK	Canvas/HUD/VerticalUIRoot/VerticalSafeAreaRoot/ContentSlot/Dimension1Panel/D1CommandCenterProductionRoot/MetalsButton	Canvas/HUD/VerticalUIRoot/VerticalSafeAreaRoot/ContentSlot/Dimension1Panel/D1CommandCenterProductionRoot/MetalsButton
01_center	720	1280	Canvas/HUD/VerticalUIRoot/VerticalSafeAreaRoot/ContentSlot/Dimension1Panel/D1CommandCenterProductionRoot/MetalsButton	3	565.33	1198.67	OK	Canvas/HUD/VerticalUIRoot/VerticalSafeAreaRoot/ContentSlot/Dimension1Panel/D1CommandCenterProductionRoot/MetalsButton	Canvas/HUD/VerticalUIRoot/VerticalSafeAreaRoot/ContentSlot/Dimension1Panel/D1CommandCenterProductionRoot/MetalsButton
01_center	720	1280	Canvas/HUD/VerticalUIRoot/VerticalSafeAreaRoot/ContentSlot/Dimension1Panel/D1CommandCenterProductionRoot/MetalsButton	4	663.33	1198.67	OK	Canvas/HUD/VerticalUIRoot/VerticalSafeAreaRoot/ContentSlot/Dimension1Panel/D1CommandCenterProductionRoot/MetalsButton	Canvas/HUD/VerticalUIRoot/VerticalSafeAreaRoot/ContentSlot/Dimension1Panel/D1CommandCenterProductionRoot/MetalsButton
01_center	720	1280	Canvas/HUD/VerticalUIRoot/VerticalSafeAreaRoot/ContentSlot/Dimension1Panel/OpenRelicChamberPanelButton	0	826.67	984.00	OFFSCREEN	<none>	<none>
01_center	720	1280	Canvas/HUD/VerticalUIRoot/VerticalSafeAreaRoot/ContentSlot/Dimension1Panel/OpenRelicChamberPanelButton	1	794.67	978.00	OFFSCREEN	<none>	<none>
01_center	720	1280	Canvas/HUD/VerticalUIRoot/VerticalSafeAreaRoot/ContentSlot/Dimension1Panel/OpenRelicChamberPanelButton	2	858.67	978.00	OFFSCREEN	<none>	<none>
01_center	720	1280	Canvas/HUD/VerticalUIRoot/VerticalSafeAreaRoot/ContentSlot/Dimension1Panel/OpenRelicChamberPanelButton	3	794.67	990.00	OFFSCREEN	<none>	<none>
01_center	720	1280	Canvas/HUD/VerticalUIRoot/VerticalSafeAreaRoot/ContentSlot/Dimension1Panel/OpenRelicChamberPanelButton	4	858.67	990.00	OFFSCREEN	<none>	<none>
01_center	720	1280	Canvas/HUD/VerticalUIRoot/VerticalSafeAreaRoot/ContentSlot/Dimension1Panel/Registro	0	-40.00	950.67	OFFSCREEN	<none>	<none>
01_center	720	1280	Canvas/HUD/VerticalUIRoot/VerticalSafeAreaRoot/ContentSlot/Dimension1Panel/Registro	1	-72.00	944.67	OFFSCREEN	<none>	<none>
01_center	720	1280	Canvas/HUD/VerticalUIRoot/VerticalSafeAreaRoot/ContentSlot/Dimension1Panel/Registro	2	-8.00	944.67	OFFSCREEN	<none>	<none>
01_center	720	1280	Canvas/HUD/VerticalUIRoot/VerticalSafeAreaRoot/ContentSlot/Dimension1Panel/Registro	3	-72.00	956.67	OFFSCREEN	<none>	<none>
01_center	720	1280	Canvas/HUD/VerticalUIRoot/VerticalSafeAreaRoot/ContentSlot/Dimension1Panel/Registro	4	-8.00	956.67	OFFSCREEN	<none>	<none>
01_center	720	1280	Canvas/HUD/VerticalUIRoot/VerticalSafeAreaRoot/ContentSlot/Dimension1Panel/OpenDimension1TreePanelButton	0	826.67	917.33	OFFSCREEN	<none>	<none>
01_center	720	1280	Canvas/HUD/VerticalUIRoot/VerticalSafeAreaRoot/ContentSlot/Dimension1Panel/OpenDimension1TreePanelButton	1	794.67	911.33	OFFSCREEN	<none>	<none>
01_center	720	1280	Canvas/HUD/VerticalUIRoot/VerticalSafeAreaRoot/ContentSlot/Dimension1Panel/OpenDimension1TreePanelButton	2	858.67	911.33	OFFSCREEN	<none>	<none>
01_center	720	1280	Canvas/HUD/VerticalUIRoot/VerticalSafeAreaRoot/ContentSlot/Dimension1Panel/OpenDimension1TreePanelButton	3	794.67	923.33	OFFSCREEN	<none>	<none>
01_center	720	1280	Canvas/HUD/VerticalUIRoot/VerticalSafeAreaRoot/ContentSlot/Dimension1Panel/OpenDimension1TreePanelButton	4	858.67	923.33	OFFSCREEN	<none>	<none>
01_center	720	1280	Canvas/HUD/VerticalUIRoot/VerticalSafeAreaRoot/ContentSlot/Dimension1Panel/D1CommandCenterProductionRoot/Nav_RELIQUIAS	0	496.00	73.33	OK	Canvas/HUD/VerticalUIRoot/VerticalSafeAreaRoot/ContentSlot/Dimension1Panel/D1CommandCenterProductionRoot/Nav_RELIQUIAS	Canvas/HUD/VerticalUIRoot/VerticalSafeAreaRoot/ContentSlot/Dimension1Panel/D1CommandCenterProductionRoot/Nav_RELIQUIAS
01_center	720	1280	Canvas/HUD/VerticalUIRoot/VerticalSafeAreaRoot/ContentSlot/Dimension1Panel/D1CommandCenterProductionRoot/Nav_RELIQUIAS	1	456.40	38.13	OK	Canvas/HUD/VerticalUIRoot/VerticalSafeAreaRoot/ContentSlot/Dimension1Panel/D1CommandCenterProductionRoot/Nav_RELIQUIAS	Canvas/HUD/VerticalUIRoot/VerticalSafeAreaRoot/ContentSlot/Dimension1Panel/D1CommandCenterProductionRoot/Nav_RELIQUIAS
01_center	720	1280	Canvas/HUD/VerticalUIRoot/VerticalSafeAreaRoot/ContentSlot/Dimension1Panel/D1CommandCenterProductionRoot/Nav_RELIQUIAS	2	535.60	38.13	OK	Canvas/HUD/VerticalUIRoot/VerticalSafeAreaRoot/ContentSlot/Dimension1Panel/D1CommandCenterProductionRoot/Nav_RELIQUIAS	Canvas/HUD/VerticalUIRoot/VerticalSafeAreaRoot/ContentSlot/Dimension1Panel/D1CommandCenterProductionRoot/Nav_RELIQUIAS
01_center	720	1280	Canvas/HUD/VerticalUIRoot/VerticalSafeAreaRoot/ContentSlot/Dimension1Panel/D1CommandCenterProductionRoot/Nav_RELIQUIAS	3	456.40	108.53	OK	Canvas/HUD/VerticalUIRoot/VerticalSafeAreaRoot/ContentSlot/Dimension1Panel/D1CommandCenterProductionRoot/Nav_RELIQUIAS	Canvas/HUD/VerticalUIRoot/VerticalSafeAreaRoot/ContentSlot/Dimension1Panel/D1CommandCenterProductionRoot/Nav_RELIQUIAS
01_center	720	1280	Canvas/HUD/VerticalUIRoot/VerticalSafeAreaRoot/ContentSlot/Dimension1Panel/D1CommandCenterProductionRoot/Nav_RELIQUIAS	4	535.60	108.53	OK	Canvas/HUD/VerticalUIRoot/VerticalSafeAreaRoot/ContentSlot/Dimension1Panel/D1CommandCenterProductionRoot/Nav_RELIQUIAS	Canvas/HUD/VerticalUIRoot/VerticalSafeAreaRoot/ContentSlot/Dimension1Panel/D1CommandCenterProductionRoot/Nav_RELIQUIAS
01_center	720	1280	Canvas/HUD/VerticalUIRoot/VerticalSafeAreaRoot/ContentSlot/Dimension1Panel/D1CommandCenterProductionRoot/CommandDashboard/ExpeditionsCard	0	619.33	457.33	OK	Canvas/HUD/VerticalUIRoot/VerticalSafeAreaRoot/ContentSlot/Dimension1Panel/D1CommandCenterProductionRoot/CommandDashboard/ExpeditionsCard	Canvas/HUD/VerticalUIRoot/VerticalSafeAreaRoot/ContentSlot/Dimension1Panel/D1CommandCenterProductionRoot/CommandDashboard/ExpeditionsCard
01_center	720	1280	Canvas/HUD/VerticalUIRoot/VerticalSafeAreaRoot/ContentSlot/Dimension1Panel/D1CommandCenterProductionRoot/CommandDashboard/ExpeditionsCard	1	562.13	400.53	OK	Canvas/HUD/VerticalUIRoot/VerticalSafeAreaRoot/ContentSlot/Dimension1Panel/D1CommandCenterProductionRoot/CommandDashboard/ExpeditionsCard	Canvas/HUD/VerticalUIRoot/VerticalSafeAreaRoot/ContentSlot/Dimension1Panel/D1CommandCenterProductionRoot/CommandDashboard/ExpeditionsCard
01_center	720	1280	Canvas/HUD/VerticalUIRoot/VerticalSafeAreaRoot/ContentSlot/Dimension1Panel/D1CommandCenterProductionRoot/CommandDashboard/ExpeditionsCard	2	676.53	400.53	OK	Canvas/HUD/VerticalUIRoot/VerticalSafeAreaRoot/ContentSlot/Dimension1Panel/D1CommandCenterProductionRoot/CommandDashboard/ExpeditionsCard	Canvas/HUD/VerticalUIRoot/VerticalSafeAreaRoot/ContentSlot/Dimension1Panel/D1CommandCenterProductionRoot/CommandDashboard/ExpeditionsCard
01_center	720	1280	Canvas/HUD/VerticalUIRoot/VerticalSafeAreaRoot/ContentSlot/Dimension1Panel/D1CommandCenterProductionRoot/CommandDashboard/ExpeditionsCard	3	562.13	514.13	OK	Canvas/HUD/VerticalUIRoot/VerticalSafeAreaRoot/ContentSlot/Dimension1Panel/D1CommandCenterProductionRoot/CommandDashboard/ExpeditionsCard/DetailedLineIcon	Canvas/HUD/VerticalUIRoot/VerticalSafeAreaRoot/ContentSlot/Dimension1Panel/D1CommandCenterProductionRoot/CommandDashboard/ExpeditionsCard
01_center	720	1280	Canvas/HUD/VerticalUIRoot/VerticalSafeAreaRoot/ContentSlot/Dimension1Panel/D1CommandCenterProductionRoot/CommandDashboard/ExpeditionsCard	4	676.53	514.13	OK	Canvas/HUD/VerticalUIRoot/VerticalSafeAreaRoot/ContentSlot/Dimension1Panel/D1CommandCenterProductionRoot/CommandDashboard/ExpeditionsCard/DetailedLineIcon	Canvas/HUD/VerticalUIRoot/VerticalSafeAreaRoot/ContentSlot/Dimension1Panel/D1CommandCenterProductionRoot/CommandDashboard/ExpeditionsCard
02_center_drawer_open	720	1280	Canvas/HUD/VerticalUIRoot/VerticalSafeAreaRoot/SecondaryNavigationSlot/SecondaryScroll/Viewport/Content/System_Dimension1	0	223.33	45.33	OK	Canvas/HUD/VerticalUIRoot/VerticalSafeAreaRoot/SecondaryNavigationSlot/SecondaryScroll/Viewport/Content/System_Dimension1	Canvas/HUD/VerticalUIRoot/VerticalSafeAreaRoot/SecondaryNavigationSlot/SecondaryScroll/Viewport/Content/System_Dimension1
02_center_drawer_open	720	1280	Canvas/HUD/VerticalUIRoot/VerticalSafeAreaRoot/SecondaryNavigationSlot/SecondaryScroll/Viewport/Content/System_Dimension1	1	189.33	28.53	OK	Canvas/HUD/VerticalUIRoot/VerticalSafeAreaRoot/SecondaryNavigationSlot/SecondaryScroll/Viewport/Content/System_Dimension1	Canvas/HUD/VerticalUIRoot/VerticalSafeAreaRoot/SecondaryNavigationSlot/SecondaryScroll/Viewport/Content/System_Dimension1
02_center_drawer_open	720	1280	Canvas/HUD/VerticalUIRoot/VerticalSafeAreaRoot/SecondaryNavigationSlot/SecondaryScroll/Viewport/Content/System_Dimension1	2	257.33	28.53	OK	Canvas/HUD/VerticalUIRoot/VerticalSafeAreaRoot/SecondaryNavigationSlot/SecondaryScroll/Viewport/Content/System_Dimension1	Canvas/HUD/VerticalUIRoot/VerticalSafeAreaRoot/SecondaryNavigationSlot/SecondaryScroll/Viewport/Content/System_Dimension1
02_center_drawer_open	720	1280	Canvas/HUD/VerticalUIRoot/VerticalSafeAreaRoot/SecondaryNavigationSlot/SecondaryScroll/Viewport/Content/System_Dimension1	3	189.33	62.13	OK	Canvas/HUD/VerticalUIRoot/VerticalSafeAreaRoot/SecondaryNavigationSlot/SecondaryScroll/Viewport/Content/System_Dimension1	Canvas/HUD/VerticalUIRoot/VerticalSafeAreaRoot/SecondaryNavigationSlot/SecondaryScroll/Viewport/Content/System_Dimension1
02_center_drawer_open	720	1280	Canvas/HUD/VerticalUIRoot/VerticalSafeAreaRoot/SecondaryNavigationSlot/SecondaryScroll/Viewport/Content/System_Dimension1	4	257.33	62.13	OK	Canvas/HUD/VerticalUIRoot/VerticalSafeAreaRoot/SecondaryNavigationSlot/SecondaryScroll/Viewport/Content/System_Dimension1	Canvas/HUD/VerticalUIRoot/VerticalSafeAreaRoot/SecondaryNavigationSlot/SecondaryScroll/Viewport/Content/System_Dimension1
02_center_drawer_open	720	1280	Canvas/HUD/VerticalUIRoot/VerticalSafeAreaRoot/ContentSlot/Dimension1Panel/D1CommandCenterProductionRoot/CommandDashboard/TreeCard	0	619.33	659.33	OK	Canvas/HUD/VerticalUIRoot/VerticalSafeAreaRoot/ContentSlot/Dimension1Panel/D1CommandCenterProductionRoot/CommandDashboard/TreeCard	Canvas/HUD/VerticalUIRoot/VerticalSafeAreaRoot/ContentSlot/Dimension1Panel/D1CommandCenterProductionRoot/CommandDashboard/TreeCard
02_center_drawer_open	720	1280	Canvas/HUD/VerticalUIRoot/VerticalSafeAreaRoot/ContentSlot/Dimension1Panel/D1CommandCenterProductionRoot/CommandDashboard/TreeCard	1	562.13	602.53	OK	Canvas/HUD/VerticalUIRoot/VerticalSafeAreaRoot/ContentSlot/Dimension1Panel/D1CommandCenterProductionRoot/CommandDashboard/TreeCard	Canvas/HUD/VerticalUIRoot/VerticalSafeAreaRoot/ContentSlot/Dimension1Panel/D1CommandCenterProductionRoot/CommandDashboard/TreeCard
02_center_drawer_open	720	1280	Canvas/HUD/VerticalUIRoot/VerticalSafeAreaRoot/ContentSlot/Dimension1Panel/D1CommandCenterProductionRoot/CommandDashboard/TreeCard	2	676.53	602.53	OK	Canvas/HUD/VerticalUIRoot/VerticalSafeAreaRoot/ContentSlot/Dimension1Panel/D1CommandCenterProductionRoot/CommandDashboard/TreeCard	Canvas/HUD/VerticalUIRoot/VerticalSafeAreaRoot/ContentSlot/Dimension1Panel/D1CommandCenterProductionRoot/CommandDashboard/TreeCard
02_center_drawer_open	720	1280	Canvas/HUD/VerticalUIRoot/VerticalSafeAreaRoot/ContentSlot/Dimension1Panel/D1CommandCenterProductionRoot/CommandDashboard/TreeCard	3	562.13	716.13	OK	Canvas/HUD/VerticalUIRoot/VerticalSafeAreaRoot/ContentSlot/Dimension1Panel/D1CommandCenterProductionRoot/CommandDashboard/TreeCard/DetailedLineIcon	Canvas/HUD/VerticalUIRoot/VerticalSafeAreaRoot/ContentSlot/Dimension1Panel/D1CommandCenterProductionRoot/CommandDashboard/TreeCard
02_center_drawer_open	720	1280	Canvas/HUD/VerticalUIRoot/VerticalSafeAreaRoot/ContentSlot/Dimension1Panel/D1CommandCenterProductionRoot/CommandDashboard/TreeCard	4	676.53	716.13	OK	Canvas/HUD/VerticalUIRoot/VerticalSafeAreaRoot/ContentSlot/Dimension1Panel/D1CommandCenterProductionRoot/CommandDashboard/TreeCard/DetailedLineIcon	Canvas/HUD/VerticalUIRoot/VerticalSafeAreaRoot/ContentSlot/Dimension1Panel/D1CommandCenterProductionRoot/CommandDashboard/TreeCard
02_center_drawer_open	720	1280	Canvas/HUD/VerticalUIRoot/VerticalSafeAreaRoot/ContentSlot/Dimension1Panel/D1CommandCenterProductionRoot/DimensionDrawerToggle	0	360.00	151.33	OK	Canvas/HUD/VerticalUIRoot/VerticalSafeAreaRoot/ContentSlot/Dimension1Panel/D1CommandCenterProductionRoot/DimensionDrawerToggle	Canvas/HUD/VerticalUIRoot/VerticalSafeAreaRoot/ContentSlot/Dimension1Panel/D1CommandCenterProductionRoot/DimensionDrawerToggle
02_center_drawer_open	720	1280	Canvas/HUD/VerticalUIRoot/VerticalSafeAreaRoot/ContentSlot/Dimension1Panel/D1CommandCenterProductionRoot/DimensionDrawerToggle	1	310.00	144.53	OK	Canvas/HUD/VerticalUIRoot/VerticalSafeAreaRoot/ContentSlot/Dimension1Panel/D1CommandCenterProductionRoot/DimensionDrawerToggle	Canvas/HUD/VerticalUIRoot/VerticalSafeAreaRoot/ContentSlot/Dimension1Panel/D1CommandCenterProductionRoot/DimensionDrawerToggle
02_center_drawer_open	720	1280	Canvas/HUD/VerticalUIRoot/VerticalSafeAreaRoot/ContentSlot/Dimension1Panel/D1CommandCenterProductionRoot/DimensionDrawerToggle	2	410.00	144.53	OK	Canvas/HUD/VerticalUIRoot/VerticalSafeAreaRoot/ContentSlot/Dimension1Panel/D1CommandCenterProductionRoot/DimensionDrawerToggle	Canvas/HUD/VerticalUIRoot/VerticalSafeAreaRoot/ContentSlot/Dimension1Panel/D1CommandCenterProductionRoot/DimensionDrawerToggle
02_center_drawer_open	720	1280	Canvas/HUD/VerticalUIRoot/VerticalSafeAreaRoot/ContentSlot/Dimension1Panel/D1CommandCenterProductionRoot/DimensionDrawerToggle	3	310.00	158.13	OK	Canvas/HUD/VerticalUIRoot/VerticalSafeAreaRoot/ContentSlot/Dimension1Panel/D1CommandCenterProductionRoot/DimensionDrawerToggle	Canvas/HUD/VerticalUIRoot/VerticalSafeAreaRoot/ContentSlot/Dimension1Panel/D1CommandCenterProductionRoot/DimensionDrawerToggle
02_center_drawer_open	720	1280	Canvas/HUD/VerticalUIRoot/VerticalSafeAreaRoot/ContentSlot/Dimension1Panel/D1CommandCenterProductionRoot/DimensionDrawerToggle	4	410.00	158.13	OK	Canvas/HUD/VerticalUIRoot/VerticalSafeAreaRoot/ContentSlot/Dimension1Panel/D1CommandCenterProductionRoot/DimensionDrawerToggle	Canvas/HUD/VerticalUIRoot/VerticalSafeAreaRoot/ContentSlot/Dimension1Panel/D1CommandCenterProductionRoot/DimensionDrawerToggle
02_center_drawer_open	720	1280	Canvas/HUD/VerticalUIRoot/VerticalSafeAreaRoot/SecondaryNavigationSlot/SecondaryScroll/Viewport/Content/System_Room2	0	103.33	45.33	OK	Canvas/HUD/VerticalUIRoot/VerticalSafeAreaRoot/SecondaryNavigationSlot/SecondaryScroll/Viewport/Content/System_Room2	Canvas/HUD/VerticalUIRoot/VerticalSafeAreaRoot/SecondaryNavigationSlot/SecondaryScroll/Viewport/Content/System_Room2
02_center_drawer_open	720	1280	Canvas/HUD/VerticalUIRoot/VerticalSafeAreaRoot/SecondaryNavigationSlot/SecondaryScroll/Viewport/Content/System_Room2	1	69.33	28.53	OK	Canvas/HUD/VerticalUIRoot/VerticalSafeAreaRoot/SecondaryNavigationSlot/SecondaryScroll/Viewport/Content/System_Room2	Canvas/HUD/VerticalUIRoot/VerticalSafeAreaRoot/SecondaryNavigationSlot/SecondaryScroll/Viewport/Content/System_Room2
02_center_drawer_open	720	1280	Canvas/HUD/VerticalUIRoot/VerticalSafeAreaRoot/SecondaryNavigationSlot/SecondaryScroll/Viewport/Content/System_Room2	2	137.33	28.53	OK	Canvas/HUD/VerticalUIRoot/VerticalSafeAreaRoot/SecondaryNavigationSlot/SecondaryScroll/Viewport/Content/System_Room2	Canvas/HUD/VerticalUIRoot/VerticalSafeAreaRoot/SecondaryNavigationSlot/SecondaryScroll/Viewport/Content/System_Room2
02_center_drawer_open	720	1280	Canvas/HUD/VerticalUIRoot/VerticalSafeAreaRoot/SecondaryNavigationSlot/SecondaryScroll/Viewport/Content/System_Room2	3	69.33	62.13	OK	Canvas/HUD/VerticalUIRoot/VerticalSafeAreaRoot/SecondaryNavigationSlot/SecondaryScroll/Viewport/Content/System_Room2	Canvas/HUD/VerticalUIRoot/VerticalSafeAreaRoot/SecondaryNavigationSlot/SecondaryScroll/Viewport/Content/System_Room2
02_center_drawer_open	720	1280	Canvas/HUD/VerticalUIRoot/VerticalSafeAreaRoot/SecondaryNavigationSlot/SecondaryScroll/Viewport/Content/System_Room2	4	137.33	62.13	OK	Canvas/HUD/VerticalUIRoot/VerticalSafeAreaRoot/SecondaryNavigationSlot/SecondaryScroll/Viewport/Content/System_Room2	Canvas/HUD/VerticalUIRoot/VerticalSafeAreaRoot/SecondaryNavigationSlot/SecondaryScroll/Viewport/Content/System_Room2
02_center_drawer_open	720	1280	Canvas/HUD/VerticalUIRoot/VerticalSafeAreaRoot/ContentSlot/Dimension1Panel/D1CommandCenterProductionRoot/CommandDashboard/SectorCard	0	100.67	861.33	OK	Canvas/HUD/VerticalUIRoot/VerticalSafeAreaRoot/ContentSlot/Dimension1Panel/D1CommandCenterProductionRoot/CommandDashboard/SectorCard	Canvas/HUD/VerticalUIRoot/VerticalSafeAreaRoot/ContentSlot/Dimension1Panel/D1CommandCenterProductionRoot/CommandDashboard/SectorCard
02_center_drawer_open	720	1280	Canvas/HUD/VerticalUIRoot/VerticalSafeAreaRoot/ContentSlot/Dimension1Panel/D1CommandCenterProductionRoot/CommandDashboard/SectorCard	1	43.47	804.53	OK	Canvas/HUD/VerticalUIRoot/VerticalSafeAreaRoot/ContentSlot/Dimension1Panel/D1CommandCenterProductionRoot/CommandDashboard/SectorCard	Canvas/HUD/VerticalUIRoot/VerticalSafeAreaRoot/ContentSlot/Dimension1Panel/D1CommandCenterProductionRoot/CommandDashboard/SectorCard
02_center_drawer_open	720	1280	Canvas/HUD/VerticalUIRoot/VerticalSafeAreaRoot/ContentSlot/Dimension1Panel/D1CommandCenterProductionRoot/CommandDashboard/SectorCard	2	157.87	804.53	OK	Canvas/HUD/VerticalUIRoot/VerticalSafeAreaRoot/ContentSlot/Dimension1Panel/D1CommandCenterProductionRoot/CommandDashboard/SectorCard	Canvas/HUD/VerticalUIRoot/VerticalSafeAreaRoot/ContentSlot/Dimension1Panel/D1CommandCenterProductionRoot/CommandDashboard/SectorCard
02_center_drawer_open	720	1280	Canvas/HUD/VerticalUIRoot/VerticalSafeAreaRoot/ContentSlot/Dimension1Panel/D1CommandCenterProductionRoot/CommandDashboard/SectorCard	3	43.47	918.13	OK	Canvas/HUD/VerticalUIRoot/VerticalSafeAreaRoot/ContentSlot/Dimension1Panel/D1CommandCenterProductionRoot/CommandDashboard/SectorCard/DetailedLineIcon	Canvas/HUD/VerticalUIRoot/VerticalSafeAreaRoot/ContentSlot/Dimension1Panel/D1CommandCenterProductionRoot/CommandDashboard/SectorCard
02_center_drawer_open	720	1280	Canvas/HUD/VerticalUIRoot/VerticalSafeAreaRoot/ContentSlot/Dimension1Panel/D1CommandCenterProductionRoot/CommandDashboard/SectorCard	4	157.87	918.13	OK	Canvas/HUD/VerticalUIRoot/VerticalSafeAreaRoot/ContentSlot/Dimension1Panel/D1CommandCenterProductionRoot/CommandDashboard/SectorCard/DetailedLineIcon	Canvas/HUD/VerticalUIRoot/VerticalSafeAreaRoot/ContentSlot/Dimension1Panel/D1CommandCenterProductionRoot/CommandDashboard/SectorCard
02_center_drawer_open	720	1280	Canvas/HUD/VerticalUIRoot/VerticalSafeAreaRoot/ContentSlot/Dimension1Panel/OpenGalaxyPanelButton	0	826.67	1017.33	OFFSCREEN	<none>	<none>
02_center_drawer_open	720	1280	Canvas/HUD/VerticalUIRoot/VerticalSafeAreaRoot/ContentSlot/Dimension1Panel/OpenGalaxyPanelButton	1	794.67	1011.33	OFFSCREEN	<none>	<none>
02_center_drawer_open	720	1280	Canvas/HUD/VerticalUIRoot/VerticalSafeAreaRoot/ContentSlot/Dimension1Panel/OpenGalaxyPanelButton	2	858.67	1011.33	OFFSCREEN	<none>	<none>
02_center_drawer_open	720	1280	Canvas/HUD/VerticalUIRoot/VerticalSafeAreaRoot/ContentSlot/Dimension1Panel/OpenGalaxyPanelButton	3	794.67	1023.33	OFFSCREEN	<none>	<none>
02_center_drawer_open	720	1280	Canvas/HUD/VerticalUIRoot/VerticalSafeAreaRoot/ContentSlot/Dimension1Panel/OpenGalaxyPanelButton	4	858.67	1023.33	OFFSCREEN	<none>	<none>
02_center_drawer_open	720	1280	Canvas/HUD/VerticalUIRoot/VerticalSafeAreaRoot/ContentSlot/Dimension1Panel/D1CommandCenterProductionRoot/CommandDashboard/FleetCard	0	100.67	457.33	OK	Canvas/HUD/VerticalUIRoot/VerticalSafeAreaRoot/ContentSlot/Dimension1Panel/D1CommandCenterProductionRoot/CommandDashboard/FleetCard	Canvas/HUD/VerticalUIRoot/VerticalSafeAreaRoot/ContentSlot/Dimension1Panel/D1CommandCenterProductionRoot/CommandDashboard/FleetCard
02_center_drawer_open	720	1280	Canvas/HUD/VerticalUIRoot/VerticalSafeAreaRoot/ContentSlot/Dimension1Panel/D1CommandCenterProductionRoot/CommandDashboard/FleetCard	1	43.47	400.53	OK	Canvas/HUD/VerticalUIRoot/VerticalSafeAreaRoot/ContentSlot/Dimension1Panel/D1CommandCenterProductionRoot/CommandDashboard/FleetCard	Canvas/HUD/VerticalUIRoot/VerticalSafeAreaRoot/ContentSlot/Dimension1Panel/D1CommandCenterProductionRoot/CommandDashboard/FleetCard
02_center_drawer_open	720	1280	Canvas/HUD/VerticalUIRoot/VerticalSafeAreaRoot/ContentSlot/Dimension1Panel/D1CommandCenterProductionRoot/CommandDashboard/FleetCard	2	157.87	400.53	OK	Canvas/HUD/VerticalUIRoot/VerticalSafeAreaRoot/ContentSlot/Dimension1Panel/D1CommandCenterProductionRoot/CommandDashboard/FleetCard	Canvas/HUD/VerticalUIRoot/VerticalSafeAreaRoot/ContentSlot/Dimension1Panel/D1CommandCenterProductionRoot/CommandDashboard/FleetCard
02_center_drawer_open	720	1280	Canvas/HUD/VerticalUIRoot/VerticalSafeAreaRoot/ContentSlot/Dimension1Panel/D1CommandCenterProductionRoot/CommandDashboard/FleetCard	3	43.47	514.13	OK	Canvas/HUD/VerticalUIRoot/VerticalSafeAreaRoot/ContentSlot/Dimension1Panel/D1CommandCenterProductionRoot/CommandDashboard/FleetCard/DetailedLineIcon	Canvas/HUD/VerticalUIRoot/VerticalSafeAreaRoot/ContentSlot/Dimension1Panel/D1CommandCenterProductionRoot/CommandDashboard/FleetCard
02_center_drawer_open	720	1280	Canvas/HUD/VerticalUIRoot/VerticalSafeAreaRoot/ContentSlot/Dimension1Panel/D1CommandCenterProductionRoot/CommandDashboard/FleetCard	4	157.87	514.13	OK	Canvas/HUD/VerticalUIRoot/VerticalSafeAreaRoot/ContentSlot/Dimension1Panel/D1CommandCenterProductionRoot/CommandDashboard/FleetCard/DetailedLineIcon	Canvas/HUD/VerticalUIRoot/VerticalSafeAreaRoot/ContentSlot/Dimension1Panel/D1CommandCenterProductionRoot/CommandDashboard/FleetCard
02_center_drawer_open	720	1280	Canvas/HUD/VerticalUIRoot/VerticalSafeAreaRoot/ContentSlot/Dimension1Panel/D1CommandCenterProductionRoot/CommandDashboard/RelicsCard	0	619.33	861.33	OK	Canvas/HUD/VerticalUIRoot/VerticalSafeAreaRoot/ContentSlot/Dimension1Panel/D1CommandCenterProductionRoot/CommandDashboard/RelicsCard	Canvas/HUD/VerticalUIRoot/VerticalSafeAreaRoot/ContentSlot/Dimension1Panel/D1CommandCenterProductionRoot/CommandDashboard/RelicsCard
02_center_drawer_open	720	1280	Canvas/HUD/VerticalUIRoot/VerticalSafeAreaRoot/ContentSlot/Dimension1Panel/D1CommandCenterProductionRoot/CommandDashboard/RelicsCard	1	562.13	804.53	OK	Canvas/HUD/VerticalUIRoot/VerticalSafeAreaRoot/ContentSlot/Dimension1Panel/D1CommandCenterProductionRoot/CommandDashboard/RelicsCard	Canvas/HUD/VerticalUIRoot/VerticalSafeAreaRoot/ContentSlot/Dimension1Panel/D1CommandCenterProductionRoot/CommandDashboard/RelicsCard
02_center_drawer_open	720	1280	Canvas/HUD/VerticalUIRoot/VerticalSafeAreaRoot/ContentSlot/Dimension1Panel/D1CommandCenterProductionRoot/CommandDashboard/RelicsCard	2	676.53	804.53	OK	Canvas/HUD/VerticalUIRoot/VerticalSafeAreaRoot/ContentSlot/Dimension1Panel/D1CommandCenterProductionRoot/CommandDashboard/RelicsCard	Canvas/HUD/VerticalUIRoot/VerticalSafeAreaRoot/ContentSlot/Dimension1Panel/D1CommandCenterProductionRoot/CommandDashboard/RelicsCard
02_center_drawer_open	720	1280	Canvas/HUD/VerticalUIRoot/VerticalSafeAreaRoot/ContentSlot/Dimension1Panel/D1CommandCenterProductionRoot/CommandDashboard/RelicsCard	3	562.13	918.13	OK	Canvas/HUD/VerticalUIRoot/VerticalSafeAreaRoot/ContentSlot/Dimension1Panel/D1CommandCenterProductionRoot/CommandDashboard/RelicsCard/DetailedLineIcon	Canvas/HUD/VerticalUIRoot/VerticalSafeAreaRoot/ContentSlot/Dimension1Panel/D1CommandCenterProductionRoot/CommandDashboard/RelicsCard
02_center_drawer_open	720	1280	Canvas/HUD/VerticalUIRoot/VerticalSafeAreaRoot/ContentSlot/Dimension1Panel/D1CommandCenterProductionRoot/CommandDashboard/RelicsCard	4	676.53	918.13	OK	Canvas/HUD/VerticalUIRoot/VerticalSafeAreaRoot/ContentSlot/Dimension1Panel/D1CommandCenterProductionRoot/CommandDashboard/RelicsCard/DetailedLineIcon	Canvas/HUD/VerticalUIRoot/VerticalSafeAreaRoot/ContentSlot/Dimension1Panel/D1CommandCenterProductionRoot/CommandDashboard/RelicsCard
02_center_drawer_open	720	1280	Canvas/HUD/VerticalUIRoot/VerticalSafeAreaRoot/ContentSlot/Dimension1Panel/OpenHangarPanelButton	0	826.67	950.67	OFFSCREEN	<none>	<none>
02_center_drawer_open	720	1280	Canvas/HUD/VerticalUIRoot/VerticalSafeAreaRoot/ContentSlot/Dimension1Panel/OpenHangarPanelButton	1	794.67	944.67	OFFSCREEN	<none>	<none>
02_center_drawer_open	720	1280	Canvas/HUD/VerticalUIRoot/VerticalSafeAreaRoot/ContentSlot/Dimension1Panel/OpenHangarPanelButton	2	858.67	944.67	OFFSCREEN	<none>	<none>
02_center_drawer_open	720	1280	Canvas/HUD/VerticalUIRoot/VerticalSafeAreaRoot/ContentSlot/Dimension1Panel/OpenHangarPanelButton	3	794.67	956.67	OFFSCREEN	<none>	<none>
02_center_drawer_open	720	1280	Canvas/HUD/VerticalUIRoot/VerticalSafeAreaRoot/ContentSlot/Dimension1Panel/OpenHangarPanelButton	4	858.67	956.67	OFFSCREEN	<none>	<none>
02_center_drawer_open	720	1280	Canvas/HUD/VerticalUIRoot/VerticalSafeAreaRoot/ContentSlot/Dimension1Panel/D1CommandCenterProductionRoot/CommandDashboard/ScannerCard	0	100.67	659.33	OK	Canvas/HUD/VerticalUIRoot/VerticalSafeAreaRoot/ContentSlot/Dimension1Panel/D1CommandCenterProductionRoot/CommandDashboard/ScannerCard	Canvas/HUD/VerticalUIRoot/VerticalSafeAreaRoot/ContentSlot/Dimension1Panel/D1CommandCenterProductionRoot/CommandDashboard/ScannerCard
02_center_drawer_open	720	1280	Canvas/HUD/VerticalUIRoot/VerticalSafeAreaRoot/ContentSlot/Dimension1Panel/D1CommandCenterProductionRoot/CommandDashboard/ScannerCard	1	43.47	602.53	OK	Canvas/HUD/VerticalUIRoot/VerticalSafeAreaRoot/ContentSlot/Dimension1Panel/D1CommandCenterProductionRoot/CommandDashboard/ScannerCard	Canvas/HUD/VerticalUIRoot/VerticalSafeAreaRoot/ContentSlot/Dimension1Panel/D1CommandCenterProductionRoot/CommandDashboard/ScannerCard
02_center_drawer_open	720	1280	Canvas/HUD/VerticalUIRoot/VerticalSafeAreaRoot/ContentSlot/Dimension1Panel/D1CommandCenterProductionRoot/CommandDashboard/ScannerCard	2	157.87	602.53	OK	Canvas/HUD/VerticalUIRoot/VerticalSafeAreaRoot/ContentSlot/Dimension1Panel/D1CommandCenterProductionRoot/CommandDashboard/ScannerCard	Canvas/HUD/VerticalUIRoot/VerticalSafeAreaRoot/ContentSlot/Dimension1Panel/D1CommandCenterProductionRoot/CommandDashboard/ScannerCard
02_center_drawer_open	720	1280	Canvas/HUD/VerticalUIRoot/VerticalSafeAreaRoot/ContentSlot/Dimension1Panel/D1CommandCenterProductionRoot/CommandDashboard/ScannerCard	3	43.47	716.13	OK	Canvas/HUD/VerticalUIRoot/VerticalSafeAreaRoot/ContentSlot/Dimension1Panel/D1CommandCenterProductionRoot/CommandDashboard/ScannerCard/DetailedLineIcon	Canvas/HUD/VerticalUIRoot/VerticalSafeAreaRoot/ContentSlot/Dimension1Panel/D1CommandCenterProductionRoot/CommandDashboard/ScannerCard
02_center_drawer_open	720	1280	Canvas/HUD/VerticalUIRoot/VerticalSafeAreaRoot/ContentSlot/Dimension1Panel/D1CommandCenterProductionRoot/CommandDashboard/ScannerCard	4	157.87	716.13	OK	Canvas/HUD/VerticalUIRoot/VerticalSafeAreaRoot/ContentSlot/Dimension1Panel/D1CommandCenterProductionRoot/CommandDashboard/ScannerCard/DetailedLineIcon	Canvas/HUD/VerticalUIRoot/VerticalSafeAreaRoot/ContentSlot/Dimension1Panel/D1CommandCenterProductionRoot/CommandDashboard/ScannerCard
02_center_drawer_open	720	1280	Canvas/HUD/VerticalUIRoot/VerticalSafeAreaRoot/ContentSlot/Dimension1Panel/D1CommandCenterProductionRoot/MetalsButton	0	614.33	1178.67	OK	Canvas/HUD/VerticalUIRoot/VerticalSafeAreaRoot/ContentSlot/Dimension1Panel/D1CommandCenterProductionRoot/MetalsButton	Canvas/HUD/VerticalUIRoot/VerticalSafeAreaRoot/ContentSlot/Dimension1Panel/D1CommandCenterProductionRoot/MetalsButton
02_center_drawer_open	720	1280	Canvas/HUD/VerticalUIRoot/VerticalSafeAreaRoot/ContentSlot/Dimension1Panel/D1CommandCenterProductionRoot/MetalsButton	1	565.33	1158.67	OK	Canvas/HUD/VerticalUIRoot/VerticalSafeAreaRoot/ContentSlot/Dimension1Panel/D1CommandCenterProductionRoot/MetalsButton	Canvas/HUD/VerticalUIRoot/VerticalSafeAreaRoot/ContentSlot/Dimension1Panel/D1CommandCenterProductionRoot/MetalsButton
02_center_drawer_open	720	1280	Canvas/HUD/VerticalUIRoot/VerticalSafeAreaRoot/ContentSlot/Dimension1Panel/D1CommandCenterProductionRoot/MetalsButton	2	663.33	1158.67	OK	Canvas/HUD/VerticalUIRoot/VerticalSafeAreaRoot/ContentSlot/Dimension1Panel/D1CommandCenterProductionRoot/MetalsButton	Canvas/HUD/VerticalUIRoot/VerticalSafeAreaRoot/ContentSlot/Dimension1Panel/D1CommandCenterProductionRoot/MetalsButton
02_center_drawer_open	720	1280	Canvas/HUD/VerticalUIRoot/VerticalSafeAreaRoot/ContentSlot/Dimension1Panel/D1CommandCenterProductionRoot/MetalsButton	3	565.33	1198.67	OK	Canvas/HUD/VerticalUIRoot/VerticalSafeAreaRoot/ContentSlot/Dimension1Panel/D1CommandCenterProductionRoot/MetalsButton	Canvas/HUD/VerticalUIRoot/VerticalSafeAreaRoot/ContentSlot/Dimension1Panel/D1CommandCenterProductionRoot/MetalsButton
02_center_drawer_open	720	1280	Canvas/HUD/VerticalUIRoot/VerticalSafeAreaRoot/ContentSlot/Dimension1Panel/D1CommandCenterProductionRoot/MetalsButton	4	663.33	1198.67	OK	Canvas/HUD/VerticalUIRoot/VerticalSafeAreaRoot/ContentSlot/Dimension1Panel/D1CommandCenterProductionRoot/MetalsButton	Canvas/HUD/VerticalUIRoot/VerticalSafeAreaRoot/ContentSlot/Dimension1Panel/D1CommandCenterProductionRoot/MetalsButton
02_center_drawer_open	720	1280	Canvas/HUD/VerticalUIRoot/VerticalSafeAreaRoot/ContentSlot/Dimension1Panel/OpenRelicChamberPanelButton	0	826.67	984.00	OFFSCREEN	<none>	<none>
02_center_drawer_open	720	1280	Canvas/HUD/VerticalUIRoot/VerticalSafeAreaRoot/ContentSlot/Dimension1Panel/OpenRelicChamberPanelButton	1	794.67	978.00	OFFSCREEN	<none>	<none>
02_center_drawer_open	720	1280	Canvas/HUD/VerticalUIRoot/VerticalSafeAreaRoot/ContentSlot/Dimension1Panel/OpenRelicChamberPanelButton	2	858.67	978.00	OFFSCREEN	<none>	<none>
02_center_drawer_open	720	1280	Canvas/HUD/VerticalUIRoot/VerticalSafeAreaRoot/ContentSlot/Dimension1Panel/OpenRelicChamberPanelButton	3	794.67	990.00	OFFSCREEN	<none>	<none>
02_center_drawer_open	720	1280	Canvas/HUD/VerticalUIRoot/VerticalSafeAreaRoot/ContentSlot/Dimension1Panel/OpenRelicChamberPanelButton	4	858.67	990.00	OFFSCREEN	<none>	<none>
02_center_drawer_open	720	1280	Canvas/HUD/VerticalUIRoot/VerticalSafeAreaRoot/ContentSlot/Dimension1Panel/Registro	0	-40.00	950.67	OFFSCREEN	<none>	<none>
02_center_drawer_open	720	1280	Canvas/HUD/VerticalUIRoot/VerticalSafeAreaRoot/ContentSlot/Dimension1Panel/Registro	1	-72.00	944.67	OFFSCREEN	<none>	<none>
02_center_drawer_open	720	1280	Canvas/HUD/VerticalUIRoot/VerticalSafeAreaRoot/ContentSlot/Dimension1Panel/Registro	2	-8.00	944.67	OFFSCREEN	<none>	<none>
02_center_drawer_open	720	1280	Canvas/HUD/VerticalUIRoot/VerticalSafeAreaRoot/ContentSlot/Dimension1Panel/Registro	3	-72.00	956.67	OFFSCREEN	<none>	<none>
02_center_drawer_open	720	1280	Canvas/HUD/VerticalUIRoot/VerticalSafeAreaRoot/ContentSlot/Dimension1Panel/Registro	4	-8.00	956.67	OFFSCREEN	<none>	<none>
02_center_drawer_open	720	1280	Canvas/HUD/VerticalUIRoot/VerticalSafeAreaRoot/ContentSlot/Dimension1Panel/OpenDimension1TreePanelButton	0	826.67	917.33	OFFSCREEN	<none>	<none>
02_center_drawer_open	720	1280	Canvas/HUD/VerticalUIRoot/VerticalSafeAreaRoot/ContentSlot/Dimension1Panel/OpenDimension1TreePanelButton	1	794.67	911.33	OFFSCREEN	<none>	<none>
02_center_drawer_open	720	1280	Canvas/HUD/VerticalUIRoot/VerticalSafeAreaRoot/ContentSlot/Dimension1Panel/OpenDimension1TreePanelButton	2	858.67	911.33	OFFSCREEN	<none>	<none>
02_center_drawer_open	720	1280	Canvas/HUD/VerticalUIRoot/VerticalSafeAreaRoot/ContentSlot/Dimension1Panel/OpenDimension1TreePanelButton	3	794.67	923.33	OFFSCREEN	<none>	<none>
02_center_drawer_open	720	1280	Canvas/HUD/VerticalUIRoot/VerticalSafeAreaRoot/ContentSlot/Dimension1Panel/OpenDimension1TreePanelButton	4	858.67	923.33	OFFSCREEN	<none>	<none>
02_center_drawer_open	720	1280	Canvas/HUD/VerticalUIRoot/VerticalSafeAreaRoot/ContentSlot/Dimension1Panel/D1CommandCenterProductionRoot/CommandDashboard/ExpeditionsCard	0	619.33	457.33	OK	Canvas/HUD/VerticalUIRoot/VerticalSafeAreaRoot/ContentSlot/Dimension1Panel/D1CommandCenterProductionRoot/CommandDashboard/ExpeditionsCard	Canvas/HUD/VerticalUIRoot/VerticalSafeAreaRoot/ContentSlot/Dimension1Panel/D1CommandCenterProductionRoot/CommandDashboard/ExpeditionsCard
02_center_drawer_open	720	1280	Canvas/HUD/VerticalUIRoot/VerticalSafeAreaRoot/ContentSlot/Dimension1Panel/D1CommandCenterProductionRoot/CommandDashboard/ExpeditionsCard	1	562.13	400.53	OK	Canvas/HUD/VerticalUIRoot/VerticalSafeAreaRoot/ContentSlot/Dimension1Panel/D1CommandCenterProductionRoot/CommandDashboard/ExpeditionsCard	Canvas/HUD/VerticalUIRoot/VerticalSafeAreaRoot/ContentSlot/Dimension1Panel/D1CommandCenterProductionRoot/CommandDashboard/ExpeditionsCard
02_center_drawer_open	720	1280	Canvas/HUD/VerticalUIRoot/VerticalSafeAreaRoot/ContentSlot/Dimension1Panel/D1CommandCenterProductionRoot/CommandDashboard/ExpeditionsCard	2	676.53	400.53	OK	Canvas/HUD/VerticalUIRoot/VerticalSafeAreaRoot/ContentSlot/Dimension1Panel/D1CommandCenterProductionRoot/CommandDashboard/ExpeditionsCard	Canvas/HUD/VerticalUIRoot/VerticalSafeAreaRoot/ContentSlot/Dimension1Panel/D1CommandCenterProductionRoot/CommandDashboard/ExpeditionsCard
02_center_drawer_open	720	1280	Canvas/HUD/VerticalUIRoot/VerticalSafeAreaRoot/ContentSlot/Dimension1Panel/D1CommandCenterProductionRoot/CommandDashboard/ExpeditionsCard	3	562.13	514.13	OK	Canvas/HUD/VerticalUIRoot/VerticalSafeAreaRoot/ContentSlot/Dimension1Panel/D1CommandCenterProductionRoot/CommandDashboard/ExpeditionsCard/DetailedLineIcon	Canvas/HUD/VerticalUIRoot/VerticalSafeAreaRoot/ContentSlot/Dimension1Panel/D1CommandCenterProductionRoot/CommandDashboard/ExpeditionsCard
02_center_drawer_open	720	1280	Canvas/HUD/VerticalUIRoot/VerticalSafeAreaRoot/ContentSlot/Dimension1Panel/D1CommandCenterProductionRoot/CommandDashboard/ExpeditionsCard	4	676.53	514.13	OK	Canvas/HUD/VerticalUIRoot/VerticalSafeAreaRoot/ContentSlot/Dimension1Panel/D1CommandCenterProductionRoot/CommandDashboard/ExpeditionsCard/DetailedLineIcon	Canvas/HUD/VerticalUIRoot/VerticalSafeAreaRoot/ContentSlot/Dimension1Panel/D1CommandCenterProductionRoot/CommandDashboard/ExpeditionsCard
03_center_drawer_closed	720	1280	Canvas/HUD/VerticalUIRoot/VerticalSafeAreaRoot/ContentSlot/Dimension1Panel/D1CommandCenterProductionRoot/Nav_EXPLORAR	0	220.00	73.33	OK	Canvas/HUD/VerticalUIRoot/VerticalSafeAreaRoot/ContentSlot/Dimension1Panel/D1CommandCenterProductionRoot/Nav_EXPLORAR	Canvas/HUD/VerticalUIRoot/VerticalSafeAreaRoot/ContentSlot/Dimension1Panel/D1CommandCenterProductionRoot/Nav_EXPLORAR
03_center_drawer_closed	720	1280	Canvas/HUD/VerticalUIRoot/VerticalSafeAreaRoot/ContentSlot/Dimension1Panel/D1CommandCenterProductionRoot/Nav_EXPLORAR	1	180.40	38.13	OK	Canvas/HUD/VerticalUIRoot/VerticalSafeAreaRoot/ContentSlot/Dimension1Panel/D1CommandCenterProductionRoot/Nav_EXPLORAR	Canvas/HUD/VerticalUIRoot/VerticalSafeAreaRoot/ContentSlot/Dimension1Panel/D1CommandCenterProductionRoot/Nav_EXPLORAR
03_center_drawer_closed	720	1280	Canvas/HUD/VerticalUIRoot/VerticalSafeAreaRoot/ContentSlot/Dimension1Panel/D1CommandCenterProductionRoot/Nav_EXPLORAR	2	259.60	38.13	OK	Canvas/HUD/VerticalUIRoot/VerticalSafeAreaRoot/ContentSlot/Dimension1Panel/D1CommandCenterProductionRoot/Nav_EXPLORAR	Canvas/HUD/VerticalUIRoot/VerticalSafeAreaRoot/ContentSlot/Dimension1Panel/D1CommandCenterProductionRoot/Nav_EXPLORAR
03_center_drawer_closed	720	1280	Canvas/HUD/VerticalUIRoot/VerticalSafeAreaRoot/ContentSlot/Dimension1Panel/D1CommandCenterProductionRoot/Nav_EXPLORAR	3	180.40	108.53	OK	Canvas/HUD/VerticalUIRoot/VerticalSafeAreaRoot/ContentSlot/Dimension1Panel/D1CommandCenterProductionRoot/Nav_EXPLORAR	Canvas/HUD/VerticalUIRoot/VerticalSafeAreaRoot/ContentSlot/Dimension1Panel/D1CommandCenterProductionRoot/Nav_EXPLORAR
03_center_drawer_closed	720	1280	Canvas/HUD/VerticalUIRoot/VerticalSafeAreaRoot/ContentSlot/Dimension1Panel/D1CommandCenterProductionRoot/Nav_EXPLORAR	4	259.60	108.53	OK	Canvas/HUD/VerticalUIRoot/VerticalSafeAreaRoot/ContentSlot/Dimension1Panel/D1CommandCenterProductionRoot/Nav_EXPLORAR	Canvas/HUD/VerticalUIRoot/VerticalSafeAreaRoot/ContentSlot/Dimension1Panel/D1CommandCenterProductionRoot/Nav_EXPLORAR
03_center_drawer_closed	720	1280	Canvas/HUD/VerticalUIRoot/VerticalSafeAreaRoot/ContentSlot/Dimension1Panel/D1CommandCenterProductionRoot/CommandDashboard/TreeCard	0	619.33	659.33	OK	Canvas/HUD/VerticalUIRoot/VerticalSafeAreaRoot/ContentSlot/Dimension1Panel/D1CommandCenterProductionRoot/CommandDashboard/TreeCard	Canvas/HUD/VerticalUIRoot/VerticalSafeAreaRoot/ContentSlot/Dimension1Panel/D1CommandCenterProductionRoot/CommandDashboard/TreeCard
03_center_drawer_closed	720	1280	Canvas/HUD/VerticalUIRoot/VerticalSafeAreaRoot/ContentSlot/Dimension1Panel/D1CommandCenterProductionRoot/CommandDashboard/TreeCard	1	562.13	602.53	OK	Canvas/HUD/VerticalUIRoot/VerticalSafeAreaRoot/ContentSlot/Dimension1Panel/D1CommandCenterProductionRoot/CommandDashboard/TreeCard	Canvas/HUD/VerticalUIRoot/VerticalSafeAreaRoot/ContentSlot/Dimension1Panel/D1CommandCenterProductionRoot/CommandDashboard/TreeCard
03_center_drawer_closed	720	1280	Canvas/HUD/VerticalUIRoot/VerticalSafeAreaRoot/ContentSlot/Dimension1Panel/D1CommandCenterProductionRoot/CommandDashboard/TreeCard	2	676.53	602.53	OK	Canvas/HUD/VerticalUIRoot/VerticalSafeAreaRoot/ContentSlot/Dimension1Panel/D1CommandCenterProductionRoot/CommandDashboard/TreeCard	Canvas/HUD/VerticalUIRoot/VerticalSafeAreaRoot/ContentSlot/Dimension1Panel/D1CommandCenterProductionRoot/CommandDashboard/TreeCard
03_center_drawer_closed	720	1280	Canvas/HUD/VerticalUIRoot/VerticalSafeAreaRoot/ContentSlot/Dimension1Panel/D1CommandCenterProductionRoot/CommandDashboard/TreeCard	3	562.13	716.13	OK	Canvas/HUD/VerticalUIRoot/VerticalSafeAreaRoot/ContentSlot/Dimension1Panel/D1CommandCenterProductionRoot/CommandDashboard/TreeCard/DetailedLineIcon	Canvas/HUD/VerticalUIRoot/VerticalSafeAreaRoot/ContentSlot/Dimension1Panel/D1CommandCenterProductionRoot/CommandDashboard/TreeCard
03_center_drawer_closed	720	1280	Canvas/HUD/VerticalUIRoot/VerticalSafeAreaRoot/ContentSlot/Dimension1Panel/D1CommandCenterProductionRoot/CommandDashboard/TreeCard	4	676.53	716.13	OK	Canvas/HUD/VerticalUIRoot/VerticalSafeAreaRoot/ContentSlot/Dimension1Panel/D1CommandCenterProductionRoot/CommandDashboard/TreeCard/DetailedLineIcon	Canvas/HUD/VerticalUIRoot/VerticalSafeAreaRoot/ContentSlot/Dimension1Panel/D1CommandCenterProductionRoot/CommandDashboard/TreeCard
03_center_drawer_closed	720	1280	Canvas/HUD/VerticalUIRoot/VerticalSafeAreaRoot/ContentSlot/Dimension1Panel/D1CommandCenterProductionRoot/DimensionDrawerToggle	0	360.00	151.33	OK	Canvas/HUD/VerticalUIRoot/VerticalSafeAreaRoot/ContentSlot/Dimension1Panel/D1CommandCenterProductionRoot/DimensionDrawerToggle	Canvas/HUD/VerticalUIRoot/VerticalSafeAreaRoot/ContentSlot/Dimension1Panel/D1CommandCenterProductionRoot/DimensionDrawerToggle
03_center_drawer_closed	720	1280	Canvas/HUD/VerticalUIRoot/VerticalSafeAreaRoot/ContentSlot/Dimension1Panel/D1CommandCenterProductionRoot/DimensionDrawerToggle	1	310.00	144.53	OK	Canvas/HUD/VerticalUIRoot/VerticalSafeAreaRoot/ContentSlot/Dimension1Panel/D1CommandCenterProductionRoot/DimensionDrawerToggle	Canvas/HUD/VerticalUIRoot/VerticalSafeAreaRoot/ContentSlot/Dimension1Panel/D1CommandCenterProductionRoot/DimensionDrawerToggle
03_center_drawer_closed	720	1280	Canvas/HUD/VerticalUIRoot/VerticalSafeAreaRoot/ContentSlot/Dimension1Panel/D1CommandCenterProductionRoot/DimensionDrawerToggle	2	410.00	144.53	OK	Canvas/HUD/VerticalUIRoot/VerticalSafeAreaRoot/ContentSlot/Dimension1Panel/D1CommandCenterProductionRoot/DimensionDrawerToggle	Canvas/HUD/VerticalUIRoot/VerticalSafeAreaRoot/ContentSlot/Dimension1Panel/D1CommandCenterProductionRoot/DimensionDrawerToggle
03_center_drawer_closed	720	1280	Canvas/HUD/VerticalUIRoot/VerticalSafeAreaRoot/ContentSlot/Dimension1Panel/D1CommandCenterProductionRoot/DimensionDrawerToggle	3	310.00	158.13	OK	Canvas/HUD/VerticalUIRoot/VerticalSafeAreaRoot/ContentSlot/Dimension1Panel/D1CommandCenterProductionRoot/DimensionDrawerToggle	Canvas/HUD/VerticalUIRoot/VerticalSafeAreaRoot/ContentSlot/Dimension1Panel/D1CommandCenterProductionRoot/DimensionDrawerToggle
03_center_drawer_closed	720	1280	Canvas/HUD/VerticalUIRoot/VerticalSafeAreaRoot/ContentSlot/Dimension1Panel/D1CommandCenterProductionRoot/DimensionDrawerToggle	4	410.00	158.13	OK	Canvas/HUD/VerticalUIRoot/VerticalSafeAreaRoot/ContentSlot/Dimension1Panel/D1CommandCenterProductionRoot/DimensionDrawerToggle	Canvas/HUD/VerticalUIRoot/VerticalSafeAreaRoot/ContentSlot/Dimension1Panel/D1CommandCenterProductionRoot/DimensionDrawerToggle
03_center_drawer_closed	720	1280	Canvas/HUD/VerticalUIRoot/VerticalSafeAreaRoot/ContentSlot/Dimension1Panel/D1CommandCenterProductionRoot/Nav_ÁRBOL	0	634.00	73.33	OK	Canvas/HUD/VerticalUIRoot/VerticalSafeAreaRoot/ContentSlot/Dimension1Panel/D1CommandCenterProductionRoot/Nav_ÁRBOL	Canvas/HUD/VerticalUIRoot/VerticalSafeAreaRoot/ContentSlot/Dimension1Panel/D1CommandCenterProductionRoot/Nav_ÁRBOL
03_center_drawer_closed	720	1280	Canvas/HUD/VerticalUIRoot/VerticalSafeAreaRoot/ContentSlot/Dimension1Panel/D1CommandCenterProductionRoot/Nav_ÁRBOL	1	594.40	38.13	OK	Canvas/HUD/VerticalUIRoot/VerticalSafeAreaRoot/ContentSlot/Dimension1Panel/D1CommandCenterProductionRoot/Nav_ÁRBOL	Canvas/HUD/VerticalUIRoot/VerticalSafeAreaRoot/ContentSlot/Dimension1Panel/D1CommandCenterProductionRoot/Nav_ÁRBOL
03_center_drawer_closed	720	1280	Canvas/HUD/VerticalUIRoot/VerticalSafeAreaRoot/ContentSlot/Dimension1Panel/D1CommandCenterProductionRoot/Nav_ÁRBOL	2	673.60	38.13	OK	Canvas/HUD/VerticalUIRoot/VerticalSafeAreaRoot/ContentSlot/Dimension1Panel/D1CommandCenterProductionRoot/Nav_ÁRBOL	Canvas/HUD/VerticalUIRoot/VerticalSafeAreaRoot/ContentSlot/Dimension1Panel/D1CommandCenterProductionRoot/Nav_ÁRBOL
03_center_drawer_closed	720	1280	Canvas/HUD/VerticalUIRoot/VerticalSafeAreaRoot/ContentSlot/Dimension1Panel/D1CommandCenterProductionRoot/Nav_ÁRBOL	3	594.40	108.53	OK	Canvas/HUD/VerticalUIRoot/VerticalSafeAreaRoot/ContentSlot/Dimension1Panel/D1CommandCenterProductionRoot/Nav_ÁRBOL	Canvas/HUD/VerticalUIRoot/VerticalSafeAreaRoot/ContentSlot/Dimension1Panel/D1CommandCenterProductionRoot/Nav_ÁRBOL
03_center_drawer_closed	720	1280	Canvas/HUD/VerticalUIRoot/VerticalSafeAreaRoot/ContentSlot/Dimension1Panel/D1CommandCenterProductionRoot/Nav_ÁRBOL	4	673.60	108.53	OK	Canvas/HUD/VerticalUIRoot/VerticalSafeAreaRoot/ContentSlot/Dimension1Panel/D1CommandCenterProductionRoot/Nav_ÁRBOL	Canvas/HUD/VerticalUIRoot/VerticalSafeAreaRoot/ContentSlot/Dimension1Panel/D1CommandCenterProductionRoot/Nav_ÁRBOL
03_center_drawer_closed	720	1280	Canvas/HUD/VerticalUIRoot/VerticalSafeAreaRoot/ContentSlot/Dimension1Panel/D1CommandCenterProductionRoot/CommandDashboard/SectorCard	0	100.67	861.33	OK	Canvas/HUD/VerticalUIRoot/VerticalSafeAreaRoot/ContentSlot/Dimension1Panel/D1CommandCenterProductionRoot/CommandDashboard/SectorCard	Canvas/HUD/VerticalUIRoot/VerticalSafeAreaRoot/ContentSlot/Dimension1Panel/D1CommandCenterProductionRoot/CommandDashboard/SectorCard
03_center_drawer_closed	720	1280	Canvas/HUD/VerticalUIRoot/VerticalSafeAreaRoot/ContentSlot/Dimension1Panel/D1CommandCenterProductionRoot/CommandDashboard/SectorCard	1	43.47	804.53	OK	Canvas/HUD/VerticalUIRoot/VerticalSafeAreaRoot/ContentSlot/Dimension1Panel/D1CommandCenterProductionRoot/CommandDashboard/SectorCard	Canvas/HUD/VerticalUIRoot/VerticalSafeAreaRoot/ContentSlot/Dimension1Panel/D1CommandCenterProductionRoot/CommandDashboard/SectorCard
03_center_drawer_closed	720	1280	Canvas/HUD/VerticalUIRoot/VerticalSafeAreaRoot/ContentSlot/Dimension1Panel/D1CommandCenterProductionRoot/CommandDashboard/SectorCard	2	157.87	804.53	OK	Canvas/HUD/VerticalUIRoot/VerticalSafeAreaRoot/ContentSlot/Dimension1Panel/D1CommandCenterProductionRoot/CommandDashboard/SectorCard	Canvas/HUD/VerticalUIRoot/VerticalSafeAreaRoot/ContentSlot/Dimension1Panel/D1CommandCenterProductionRoot/CommandDashboard/SectorCard
03_center_drawer_closed	720	1280	Canvas/HUD/VerticalUIRoot/VerticalSafeAreaRoot/ContentSlot/Dimension1Panel/D1CommandCenterProductionRoot/CommandDashboard/SectorCard	3	43.47	918.13	OK	Canvas/HUD/VerticalUIRoot/VerticalSafeAreaRoot/ContentSlot/Dimension1Panel/D1CommandCenterProductionRoot/CommandDashboard/SectorCard/DetailedLineIcon	Canvas/HUD/VerticalUIRoot/VerticalSafeAreaRoot/ContentSlot/Dimension1Panel/D1CommandCenterProductionRoot/CommandDashboard/SectorCard
03_center_drawer_closed	720	1280	Canvas/HUD/VerticalUIRoot/VerticalSafeAreaRoot/ContentSlot/Dimension1Panel/D1CommandCenterProductionRoot/CommandDashboard/SectorCard	4	157.87	918.13	OK	Canvas/HUD/VerticalUIRoot/VerticalSafeAreaRoot/ContentSlot/Dimension1Panel/D1CommandCenterProductionRoot/CommandDashboard/SectorCard/DetailedLineIcon	Canvas/HUD/VerticalUIRoot/VerticalSafeAreaRoot/ContentSlot/Dimension1Panel/D1CommandCenterProductionRoot/CommandDashboard/SectorCard
03_center_drawer_closed	720	1280	Canvas/HUD/VerticalUIRoot/VerticalSafeAreaRoot/ContentSlot/Dimension1Panel/OpenGalaxyPanelButton	0	826.67	1017.33	OFFSCREEN	<none>	<none>
03_center_drawer_closed	720	1280	Canvas/HUD/VerticalUIRoot/VerticalSafeAreaRoot/ContentSlot/Dimension1Panel/OpenGalaxyPanelButton	1	794.67	1011.33	OFFSCREEN	<none>	<none>
03_center_drawer_closed	720	1280	Canvas/HUD/VerticalUIRoot/VerticalSafeAreaRoot/ContentSlot/Dimension1Panel/OpenGalaxyPanelButton	2	858.67	1011.33	OFFSCREEN	<none>	<none>
03_center_drawer_closed	720	1280	Canvas/HUD/VerticalUIRoot/VerticalSafeAreaRoot/ContentSlot/Dimension1Panel/OpenGalaxyPanelButton	3	794.67	1023.33	OFFSCREEN	<none>	<none>
03_center_drawer_closed	720	1280	Canvas/HUD/VerticalUIRoot/VerticalSafeAreaRoot/ContentSlot/Dimension1Panel/OpenGalaxyPanelButton	4	858.67	1023.33	OFFSCREEN	<none>	<none>
03_center_drawer_closed	720	1280	Canvas/HUD/VerticalUIRoot/VerticalSafeAreaRoot/ContentSlot/Dimension1Panel/D1CommandCenterProductionRoot/CommandDashboard/FleetCard	0	100.67	457.33	OK	Canvas/HUD/VerticalUIRoot/VerticalSafeAreaRoot/ContentSlot/Dimension1Panel/D1CommandCenterProductionRoot/CommandDashboard/FleetCard	Canvas/HUD/VerticalUIRoot/VerticalSafeAreaRoot/ContentSlot/Dimension1Panel/D1CommandCenterProductionRoot/CommandDashboard/FleetCard
03_center_drawer_closed	720	1280	Canvas/HUD/VerticalUIRoot/VerticalSafeAreaRoot/ContentSlot/Dimension1Panel/D1CommandCenterProductionRoot/CommandDashboard/FleetCard	1	43.47	400.53	OK	Canvas/HUD/VerticalUIRoot/VerticalSafeAreaRoot/ContentSlot/Dimension1Panel/D1CommandCenterProductionRoot/CommandDashboard/FleetCard	Canvas/HUD/VerticalUIRoot/VerticalSafeAreaRoot/ContentSlot/Dimension1Panel/D1CommandCenterProductionRoot/CommandDashboard/FleetCard
03_center_drawer_closed	720	1280	Canvas/HUD/VerticalUIRoot/VerticalSafeAreaRoot/ContentSlot/Dimension1Panel/D1CommandCenterProductionRoot/CommandDashboard/FleetCard	2	157.87	400.53	OK	Canvas/HUD/VerticalUIRoot/VerticalSafeAreaRoot/ContentSlot/Dimension1Panel/D1CommandCenterProductionRoot/CommandDashboard/FleetCard	Canvas/HUD/VerticalUIRoot/VerticalSafeAreaRoot/ContentSlot/Dimension1Panel/D1CommandCenterProductionRoot/CommandDashboard/FleetCard
03_center_drawer_closed	720	1280	Canvas/HUD/VerticalUIRoot/VerticalSafeAreaRoot/ContentSlot/Dimension1Panel/D1CommandCenterProductionRoot/CommandDashboard/FleetCard	3	43.47	514.13	OK	Canvas/HUD/VerticalUIRoot/VerticalSafeAreaRoot/ContentSlot/Dimension1Panel/D1CommandCenterProductionRoot/CommandDashboard/FleetCard/DetailedLineIcon	Canvas/HUD/VerticalUIRoot/VerticalSafeAreaRoot/ContentSlot/Dimension1Panel/D1CommandCenterProductionRoot/CommandDashboard/FleetCard
03_center_drawer_closed	720	1280	Canvas/HUD/VerticalUIRoot/VerticalSafeAreaRoot/ContentSlot/Dimension1Panel/D1CommandCenterProductionRoot/CommandDashboard/FleetCard	4	157.87	514.13	OK	Canvas/HUD/VerticalUIRoot/VerticalSafeAreaRoot/ContentSlot/Dimension1Panel/D1CommandCenterProductionRoot/CommandDashboard/FleetCard/DetailedLineIcon	Canvas/HUD/VerticalUIRoot/VerticalSafeAreaRoot/ContentSlot/Dimension1Panel/D1CommandCenterProductionRoot/CommandDashboard/FleetCard
03_center_drawer_closed	720	1280	Canvas/HUD/VerticalUIRoot/VerticalSafeAreaRoot/ContentSlot/Dimension1Panel/D1CommandCenterProductionRoot/Nav_HANGAR	0	358.00	73.33	OK	Canvas/HUD/VerticalUIRoot/VerticalSafeAreaRoot/ContentSlot/Dimension1Panel/D1CommandCenterProductionRoot/Nav_HANGAR	Canvas/HUD/VerticalUIRoot/VerticalSafeAreaRoot/ContentSlot/Dimension1Panel/D1CommandCenterProductionRoot/Nav_HANGAR
03_center_drawer_closed	720	1280	Canvas/HUD/VerticalUIRoot/VerticalSafeAreaRoot/ContentSlot/Dimension1Panel/D1CommandCenterProductionRoot/Nav_HANGAR	1	318.40	38.13	OK	Canvas/HUD/VerticalUIRoot/VerticalSafeAreaRoot/ContentSlot/Dimension1Panel/D1CommandCenterProductionRoot/Nav_HANGAR	Canvas/HUD/VerticalUIRoot/VerticalSafeAreaRoot/ContentSlot/Dimension1Panel/D1CommandCenterProductionRoot/Nav_HANGAR
03_center_drawer_closed	720	1280	Canvas/HUD/VerticalUIRoot/VerticalSafeAreaRoot/ContentSlot/Dimension1Panel/D1CommandCenterProductionRoot/Nav_HANGAR	2	397.60	38.13	OK	Canvas/HUD/VerticalUIRoot/VerticalSafeAreaRoot/ContentSlot/Dimension1Panel/D1CommandCenterProductionRoot/Nav_HANGAR	Canvas/HUD/VerticalUIRoot/VerticalSafeAreaRoot/ContentSlot/Dimension1Panel/D1CommandCenterProductionRoot/Nav_HANGAR
03_center_drawer_closed	720	1280	Canvas/HUD/VerticalUIRoot/VerticalSafeAreaRoot/ContentSlot/Dimension1Panel/D1CommandCenterProductionRoot/Nav_HANGAR	3	318.40	108.53	OK	Canvas/HUD/VerticalUIRoot/VerticalSafeAreaRoot/ContentSlot/Dimension1Panel/D1CommandCenterProductionRoot/Nav_HANGAR	Canvas/HUD/VerticalUIRoot/VerticalSafeAreaRoot/ContentSlot/Dimension1Panel/D1CommandCenterProductionRoot/Nav_HANGAR
03_center_drawer_closed	720	1280	Canvas/HUD/VerticalUIRoot/VerticalSafeAreaRoot/ContentSlot/Dimension1Panel/D1CommandCenterProductionRoot/Nav_HANGAR	4	397.60	108.53	OK	Canvas/HUD/VerticalUIRoot/VerticalSafeAreaRoot/ContentSlot/Dimension1Panel/D1CommandCenterProductionRoot/Nav_HANGAR	Canvas/HUD/VerticalUIRoot/VerticalSafeAreaRoot/ContentSlot/Dimension1Panel/D1CommandCenterProductionRoot/Nav_HANGAR
03_center_drawer_closed	720	1280	Canvas/HUD/VerticalUIRoot/VerticalSafeAreaRoot/ContentSlot/Dimension1Panel/D1CommandCenterProductionRoot/CommandDashboard/RelicsCard	0	619.33	861.33	OK	Canvas/HUD/VerticalUIRoot/VerticalSafeAreaRoot/ContentSlot/Dimension1Panel/D1CommandCenterProductionRoot/CommandDashboard/RelicsCard	Canvas/HUD/VerticalUIRoot/VerticalSafeAreaRoot/ContentSlot/Dimension1Panel/D1CommandCenterProductionRoot/CommandDashboard/RelicsCard
03_center_drawer_closed	720	1280	Canvas/HUD/VerticalUIRoot/VerticalSafeAreaRoot/ContentSlot/Dimension1Panel/D1CommandCenterProductionRoot/CommandDashboard/RelicsCard	1	562.13	804.53	OK	Canvas/HUD/VerticalUIRoot/VerticalSafeAreaRoot/ContentSlot/Dimension1Panel/D1CommandCenterProductionRoot/CommandDashboard/RelicsCard	Canvas/HUD/VerticalUIRoot/VerticalSafeAreaRoot/ContentSlot/Dimension1Panel/D1CommandCenterProductionRoot/CommandDashboard/RelicsCard
03_center_drawer_closed	720	1280	Canvas/HUD/VerticalUIRoot/VerticalSafeAreaRoot/ContentSlot/Dimension1Panel/D1CommandCenterProductionRoot/CommandDashboard/RelicsCard	2	676.53	804.53	OK	Canvas/HUD/VerticalUIRoot/VerticalSafeAreaRoot/ContentSlot/Dimension1Panel/D1CommandCenterProductionRoot/CommandDashboard/RelicsCard	Canvas/HUD/VerticalUIRoot/VerticalSafeAreaRoot/ContentSlot/Dimension1Panel/D1CommandCenterProductionRoot/CommandDashboard/RelicsCard
03_center_drawer_closed	720	1280	Canvas/HUD/VerticalUIRoot/VerticalSafeAreaRoot/ContentSlot/Dimension1Panel/D1CommandCenterProductionRoot/CommandDashboard/RelicsCard	3	562.13	918.13	OK	Canvas/HUD/VerticalUIRoot/VerticalSafeAreaRoot/ContentSlot/Dimension1Panel/D1CommandCenterProductionRoot/CommandDashboard/RelicsCard/DetailedLineIcon	Canvas/HUD/VerticalUIRoot/VerticalSafeAreaRoot/ContentSlot/Dimension1Panel/D1CommandCenterProductionRoot/CommandDashboard/RelicsCard
03_center_drawer_closed	720	1280	Canvas/HUD/VerticalUIRoot/VerticalSafeAreaRoot/ContentSlot/Dimension1Panel/D1CommandCenterProductionRoot/CommandDashboard/RelicsCard	4	676.53	918.13	OK	Canvas/HUD/VerticalUIRoot/VerticalSafeAreaRoot/ContentSlot/Dimension1Panel/D1CommandCenterProductionRoot/CommandDashboard/RelicsCard/DetailedLineIcon	Canvas/HUD/VerticalUIRoot/VerticalSafeAreaRoot/ContentSlot/Dimension1Panel/D1CommandCenterProductionRoot/CommandDashboard/RelicsCard
03_center_drawer_closed	720	1280	Canvas/HUD/VerticalUIRoot/VerticalSafeAreaRoot/ContentSlot/Dimension1Panel/D1CommandCenterProductionRoot/Nav_GALAXIA	0	82.00	73.33	OK	Canvas/HUD/VerticalUIRoot/VerticalSafeAreaRoot/ContentSlot/Dimension1Panel/D1CommandCenterProductionRoot/Nav_GALAXIA	Canvas/HUD/VerticalUIRoot/VerticalSafeAreaRoot/ContentSlot/Dimension1Panel/D1CommandCenterProductionRoot/Nav_GALAXIA
03_center_drawer_closed	720	1280	Canvas/HUD/VerticalUIRoot/VerticalSafeAreaRoot/ContentSlot/Dimension1Panel/D1CommandCenterProductionRoot/Nav_GALAXIA	1	42.40	38.13	OK	Canvas/HUD/VerticalUIRoot/VerticalSafeAreaRoot/ContentSlot/Dimension1Panel/D1CommandCenterProductionRoot/Nav_GALAXIA	Canvas/HUD/VerticalUIRoot/VerticalSafeAreaRoot/ContentSlot/Dimension1Panel/D1CommandCenterProductionRoot/Nav_GALAXIA
03_center_drawer_closed	720	1280	Canvas/HUD/VerticalUIRoot/VerticalSafeAreaRoot/ContentSlot/Dimension1Panel/D1CommandCenterProductionRoot/Nav_GALAXIA	2	121.60	38.13	OK	Canvas/HUD/VerticalUIRoot/VerticalSafeAreaRoot/ContentSlot/Dimension1Panel/D1CommandCenterProductionRoot/Nav_GALAXIA	Canvas/HUD/VerticalUIRoot/VerticalSafeAreaRoot/ContentSlot/Dimension1Panel/D1CommandCenterProductionRoot/Nav_GALAXIA
03_center_drawer_closed	720	1280	Canvas/HUD/VerticalUIRoot/VerticalSafeAreaRoot/ContentSlot/Dimension1Panel/D1CommandCenterProductionRoot/Nav_GALAXIA	3	42.40	108.53	OK	Canvas/HUD/VerticalUIRoot/VerticalSafeAreaRoot/ContentSlot/Dimension1Panel/D1CommandCenterProductionRoot/Nav_GALAXIA	Canvas/HUD/VerticalUIRoot/VerticalSafeAreaRoot/ContentSlot/Dimension1Panel/D1CommandCenterProductionRoot/Nav_GALAXIA
03_center_drawer_closed	720	1280	Canvas/HUD/VerticalUIRoot/VerticalSafeAreaRoot/ContentSlot/Dimension1Panel/D1CommandCenterProductionRoot/Nav_GALAXIA	4	121.60	108.53	OK	Canvas/HUD/VerticalUIRoot/VerticalSafeAreaRoot/ContentSlot/Dimension1Panel/D1CommandCenterProductionRoot/Nav_GALAXIA	Canvas/HUD/VerticalUIRoot/VerticalSafeAreaRoot/ContentSlot/Dimension1Panel/D1CommandCenterProductionRoot/Nav_GALAXIA
03_center_drawer_closed	720	1280	Canvas/HUD/VerticalUIRoot/VerticalSafeAreaRoot/ContentSlot/Dimension1Panel/OpenHangarPanelButton	0	826.67	950.67	OFFSCREEN	<none>	<none>
03_center_drawer_closed	720	1280	Canvas/HUD/VerticalUIRoot/VerticalSafeAreaRoot/ContentSlot/Dimension1Panel/OpenHangarPanelButton	1	794.67	944.67	OFFSCREEN	<none>	<none>
03_center_drawer_closed	720	1280	Canvas/HUD/VerticalUIRoot/VerticalSafeAreaRoot/ContentSlot/Dimension1Panel/OpenHangarPanelButton	2	858.67	944.67	OFFSCREEN	<none>	<none>
03_center_drawer_closed	720	1280	Canvas/HUD/VerticalUIRoot/VerticalSafeAreaRoot/ContentSlot/Dimension1Panel/OpenHangarPanelButton	3	794.67	956.67	OFFSCREEN	<none>	<none>
03_center_drawer_closed	720	1280	Canvas/HUD/VerticalUIRoot/VerticalSafeAreaRoot/ContentSlot/Dimension1Panel/OpenHangarPanelButton	4	858.67	956.67	OFFSCREEN	<none>	<none>
03_center_drawer_closed	720	1280	Canvas/HUD/VerticalUIRoot/VerticalSafeAreaRoot/ContentSlot/Dimension1Panel/D1CommandCenterProductionRoot/CommandDashboard/ScannerCard	0	100.67	659.33	OK	Canvas/HUD/VerticalUIRoot/VerticalSafeAreaRoot/ContentSlot/Dimension1Panel/D1CommandCenterProductionRoot/CommandDashboard/ScannerCard	Canvas/HUD/VerticalUIRoot/VerticalSafeAreaRoot/ContentSlot/Dimension1Panel/D1CommandCenterProductionRoot/CommandDashboard/ScannerCard
03_center_drawer_closed	720	1280	Canvas/HUD/VerticalUIRoot/VerticalSafeAreaRoot/ContentSlot/Dimension1Panel/D1CommandCenterProductionRoot/CommandDashboard/ScannerCard	1	43.47	602.53	OK	Canvas/HUD/VerticalUIRoot/VerticalSafeAreaRoot/ContentSlot/Dimension1Panel/D1CommandCenterProductionRoot/CommandDashboard/ScannerCard	Canvas/HUD/VerticalUIRoot/VerticalSafeAreaRoot/ContentSlot/Dimension1Panel/D1CommandCenterProductionRoot/CommandDashboard/ScannerCard
03_center_drawer_closed	720	1280	Canvas/HUD/VerticalUIRoot/VerticalSafeAreaRoot/ContentSlot/Dimension1Panel/D1CommandCenterProductionRoot/CommandDashboard/ScannerCard	2	157.87	602.53	OK	Canvas/HUD/VerticalUIRoot/VerticalSafeAreaRoot/ContentSlot/Dimension1Panel/D1CommandCenterProductionRoot/CommandDashboard/ScannerCard	Canvas/HUD/VerticalUIRoot/VerticalSafeAreaRoot/ContentSlot/Dimension1Panel/D1CommandCenterProductionRoot/CommandDashboard/ScannerCard
03_center_drawer_closed	720	1280	Canvas/HUD/VerticalUIRoot/VerticalSafeAreaRoot/ContentSlot/Dimension1Panel/D1CommandCenterProductionRoot/CommandDashboard/ScannerCard	3	43.47	716.13	OK	Canvas/HUD/VerticalUIRoot/VerticalSafeAreaRoot/ContentSlot/Dimension1Panel/D1CommandCenterProductionRoot/CommandDashboard/ScannerCard/DetailedLineIcon	Canvas/HUD/VerticalUIRoot/VerticalSafeAreaRoot/ContentSlot/Dimension1Panel/D1CommandCenterProductionRoot/CommandDashboard/ScannerCard
03_center_drawer_closed	720	1280	Canvas/HUD/VerticalUIRoot/VerticalSafeAreaRoot/ContentSlot/Dimension1Panel/D1CommandCenterProductionRoot/CommandDashboard/ScannerCard	4	157.87	716.13	OK	Canvas/HUD/VerticalUIRoot/VerticalSafeAreaRoot/ContentSlot/Dimension1Panel/D1CommandCenterProductionRoot/CommandDashboard/ScannerCard/DetailedLineIcon	Canvas/HUD/VerticalUIRoot/VerticalSafeAreaRoot/ContentSlot/Dimension1Panel/D1CommandCenterProductionRoot/CommandDashboard/ScannerCard
03_center_drawer_closed	720	1280	Canvas/HUD/VerticalUIRoot/VerticalSafeAreaRoot/ContentSlot/Dimension1Panel/D1CommandCenterProductionRoot/MetalsButton	0	614.33	1178.67	OK	Canvas/HUD/VerticalUIRoot/VerticalSafeAreaRoot/ContentSlot/Dimension1Panel/D1CommandCenterProductionRoot/MetalsButton	Canvas/HUD/VerticalUIRoot/VerticalSafeAreaRoot/ContentSlot/Dimension1Panel/D1CommandCenterProductionRoot/MetalsButton
03_center_drawer_closed	720	1280	Canvas/HUD/VerticalUIRoot/VerticalSafeAreaRoot/ContentSlot/Dimension1Panel/D1CommandCenterProductionRoot/MetalsButton	1	565.33	1158.67	OK	Canvas/HUD/VerticalUIRoot/VerticalSafeAreaRoot/ContentSlot/Dimension1Panel/D1CommandCenterProductionRoot/MetalsButton	Canvas/HUD/VerticalUIRoot/VerticalSafeAreaRoot/ContentSlot/Dimension1Panel/D1CommandCenterProductionRoot/MetalsButton
03_center_drawer_closed	720	1280	Canvas/HUD/VerticalUIRoot/VerticalSafeAreaRoot/ContentSlot/Dimension1Panel/D1CommandCenterProductionRoot/MetalsButton	2	663.33	1158.67	OK	Canvas/HUD/VerticalUIRoot/VerticalSafeAreaRoot/ContentSlot/Dimension1Panel/D1CommandCenterProductionRoot/MetalsButton	Canvas/HUD/VerticalUIRoot/VerticalSafeAreaRoot/ContentSlot/Dimension1Panel/D1CommandCenterProductionRoot/MetalsButton
03_center_drawer_closed	720	1280	Canvas/HUD/VerticalUIRoot/VerticalSafeAreaRoot/ContentSlot/Dimension1Panel/D1CommandCenterProductionRoot/MetalsButton	3	565.33	1198.67	OK	Canvas/HUD/VerticalUIRoot/VerticalSafeAreaRoot/ContentSlot/Dimension1Panel/D1CommandCenterProductionRoot/MetalsButton	Canvas/HUD/VerticalUIRoot/VerticalSafeAreaRoot/ContentSlot/Dimension1Panel/D1CommandCenterProductionRoot/MetalsButton
03_center_drawer_closed	720	1280	Canvas/HUD/VerticalUIRoot/VerticalSafeAreaRoot/ContentSlot/Dimension1Panel/D1CommandCenterProductionRoot/MetalsButton	4	663.33	1198.67	OK	Canvas/HUD/VerticalUIRoot/VerticalSafeAreaRoot/ContentSlot/Dimension1Panel/D1CommandCenterProductionRoot/MetalsButton	Canvas/HUD/VerticalUIRoot/VerticalSafeAreaRoot/ContentSlot/Dimension1Panel/D1CommandCenterProductionRoot/MetalsButton
03_center_drawer_closed	720	1280	Canvas/HUD/VerticalUIRoot/VerticalSafeAreaRoot/ContentSlot/Dimension1Panel/OpenRelicChamberPanelButton	0	826.67	984.00	OFFSCREEN	<none>	<none>
03_center_drawer_closed	720	1280	Canvas/HUD/VerticalUIRoot/VerticalSafeAreaRoot/ContentSlot/Dimension1Panel/OpenRelicChamberPanelButton	1	794.67	978.00	OFFSCREEN	<none>	<none>
03_center_drawer_closed	720	1280	Canvas/HUD/VerticalUIRoot/VerticalSafeAreaRoot/ContentSlot/Dimension1Panel/OpenRelicChamberPanelButton	2	858.67	978.00	OFFSCREEN	<none>	<none>
03_center_drawer_closed	720	1280	Canvas/HUD/VerticalUIRoot/VerticalSafeAreaRoot/ContentSlot/Dimension1Panel/OpenRelicChamberPanelButton	3	794.67	990.00	OFFSCREEN	<none>	<none>
03_center_drawer_closed	720	1280	Canvas/HUD/VerticalUIRoot/VerticalSafeAreaRoot/ContentSlot/Dimension1Panel/OpenRelicChamberPanelButton	4	858.67	990.00	OFFSCREEN	<none>	<none>
03_center_drawer_closed	720	1280	Canvas/HUD/VerticalUIRoot/VerticalSafeAreaRoot/ContentSlot/Dimension1Panel/Registro	0	-40.00	950.67	OFFSCREEN	<none>	<none>
03_center_drawer_closed	720	1280	Canvas/HUD/VerticalUIRoot/VerticalSafeAreaRoot/ContentSlot/Dimension1Panel/Registro	1	-72.00	944.67	OFFSCREEN	<none>	<none>
03_center_drawer_closed	720	1280	Canvas/HUD/VerticalUIRoot/VerticalSafeAreaRoot/ContentSlot/Dimension1Panel/Registro	2	-8.00	944.67	OFFSCREEN	<none>	<none>
03_center_drawer_closed	720	1280	Canvas/HUD/VerticalUIRoot/VerticalSafeAreaRoot/ContentSlot/Dimension1Panel/Registro	3	-72.00	956.67	OFFSCREEN	<none>	<none>
03_center_drawer_closed	720	1280	Canvas/HUD/VerticalUIRoot/VerticalSafeAreaRoot/ContentSlot/Dimension1Panel/Registro	4	-8.00	956.67	OFFSCREEN	<none>	<none>
03_center_drawer_closed	720	1280	Canvas/HUD/VerticalUIRoot/VerticalSafeAreaRoot/ContentSlot/Dimension1Panel/OpenDimension1TreePanelButton	0	826.67	917.33	OFFSCREEN	<none>	<none>
03_center_drawer_closed	720	1280	Canvas/HUD/VerticalUIRoot/VerticalSafeAreaRoot/ContentSlot/Dimension1Panel/OpenDimension1TreePanelButton	1	794.67	911.33	OFFSCREEN	<none>	<none>
03_center_drawer_closed	720	1280	Canvas/HUD/VerticalUIRoot/VerticalSafeAreaRoot/ContentSlot/Dimension1Panel/OpenDimension1TreePanelButton	2	858.67	911.33	OFFSCREEN	<none>	<none>
03_center_drawer_closed	720	1280	Canvas/HUD/VerticalUIRoot/VerticalSafeAreaRoot/ContentSlot/Dimension1Panel/OpenDimension1TreePanelButton	3	794.67	923.33	OFFSCREEN	<none>	<none>
03_center_drawer_closed	720	1280	Canvas/HUD/VerticalUIRoot/VerticalSafeAreaRoot/ContentSlot/Dimension1Panel/OpenDimension1TreePanelButton	4	858.67	923.33	OFFSCREEN	<none>	<none>
03_center_drawer_closed	720	1280	Canvas/HUD/VerticalUIRoot/VerticalSafeAreaRoot/ContentSlot/Dimension1Panel/D1CommandCenterProductionRoot/Nav_RELIQUIAS	0	496.00	73.33	OK	Canvas/HUD/VerticalUIRoot/VerticalSafeAreaRoot/ContentSlot/Dimension1Panel/D1CommandCenterProductionRoot/Nav_RELIQUIAS	Canvas/HUD/VerticalUIRoot/VerticalSafeAreaRoot/ContentSlot/Dimension1Panel/D1CommandCenterProductionRoot/Nav_RELIQUIAS
03_center_drawer_closed	720	1280	Canvas/HUD/VerticalUIRoot/VerticalSafeAreaRoot/ContentSlot/Dimension1Panel/D1CommandCenterProductionRoot/Nav_RELIQUIAS	1	456.40	38.13	OK	Canvas/HUD/VerticalUIRoot/VerticalSafeAreaRoot/ContentSlot/Dimension1Panel/D1CommandCenterProductionRoot/Nav_RELIQUIAS	Canvas/HUD/VerticalUIRoot/VerticalSafeAreaRoot/ContentSlot/Dimension1Panel/D1CommandCenterProductionRoot/Nav_RELIQUIAS
03_center_drawer_closed	720	1280	Canvas/HUD/VerticalUIRoot/VerticalSafeAreaRoot/ContentSlot/Dimension1Panel/D1CommandCenterProductionRoot/Nav_RELIQUIAS	2	535.60	38.13	OK	Canvas/HUD/VerticalUIRoot/VerticalSafeAreaRoot/ContentSlot/Dimension1Panel/D1CommandCenterProductionRoot/Nav_RELIQUIAS	Canvas/HUD/VerticalUIRoot/VerticalSafeAreaRoot/ContentSlot/Dimension1Panel/D1CommandCenterProductionRoot/Nav_RELIQUIAS
03_center_drawer_closed	720	1280	Canvas/HUD/VerticalUIRoot/VerticalSafeAreaRoot/ContentSlot/Dimension1Panel/D1CommandCenterProductionRoot/Nav_RELIQUIAS	3	456.40	108.53	OK	Canvas/HUD/VerticalUIRoot/VerticalSafeAreaRoot/ContentSlot/Dimension1Panel/D1CommandCenterProductionRoot/Nav_RELIQUIAS	Canvas/HUD/VerticalUIRoot/VerticalSafeAreaRoot/ContentSlot/Dimension1Panel/D1CommandCenterProductionRoot/Nav_RELIQUIAS
03_center_drawer_closed	720	1280	Canvas/HUD/VerticalUIRoot/VerticalSafeAreaRoot/ContentSlot/Dimension1Panel/D1CommandCenterProductionRoot/Nav_RELIQUIAS	4	535.60	108.53	OK	Canvas/HUD/VerticalUIRoot/VerticalSafeAreaRoot/ContentSlot/Dimension1Panel/D1CommandCenterProductionRoot/Nav_RELIQUIAS	Canvas/HUD/VerticalUIRoot/VerticalSafeAreaRoot/ContentSlot/Dimension1Panel/D1CommandCenterProductionRoot/Nav_RELIQUIAS
03_center_drawer_closed	720	1280	Canvas/HUD/VerticalUIRoot/VerticalSafeAreaRoot/ContentSlot/Dimension1Panel/D1CommandCenterProductionRoot/CommandDashboard/ExpeditionsCard	0	619.33	457.33	OK	Canvas/HUD/VerticalUIRoot/VerticalSafeAreaRoot/ContentSlot/Dimension1Panel/D1CommandCenterProductionRoot/CommandDashboard/ExpeditionsCard	Canvas/HUD/VerticalUIRoot/VerticalSafeAreaRoot/ContentSlot/Dimension1Panel/D1CommandCenterProductionRoot/CommandDashboard/ExpeditionsCard
03_center_drawer_closed	720	1280	Canvas/HUD/VerticalUIRoot/VerticalSafeAreaRoot/ContentSlot/Dimension1Panel/D1CommandCenterProductionRoot/CommandDashboard/ExpeditionsCard	1	562.13	400.53	OK	Canvas/HUD/VerticalUIRoot/VerticalSafeAreaRoot/ContentSlot/Dimension1Panel/D1CommandCenterProductionRoot/CommandDashboard/ExpeditionsCard	Canvas/HUD/VerticalUIRoot/VerticalSafeAreaRoot/ContentSlot/Dimension1Panel/D1CommandCenterProductionRoot/CommandDashboard/ExpeditionsCard
03_center_drawer_closed	720	1280	Canvas/HUD/VerticalUIRoot/VerticalSafeAreaRoot/ContentSlot/Dimension1Panel/D1CommandCenterProductionRoot/CommandDashboard/ExpeditionsCard	2	676.53	400.53	OK	Canvas/HUD/VerticalUIRoot/VerticalSafeAreaRoot/ContentSlot/Dimension1Panel/D1CommandCenterProductionRoot/CommandDashboard/ExpeditionsCard	Canvas/HUD/VerticalUIRoot/VerticalSafeAreaRoot/ContentSlot/Dimension1Panel/D1CommandCenterProductionRoot/CommandDashboard/ExpeditionsCard
03_center_drawer_closed	720	1280	Canvas/HUD/VerticalUIRoot/VerticalSafeAreaRoot/ContentSlot/Dimension1Panel/D1CommandCenterProductionRoot/CommandDashboard/ExpeditionsCard	3	562.13	514.13	OK	Canvas/HUD/VerticalUIRoot/VerticalSafeAreaRoot/ContentSlot/Dimension1Panel/D1CommandCenterProductionRoot/CommandDashboard/ExpeditionsCard/DetailedLineIcon	Canvas/HUD/VerticalUIRoot/VerticalSafeAreaRoot/ContentSlot/Dimension1Panel/D1CommandCenterProductionRoot/CommandDashboard/ExpeditionsCard
03_center_drawer_closed	720	1280	Canvas/HUD/VerticalUIRoot/VerticalSafeAreaRoot/ContentSlot/Dimension1Panel/D1CommandCenterProductionRoot/CommandDashboard/ExpeditionsCard	4	676.53	514.13	OK	Canvas/HUD/VerticalUIRoot/VerticalSafeAreaRoot/ContentSlot/Dimension1Panel/D1CommandCenterProductionRoot/CommandDashboard/ExpeditionsCard/DetailedLineIcon	Canvas/HUD/VerticalUIRoot/VerticalSafeAreaRoot/ContentSlot/Dimension1Panel/D1CommandCenterProductionRoot/CommandDashboard/ExpeditionsCard
04_galaxy_neutral	720	1280	Canvas/HUD/VerticalUIRoot/VerticalSafeAreaRoot/ContentSlot/Dimension1Panel/GalaxyPanel/D1_GalaxyVisualRoot/FullBleedGalaxyMap/Planet07Node	0	106.31	433.99	OK	Canvas/HUD/VerticalUIRoot/VerticalSafeAreaRoot/ContentSlot/Dimension1Panel/GalaxyPanel/D1_GalaxyVisualRoot/FullBleedGalaxyMap/Planet07Node	Canvas/HUD/VerticalUIRoot/VerticalSafeAreaRoot/ContentSlot/Dimension1Panel/GalaxyPanel/D1_GalaxyVisualRoot/FullBleedGalaxyMap/Planet07Node
04_galaxy_neutral	720	1280	Canvas/HUD/VerticalUIRoot/VerticalSafeAreaRoot/ContentSlot/Dimension1Panel/GalaxyPanel/D1_GalaxyVisualRoot/FullBleedGalaxyMap/Planet07Node	1	60.31	397.99	OK	Canvas/HUD/VerticalUIRoot/VerticalSafeAreaRoot/ContentSlot/Dimension1Panel/GalaxyPanel/D1_GalaxyVisualRoot/FullBleedGalaxyMap/Planet07Node	Canvas/HUD/VerticalUIRoot/VerticalSafeAreaRoot/ContentSlot/Dimension1Panel/GalaxyPanel/D1_GalaxyVisualRoot/FullBleedGalaxyMap/Planet07Node
04_galaxy_neutral	720	1280	Canvas/HUD/VerticalUIRoot/VerticalSafeAreaRoot/ContentSlot/Dimension1Panel/GalaxyPanel/D1_GalaxyVisualRoot/FullBleedGalaxyMap/Planet07Node	2	152.31	397.99	OK	Canvas/HUD/VerticalUIRoot/VerticalSafeAreaRoot/ContentSlot/Dimension1Panel/GalaxyPanel/D1_GalaxyVisualRoot/FullBleedGalaxyMap/Planet07Node	Canvas/HUD/VerticalUIRoot/VerticalSafeAreaRoot/ContentSlot/Dimension1Panel/GalaxyPanel/D1_GalaxyVisualRoot/FullBleedGalaxyMap/Planet07Node
04_galaxy_neutral	720	1280	Canvas/HUD/VerticalUIRoot/VerticalSafeAreaRoot/ContentSlot/Dimension1Panel/GalaxyPanel/D1_GalaxyVisualRoot/FullBleedGalaxyMap/Planet07Node	3	60.31	469.99	OK	Canvas/HUD/VerticalUIRoot/VerticalSafeAreaRoot/ContentSlot/Dimension1Panel/GalaxyPanel/D1_GalaxyVisualRoot/FullBleedGalaxyMap/Planet07Node	Canvas/HUD/VerticalUIRoot/VerticalSafeAreaRoot/ContentSlot/Dimension1Panel/GalaxyPanel/D1_GalaxyVisualRoot/FullBleedGalaxyMap/Planet07Node
04_galaxy_neutral	720	1280	Canvas/HUD/VerticalUIRoot/VerticalSafeAreaRoot/ContentSlot/Dimension1Panel/GalaxyPanel/D1_GalaxyVisualRoot/FullBleedGalaxyMap/Planet07Node	4	152.31	469.99	OK	Canvas/HUD/VerticalUIRoot/VerticalSafeAreaRoot/ContentSlot/Dimension1Panel/GalaxyPanel/D1_GalaxyVisualRoot/FullBleedGalaxyMap/Planet07Node	Canvas/HUD/VerticalUIRoot/VerticalSafeAreaRoot/ContentSlot/Dimension1Panel/GalaxyPanel/D1_GalaxyVisualRoot/FullBleedGalaxyMap/Planet07Node
04_galaxy_neutral	720	1280	Canvas/HUD/VerticalUIRoot/VerticalSafeAreaRoot/ContentSlot/Dimension1Panel/GalaxyPanel/D1_GalaxyVisualRoot/D1BottomNavigation/RELIQUIASButton	0	496.00	73.33	OK	Canvas/HUD/VerticalUIRoot/VerticalSafeAreaRoot/ContentSlot/Dimension1Panel/GalaxyPanel/D1_GalaxyVisualRoot/D1BottomNavigation/RELIQUIASButton	Canvas/HUD/VerticalUIRoot/VerticalSafeAreaRoot/ContentSlot/Dimension1Panel/GalaxyPanel/D1_GalaxyVisualRoot/D1BottomNavigation/RELIQUIASButton
04_galaxy_neutral	720	1280	Canvas/HUD/VerticalUIRoot/VerticalSafeAreaRoot/ContentSlot/Dimension1Panel/GalaxyPanel/D1_GalaxyVisualRoot/D1BottomNavigation/RELIQUIASButton	1	456.40	38.13	OK	Canvas/HUD/VerticalUIRoot/VerticalSafeAreaRoot/ContentSlot/Dimension1Panel/GalaxyPanel/D1_GalaxyVisualRoot/D1BottomNavigation/RELIQUIASButton	Canvas/HUD/VerticalUIRoot/VerticalSafeAreaRoot/ContentSlot/Dimension1Panel/GalaxyPanel/D1_GalaxyVisualRoot/D1BottomNavigation/RELIQUIASButton
04_galaxy_neutral	720	1280	Canvas/HUD/VerticalUIRoot/VerticalSafeAreaRoot/ContentSlot/Dimension1Panel/GalaxyPanel/D1_GalaxyVisualRoot/D1BottomNavigation/RELIQUIASButton	2	535.60	38.13	OK	Canvas/HUD/VerticalUIRoot/VerticalSafeAreaRoot/ContentSlot/Dimension1Panel/GalaxyPanel/D1_GalaxyVisualRoot/D1BottomNavigation/RELIQUIASButton	Canvas/HUD/VerticalUIRoot/VerticalSafeAreaRoot/ContentSlot/Dimension1Panel/GalaxyPanel/D1_GalaxyVisualRoot/D1BottomNavigation/RELIQUIASButton
04_galaxy_neutral	720	1280	Canvas/HUD/VerticalUIRoot/VerticalSafeAreaRoot/ContentSlot/Dimension1Panel/GalaxyPanel/D1_GalaxyVisualRoot/D1BottomNavigation/RELIQUIASButton	3	456.40	108.53	OK	Canvas/HUD/VerticalUIRoot/VerticalSafeAreaRoot/ContentSlot/Dimension1Panel/GalaxyPanel/D1_GalaxyVisualRoot/D1BottomNavigation/RELIQUIASButton	Canvas/HUD/VerticalUIRoot/VerticalSafeAreaRoot/ContentSlot/Dimension1Panel/GalaxyPanel/D1_GalaxyVisualRoot/D1BottomNavigation/RELIQUIASButton
04_galaxy_neutral	720	1280	Canvas/HUD/VerticalUIRoot/VerticalSafeAreaRoot/ContentSlot/Dimension1Panel/GalaxyPanel/D1_GalaxyVisualRoot/D1BottomNavigation/RELIQUIASButton	4	535.60	108.53	OK	Canvas/HUD/VerticalUIRoot/VerticalSafeAreaRoot/ContentSlot/Dimension1Panel/GalaxyPanel/D1_GalaxyVisualRoot/D1BottomNavigation/RELIQUIASButton	Canvas/HUD/VerticalUIRoot/VerticalSafeAreaRoot/ContentSlot/Dimension1Panel/GalaxyPanel/D1_GalaxyVisualRoot/D1BottomNavigation/RELIQUIASButton
04_galaxy_neutral	720	1280	Canvas/HUD/VerticalUIRoot/VerticalSafeAreaRoot/ContentSlot/Dimension1Panel/GalaxyPanel/D1_GalaxyVisualRoot/FullBleedGalaxyMap/GalacticCenter	0	360.00	672.00	OK	Canvas/HUD/VerticalUIRoot/VerticalSafeAreaRoot/ContentSlot/Dimension1Panel/GalaxyPanel/D1_GalaxyVisualRoot/FullBleedGalaxyMap/GalacticCenter	Canvas/HUD/VerticalUIRoot/VerticalSafeAreaRoot/ContentSlot/Dimension1Panel/GalaxyPanel/D1_GalaxyVisualRoot/FullBleedGalaxyMap/GalacticCenter
04_galaxy_neutral	720	1280	Canvas/HUD/VerticalUIRoot/VerticalSafeAreaRoot/ContentSlot/Dimension1Panel/GalaxyPanel/D1_GalaxyVisualRoot/FullBleedGalaxyMap/GalacticCenter	1	270.00	584.00	INTERCEPTED	Canvas/HUD/VerticalUIRoot/VerticalSafeAreaRoot/ContentSlot/Dimension1Panel/GalaxyPanel/D1_GalaxyVisualRoot/FullBleedGalaxyMap/Planet02Node	Canvas/HUD/VerticalUIRoot/VerticalSafeAreaRoot/ContentSlot/Dimension1Panel/GalaxyPanel/D1_GalaxyVisualRoot/FullBleedGalaxyMap/Planet02Node
04_galaxy_neutral	720	1280	Canvas/HUD/VerticalUIRoot/VerticalSafeAreaRoot/ContentSlot/Dimension1Panel/GalaxyPanel/D1_GalaxyVisualRoot/FullBleedGalaxyMap/GalacticCenter	2	450.00	584.00	OK	Canvas/HUD/VerticalUIRoot/VerticalSafeAreaRoot/ContentSlot/Dimension1Panel/GalaxyPanel/D1_GalaxyVisualRoot/FullBleedGalaxyMap/GalacticCenter	Canvas/HUD/VerticalUIRoot/VerticalSafeAreaRoot/ContentSlot/Dimension1Panel/GalaxyPanel/D1_GalaxyVisualRoot/FullBleedGalaxyMap/GalacticCenter
04_galaxy_neutral	720	1280	Canvas/HUD/VerticalUIRoot/VerticalSafeAreaRoot/ContentSlot/Dimension1Panel/GalaxyPanel/D1_GalaxyVisualRoot/FullBleedGalaxyMap/GalacticCenter	3	270.00	760.00	OK	Canvas/HUD/VerticalUIRoot/VerticalSafeAreaRoot/ContentSlot/Dimension1Panel/GalaxyPanel/D1_GalaxyVisualRoot/FullBleedGalaxyMap/GalacticCenter	Canvas/HUD/VerticalUIRoot/VerticalSafeAreaRoot/ContentSlot/Dimension1Panel/GalaxyPanel/D1_GalaxyVisualRoot/FullBleedGalaxyMap/GalacticCenter
04_galaxy_neutral	720	1280	Canvas/HUD/VerticalUIRoot/VerticalSafeAreaRoot/ContentSlot/Dimension1Panel/GalaxyPanel/D1_GalaxyVisualRoot/FullBleedGalaxyMap/GalacticCenter	4	450.00	760.00	INTERCEPTED	Canvas/HUD/VerticalUIRoot/VerticalSafeAreaRoot/ContentSlot/Dimension1Panel/GalaxyPanel/D1_GalaxyVisualRoot/FullBleedGalaxyMap/Sector01	Canvas/HUD/VerticalUIRoot/VerticalSafeAreaRoot/ContentSlot/Dimension1Panel/GalaxyPanel/D1_GalaxyVisualRoot/FullBleedGalaxyMap/Sector01
04_galaxy_neutral	720	1280	Canvas/HUD/VerticalUIRoot/VerticalSafeAreaRoot/ContentSlot/Dimension1Panel/GalaxyPanel/D1_GalaxyVisualRoot/D1BottomNavigation/HANGARButton	0	358.00	73.33	OK	Canvas/HUD/VerticalUIRoot/VerticalSafeAreaRoot/ContentSlot/Dimension1Panel/GalaxyPanel/D1_GalaxyVisualRoot/D1BottomNavigation/HANGARButton	Canvas/HUD/VerticalUIRoot/VerticalSafeAreaRoot/ContentSlot/Dimension1Panel/GalaxyPanel/D1_GalaxyVisualRoot/D1BottomNavigation/HANGARButton
04_galaxy_neutral	720	1280	Canvas/HUD/VerticalUIRoot/VerticalSafeAreaRoot/ContentSlot/Dimension1Panel/GalaxyPanel/D1_GalaxyVisualRoot/D1BottomNavigation/HANGARButton	1	318.40	38.13	OK	Canvas/HUD/VerticalUIRoot/VerticalSafeAreaRoot/ContentSlot/Dimension1Panel/GalaxyPanel/D1_GalaxyVisualRoot/D1BottomNavigation/HANGARButton	Canvas/HUD/VerticalUIRoot/VerticalSafeAreaRoot/ContentSlot/Dimension1Panel/GalaxyPanel/D1_GalaxyVisualRoot/D1BottomNavigation/HANGARButton
04_galaxy_neutral	720	1280	Canvas/HUD/VerticalUIRoot/VerticalSafeAreaRoot/ContentSlot/Dimension1Panel/GalaxyPanel/D1_GalaxyVisualRoot/D1BottomNavigation/HANGARButton	2	397.60	38.13	OK	Canvas/HUD/VerticalUIRoot/VerticalSafeAreaRoot/ContentSlot/Dimension1Panel/GalaxyPanel/D1_GalaxyVisualRoot/D1BottomNavigation/HANGARButton	Canvas/HUD/VerticalUIRoot/VerticalSafeAreaRoot/ContentSlot/Dimension1Panel/GalaxyPanel/D1_GalaxyVisualRoot/D1BottomNavigation/HANGARButton
04_galaxy_neutral	720	1280	Canvas/HUD/VerticalUIRoot/VerticalSafeAreaRoot/ContentSlot/Dimension1Panel/GalaxyPanel/D1_GalaxyVisualRoot/D1BottomNavigation/HANGARButton	3	318.40	108.53	OK	Canvas/HUD/VerticalUIRoot/VerticalSafeAreaRoot/ContentSlot/Dimension1Panel/GalaxyPanel/D1_GalaxyVisualRoot/D1BottomNavigation/HANGARButton	Canvas/HUD/VerticalUIRoot/VerticalSafeAreaRoot/ContentSlot/Dimension1Panel/GalaxyPanel/D1_GalaxyVisualRoot/D1BottomNavigation/HANGARButton
04_galaxy_neutral	720	1280	Canvas/HUD/VerticalUIRoot/VerticalSafeAreaRoot/ContentSlot/Dimension1Panel/GalaxyPanel/D1_GalaxyVisualRoot/D1BottomNavigation/HANGARButton	4	397.60	108.53	OK	Canvas/HUD/VerticalUIRoot/VerticalSafeAreaRoot/ContentSlot/Dimension1Panel/GalaxyPanel/D1_GalaxyVisualRoot/D1BottomNavigation/HANGARButton	Canvas/HUD/VerticalUIRoot/VerticalSafeAreaRoot/ContentSlot/Dimension1Panel/GalaxyPanel/D1_GalaxyVisualRoot/D1BottomNavigation/HANGARButton
04_galaxy_neutral	720	1280	Canvas/HUD/VerticalUIRoot/VerticalSafeAreaRoot/ContentSlot/Dimension1Panel/GalaxyPanel/D1_GalaxyVisualRoot/FullBleedGalaxyMap/Planet02Node	0	234.23	575.33	OK	Canvas/HUD/VerticalUIRoot/VerticalSafeAreaRoot/ContentSlot/Dimension1Panel/GalaxyPanel/D1_GalaxyVisualRoot/FullBleedGalaxyMap/Planet02Node	Canvas/HUD/VerticalUIRoot/VerticalSafeAreaRoot/ContentSlot/Dimension1Panel/GalaxyPanel/D1_GalaxyVisualRoot/FullBleedGalaxyMap/Planet02Node
04_galaxy_neutral	720	1280	Canvas/HUD/VerticalUIRoot/VerticalSafeAreaRoot/ContentSlot/Dimension1Panel/GalaxyPanel/D1_GalaxyVisualRoot/FullBleedGalaxyMap/Planet02Node	1	188.23	536.53	OK	Canvas/HUD/VerticalUIRoot/VerticalSafeAreaRoot/ContentSlot/Dimension1Panel/GalaxyPanel/D1_GalaxyVisualRoot/FullBleedGalaxyMap/Planet02Node	Canvas/HUD/VerticalUIRoot/VerticalSafeAreaRoot/ContentSlot/Dimension1Panel/GalaxyPanel/D1_GalaxyVisualRoot/FullBleedGalaxyMap/Planet02Node
04_galaxy_neutral	720	1280	Canvas/HUD/VerticalUIRoot/VerticalSafeAreaRoot/ContentSlot/Dimension1Panel/GalaxyPanel/D1_GalaxyVisualRoot/FullBleedGalaxyMap/Planet02Node	2	280.23	536.53	OK	Canvas/HUD/VerticalUIRoot/VerticalSafeAreaRoot/ContentSlot/Dimension1Panel/GalaxyPanel/D1_GalaxyVisualRoot/FullBleedGalaxyMap/Planet02Node	Canvas/HUD/VerticalUIRoot/VerticalSafeAreaRoot/ContentSlot/Dimension1Panel/GalaxyPanel/D1_GalaxyVisualRoot/FullBleedGalaxyMap/Planet02Node
04_galaxy_neutral	720	1280	Canvas/HUD/VerticalUIRoot/VerticalSafeAreaRoot/ContentSlot/Dimension1Panel/GalaxyPanel/D1_GalaxyVisualRoot/FullBleedGalaxyMap/Planet02Node	3	188.23	614.13	OK	Canvas/HUD/VerticalUIRoot/VerticalSafeAreaRoot/ContentSlot/Dimension1Panel/GalaxyPanel/D1_GalaxyVisualRoot/FullBleedGalaxyMap/Planet02Node	Canvas/HUD/VerticalUIRoot/VerticalSafeAreaRoot/ContentSlot/Dimension1Panel/GalaxyPanel/D1_GalaxyVisualRoot/FullBleedGalaxyMap/Planet02Node
04_galaxy_neutral	720	1280	Canvas/HUD/VerticalUIRoot/VerticalSafeAreaRoot/ContentSlot/Dimension1Panel/GalaxyPanel/D1_GalaxyVisualRoot/FullBleedGalaxyMap/Planet02Node	4	280.23	614.13	OK	Canvas/HUD/VerticalUIRoot/VerticalSafeAreaRoot/ContentSlot/Dimension1Panel/GalaxyPanel/D1_GalaxyVisualRoot/FullBleedGalaxyMap/Planet02Node	Canvas/HUD/VerticalUIRoot/VerticalSafeAreaRoot/ContentSlot/Dimension1Panel/GalaxyPanel/D1_GalaxyVisualRoot/FullBleedGalaxyMap/Planet02Node
04_galaxy_neutral	720	1280	Canvas/HUD/VerticalUIRoot/VerticalSafeAreaRoot/ContentSlot/Dimension1Panel/GalaxyPanel/D1_GalaxyVisualRoot/AllMetals	0	614.33	1178.67	OK	Canvas/HUD/VerticalUIRoot/VerticalSafeAreaRoot/ContentSlot/Dimension1Panel/GalaxyPanel/D1_GalaxyVisualRoot/AllMetals	Canvas/HUD/VerticalUIRoot/VerticalSafeAreaRoot/ContentSlot/Dimension1Panel/GalaxyPanel/D1_GalaxyVisualRoot/AllMetals
04_galaxy_neutral	720	1280	Canvas/HUD/VerticalUIRoot/VerticalSafeAreaRoot/ContentSlot/Dimension1Panel/GalaxyPanel/D1_GalaxyVisualRoot/AllMetals	1	565.33	1158.67	OK	Canvas/HUD/VerticalUIRoot/VerticalSafeAreaRoot/ContentSlot/Dimension1Panel/GalaxyPanel/D1_GalaxyVisualRoot/AllMetals	Canvas/HUD/VerticalUIRoot/VerticalSafeAreaRoot/ContentSlot/Dimension1Panel/GalaxyPanel/D1_GalaxyVisualRoot/AllMetals
04_galaxy_neutral	720	1280	Canvas/HUD/VerticalUIRoot/VerticalSafeAreaRoot/ContentSlot/Dimension1Panel/GalaxyPanel/D1_GalaxyVisualRoot/AllMetals	2	663.33	1158.67	OK	Canvas/HUD/VerticalUIRoot/VerticalSafeAreaRoot/ContentSlot/Dimension1Panel/GalaxyPanel/D1_GalaxyVisualRoot/AllMetals	Canvas/HUD/VerticalUIRoot/VerticalSafeAreaRoot/ContentSlot/Dimension1Panel/GalaxyPanel/D1_GalaxyVisualRoot/AllMetals
04_galaxy_neutral	720	1280	Canvas/HUD/VerticalUIRoot/VerticalSafeAreaRoot/ContentSlot/Dimension1Panel/GalaxyPanel/D1_GalaxyVisualRoot/AllMetals	3	565.33	1198.67	OK	Canvas/HUD/VerticalUIRoot/VerticalSafeAreaRoot/ContentSlot/Dimension1Panel/GalaxyPanel/D1_GalaxyVisualRoot/AllMetals	Canvas/HUD/VerticalUIRoot/VerticalSafeAreaRoot/ContentSlot/Dimension1Panel/GalaxyPanel/D1_GalaxyVisualRoot/AllMetals
04_galaxy_neutral	720	1280	Canvas/HUD/VerticalUIRoot/VerticalSafeAreaRoot/ContentSlot/Dimension1Panel/GalaxyPanel/D1_GalaxyVisualRoot/AllMetals	4	663.33	1198.67	OK	Canvas/HUD/VerticalUIRoot/VerticalSafeAreaRoot/ContentSlot/Dimension1Panel/GalaxyPanel/D1_GalaxyVisualRoot/AllMetals	Canvas/HUD/VerticalUIRoot/VerticalSafeAreaRoot/ContentSlot/Dimension1Panel/GalaxyPanel/D1_GalaxyVisualRoot/AllMetals
04_galaxy_neutral	720	1280	Canvas/HUD/VerticalUIRoot/VerticalSafeAreaRoot/ContentSlot/Dimension1Panel/GalaxyPanel/D1_GalaxyVisualRoot/FullBleedGalaxyMap/Planet05Node	0	484.82	828.24	OK	Canvas/HUD/VerticalUIRoot/VerticalSafeAreaRoot/ContentSlot/Dimension1Panel/GalaxyPanel/D1_GalaxyVisualRoot/FullBleedGalaxyMap/Planet05Node	Canvas/HUD/VerticalUIRoot/VerticalSafeAreaRoot/ContentSlot/Dimension1Panel/GalaxyPanel/D1_GalaxyVisualRoot/FullBleedGalaxyMap/Planet05Node
04_galaxy_neutral	720	1280	Canvas/HUD/VerticalUIRoot/VerticalSafeAreaRoot/ContentSlot/Dimension1Panel/GalaxyPanel/D1_GalaxyVisualRoot/FullBleedGalaxyMap/Planet05Node	1	438.82	790.24	OK	Canvas/HUD/VerticalUIRoot/VerticalSafeAreaRoot/ContentSlot/Dimension1Panel/GalaxyPanel/D1_GalaxyVisualRoot/FullBleedGalaxyMap/Planet05Node	Canvas/HUD/VerticalUIRoot/VerticalSafeAreaRoot/ContentSlot/Dimension1Panel/GalaxyPanel/D1_GalaxyVisualRoot/FullBleedGalaxyMap/Planet05Node
04_galaxy_neutral	720	1280	Canvas/HUD/VerticalUIRoot/VerticalSafeAreaRoot/ContentSlot/Dimension1Panel/GalaxyPanel/D1_GalaxyVisualRoot/FullBleedGalaxyMap/Planet05Node	2	530.82	790.24	OK	Canvas/HUD/VerticalUIRoot/VerticalSafeAreaRoot/ContentSlot/Dimension1Panel/GalaxyPanel/D1_GalaxyVisualRoot/FullBleedGalaxyMap/Planet05Node	Canvas/HUD/VerticalUIRoot/VerticalSafeAreaRoot/ContentSlot/Dimension1Panel/GalaxyPanel/D1_GalaxyVisualRoot/FullBleedGalaxyMap/Planet05Node
04_galaxy_neutral	720	1280	Canvas/HUD/VerticalUIRoot/VerticalSafeAreaRoot/ContentSlot/Dimension1Panel/GalaxyPanel/D1_GalaxyVisualRoot/FullBleedGalaxyMap/Planet05Node	3	438.82	866.24	OK	Canvas/HUD/VerticalUIRoot/VerticalSafeAreaRoot/ContentSlot/Dimension1Panel/GalaxyPanel/D1_GalaxyVisualRoot/FullBleedGalaxyMap/Planet05Node	Canvas/HUD/VerticalUIRoot/VerticalSafeAreaRoot/ContentSlot/Dimension1Panel/GalaxyPanel/D1_GalaxyVisualRoot/FullBleedGalaxyMap/Planet05Node
04_galaxy_neutral	720	1280	Canvas/HUD/VerticalUIRoot/VerticalSafeAreaRoot/ContentSlot/Dimension1Panel/GalaxyPanel/D1_GalaxyVisualRoot/FullBleedGalaxyMap/Planet05Node	4	530.82	866.24	OK	Canvas/HUD/VerticalUIRoot/VerticalSafeAreaRoot/ContentSlot/Dimension1Panel/GalaxyPanel/D1_GalaxyVisualRoot/FullBleedGalaxyMap/Planet05Node	Canvas/HUD/VerticalUIRoot/VerticalSafeAreaRoot/ContentSlot/Dimension1Panel/GalaxyPanel/D1_GalaxyVisualRoot/FullBleedGalaxyMap/Planet05Node
04_galaxy_neutral	720	1280	Canvas/HUD/VerticalUIRoot/VerticalSafeAreaRoot/ContentSlot/Dimension1Panel/GalaxyPanel/D1_GalaxyVisualRoot/FullBleedGalaxyMap/Sector02	0	611.11	632.61	OK	Canvas/HUD/VerticalUIRoot/VerticalSafeAreaRoot/ContentSlot/Dimension1Panel/GalaxyPanel/D1_GalaxyVisualRoot/FullBleedGalaxyMap/Sector02	Canvas/HUD/VerticalUIRoot/VerticalSafeAreaRoot/ContentSlot/Dimension1Panel/GalaxyPanel/D1_GalaxyVisualRoot/FullBleedGalaxyMap/Sector02
04_galaxy_neutral	720	1280	Canvas/HUD/VerticalUIRoot/VerticalSafeAreaRoot/ContentSlot/Dimension1Panel/GalaxyPanel/D1_GalaxyVisualRoot/FullBleedGalaxyMap/Sector02	1	551.11	585.41	OK	Canvas/HUD/VerticalUIRoot/VerticalSafeAreaRoot/ContentSlot/Dimension1Panel/GalaxyPanel/D1_GalaxyVisualRoot/FullBleedGalaxyMap/Sector02	Canvas/HUD/VerticalUIRoot/VerticalSafeAreaRoot/ContentSlot/Dimension1Panel/GalaxyPanel/D1_GalaxyVisualRoot/FullBleedGalaxyMap/Sector02
04_galaxy_neutral	720	1280	Canvas/HUD/VerticalUIRoot/VerticalSafeAreaRoot/ContentSlot/Dimension1Panel/GalaxyPanel/D1_GalaxyVisualRoot/FullBleedGalaxyMap/Sector02	2	671.11	585.41	OK	Canvas/HUD/VerticalUIRoot/VerticalSafeAreaRoot/ContentSlot/Dimension1Panel/GalaxyPanel/D1_GalaxyVisualRoot/FullBleedGalaxyMap/Sector02	Canvas/HUD/VerticalUIRoot/VerticalSafeAreaRoot/ContentSlot/Dimension1Panel/GalaxyPanel/D1_GalaxyVisualRoot/FullBleedGalaxyMap/Sector02
04_galaxy_neutral	720	1280	Canvas/HUD/VerticalUIRoot/VerticalSafeAreaRoot/ContentSlot/Dimension1Panel/GalaxyPanel/D1_GalaxyVisualRoot/FullBleedGalaxyMap/Sector02	3	551.11	679.81	OK	Canvas/HUD/VerticalUIRoot/VerticalSafeAreaRoot/ContentSlot/Dimension1Panel/GalaxyPanel/D1_GalaxyVisualRoot/FullBleedGalaxyMap/Sector02	Canvas/HUD/VerticalUIRoot/VerticalSafeAreaRoot/ContentSlot/Dimension1Panel/GalaxyPanel/D1_GalaxyVisualRoot/FullBleedGalaxyMap/Sector02
04_galaxy_neutral	720	1280	Canvas/HUD/VerticalUIRoot/VerticalSafeAreaRoot/ContentSlot/Dimension1Panel/GalaxyPanel/D1_GalaxyVisualRoot/FullBleedGalaxyMap/Sector02	4	671.11	679.81	OK	Canvas/HUD/VerticalUIRoot/VerticalSafeAreaRoot/ContentSlot/Dimension1Panel/GalaxyPanel/D1_GalaxyVisualRoot/FullBleedGalaxyMap/Sector02	Canvas/HUD/VerticalUIRoot/VerticalSafeAreaRoot/ContentSlot/Dimension1Panel/GalaxyPanel/D1_GalaxyVisualRoot/FullBleedGalaxyMap/Sector02
04_galaxy_neutral	720	1280	Canvas/HUD/VerticalUIRoot/VerticalSafeAreaRoot/ContentSlot/Dimension1Panel/GalaxyPanel/D1_GalaxyVisualRoot/CommandCenterBack	0	74.67	1178.67	OK	Canvas/HUD/VerticalUIRoot/VerticalSafeAreaRoot/ContentSlot/Dimension1Panel/GalaxyPanel/D1_GalaxyVisualRoot/CommandCenterBack	Canvas/HUD/VerticalUIRoot/VerticalSafeAreaRoot/ContentSlot/Dimension1Panel/GalaxyPanel/D1_GalaxyVisualRoot/CommandCenterBack
04_galaxy_neutral	720	1280	Canvas/HUD/VerticalUIRoot/VerticalSafeAreaRoot/ContentSlot/Dimension1Panel/GalaxyPanel/D1_GalaxyVisualRoot/CommandCenterBack	1	39.47	1158.67	OK	Canvas/HUD/VerticalUIRoot/VerticalSafeAreaRoot/ContentSlot/Dimension1Panel/GalaxyPanel/D1_GalaxyVisualRoot/CommandCenterBack	Canvas/HUD/VerticalUIRoot/VerticalSafeAreaRoot/ContentSlot/Dimension1Panel/GalaxyPanel/D1_GalaxyVisualRoot/CommandCenterBack
04_galaxy_neutral	720	1280	Canvas/HUD/VerticalUIRoot/VerticalSafeAreaRoot/ContentSlot/Dimension1Panel/GalaxyPanel/D1_GalaxyVisualRoot/CommandCenterBack	2	109.87	1158.67	OK	Canvas/HUD/VerticalUIRoot/VerticalSafeAreaRoot/ContentSlot/Dimension1Panel/GalaxyPanel/D1_GalaxyVisualRoot/CommandCenterBack	Canvas/HUD/VerticalUIRoot/VerticalSafeAreaRoot/ContentSlot/Dimension1Panel/GalaxyPanel/D1_GalaxyVisualRoot/CommandCenterBack
04_galaxy_neutral	720	1280	Canvas/HUD/VerticalUIRoot/VerticalSafeAreaRoot/ContentSlot/Dimension1Panel/GalaxyPanel/D1_GalaxyVisualRoot/CommandCenterBack	3	39.47	1198.67	OK	Canvas/HUD/VerticalUIRoot/VerticalSafeAreaRoot/ContentSlot/Dimension1Panel/GalaxyPanel/D1_GalaxyVisualRoot/CommandCenterBack	Canvas/HUD/VerticalUIRoot/VerticalSafeAreaRoot/ContentSlot/Dimension1Panel/GalaxyPanel/D1_GalaxyVisualRoot/CommandCenterBack
04_galaxy_neutral	720	1280	Canvas/HUD/VerticalUIRoot/VerticalSafeAreaRoot/ContentSlot/Dimension1Panel/GalaxyPanel/D1_GalaxyVisualRoot/CommandCenterBack	4	109.87	1198.67	OK	Canvas/HUD/VerticalUIRoot/VerticalSafeAreaRoot/ContentSlot/Dimension1Panel/GalaxyPanel/D1_GalaxyVisualRoot/CommandCenterBack	Canvas/HUD/VerticalUIRoot/VerticalSafeAreaRoot/ContentSlot/Dimension1Panel/GalaxyPanel/D1_GalaxyVisualRoot/CommandCenterBack
04_galaxy_neutral	720	1280	Canvas/HUD/VerticalUIRoot/VerticalSafeAreaRoot/ContentSlot/Dimension1Panel/GalaxyPanel/D1_GalaxyVisualRoot/FullBleedGalaxyMap/Sector04	0	580.88	420.71	OK	Canvas/HUD/VerticalUIRoot/VerticalSafeAreaRoot/ContentSlot/Dimension1Panel/GalaxyPanel/D1_GalaxyVisualRoot/FullBleedGalaxyMap/Sector04	Canvas/HUD/VerticalUIRoot/VerticalSafeAreaRoot/ContentSlot/Dimension1Panel/GalaxyPanel/D1_GalaxyVisualRoot/FullBleedGalaxyMap/Sector04
04_galaxy_neutral	720	1280	Canvas/HUD/VerticalUIRoot/VerticalSafeAreaRoot/ContentSlot/Dimension1Panel/GalaxyPanel/D1_GalaxyVisualRoot/FullBleedGalaxyMap/Sector04	1	534.88	383.51	OK	Canvas/HUD/VerticalUIRoot/VerticalSafeAreaRoot/ContentSlot/Dimension1Panel/GalaxyPanel/D1_GalaxyVisualRoot/FullBleedGalaxyMap/Sector04	Canvas/HUD/VerticalUIRoot/VerticalSafeAreaRoot/ContentSlot/Dimension1Panel/GalaxyPanel/D1_GalaxyVisualRoot/FullBleedGalaxyMap/Sector04
04_galaxy_neutral	720	1280	Canvas/HUD/VerticalUIRoot/VerticalSafeAreaRoot/ContentSlot/Dimension1Panel/GalaxyPanel/D1_GalaxyVisualRoot/FullBleedGalaxyMap/Sector04	2	626.88	383.51	OK	Canvas/HUD/VerticalUIRoot/VerticalSafeAreaRoot/ContentSlot/Dimension1Panel/GalaxyPanel/D1_GalaxyVisualRoot/FullBleedGalaxyMap/Sector04	Canvas/HUD/VerticalUIRoot/VerticalSafeAreaRoot/ContentSlot/Dimension1Panel/GalaxyPanel/D1_GalaxyVisualRoot/FullBleedGalaxyMap/Sector04
04_galaxy_neutral	720	1280	Canvas/HUD/VerticalUIRoot/VerticalSafeAreaRoot/ContentSlot/Dimension1Panel/GalaxyPanel/D1_GalaxyVisualRoot/FullBleedGalaxyMap/Sector04	3	534.88	457.91	OK	Canvas/HUD/VerticalUIRoot/VerticalSafeAreaRoot/ContentSlot/Dimension1Panel/GalaxyPanel/D1_GalaxyVisualRoot/FullBleedGalaxyMap/Sector04	Canvas/HUD/VerticalUIRoot/VerticalSafeAreaRoot/ContentSlot/Dimension1Panel/GalaxyPanel/D1_GalaxyVisualRoot/FullBleedGalaxyMap/Sector04
04_galaxy_neutral	720	1280	Canvas/HUD/VerticalUIRoot/VerticalSafeAreaRoot/ContentSlot/Dimension1Panel/GalaxyPanel/D1_GalaxyVisualRoot/FullBleedGalaxyMap/Sector04	4	626.88	457.91	OK	Canvas/HUD/VerticalUIRoot/VerticalSafeAreaRoot/ContentSlot/Dimension1Panel/GalaxyPanel/D1_GalaxyVisualRoot/FullBleedGalaxyMap/Sector04	Canvas/HUD/VerticalUIRoot/VerticalSafeAreaRoot/ContentSlot/Dimension1Panel/GalaxyPanel/D1_GalaxyVisualRoot/FullBleedGalaxyMap/Sector04
04_galaxy_neutral	720	1280	Canvas/HUD/VerticalUIRoot/VerticalSafeAreaRoot/ContentSlot/Dimension1Panel/GalaxyPanel/D1_GalaxyVisualRoot/FullBleedGalaxyMap/Sector01	0	458.89	699.22	OK	Canvas/HUD/VerticalUIRoot/VerticalSafeAreaRoot/ContentSlot/Dimension1Panel/GalaxyPanel/D1_GalaxyVisualRoot/FullBleedGalaxyMap/Sector01	Canvas/HUD/VerticalUIRoot/VerticalSafeAreaRoot/ContentSlot/Dimension1Panel/GalaxyPanel/D1_GalaxyVisualRoot/FullBleedGalaxyMap/Sector01
04_galaxy_neutral	720	1280	Canvas/HUD/VerticalUIRoot/VerticalSafeAreaRoot/ContentSlot/Dimension1Panel/GalaxyPanel/D1_GalaxyVisualRoot/FullBleedGalaxyMap/Sector01	1	412.89	659.62	OK	Canvas/HUD/VerticalUIRoot/VerticalSafeAreaRoot/ContentSlot/Dimension1Panel/GalaxyPanel/D1_GalaxyVisualRoot/FullBleedGalaxyMap/Sector01	Canvas/HUD/VerticalUIRoot/VerticalSafeAreaRoot/ContentSlot/Dimension1Panel/GalaxyPanel/D1_GalaxyVisualRoot/FullBleedGalaxyMap/Sector01
04_galaxy_neutral	720	1280	Canvas/HUD/VerticalUIRoot/VerticalSafeAreaRoot/ContentSlot/Dimension1Panel/GalaxyPanel/D1_GalaxyVisualRoot/FullBleedGalaxyMap/Sector01	2	504.89	659.62	OK	Canvas/HUD/VerticalUIRoot/VerticalSafeAreaRoot/ContentSlot/Dimension1Panel/GalaxyPanel/D1_GalaxyVisualRoot/FullBleedGalaxyMap/Sector01	Canvas/HUD/VerticalUIRoot/VerticalSafeAreaRoot/ContentSlot/Dimension1Panel/GalaxyPanel/D1_GalaxyVisualRoot/FullBleedGalaxyMap/Sector01
04_galaxy_neutral	720	1280	Canvas/HUD/VerticalUIRoot/VerticalSafeAreaRoot/ContentSlot/Dimension1Panel/GalaxyPanel/D1_GalaxyVisualRoot/FullBleedGalaxyMap/Sector01	3	412.89	738.82	OK	Canvas/HUD/VerticalUIRoot/VerticalSafeAreaRoot/ContentSlot/Dimension1Panel/GalaxyPanel/D1_GalaxyVisualRoot/FullBleedGalaxyMap/Sector01	Canvas/HUD/VerticalUIRoot/VerticalSafeAreaRoot/ContentSlot/Dimension1Panel/GalaxyPanel/D1_GalaxyVisualRoot/FullBleedGalaxyMap/Sector01
04_galaxy_neutral	720	1280	Canvas/HUD/VerticalUIRoot/VerticalSafeAreaRoot/ContentSlot/Dimension1Panel/GalaxyPanel/D1_GalaxyVisualRoot/FullBleedGalaxyMap/Sector01	4	504.89	738.82	OK	Canvas/HUD/VerticalUIRoot/VerticalSafeAreaRoot/ContentSlot/Dimension1Panel/GalaxyPanel/D1_GalaxyVisualRoot/FullBleedGalaxyMap/Sector01	Canvas/HUD/VerticalUIRoot/VerticalSafeAreaRoot/ContentSlot/Dimension1Panel/GalaxyPanel/D1_GalaxyVisualRoot/FullBleedGalaxyMap/Sector01
04_galaxy_neutral	720	1280	Canvas/HUD/VerticalUIRoot/VerticalSafeAreaRoot/ContentSlot/Dimension1Panel/GalaxyPanel/D1_GalaxyVisualRoot/FullBleedGalaxyMap/Sector03	0	146.75	790.85	OK	Canvas/HUD/VerticalUIRoot/VerticalSafeAreaRoot/ContentSlot/Dimension1Panel/GalaxyPanel/D1_GalaxyVisualRoot/FullBleedGalaxyMap/Sector03	Canvas/HUD/VerticalUIRoot/VerticalSafeAreaRoot/ContentSlot/Dimension1Panel/GalaxyPanel/D1_GalaxyVisualRoot/FullBleedGalaxyMap/Sector03
04_galaxy_neutral	720	1280	Canvas/HUD/VerticalUIRoot/VerticalSafeAreaRoot/ContentSlot/Dimension1Panel/GalaxyPanel/D1_GalaxyVisualRoot/FullBleedGalaxyMap/Sector03	1	100.75	751.25	OK	Canvas/HUD/VerticalUIRoot/VerticalSafeAreaRoot/ContentSlot/Dimension1Panel/GalaxyPanel/D1_GalaxyVisualRoot/FullBleedGalaxyMap/Sector03	Canvas/HUD/VerticalUIRoot/VerticalSafeAreaRoot/ContentSlot/Dimension1Panel/GalaxyPanel/D1_GalaxyVisualRoot/FullBleedGalaxyMap/Sector03
04_galaxy_neutral	720	1280	Canvas/HUD/VerticalUIRoot/VerticalSafeAreaRoot/ContentSlot/Dimension1Panel/GalaxyPanel/D1_GalaxyVisualRoot/FullBleedGalaxyMap/Sector03	2	192.75	751.25	OK	Canvas/HUD/VerticalUIRoot/VerticalSafeAreaRoot/ContentSlot/Dimension1Panel/GalaxyPanel/D1_GalaxyVisualRoot/FullBleedGalaxyMap/Sector03	Canvas/HUD/VerticalUIRoot/VerticalSafeAreaRoot/ContentSlot/Dimension1Panel/GalaxyPanel/D1_GalaxyVisualRoot/FullBleedGalaxyMap/Sector03
04_galaxy_neutral	720	1280	Canvas/HUD/VerticalUIRoot/VerticalSafeAreaRoot/ContentSlot/Dimension1Panel/GalaxyPanel/D1_GalaxyVisualRoot/FullBleedGalaxyMap/Sector03	3	100.75	830.45	OK	Canvas/HUD/VerticalUIRoot/VerticalSafeAreaRoot/ContentSlot/Dimension1Panel/GalaxyPanel/D1_GalaxyVisualRoot/FullBleedGalaxyMap/Sector03	Canvas/HUD/VerticalUIRoot/VerticalSafeAreaRoot/ContentSlot/Dimension1Panel/GalaxyPanel/D1_GalaxyVisualRoot/FullBleedGalaxyMap/Sector03
04_galaxy_neutral	720	1280	Canvas/HUD/VerticalUIRoot/VerticalSafeAreaRoot/ContentSlot/Dimension1Panel/GalaxyPanel/D1_GalaxyVisualRoot/FullBleedGalaxyMap/Sector03	4	192.75	830.45	OK	Canvas/HUD/VerticalUIRoot/VerticalSafeAreaRoot/ContentSlot/Dimension1Panel/GalaxyPanel/D1_GalaxyVisualRoot/FullBleedGalaxyMap/Sector03	Canvas/HUD/VerticalUIRoot/VerticalSafeAreaRoot/ContentSlot/Dimension1Panel/GalaxyPanel/D1_GalaxyVisualRoot/FullBleedGalaxyMap/Sector03
04_galaxy_neutral	720	1280	Canvas/HUD/VerticalUIRoot/VerticalSafeAreaRoot/ContentSlot/Dimension1Panel/GalaxyPanel/D1_GalaxyVisualRoot/D1BottomNavigation/EXPLORARButton	0	220.00	73.33	OK	Canvas/HUD/VerticalUIRoot/VerticalSafeAreaRoot/ContentSlot/Dimension1Panel/GalaxyPanel/D1_GalaxyVisualRoot/D1BottomNavigation/EXPLORARButton	Canvas/HUD/VerticalUIRoot/VerticalSafeAreaRoot/ContentSlot/Dimension1Panel/GalaxyPanel/D1_GalaxyVisualRoot/D1BottomNavigation/EXPLORARButton
04_galaxy_neutral	720	1280	Canvas/HUD/VerticalUIRoot/VerticalSafeAreaRoot/ContentSlot/Dimension1Panel/GalaxyPanel/D1_GalaxyVisualRoot/D1BottomNavigation/EXPLORARButton	1	180.40	38.13	OK	Canvas/HUD/VerticalUIRoot/VerticalSafeAreaRoot/ContentSlot/Dimension1Panel/GalaxyPanel/D1_GalaxyVisualRoot/D1BottomNavigation/EXPLORARButton	Canvas/HUD/VerticalUIRoot/VerticalSafeAreaRoot/ContentSlot/Dimension1Panel/GalaxyPanel/D1_GalaxyVisualRoot/D1BottomNavigation/EXPLORARButton
04_galaxy_neutral	720	1280	Canvas/HUD/VerticalUIRoot/VerticalSafeAreaRoot/ContentSlot/Dimension1Panel/GalaxyPanel/D1_GalaxyVisualRoot/D1BottomNavigation/EXPLORARButton	2	259.60	38.13	OK	Canvas/HUD/VerticalUIRoot/VerticalSafeAreaRoot/ContentSlot/Dimension1Panel/GalaxyPanel/D1_GalaxyVisualRoot/D1BottomNavigation/EXPLORARButton	Canvas/HUD/VerticalUIRoot/VerticalSafeAreaRoot/ContentSlot/Dimension1Panel/GalaxyPanel/D1_GalaxyVisualRoot/D1BottomNavigation/EXPLORARButton
04_galaxy_neutral	720	1280	Canvas/HUD/VerticalUIRoot/VerticalSafeAreaRoot/ContentSlot/Dimension1Panel/GalaxyPanel/D1_GalaxyVisualRoot/D1BottomNavigation/EXPLORARButton	3	180.40	108.53	OK	Canvas/HUD/VerticalUIRoot/VerticalSafeAreaRoot/ContentSlot/Dimension1Panel/GalaxyPanel/D1_GalaxyVisualRoot/D1BottomNavigation/EXPLORARButton	Canvas/HUD/VerticalUIRoot/VerticalSafeAreaRoot/ContentSlot/Dimension1Panel/GalaxyPanel/D1_GalaxyVisualRoot/D1BottomNavigation/EXPLORARButton
04_galaxy_neutral	720	1280	Canvas/HUD/VerticalUIRoot/VerticalSafeAreaRoot/ContentSlot/Dimension1Panel/GalaxyPanel/D1_GalaxyVisualRoot/D1BottomNavigation/EXPLORARButton	4	259.60	108.53	OK	Canvas/HUD/VerticalUIRoot/VerticalSafeAreaRoot/ContentSlot/Dimension1Panel/GalaxyPanel/D1_GalaxyVisualRoot/D1BottomNavigation/EXPLORARButton	Canvas/HUD/VerticalUIRoot/VerticalSafeAreaRoot/ContentSlot/Dimension1Panel/GalaxyPanel/D1_GalaxyVisualRoot/D1BottomNavigation/EXPLORARButton
04_galaxy_neutral	720	1280	Canvas/HUD/VerticalUIRoot/VerticalSafeAreaRoot/ContentSlot/Dimension1Panel/GalaxyPanel/D1_GalaxyVisualRoot/D1BottomNavigation/ÁRBOLButton	0	634.00	73.33	OK	Canvas/HUD/VerticalUIRoot/VerticalSafeAreaRoot/ContentSlot/Dimension1Panel/GalaxyPanel/D1_GalaxyVisualRoot/D1BottomNavigation/ÁRBOLButton	Canvas/HUD/VerticalUIRoot/VerticalSafeAreaRoot/ContentSlot/Dimension1Panel/GalaxyPanel/D1_GalaxyVisualRoot/D1BottomNavigation/ÁRBOLButton
04_galaxy_neutral	720	1280	Canvas/HUD/VerticalUIRoot/VerticalSafeAreaRoot/ContentSlot/Dimension1Panel/GalaxyPanel/D1_GalaxyVisualRoot/D1BottomNavigation/ÁRBOLButton	1	594.40	38.13	OK	Canvas/HUD/VerticalUIRoot/VerticalSafeAreaRoot/ContentSlot/Dimension1Panel/GalaxyPanel/D1_GalaxyVisualRoot/D1BottomNavigation/ÁRBOLButton	Canvas/HUD/VerticalUIRoot/VerticalSafeAreaRoot/ContentSlot/Dimension1Panel/GalaxyPanel/D1_GalaxyVisualRoot/D1BottomNavigation/ÁRBOLButton
04_galaxy_neutral	720	1280	Canvas/HUD/VerticalUIRoot/VerticalSafeAreaRoot/ContentSlot/Dimension1Panel/GalaxyPanel/D1_GalaxyVisualRoot/D1BottomNavigation/ÁRBOLButton	2	673.60	38.13	OK	Canvas/HUD/VerticalUIRoot/VerticalSafeAreaRoot/ContentSlot/Dimension1Panel/GalaxyPanel/D1_GalaxyVisualRoot/D1BottomNavigation/ÁRBOLButton	Canvas/HUD/VerticalUIRoot/VerticalSafeAreaRoot/ContentSlot/Dimension1Panel/GalaxyPanel/D1_GalaxyVisualRoot/D1BottomNavigation/ÁRBOLButton
04_galaxy_neutral	720	1280	Canvas/HUD/VerticalUIRoot/VerticalSafeAreaRoot/ContentSlot/Dimension1Panel/GalaxyPanel/D1_GalaxyVisualRoot/D1BottomNavigation/ÁRBOLButton	3	594.40	108.53	OK	Canvas/HUD/VerticalUIRoot/VerticalSafeAreaRoot/ContentSlot/Dimension1Panel/GalaxyPanel/D1_GalaxyVisualRoot/D1BottomNavigation/ÁRBOLButton	Canvas/HUD/VerticalUIRoot/VerticalSafeAreaRoot/ContentSlot/Dimension1Panel/GalaxyPanel/D1_GalaxyVisualRoot/D1BottomNavigation/ÁRBOLButton
04_galaxy_neutral	720	1280	Canvas/HUD/VerticalUIRoot/VerticalSafeAreaRoot/ContentSlot/Dimension1Panel/GalaxyPanel/D1_GalaxyVisualRoot/D1BottomNavigation/ÁRBOLButton	4	673.60	108.53	OK	Canvas/HUD/VerticalUIRoot/VerticalSafeAreaRoot/ContentSlot/Dimension1Panel/GalaxyPanel/D1_GalaxyVisualRoot/D1BottomNavigation/ÁRBOLButton	Canvas/HUD/VerticalUIRoot/VerticalSafeAreaRoot/ContentSlot/Dimension1Panel/GalaxyPanel/D1_GalaxyVisualRoot/D1BottomNavigation/ÁRBOLButton
05_explore_empty	720	1280	Canvas/HUD/VerticalUIRoot/VerticalSafeAreaRoot/ContentSlot/Dimension1Panel/D1_ExploreVisualRoot/BottomNavigation/Nav_HANGAR	0	358.00	73.33	OK	Canvas/HUD/VerticalUIRoot/VerticalSafeAreaRoot/ContentSlot/Dimension1Panel/D1_ExploreVisualRoot/BottomNavigation/Nav_HANGAR	Canvas/HUD/VerticalUIRoot/VerticalSafeAreaRoot/ContentSlot/Dimension1Panel/D1_ExploreVisualRoot/BottomNavigation/Nav_HANGAR
05_explore_empty	720	1280	Canvas/HUD/VerticalUIRoot/VerticalSafeAreaRoot/ContentSlot/Dimension1Panel/D1_ExploreVisualRoot/BottomNavigation/Nav_HANGAR	1	318.40	38.13	OK	Canvas/HUD/VerticalUIRoot/VerticalSafeAreaRoot/ContentSlot/Dimension1Panel/D1_ExploreVisualRoot/BottomNavigation/Nav_HANGAR	Canvas/HUD/VerticalUIRoot/VerticalSafeAreaRoot/ContentSlot/Dimension1Panel/D1_ExploreVisualRoot/BottomNavigation/Nav_HANGAR
05_explore_empty	720	1280	Canvas/HUD/VerticalUIRoot/VerticalSafeAreaRoot/ContentSlot/Dimension1Panel/D1_ExploreVisualRoot/BottomNavigation/Nav_HANGAR	2	397.60	38.13	OK	Canvas/HUD/VerticalUIRoot/VerticalSafeAreaRoot/ContentSlot/Dimension1Panel/D1_ExploreVisualRoot/BottomNavigation/Nav_HANGAR	Canvas/HUD/VerticalUIRoot/VerticalSafeAreaRoot/ContentSlot/Dimension1Panel/D1_ExploreVisualRoot/BottomNavigation/Nav_HANGAR
05_explore_empty	720	1280	Canvas/HUD/VerticalUIRoot/VerticalSafeAreaRoot/ContentSlot/Dimension1Panel/D1_ExploreVisualRoot/BottomNavigation/Nav_HANGAR	3	318.40	108.53	OK	Canvas/HUD/VerticalUIRoot/VerticalSafeAreaRoot/ContentSlot/Dimension1Panel/D1_ExploreVisualRoot/BottomNavigation/Nav_HANGAR	Canvas/HUD/VerticalUIRoot/VerticalSafeAreaRoot/ContentSlot/Dimension1Panel/D1_ExploreVisualRoot/BottomNavigation/Nav_HANGAR
05_explore_empty	720	1280	Canvas/HUD/VerticalUIRoot/VerticalSafeAreaRoot/ContentSlot/Dimension1Panel/D1_ExploreVisualRoot/BottomNavigation/Nav_HANGAR	4	397.60	108.53	OK	Canvas/HUD/VerticalUIRoot/VerticalSafeAreaRoot/ContentSlot/Dimension1Panel/D1_ExploreVisualRoot/BottomNavigation/Nav_HANGAR	Canvas/HUD/VerticalUIRoot/VerticalSafeAreaRoot/ContentSlot/Dimension1Panel/D1_ExploreVisualRoot/BottomNavigation/Nav_HANGAR
05_explore_empty	720	1280	Canvas/HUD/VerticalUIRoot/VerticalSafeAreaRoot/ContentSlot/Dimension1Panel/D1_ExploreVisualRoot/ActiveExpedition/Next	0	478.67	280.00	OK	Canvas/HUD/VerticalUIRoot/VerticalSafeAreaRoot/ContentSlot/Dimension1Panel/D1_ExploreVisualRoot/ActiveExpedition/Next	Canvas/HUD/VerticalUIRoot/VerticalSafeAreaRoot/ContentSlot/Dimension1Panel/D1_ExploreVisualRoot/ActiveExpedition/Next
05_explore_empty	720	1280	Canvas/HUD/VerticalUIRoot/VerticalSafeAreaRoot/ContentSlot/Dimension1Panel/D1_ExploreVisualRoot/ActiveExpedition/Next	1	464.27	265.60	OK	Canvas/HUD/VerticalUIRoot/VerticalSafeAreaRoot/ContentSlot/Dimension1Panel/D1_ExploreVisualRoot/ActiveExpedition/Next	Canvas/HUD/VerticalUIRoot/VerticalSafeAreaRoot/ContentSlot/Dimension1Panel/D1_ExploreVisualRoot/ActiveExpedition/Next
05_explore_empty	720	1280	Canvas/HUD/VerticalUIRoot/VerticalSafeAreaRoot/ContentSlot/Dimension1Panel/D1_ExploreVisualRoot/ActiveExpedition/Next	2	493.07	265.60	OK	Canvas/HUD/VerticalUIRoot/VerticalSafeAreaRoot/ContentSlot/Dimension1Panel/D1_ExploreVisualRoot/ActiveExpedition/Next	Canvas/HUD/VerticalUIRoot/VerticalSafeAreaRoot/ContentSlot/Dimension1Panel/D1_ExploreVisualRoot/ActiveExpedition/Next
05_explore_empty	720	1280	Canvas/HUD/VerticalUIRoot/VerticalSafeAreaRoot/ContentSlot/Dimension1Panel/D1_ExploreVisualRoot/ActiveExpedition/Next	3	464.27	294.40	OK	Canvas/HUD/VerticalUIRoot/VerticalSafeAreaRoot/ContentSlot/Dimension1Panel/D1_ExploreVisualRoot/ActiveExpedition/Next	Canvas/HUD/VerticalUIRoot/VerticalSafeAreaRoot/ContentSlot/Dimension1Panel/D1_ExploreVisualRoot/ActiveExpedition/Next
05_explore_empty	720	1280	Canvas/HUD/VerticalUIRoot/VerticalSafeAreaRoot/ContentSlot/Dimension1Panel/D1_ExploreVisualRoot/ActiveExpedition/Next	4	493.07	294.40	OK	Canvas/HUD/VerticalUIRoot/VerticalSafeAreaRoot/ContentSlot/Dimension1Panel/D1_ExploreVisualRoot/ActiveExpedition/Next	Canvas/HUD/VerticalUIRoot/VerticalSafeAreaRoot/ContentSlot/Dimension1Panel/D1_ExploreVisualRoot/ActiveExpedition/Next
05_explore_empty	720	1280	Canvas/HUD/VerticalUIRoot/VerticalSafeAreaRoot/ContentSlot/Dimension1Panel/D1_ExploreVisualRoot/ShipPanel/Previous	0	265.33	478.00	OK	Canvas/HUD/VerticalUIRoot/VerticalSafeAreaRoot/ContentSlot/Dimension1Panel/D1_ExploreVisualRoot/ShipPanel/Previous	Canvas/HUD/VerticalUIRoot/VerticalSafeAreaRoot/ContentSlot/Dimension1Panel/D1_ExploreVisualRoot/ShipPanel/Previous
05_explore_empty	720	1280	Canvas/HUD/VerticalUIRoot/VerticalSafeAreaRoot/ContentSlot/Dimension1Panel/D1_ExploreVisualRoot/ShipPanel/Previous	1	250.93	463.60	OK	Canvas/HUD/VerticalUIRoot/VerticalSafeAreaRoot/ContentSlot/Dimension1Panel/D1_ExploreVisualRoot/ShipPanel/Previous	Canvas/HUD/VerticalUIRoot/VerticalSafeAreaRoot/ContentSlot/Dimension1Panel/D1_ExploreVisualRoot/ShipPanel/Previous
05_explore_empty	720	1280	Canvas/HUD/VerticalUIRoot/VerticalSafeAreaRoot/ContentSlot/Dimension1Panel/D1_ExploreVisualRoot/ShipPanel/Previous	2	279.73	463.60	OK	Canvas/HUD/VerticalUIRoot/VerticalSafeAreaRoot/ContentSlot/Dimension1Panel/D1_ExploreVisualRoot/ShipPanel/Previous	Canvas/HUD/VerticalUIRoot/VerticalSafeAreaRoot/ContentSlot/Dimension1Panel/D1_ExploreVisualRoot/ShipPanel/Previous
05_explore_empty	720	1280	Canvas/HUD/VerticalUIRoot/VerticalSafeAreaRoot/ContentSlot/Dimension1Panel/D1_ExploreVisualRoot/ShipPanel/Previous	3	250.93	492.40	OK	Canvas/HUD/VerticalUIRoot/VerticalSafeAreaRoot/ContentSlot/Dimension1Panel/D1_ExploreVisualRoot/ShipPanel/Previous	Canvas/HUD/VerticalUIRoot/VerticalSafeAreaRoot/ContentSlot/Dimension1Panel/D1_ExploreVisualRoot/ShipPanel/Previous
05_explore_empty	720	1280	Canvas/HUD/VerticalUIRoot/VerticalSafeAreaRoot/ContentSlot/Dimension1Panel/D1_ExploreVisualRoot/ShipPanel/Previous	4	279.73	492.40	OK	Canvas/HUD/VerticalUIRoot/VerticalSafeAreaRoot/ContentSlot/Dimension1Panel/D1_ExploreVisualRoot/ShipPanel/Previous	Canvas/HUD/VerticalUIRoot/VerticalSafeAreaRoot/ContentSlot/Dimension1Panel/D1_ExploreVisualRoot/ShipPanel/Previous
05_explore_empty	720	1280	Canvas/HUD/VerticalUIRoot/VerticalSafeAreaRoot/ContentSlot/Dimension1Panel/D1_ExploreVisualRoot/ModePanel/CoordinatedMode	0	514.67	383.33	OK	Canvas/HUD/VerticalUIRoot/VerticalSafeAreaRoot/ContentSlot/Dimension1Panel/D1_ExploreVisualRoot/ModePanel/CoordinatedMode	Canvas/HUD/VerticalUIRoot/VerticalSafeAreaRoot/ContentSlot/Dimension1Panel/D1_ExploreVisualRoot/ModePanel/CoordinatedMode
05_explore_empty	720	1280	Canvas/HUD/VerticalUIRoot/VerticalSafeAreaRoot/ContentSlot/Dimension1Panel/D1_ExploreVisualRoot/ModePanel/CoordinatedMode	1	426.67	367.73	OK	Canvas/HUD/VerticalUIRoot/VerticalSafeAreaRoot/ContentSlot/Dimension1Panel/D1_ExploreVisualRoot/ModePanel/CoordinatedMode	Canvas/HUD/VerticalUIRoot/VerticalSafeAreaRoot/ContentSlot/Dimension1Panel/D1_ExploreVisualRoot/ModePanel/CoordinatedMode
05_explore_empty	720	1280	Canvas/HUD/VerticalUIRoot/VerticalSafeAreaRoot/ContentSlot/Dimension1Panel/D1_ExploreVisualRoot/ModePanel/CoordinatedMode	2	602.67	367.73	OK	Canvas/HUD/VerticalUIRoot/VerticalSafeAreaRoot/ContentSlot/Dimension1Panel/D1_ExploreVisualRoot/ModePanel/CoordinatedMode	Canvas/HUD/VerticalUIRoot/VerticalSafeAreaRoot/ContentSlot/Dimension1Panel/D1_ExploreVisualRoot/ModePanel/CoordinatedMode
05_explore_empty	720	1280	Canvas/HUD/VerticalUIRoot/VerticalSafeAreaRoot/ContentSlot/Dimension1Panel/D1_ExploreVisualRoot/ModePanel/CoordinatedMode	3	426.67	398.93	OK	Canvas/HUD/VerticalUIRoot/VerticalSafeAreaRoot/ContentSlot/Dimension1Panel/D1_ExploreVisualRoot/ModePanel/CoordinatedMode	Canvas/HUD/VerticalUIRoot/VerticalSafeAreaRoot/ContentSlot/Dimension1Panel/D1_ExploreVisualRoot/ModePanel/CoordinatedMode
05_explore_empty	720	1280	Canvas/HUD/VerticalUIRoot/VerticalSafeAreaRoot/ContentSlot/Dimension1Panel/D1_ExploreVisualRoot/ModePanel/CoordinatedMode	4	602.67	398.93	OK	Canvas/HUD/VerticalUIRoot/VerticalSafeAreaRoot/ContentSlot/Dimension1Panel/D1_ExploreVisualRoot/ModePanel/CoordinatedMode	Canvas/HUD/VerticalUIRoot/VerticalSafeAreaRoot/ContentSlot/Dimension1Panel/D1_ExploreVisualRoot/ModePanel/CoordinatedMode
05_explore_empty	720	1280	Canvas/HUD/VerticalUIRoot/VerticalSafeAreaRoot/ContentSlot/Dimension1Panel/D1_ExploreVisualRoot/ExplorationRecord	0	554.67	187.33	OK	Canvas/HUD/VerticalUIRoot/VerticalSafeAreaRoot/ContentSlot/Dimension1Panel/D1_ExploreVisualRoot/ExplorationRecord	Canvas/HUD/VerticalUIRoot/VerticalSafeAreaRoot/ContentSlot/Dimension1Panel/D1_ExploreVisualRoot/ExplorationRecord
05_explore_empty	720	1280	Canvas/HUD/VerticalUIRoot/VerticalSafeAreaRoot/ContentSlot/Dimension1Panel/D1_ExploreVisualRoot/ExplorationRecord	1	481.07	162.93	OK	Canvas/HUD/VerticalUIRoot/VerticalSafeAreaRoot/ContentSlot/Dimension1Panel/D1_ExploreVisualRoot/ExplorationRecord	Canvas/HUD/VerticalUIRoot/VerticalSafeAreaRoot/ContentSlot/Dimension1Panel/D1_ExploreVisualRoot/ExplorationRecord
05_explore_empty	720	1280	Canvas/HUD/VerticalUIRoot/VerticalSafeAreaRoot/ContentSlot/Dimension1Panel/D1_ExploreVisualRoot/ExplorationRecord	2	628.27	162.93	OK	Canvas/HUD/VerticalUIRoot/VerticalSafeAreaRoot/ContentSlot/Dimension1Panel/D1_ExploreVisualRoot/ExplorationRecord	Canvas/HUD/VerticalUIRoot/VerticalSafeAreaRoot/ContentSlot/Dimension1Panel/D1_ExploreVisualRoot/ExplorationRecord
05_explore_empty	720	1280	Canvas/HUD/VerticalUIRoot/VerticalSafeAreaRoot/ContentSlot/Dimension1Panel/D1_ExploreVisualRoot/ExplorationRecord	3	481.07	211.73	OK	Canvas/HUD/VerticalUIRoot/VerticalSafeAreaRoot/ContentSlot/Dimension1Panel/D1_ExploreVisualRoot/ExplorationRecord	Canvas/HUD/VerticalUIRoot/VerticalSafeAreaRoot/ContentSlot/Dimension1Panel/D1_ExploreVisualRoot/ExplorationRecord
05_explore_empty	720	1280	Canvas/HUD/VerticalUIRoot/VerticalSafeAreaRoot/ContentSlot/Dimension1Panel/D1_ExploreVisualRoot/ExplorationRecord	4	628.27	211.73	OK	Canvas/HUD/VerticalUIRoot/VerticalSafeAreaRoot/ContentSlot/Dimension1Panel/D1_ExploreVisualRoot/ExplorationRecord	Canvas/HUD/VerticalUIRoot/VerticalSafeAreaRoot/ContentSlot/Dimension1Panel/D1_ExploreVisualRoot/ExplorationRecord
05_explore_empty	720	1280	Canvas/HUD/VerticalUIRoot/VerticalSafeAreaRoot/ContentSlot/Dimension1Panel/D1_ExploreVisualRoot/BottomNavigation/Nav_ÁRBOL	0	634.00	73.33	OK	Canvas/HUD/VerticalUIRoot/VerticalSafeAreaRoot/ContentSlot/Dimension1Panel/D1_ExploreVisualRoot/BottomNavigation/Nav_ÁRBOL	Canvas/HUD/VerticalUIRoot/VerticalSafeAreaRoot/ContentSlot/Dimension1Panel/D1_ExploreVisualRoot/BottomNavigation/Nav_ÁRBOL
05_explore_empty	720	1280	Canvas/HUD/VerticalUIRoot/VerticalSafeAreaRoot/ContentSlot/Dimension1Panel/D1_ExploreVisualRoot/BottomNavigation/Nav_ÁRBOL	1	594.40	38.13	OK	Canvas/HUD/VerticalUIRoot/VerticalSafeAreaRoot/ContentSlot/Dimension1Panel/D1_ExploreVisualRoot/BottomNavigation/Nav_ÁRBOL	Canvas/HUD/VerticalUIRoot/VerticalSafeAreaRoot/ContentSlot/Dimension1Panel/D1_ExploreVisualRoot/BottomNavigation/Nav_ÁRBOL
05_explore_empty	720	1280	Canvas/HUD/VerticalUIRoot/VerticalSafeAreaRoot/ContentSlot/Dimension1Panel/D1_ExploreVisualRoot/BottomNavigation/Nav_ÁRBOL	2	673.60	38.13	OK	Canvas/HUD/VerticalUIRoot/VerticalSafeAreaRoot/ContentSlot/Dimension1Panel/D1_ExploreVisualRoot/BottomNavigation/Nav_ÁRBOL	Canvas/HUD/VerticalUIRoot/VerticalSafeAreaRoot/ContentSlot/Dimension1Panel/D1_ExploreVisualRoot/BottomNavigation/Nav_ÁRBOL
05_explore_empty	720	1280	Canvas/HUD/VerticalUIRoot/VerticalSafeAreaRoot/ContentSlot/Dimension1Panel/D1_ExploreVisualRoot/BottomNavigation/Nav_ÁRBOL	3	594.40	108.53	OK	Canvas/HUD/VerticalUIRoot/VerticalSafeAreaRoot/ContentSlot/Dimension1Panel/D1_ExploreVisualRoot/BottomNavigation/Nav_ÁRBOL	Canvas/HUD/VerticalUIRoot/VerticalSafeAreaRoot/ContentSlot/Dimension1Panel/D1_ExploreVisualRoot/BottomNavigation/Nav_ÁRBOL
05_explore_empty	720	1280	Canvas/HUD/VerticalUIRoot/VerticalSafeAreaRoot/ContentSlot/Dimension1Panel/D1_ExploreVisualRoot/BottomNavigation/Nav_ÁRBOL	4	673.60	108.53	OK	Canvas/HUD/VerticalUIRoot/VerticalSafeAreaRoot/ContentSlot/Dimension1Panel/D1_ExploreVisualRoot/BottomNavigation/Nav_ÁRBOL	Canvas/HUD/VerticalUIRoot/VerticalSafeAreaRoot/ContentSlot/Dimension1Panel/D1_ExploreVisualRoot/BottomNavigation/Nav_ÁRBOL
05_explore_empty	720	1280	Canvas/HUD/VerticalUIRoot/VerticalSafeAreaRoot/ContentSlot/Dimension1Panel/OpenGalaxyPanelButton	0	826.67	1017.33	OFFSCREEN	<none>	<none>
05_explore_empty	720	1280	Canvas/HUD/VerticalUIRoot/VerticalSafeAreaRoot/ContentSlot/Dimension1Panel/OpenGalaxyPanelButton	1	794.67	1011.33	OFFSCREEN	<none>	<none>
05_explore_empty	720	1280	Canvas/HUD/VerticalUIRoot/VerticalSafeAreaRoot/ContentSlot/Dimension1Panel/OpenGalaxyPanelButton	2	858.67	1011.33	OFFSCREEN	<none>	<none>
05_explore_empty	720	1280	Canvas/HUD/VerticalUIRoot/VerticalSafeAreaRoot/ContentSlot/Dimension1Panel/OpenGalaxyPanelButton	3	794.67	1023.33	OFFSCREEN	<none>	<none>
05_explore_empty	720	1280	Canvas/HUD/VerticalUIRoot/VerticalSafeAreaRoot/ContentSlot/Dimension1Panel/OpenGalaxyPanelButton	4	858.67	1023.33	OFFSCREEN	<none>	<none>
05_explore_empty	720	1280	Canvas/HUD/VerticalUIRoot/VerticalSafeAreaRoot/ContentSlot/Dimension1Panel/D1_ExploreVisualRoot/SupportPanel/Previous	0	593.33	478.00	OK	Canvas/HUD/VerticalUIRoot/VerticalSafeAreaRoot/ContentSlot/Dimension1Panel/D1_ExploreVisualRoot/SupportPanel/Previous	Canvas/HUD/VerticalUIRoot/VerticalSafeAreaRoot/ContentSlot/Dimension1Panel/D1_ExploreVisualRoot/SupportPanel/Previous
05_explore_empty	720	1280	Canvas/HUD/VerticalUIRoot/VerticalSafeAreaRoot/ContentSlot/Dimension1Panel/D1_ExploreVisualRoot/SupportPanel/Previous	1	578.93	463.60	OK	Canvas/HUD/VerticalUIRoot/VerticalSafeAreaRoot/ContentSlot/Dimension1Panel/D1_ExploreVisualRoot/SupportPanel/Previous	Canvas/HUD/VerticalUIRoot/VerticalSafeAreaRoot/ContentSlot/Dimension1Panel/D1_ExploreVisualRoot/SupportPanel/Previous
05_explore_empty	720	1280	Canvas/HUD/VerticalUIRoot/VerticalSafeAreaRoot/ContentSlot/Dimension1Panel/D1_ExploreVisualRoot/SupportPanel/Previous	2	607.73	463.60	OK	Canvas/HUD/VerticalUIRoot/VerticalSafeAreaRoot/ContentSlot/Dimension1Panel/D1_ExploreVisualRoot/SupportPanel/Previous	Canvas/HUD/VerticalUIRoot/VerticalSafeAreaRoot/ContentSlot/Dimension1Panel/D1_ExploreVisualRoot/SupportPanel/Previous
05_explore_empty	720	1280	Canvas/HUD/VerticalUIRoot/VerticalSafeAreaRoot/ContentSlot/Dimension1Panel/D1_ExploreVisualRoot/SupportPanel/Previous	3	578.93	492.40	OK	Canvas/HUD/VerticalUIRoot/VerticalSafeAreaRoot/ContentSlot/Dimension1Panel/D1_ExploreVisualRoot/SupportPanel/Previous	Canvas/HUD/VerticalUIRoot/VerticalSafeAreaRoot/ContentSlot/Dimension1Panel/D1_ExploreVisualRoot/SupportPanel/Previous
05_explore_empty	720	1280	Canvas/HUD/VerticalUIRoot/VerticalSafeAreaRoot/ContentSlot/Dimension1Panel/D1_ExploreVisualRoot/SupportPanel/Previous	4	607.73	492.40	OK	Canvas/HUD/VerticalUIRoot/VerticalSafeAreaRoot/ContentSlot/Dimension1Panel/D1_ExploreVisualRoot/SupportPanel/Previous	Canvas/HUD/VerticalUIRoot/VerticalSafeAreaRoot/ContentSlot/Dimension1Panel/D1_ExploreVisualRoot/SupportPanel/Previous
05_explore_empty	720	1280	Canvas/HUD/VerticalUIRoot/VerticalSafeAreaRoot/ContentSlot/Dimension1Panel/D1_ExploreVisualRoot/ScannerPanel/ChangeSector	0	576.00	1044.67	OK	Canvas/HUD/VerticalUIRoot/VerticalSafeAreaRoot/ContentSlot/Dimension1Panel/D1_ExploreVisualRoot/ScannerPanel/ChangeSector	Canvas/HUD/VerticalUIRoot/VerticalSafeAreaRoot/ContentSlot/Dimension1Panel/D1_ExploreVisualRoot/ScannerPanel/ChangeSector
05_explore_empty	720	1280	Canvas/HUD/VerticalUIRoot/VerticalSafeAreaRoot/ContentSlot/Dimension1Panel/D1_ExploreVisualRoot/ScannerPanel/ChangeSector	1	529.60	1032.27	OK	Canvas/HUD/VerticalUIRoot/VerticalSafeAreaRoot/ContentSlot/Dimension1Panel/D1_ExploreVisualRoot/ScannerPanel/ChangeSector	Canvas/HUD/VerticalUIRoot/VerticalSafeAreaRoot/ContentSlot/Dimension1Panel/D1_ExploreVisualRoot/ScannerPanel/ChangeSector
05_explore_empty	720	1280	Canvas/HUD/VerticalUIRoot/VerticalSafeAreaRoot/ContentSlot/Dimension1Panel/D1_ExploreVisualRoot/ScannerPanel/ChangeSector	2	622.40	1032.27	OK	Canvas/HUD/VerticalUIRoot/VerticalSafeAreaRoot/ContentSlot/Dimension1Panel/D1_ExploreVisualRoot/ScannerPanel/ChangeSector	Canvas/HUD/VerticalUIRoot/VerticalSafeAreaRoot/ContentSlot/Dimension1Panel/D1_ExploreVisualRoot/ScannerPanel/ChangeSector
05_explore_empty	720	1280	Canvas/HUD/VerticalUIRoot/VerticalSafeAreaRoot/ContentSlot/Dimension1Panel/D1_ExploreVisualRoot/ScannerPanel/ChangeSector	3	529.60	1057.07	OK	Canvas/HUD/VerticalUIRoot/VerticalSafeAreaRoot/ContentSlot/Dimension1Panel/D1_ExploreVisualRoot/ScannerPanel/ChangeSector	Canvas/HUD/VerticalUIRoot/VerticalSafeAreaRoot/ContentSlot/Dimension1Panel/D1_ExploreVisualRoot/ScannerPanel/ChangeSector
05_explore_empty	720	1280	Canvas/HUD/VerticalUIRoot/VerticalSafeAreaRoot/ContentSlot/Dimension1Panel/D1_ExploreVisualRoot/ScannerPanel/ChangeSector	4	622.40	1057.07	OK	Canvas/HUD/VerticalUIRoot/VerticalSafeAreaRoot/ContentSlot/Dimension1Panel/D1_ExploreVisualRoot/ScannerPanel/ChangeSector	Canvas/HUD/VerticalUIRoot/VerticalSafeAreaRoot/ContentSlot/Dimension1Panel/D1_ExploreVisualRoot/ScannerPanel/ChangeSector
05_explore_empty	720	1280	Canvas/HUD/VerticalUIRoot/VerticalSafeAreaRoot/ContentSlot/Dimension1Panel/D1_ExploreVisualRoot/BottomNavigation/Nav_GALAXIA	0	82.00	73.33	OK	Canvas/HUD/VerticalUIRoot/VerticalSafeAreaRoot/ContentSlot/Dimension1Panel/D1_ExploreVisualRoot/BottomNavigation/Nav_GALAXIA	Canvas/HUD/VerticalUIRoot/VerticalSafeAreaRoot/ContentSlot/Dimension1Panel/D1_ExploreVisualRoot/BottomNavigation/Nav_GALAXIA
05_explore_empty	720	1280	Canvas/HUD/VerticalUIRoot/VerticalSafeAreaRoot/ContentSlot/Dimension1Panel/D1_ExploreVisualRoot/BottomNavigation/Nav_GALAXIA	1	42.40	38.13	OK	Canvas/HUD/VerticalUIRoot/VerticalSafeAreaRoot/ContentSlot/Dimension1Panel/D1_ExploreVisualRoot/BottomNavigation/Nav_GALAXIA	Canvas/HUD/VerticalUIRoot/VerticalSafeAreaRoot/ContentSlot/Dimension1Panel/D1_ExploreVisualRoot/BottomNavigation/Nav_GALAXIA
05_explore_empty	720	1280	Canvas/HUD/VerticalUIRoot/VerticalSafeAreaRoot/ContentSlot/Dimension1Panel/D1_ExploreVisualRoot/BottomNavigation/Nav_GALAXIA	2	121.60	38.13	OK	Canvas/HUD/VerticalUIRoot/VerticalSafeAreaRoot/ContentSlot/Dimension1Panel/D1_ExploreVisualRoot/BottomNavigation/Nav_GALAXIA	Canvas/HUD/VerticalUIRoot/VerticalSafeAreaRoot/ContentSlot/Dimension1Panel/D1_ExploreVisualRoot/BottomNavigation/Nav_GALAXIA
05_explore_empty	720	1280	Canvas/HUD/VerticalUIRoot/VerticalSafeAreaRoot/ContentSlot/Dimension1Panel/D1_ExploreVisualRoot/BottomNavigation/Nav_GALAXIA	3	42.40	108.53	OK	Canvas/HUD/VerticalUIRoot/VerticalSafeAreaRoot/ContentSlot/Dimension1Panel/D1_ExploreVisualRoot/BottomNavigation/Nav_GALAXIA	Canvas/HUD/VerticalUIRoot/VerticalSafeAreaRoot/ContentSlot/Dimension1Panel/D1_ExploreVisualRoot/BottomNavigation/Nav_GALAXIA
05_explore_empty	720	1280	Canvas/HUD/VerticalUIRoot/VerticalSafeAreaRoot/ContentSlot/Dimension1Panel/D1_ExploreVisualRoot/BottomNavigation/Nav_GALAXIA	4	121.60	108.53	OK	Canvas/HUD/VerticalUIRoot/VerticalSafeAreaRoot/ContentSlot/Dimension1Panel/D1_ExploreVisualRoot/BottomNavigation/Nav_GALAXIA	Canvas/HUD/VerticalUIRoot/VerticalSafeAreaRoot/ContentSlot/Dimension1Panel/D1_ExploreVisualRoot/BottomNavigation/Nav_GALAXIA
05_explore_empty	720	1280	Canvas/HUD/VerticalUIRoot/VerticalSafeAreaRoot/ContentSlot/Dimension1Panel/OpenHangarPanelButton	0	826.67	950.67	OFFSCREEN	<none>	<none>
05_explore_empty	720	1280	Canvas/HUD/VerticalUIRoot/VerticalSafeAreaRoot/ContentSlot/Dimension1Panel/OpenHangarPanelButton	1	794.67	944.67	OFFSCREEN	<none>	<none>
05_explore_empty	720	1280	Canvas/HUD/VerticalUIRoot/VerticalSafeAreaRoot/ContentSlot/Dimension1Panel/OpenHangarPanelButton	2	858.67	944.67	OFFSCREEN	<none>	<none>
05_explore_empty	720	1280	Canvas/HUD/VerticalUIRoot/VerticalSafeAreaRoot/ContentSlot/Dimension1Panel/OpenHangarPanelButton	3	794.67	956.67	OFFSCREEN	<none>	<none>
05_explore_empty	720	1280	Canvas/HUD/VerticalUIRoot/VerticalSafeAreaRoot/ContentSlot/Dimension1Panel/OpenHangarPanelButton	4	858.67	956.67	OFFSCREEN	<none>	<none>
05_explore_empty	720	1280	Canvas/HUD/VerticalUIRoot/VerticalSafeAreaRoot/ContentSlot/Dimension1Panel/D1_ExploreVisualRoot/DestinationPanel/OpenDetails	0	612.00	812.00	OK	Canvas/HUD/VerticalUIRoot/VerticalSafeAreaRoot/ContentSlot/Dimension1Panel/D1_ExploreVisualRoot/DestinationPanel/OpenDetails	Canvas/HUD/VerticalUIRoot/VerticalSafeAreaRoot/ContentSlot/Dimension1Panel/D1_ExploreVisualRoot/DestinationPanel/OpenDetails
05_explore_empty	720	1280	Canvas/HUD/VerticalUIRoot/VerticalSafeAreaRoot/ContentSlot/Dimension1Panel/D1_ExploreVisualRoot/DestinationPanel/OpenDetails	1	584.00	800.40	OK	Canvas/HUD/VerticalUIRoot/VerticalSafeAreaRoot/ContentSlot/Dimension1Panel/D1_ExploreVisualRoot/DestinationPanel/OpenDetails	Canvas/HUD/VerticalUIRoot/VerticalSafeAreaRoot/ContentSlot/Dimension1Panel/D1_ExploreVisualRoot/DestinationPanel/OpenDetails
05_explore_empty	720	1280	Canvas/HUD/VerticalUIRoot/VerticalSafeAreaRoot/ContentSlot/Dimension1Panel/D1_ExploreVisualRoot/DestinationPanel/OpenDetails	2	640.00	800.40	OK	Canvas/HUD/VerticalUIRoot/VerticalSafeAreaRoot/ContentSlot/Dimension1Panel/D1_ExploreVisualRoot/DestinationPanel/OpenDetails	Canvas/HUD/VerticalUIRoot/VerticalSafeAreaRoot/ContentSlot/Dimension1Panel/D1_ExploreVisualRoot/DestinationPanel/OpenDetails
05_explore_empty	720	1280	Canvas/HUD/VerticalUIRoot/VerticalSafeAreaRoot/ContentSlot/Dimension1Panel/D1_ExploreVisualRoot/DestinationPanel/OpenDetails	3	584.00	823.60	OK	Canvas/HUD/VerticalUIRoot/VerticalSafeAreaRoot/ContentSlot/Dimension1Panel/D1_ExploreVisualRoot/DestinationPanel/OpenDetails	Canvas/HUD/VerticalUIRoot/VerticalSafeAreaRoot/ContentSlot/Dimension1Panel/D1_ExploreVisualRoot/DestinationPanel/OpenDetails
05_explore_empty	720	1280	Canvas/HUD/VerticalUIRoot/VerticalSafeAreaRoot/ContentSlot/Dimension1Panel/D1_ExploreVisualRoot/DestinationPanel/OpenDetails	4	640.00	823.60	OK	Canvas/HUD/VerticalUIRoot/VerticalSafeAreaRoot/ContentSlot/Dimension1Panel/D1_ExploreVisualRoot/DestinationPanel/OpenDetails	Canvas/HUD/VerticalUIRoot/VerticalSafeAreaRoot/ContentSlot/Dimension1Panel/D1_ExploreVisualRoot/DestinationPanel/OpenDetails
05_explore_empty	720	1280	Canvas/HUD/VerticalUIRoot/VerticalSafeAreaRoot/ContentSlot/Dimension1Panel/D1_ExploreVisualRoot/ShipPanel/Next	0	322.67	478.00	OK	Canvas/HUD/VerticalUIRoot/VerticalSafeAreaRoot/ContentSlot/Dimension1Panel/D1_ExploreVisualRoot/ShipPanel/Next	Canvas/HUD/VerticalUIRoot/VerticalSafeAreaRoot/ContentSlot/Dimension1Panel/D1_ExploreVisualRoot/ShipPanel/Next
05_explore_empty	720	1280	Canvas/HUD/VerticalUIRoot/VerticalSafeAreaRoot/ContentSlot/Dimension1Panel/D1_ExploreVisualRoot/ShipPanel/Next	1	308.27	463.60	OK	Canvas/HUD/VerticalUIRoot/VerticalSafeAreaRoot/ContentSlot/Dimension1Panel/D1_ExploreVisualRoot/ShipPanel/Next	Canvas/HUD/VerticalUIRoot/VerticalSafeAreaRoot/ContentSlot/Dimension1Panel/D1_ExploreVisualRoot/ShipPanel/Next
05_explore_empty	720	1280	Canvas/HUD/VerticalUIRoot/VerticalSafeAreaRoot/ContentSlot/Dimension1Panel/D1_ExploreVisualRoot/ShipPanel/Next	2	337.07	463.60	OK	Canvas/HUD/VerticalUIRoot/VerticalSafeAreaRoot/ContentSlot/Dimension1Panel/D1_ExploreVisualRoot/ShipPanel/Next	Canvas/HUD/VerticalUIRoot/VerticalSafeAreaRoot/ContentSlot/Dimension1Panel/D1_ExploreVisualRoot/ShipPanel/Next
05_explore_empty	720	1280	Canvas/HUD/VerticalUIRoot/VerticalSafeAreaRoot/ContentSlot/Dimension1Panel/D1_ExploreVisualRoot/ShipPanel/Next	3	308.27	492.40	OK	Canvas/HUD/VerticalUIRoot/VerticalSafeAreaRoot/ContentSlot/Dimension1Panel/D1_ExploreVisualRoot/ShipPanel/Next	Canvas/HUD/VerticalUIRoot/VerticalSafeAreaRoot/ContentSlot/Dimension1Panel/D1_ExploreVisualRoot/ShipPanel/Next
05_explore_empty	720	1280	Canvas/HUD/VerticalUIRoot/VerticalSafeAreaRoot/ContentSlot/Dimension1Panel/D1_ExploreVisualRoot/ShipPanel/Next	4	337.07	492.40	OK	Canvas/HUD/VerticalUIRoot/VerticalSafeAreaRoot/ContentSlot/Dimension1Panel/D1_ExploreVisualRoot/ShipPanel/Next	Canvas/HUD/VerticalUIRoot/VerticalSafeAreaRoot/ContentSlot/Dimension1Panel/D1_ExploreVisualRoot/ShipPanel/Next
05_explore_empty	720	1280	Canvas/HUD/VerticalUIRoot/VerticalSafeAreaRoot/ContentSlot/Dimension1Panel/D1_ExploreVisualRoot/ActiveExpedition/Previous	0	421.33	280.00	OK	Canvas/HUD/VerticalUIRoot/VerticalSafeAreaRoot/ContentSlot/Dimension1Panel/D1_ExploreVisualRoot/ActiveExpedition/Previous	Canvas/HUD/VerticalUIRoot/VerticalSafeAreaRoot/ContentSlot/Dimension1Panel/D1_ExploreVisualRoot/ActiveExpedition/Previous
05_explore_empty	720	1280	Canvas/HUD/VerticalUIRoot/VerticalSafeAreaRoot/ContentSlot/Dimension1Panel/D1_ExploreVisualRoot/ActiveExpedition/Previous	1	406.93	265.60	OK	Canvas/HUD/VerticalUIRoot/VerticalSafeAreaRoot/ContentSlot/Dimension1Panel/D1_ExploreVisualRoot/ActiveExpedition/Previous	Canvas/HUD/VerticalUIRoot/VerticalSafeAreaRoot/ContentSlot/Dimension1Panel/D1_ExploreVisualRoot/ActiveExpedition/Previous
05_explore_empty	720	1280	Canvas/HUD/VerticalUIRoot/VerticalSafeAreaRoot/ContentSlot/Dimension1Panel/D1_ExploreVisualRoot/ActiveExpedition/Previous	2	435.73	265.60	OK	Canvas/HUD/VerticalUIRoot/VerticalSafeAreaRoot/ContentSlot/Dimension1Panel/D1_ExploreVisualRoot/ActiveExpedition/Previous	Canvas/HUD/VerticalUIRoot/VerticalSafeAreaRoot/ContentSlot/Dimension1Panel/D1_ExploreVisualRoot/ActiveExpedition/Previous
05_explore_empty	720	1280	Canvas/HUD/VerticalUIRoot/VerticalSafeAreaRoot/ContentSlot/Dimension1Panel/D1_ExploreVisualRoot/ActiveExpedition/Previous	3	406.93	294.40	OK	Canvas/HUD/VerticalUIRoot/VerticalSafeAreaRoot/ContentSlot/Dimension1Panel/D1_ExploreVisualRoot/ActiveExpedition/Previous	Canvas/HUD/VerticalUIRoot/VerticalSafeAreaRoot/ContentSlot/Dimension1Panel/D1_ExploreVisualRoot/ActiveExpedition/Previous
05_explore_empty	720	1280	Canvas/HUD/VerticalUIRoot/VerticalSafeAreaRoot/ContentSlot/Dimension1Panel/D1_ExploreVisualRoot/ActiveExpedition/Previous	4	435.73	294.40	OK	Canvas/HUD/VerticalUIRoot/VerticalSafeAreaRoot/ContentSlot/Dimension1Panel/D1_ExploreVisualRoot/ActiveExpedition/Previous	Canvas/HUD/VerticalUIRoot/VerticalSafeAreaRoot/ContentSlot/Dimension1Panel/D1_ExploreVisualRoot/ActiveExpedition/Previous
05_explore_empty	720	1280	Canvas/HUD/VerticalUIRoot/VerticalSafeAreaRoot/ContentSlot/Dimension1Panel/D1_ExploreVisualRoot/SupportPanel/Next	0	650.67	478.00	OK	Canvas/HUD/VerticalUIRoot/VerticalSafeAreaRoot/ContentSlot/Dimension1Panel/D1_ExploreVisualRoot/SupportPanel/Next	Canvas/HUD/VerticalUIRoot/VerticalSafeAreaRoot/ContentSlot/Dimension1Panel/D1_ExploreVisualRoot/SupportPanel/Next
05_explore_empty	720	1280	Canvas/HUD/VerticalUIRoot/VerticalSafeAreaRoot/ContentSlot/Dimension1Panel/D1_ExploreVisualRoot/SupportPanel/Next	1	636.27	463.60	OK	Canvas/HUD/VerticalUIRoot/VerticalSafeAreaRoot/ContentSlot/Dimension1Panel/D1_ExploreVisualRoot/SupportPanel/Next	Canvas/HUD/VerticalUIRoot/VerticalSafeAreaRoot/ContentSlot/Dimension1Panel/D1_ExploreVisualRoot/SupportPanel/Next
05_explore_empty	720	1280	Canvas/HUD/VerticalUIRoot/VerticalSafeAreaRoot/ContentSlot/Dimension1Panel/D1_ExploreVisualRoot/SupportPanel/Next	2	665.07	463.60	OK	Canvas/HUD/VerticalUIRoot/VerticalSafeAreaRoot/ContentSlot/Dimension1Panel/D1_ExploreVisualRoot/SupportPanel/Next	Canvas/HUD/VerticalUIRoot/VerticalSafeAreaRoot/ContentSlot/Dimension1Panel/D1_ExploreVisualRoot/SupportPanel/Next
05_explore_empty	720	1280	Canvas/HUD/VerticalUIRoot/VerticalSafeAreaRoot/ContentSlot/Dimension1Panel/D1_ExploreVisualRoot/SupportPanel/Next	3	636.27	492.40	OK	Canvas/HUD/VerticalUIRoot/VerticalSafeAreaRoot/ContentSlot/Dimension1Panel/D1_ExploreVisualRoot/SupportPanel/Next	Canvas/HUD/VerticalUIRoot/VerticalSafeAreaRoot/ContentSlot/Dimension1Panel/D1_ExploreVisualRoot/SupportPanel/Next
05_explore_empty	720	1280	Canvas/HUD/VerticalUIRoot/VerticalSafeAreaRoot/ContentSlot/Dimension1Panel/D1_ExploreVisualRoot/SupportPanel/Next	4	665.07	492.40	OK	Canvas/HUD/VerticalUIRoot/VerticalSafeAreaRoot/ContentSlot/Dimension1Panel/D1_ExploreVisualRoot/SupportPanel/Next	Canvas/HUD/VerticalUIRoot/VerticalSafeAreaRoot/ContentSlot/Dimension1Panel/D1_ExploreVisualRoot/SupportPanel/Next
05_explore_empty	720	1280	Canvas/HUD/VerticalUIRoot/VerticalSafeAreaRoot/ContentSlot/Dimension1Panel/D1_ExploreVisualRoot/MetalsButton	0	614.33	1178.67	OK	Canvas/HUD/VerticalUIRoot/VerticalSafeAreaRoot/ContentSlot/Dimension1Panel/D1_ExploreVisualRoot/MetalsButton	Canvas/HUD/VerticalUIRoot/VerticalSafeAreaRoot/ContentSlot/Dimension1Panel/D1_ExploreVisualRoot/MetalsButton
05_explore_empty	720	1280	Canvas/HUD/VerticalUIRoot/VerticalSafeAreaRoot/ContentSlot/Dimension1Panel/D1_ExploreVisualRoot/MetalsButton	1	565.33	1158.67	OK	Canvas/HUD/VerticalUIRoot/VerticalSafeAreaRoot/ContentSlot/Dimension1Panel/D1_ExploreVisualRoot/MetalsButton	Canvas/HUD/VerticalUIRoot/VerticalSafeAreaRoot/ContentSlot/Dimension1Panel/D1_ExploreVisualRoot/MetalsButton
05_explore_empty	720	1280	Canvas/HUD/VerticalUIRoot/VerticalSafeAreaRoot/ContentSlot/Dimension1Panel/D1_ExploreVisualRoot/MetalsButton	2	663.33	1158.67	OK	Canvas/HUD/VerticalUIRoot/VerticalSafeAreaRoot/ContentSlot/Dimension1Panel/D1_ExploreVisualRoot/MetalsButton	Canvas/HUD/VerticalUIRoot/VerticalSafeAreaRoot/ContentSlot/Dimension1Panel/D1_ExploreVisualRoot/MetalsButton
05_explore_empty	720	1280	Canvas/HUD/VerticalUIRoot/VerticalSafeAreaRoot/ContentSlot/Dimension1Panel/D1_ExploreVisualRoot/MetalsButton	3	565.33	1198.67	OK	Canvas/HUD/VerticalUIRoot/VerticalSafeAreaRoot/ContentSlot/Dimension1Panel/D1_ExploreVisualRoot/MetalsButton	Canvas/HUD/VerticalUIRoot/VerticalSafeAreaRoot/ContentSlot/Dimension1Panel/D1_ExploreVisualRoot/MetalsButton
05_explore_empty	720	1280	Canvas/HUD/VerticalUIRoot/VerticalSafeAreaRoot/ContentSlot/Dimension1Panel/D1_ExploreVisualRoot/MetalsButton	4	663.33	1198.67	OK	Canvas/HUD/VerticalUIRoot/VerticalSafeAreaRoot/ContentSlot/Dimension1Panel/D1_ExploreVisualRoot/MetalsButton	Canvas/HUD/VerticalUIRoot/VerticalSafeAreaRoot/ContentSlot/Dimension1Panel/D1_ExploreVisualRoot/MetalsButton
05_explore_empty	720	1280	Canvas/HUD/VerticalUIRoot/VerticalSafeAreaRoot/ContentSlot/Dimension1Panel/D1_ExploreVisualRoot/BottomNavigation/Nav_RELIQUIAS	0	496.00	73.33	OK	Canvas/HUD/VerticalUIRoot/VerticalSafeAreaRoot/ContentSlot/Dimension1Panel/D1_ExploreVisualRoot/BottomNavigation/Nav_RELIQUIAS	Canvas/HUD/VerticalUIRoot/VerticalSafeAreaRoot/ContentSlot/Dimension1Panel/D1_ExploreVisualRoot/BottomNavigation/Nav_RELIQUIAS
05_explore_empty	720	1280	Canvas/HUD/VerticalUIRoot/VerticalSafeAreaRoot/ContentSlot/Dimension1Panel/D1_ExploreVisualRoot/BottomNavigation/Nav_RELIQUIAS	1	456.40	38.13	OK	Canvas/HUD/VerticalUIRoot/VerticalSafeAreaRoot/ContentSlot/Dimension1Panel/D1_ExploreVisualRoot/BottomNavigation/Nav_RELIQUIAS	Canvas/HUD/VerticalUIRoot/VerticalSafeAreaRoot/ContentSlot/Dimension1Panel/D1_ExploreVisualRoot/BottomNavigation/Nav_RELIQUIAS
05_explore_empty	720	1280	Canvas/HUD/VerticalUIRoot/VerticalSafeAreaRoot/ContentSlot/Dimension1Panel/D1_ExploreVisualRoot/BottomNavigation/Nav_RELIQUIAS	2	535.60	38.13	OK	Canvas/HUD/VerticalUIRoot/VerticalSafeAreaRoot/ContentSlot/Dimension1Panel/D1_ExploreVisualRoot/BottomNavigation/Nav_RELIQUIAS	Canvas/HUD/VerticalUIRoot/VerticalSafeAreaRoot/ContentSlot/Dimension1Panel/D1_ExploreVisualRoot/BottomNavigation/Nav_RELIQUIAS
05_explore_empty	720	1280	Canvas/HUD/VerticalUIRoot/VerticalSafeAreaRoot/ContentSlot/Dimension1Panel/D1_ExploreVisualRoot/BottomNavigation/Nav_RELIQUIAS	3	456.40	108.53	OK	Canvas/HUD/VerticalUIRoot/VerticalSafeAreaRoot/ContentSlot/Dimension1Panel/D1_ExploreVisualRoot/BottomNavigation/Nav_RELIQUIAS	Canvas/HUD/VerticalUIRoot/VerticalSafeAreaRoot/ContentSlot/Dimension1Panel/D1_ExploreVisualRoot/BottomNavigation/Nav_RELIQUIAS
05_explore_empty	720	1280	Canvas/HUD/VerticalUIRoot/VerticalSafeAreaRoot/ContentSlot/Dimension1Panel/D1_ExploreVisualRoot/BottomNavigation/Nav_RELIQUIAS	4	535.60	108.53	OK	Canvas/HUD/VerticalUIRoot/VerticalSafeAreaRoot/ContentSlot/Dimension1Panel/D1_ExploreVisualRoot/BottomNavigation/Nav_RELIQUIAS	Canvas/HUD/VerticalUIRoot/VerticalSafeAreaRoot/ContentSlot/Dimension1Panel/D1_ExploreVisualRoot/BottomNavigation/Nav_RELIQUIAS
05_explore_empty	720	1280	Canvas/HUD/VerticalUIRoot/VerticalSafeAreaRoot/ContentSlot/Dimension1Panel/OpenRelicChamberPanelButton	0	826.67	984.00	OFFSCREEN	<none>	<none>
05_explore_empty	720	1280	Canvas/HUD/VerticalUIRoot/VerticalSafeAreaRoot/ContentSlot/Dimension1Panel/OpenRelicChamberPanelButton	1	794.67	978.00	OFFSCREEN	<none>	<none>
05_explore_empty	720	1280	Canvas/HUD/VerticalUIRoot/VerticalSafeAreaRoot/ContentSlot/Dimension1Panel/OpenRelicChamberPanelButton	2	858.67	978.00	OFFSCREEN	<none>	<none>
05_explore_empty	720	1280	Canvas/HUD/VerticalUIRoot/VerticalSafeAreaRoot/ContentSlot/Dimension1Panel/OpenRelicChamberPanelButton	3	794.67	990.00	OFFSCREEN	<none>	<none>
05_explore_empty	720	1280	Canvas/HUD/VerticalUIRoot/VerticalSafeAreaRoot/ContentSlot/Dimension1Panel/OpenRelicChamberPanelButton	4	858.67	990.00	OFFSCREEN	<none>	<none>
05_explore_empty	720	1280	Canvas/HUD/VerticalUIRoot/VerticalSafeAreaRoot/ContentSlot/Dimension1Panel/Registro	0	-40.00	950.67	OFFSCREEN	<none>	<none>
05_explore_empty	720	1280	Canvas/HUD/VerticalUIRoot/VerticalSafeAreaRoot/ContentSlot/Dimension1Panel/Registro	1	-72.00	944.67	OFFSCREEN	<none>	<none>
05_explore_empty	720	1280	Canvas/HUD/VerticalUIRoot/VerticalSafeAreaRoot/ContentSlot/Dimension1Panel/Registro	2	-8.00	944.67	OFFSCREEN	<none>	<none>
05_explore_empty	720	1280	Canvas/HUD/VerticalUIRoot/VerticalSafeAreaRoot/ContentSlot/Dimension1Panel/Registro	3	-72.00	956.67	OFFSCREEN	<none>	<none>
05_explore_empty	720	1280	Canvas/HUD/VerticalUIRoot/VerticalSafeAreaRoot/ContentSlot/Dimension1Panel/Registro	4	-8.00	956.67	OFFSCREEN	<none>	<none>
05_explore_empty	720	1280	Canvas/HUD/VerticalUIRoot/VerticalSafeAreaRoot/ContentSlot/Dimension1Panel/D1_ExploreVisualRoot/CommandCenter	0	74.67	1178.67	OK	Canvas/HUD/VerticalUIRoot/VerticalSafeAreaRoot/ContentSlot/Dimension1Panel/D1_ExploreVisualRoot/CommandCenter	Canvas/HUD/VerticalUIRoot/VerticalSafeAreaRoot/ContentSlot/Dimension1Panel/D1_ExploreVisualRoot/CommandCenter
05_explore_empty	720	1280	Canvas/HUD/VerticalUIRoot/VerticalSafeAreaRoot/ContentSlot/Dimension1Panel/D1_ExploreVisualRoot/CommandCenter	1	39.47	1158.67	OK	Canvas/HUD/VerticalUIRoot/VerticalSafeAreaRoot/ContentSlot/Dimension1Panel/D1_ExploreVisualRoot/CommandCenter	Canvas/HUD/VerticalUIRoot/VerticalSafeAreaRoot/ContentSlot/Dimension1Panel/D1_ExploreVisualRoot/CommandCenter
05_explore_empty	720	1280	Canvas/HUD/VerticalUIRoot/VerticalSafeAreaRoot/ContentSlot/Dimension1Panel/D1_ExploreVisualRoot/CommandCenter	2	109.87	1158.67	OK	Canvas/HUD/VerticalUIRoot/VerticalSafeAreaRoot/ContentSlot/Dimension1Panel/D1_ExploreVisualRoot/CommandCenter	Canvas/HUD/VerticalUIRoot/VerticalSafeAreaRoot/ContentSlot/Dimension1Panel/D1_ExploreVisualRoot/CommandCenter
05_explore_empty	720	1280	Canvas/HUD/VerticalUIRoot/VerticalSafeAreaRoot/ContentSlot/Dimension1Panel/D1_ExploreVisualRoot/CommandCenter	3	39.47	1198.67	OK	Canvas/HUD/VerticalUIRoot/VerticalSafeAreaRoot/ContentSlot/Dimension1Panel/D1_ExploreVisualRoot/CommandCenter	Canvas/HUD/VerticalUIRoot/VerticalSafeAreaRoot/ContentSlot/Dimension1Panel/D1_ExploreVisualRoot/CommandCenter
05_explore_empty	720	1280	Canvas/HUD/VerticalUIRoot/VerticalSafeAreaRoot/ContentSlot/Dimension1Panel/D1_ExploreVisualRoot/CommandCenter	4	109.87	1198.67	OK	Canvas/HUD/VerticalUIRoot/VerticalSafeAreaRoot/ContentSlot/Dimension1Panel/D1_ExploreVisualRoot/CommandCenter	Canvas/HUD/VerticalUIRoot/VerticalSafeAreaRoot/ContentSlot/Dimension1Panel/D1_ExploreVisualRoot/CommandCenter
05_explore_empty	720	1280	Canvas/HUD/VerticalUIRoot/VerticalSafeAreaRoot/ContentSlot/Dimension1Panel/D1_ExploreVisualRoot/StartExpedition	0	222.67	187.33	OK	Canvas/HUD/VerticalUIRoot/VerticalSafeAreaRoot/ContentSlot/Dimension1Panel/D1_ExploreVisualRoot/StartExpedition	Canvas/HUD/VerticalUIRoot/VerticalSafeAreaRoot/ContentSlot/Dimension1Panel/D1_ExploreVisualRoot/StartExpedition
05_explore_empty	720	1280	Canvas/HUD/VerticalUIRoot/VerticalSafeAreaRoot/ContentSlot/Dimension1Panel/D1_ExploreVisualRoot/StartExpedition	1	113.87	162.93	OK	Canvas/HUD/VerticalUIRoot/VerticalSafeAreaRoot/ContentSlot/Dimension1Panel/D1_ExploreVisualRoot/StartExpedition	Canvas/HUD/VerticalUIRoot/VerticalSafeAreaRoot/ContentSlot/Dimension1Panel/D1_ExploreVisualRoot/StartExpedition
05_explore_empty	720	1280	Canvas/HUD/VerticalUIRoot/VerticalSafeAreaRoot/ContentSlot/Dimension1Panel/D1_ExploreVisualRoot/StartExpedition	2	331.47	162.93	OK	Canvas/HUD/VerticalUIRoot/VerticalSafeAreaRoot/ContentSlot/Dimension1Panel/D1_ExploreVisualRoot/StartExpedition	Canvas/HUD/VerticalUIRoot/VerticalSafeAreaRoot/ContentSlot/Dimension1Panel/D1_ExploreVisualRoot/StartExpedition
05_explore_empty	720	1280	Canvas/HUD/VerticalUIRoot/VerticalSafeAreaRoot/ContentSlot/Dimension1Panel/D1_ExploreVisualRoot/StartExpedition	3	113.87	211.73	OK	Canvas/HUD/VerticalUIRoot/VerticalSafeAreaRoot/ContentSlot/Dimension1Panel/D1_ExploreVisualRoot/StartExpedition	Canvas/HUD/VerticalUIRoot/VerticalSafeAreaRoot/ContentSlot/Dimension1Panel/D1_ExploreVisualRoot/StartExpedition
05_explore_empty	720	1280	Canvas/HUD/VerticalUIRoot/VerticalSafeAreaRoot/ContentSlot/Dimension1Panel/D1_ExploreVisualRoot/StartExpedition	4	331.47	211.73	OK	Canvas/HUD/VerticalUIRoot/VerticalSafeAreaRoot/ContentSlot/Dimension1Panel/D1_ExploreVisualRoot/StartExpedition	Canvas/HUD/VerticalUIRoot/VerticalSafeAreaRoot/ContentSlot/Dimension1Panel/D1_ExploreVisualRoot/StartExpedition
05_explore_empty	720	1280	Canvas/HUD/VerticalUIRoot/VerticalSafeAreaRoot/ContentSlot/Dimension1Panel/D1_ExploreVisualRoot/ModePanel/SimpleMode	0	204.00	383.33	OK	Canvas/HUD/VerticalUIRoot/VerticalSafeAreaRoot/ContentSlot/Dimension1Panel/D1_ExploreVisualRoot/ModePanel/SimpleMode	Canvas/HUD/VerticalUIRoot/VerticalSafeAreaRoot/ContentSlot/Dimension1Panel/D1_ExploreVisualRoot/ModePanel/SimpleMode
05_explore_empty	720	1280	Canvas/HUD/VerticalUIRoot/VerticalSafeAreaRoot/ContentSlot/Dimension1Panel/D1_ExploreVisualRoot/ModePanel/SimpleMode	1	116.00	367.73	OK	Canvas/HUD/VerticalUIRoot/VerticalSafeAreaRoot/ContentSlot/Dimension1Panel/D1_ExploreVisualRoot/ModePanel/SimpleMode	Canvas/HUD/VerticalUIRoot/VerticalSafeAreaRoot/ContentSlot/Dimension1Panel/D1_ExploreVisualRoot/ModePanel/SimpleMode
05_explore_empty	720	1280	Canvas/HUD/VerticalUIRoot/VerticalSafeAreaRoot/ContentSlot/Dimension1Panel/D1_ExploreVisualRoot/ModePanel/SimpleMode	2	292.00	367.73	OK	Canvas/HUD/VerticalUIRoot/VerticalSafeAreaRoot/ContentSlot/Dimension1Panel/D1_ExploreVisualRoot/ModePanel/SimpleMode	Canvas/HUD/VerticalUIRoot/VerticalSafeAreaRoot/ContentSlot/Dimension1Panel/D1_ExploreVisualRoot/ModePanel/SimpleMode
05_explore_empty	720	1280	Canvas/HUD/VerticalUIRoot/VerticalSafeAreaRoot/ContentSlot/Dimension1Panel/D1_ExploreVisualRoot/ModePanel/SimpleMode	3	116.00	398.93	OK	Canvas/HUD/VerticalUIRoot/VerticalSafeAreaRoot/ContentSlot/Dimension1Panel/D1_ExploreVisualRoot/ModePanel/SimpleMode	Canvas/HUD/VerticalUIRoot/VerticalSafeAreaRoot/ContentSlot/Dimension1Panel/D1_ExploreVisualRoot/ModePanel/SimpleMode
05_explore_empty	720	1280	Canvas/HUD/VerticalUIRoot/VerticalSafeAreaRoot/ContentSlot/Dimension1Panel/D1_ExploreVisualRoot/ModePanel/SimpleMode	4	292.00	398.93	OK	Canvas/HUD/VerticalUIRoot/VerticalSafeAreaRoot/ContentSlot/Dimension1Panel/D1_ExploreVisualRoot/ModePanel/SimpleMode	Canvas/HUD/VerticalUIRoot/VerticalSafeAreaRoot/ContentSlot/Dimension1Panel/D1_ExploreVisualRoot/ModePanel/SimpleMode
05_explore_empty	720	1280	Canvas/HUD/VerticalUIRoot/VerticalSafeAreaRoot/ContentSlot/Dimension1Panel/OpenDimension1TreePanelButton	0	826.67	917.33	OFFSCREEN	<none>	<none>
05_explore_empty	720	1280	Canvas/HUD/VerticalUIRoot/VerticalSafeAreaRoot/ContentSlot/Dimension1Panel/OpenDimension1TreePanelButton	1	794.67	911.33	OFFSCREEN	<none>	<none>
05_explore_empty	720	1280	Canvas/HUD/VerticalUIRoot/VerticalSafeAreaRoot/ContentSlot/Dimension1Panel/OpenDimension1TreePanelButton	2	858.67	911.33	OFFSCREEN	<none>	<none>
05_explore_empty	720	1280	Canvas/HUD/VerticalUIRoot/VerticalSafeAreaRoot/ContentSlot/Dimension1Panel/OpenDimension1TreePanelButton	3	794.67	923.33	OFFSCREEN	<none>	<none>
05_explore_empty	720	1280	Canvas/HUD/VerticalUIRoot/VerticalSafeAreaRoot/ContentSlot/Dimension1Panel/OpenDimension1TreePanelButton	4	858.67	923.33	OFFSCREEN	<none>	<none>
06_hangar	720	1280	Canvas/HUD/VerticalUIRoot/VerticalSafeAreaRoot/ContentSlot/Dimension1Panel/HangarPanel/D1_HangarVisualRoot/PartCard_3	0	490.00	441.67	OK	Canvas/HUD/VerticalUIRoot/VerticalSafeAreaRoot/ContentSlot/Dimension1Panel/HangarPanel/D1_HangarVisualRoot/PartCard_3	Canvas/HUD/VerticalUIRoot/VerticalSafeAreaRoot/ContentSlot/Dimension1Panel/HangarPanel/D1_HangarVisualRoot/PartCard_3
06_hangar	720	1280	Canvas/HUD/VerticalUIRoot/VerticalSafeAreaRoot/ContentSlot/Dimension1Panel/HangarPanel/D1_HangarVisualRoot/PartCard_3	1	376.80	417.07	OK	Canvas/HUD/VerticalUIRoot/VerticalSafeAreaRoot/ContentSlot/Dimension1Panel/HangarPanel/D1_HangarVisualRoot/PartCard_3	Canvas/HUD/VerticalUIRoot/VerticalSafeAreaRoot/ContentSlot/Dimension1Panel/HangarPanel/D1_HangarVisualRoot/PartCard_3
06_hangar	720	1280	Canvas/HUD/VerticalUIRoot/VerticalSafeAreaRoot/ContentSlot/Dimension1Panel/HangarPanel/D1_HangarVisualRoot/PartCard_3	2	603.20	417.07	OK	Canvas/HUD/VerticalUIRoot/VerticalSafeAreaRoot/ContentSlot/Dimension1Panel/HangarPanel/D1_HangarVisualRoot/PartCard_3	Canvas/HUD/VerticalUIRoot/VerticalSafeAreaRoot/ContentSlot/Dimension1Panel/HangarPanel/D1_HangarVisualRoot/PartCard_3
06_hangar	720	1280	Canvas/HUD/VerticalUIRoot/VerticalSafeAreaRoot/ContentSlot/Dimension1Panel/HangarPanel/D1_HangarVisualRoot/PartCard_3	3	376.80	466.27	OK	Canvas/HUD/VerticalUIRoot/VerticalSafeAreaRoot/ContentSlot/Dimension1Panel/HangarPanel/D1_HangarVisualRoot/PartCard_3	Canvas/HUD/VerticalUIRoot/VerticalSafeAreaRoot/ContentSlot/Dimension1Panel/HangarPanel/D1_HangarVisualRoot/PartCard_3
06_hangar	720	1280	Canvas/HUD/VerticalUIRoot/VerticalSafeAreaRoot/ContentSlot/Dimension1Panel/HangarPanel/D1_HangarVisualRoot/PartCard_3	4	603.20	466.27	OK	Canvas/HUD/VerticalUIRoot/VerticalSafeAreaRoot/ContentSlot/Dimension1Panel/HangarPanel/D1_HangarVisualRoot/PartCard_3	Canvas/HUD/VerticalUIRoot/VerticalSafeAreaRoot/ContentSlot/Dimension1Panel/HangarPanel/D1_HangarVisualRoot/PartCard_3
06_hangar	720	1280	Canvas/HUD/VerticalUIRoot/VerticalSafeAreaRoot/ContentSlot/Dimension1Panel/HangarPanel/D1_HangarVisualRoot/PartCard_2	0	490.00	533.00	OK	Canvas/HUD/VerticalUIRoot/VerticalSafeAreaRoot/ContentSlot/Dimension1Panel/HangarPanel/D1_HangarVisualRoot/PartCard_2	Canvas/HUD/VerticalUIRoot/VerticalSafeAreaRoot/ContentSlot/Dimension1Panel/HangarPanel/D1_HangarVisualRoot/PartCard_2
06_hangar	720	1280	Canvas/HUD/VerticalUIRoot/VerticalSafeAreaRoot/ContentSlot/Dimension1Panel/HangarPanel/D1_HangarVisualRoot/PartCard_2	1	376.80	508.40	OK	Canvas/HUD/VerticalUIRoot/VerticalSafeAreaRoot/ContentSlot/Dimension1Panel/HangarPanel/D1_HangarVisualRoot/PartCard_2	Canvas/HUD/VerticalUIRoot/VerticalSafeAreaRoot/ContentSlot/Dimension1Panel/HangarPanel/D1_HangarVisualRoot/PartCard_2
06_hangar	720	1280	Canvas/HUD/VerticalUIRoot/VerticalSafeAreaRoot/ContentSlot/Dimension1Panel/HangarPanel/D1_HangarVisualRoot/PartCard_2	2	603.20	508.40	OK	Canvas/HUD/VerticalUIRoot/VerticalSafeAreaRoot/ContentSlot/Dimension1Panel/HangarPanel/D1_HangarVisualRoot/PartCard_2	Canvas/HUD/VerticalUIRoot/VerticalSafeAreaRoot/ContentSlot/Dimension1Panel/HangarPanel/D1_HangarVisualRoot/PartCard_2
06_hangar	720	1280	Canvas/HUD/VerticalUIRoot/VerticalSafeAreaRoot/ContentSlot/Dimension1Panel/HangarPanel/D1_HangarVisualRoot/PartCard_2	3	376.80	557.60	OK	Canvas/HUD/VerticalUIRoot/VerticalSafeAreaRoot/ContentSlot/Dimension1Panel/HangarPanel/D1_HangarVisualRoot/PartCard_2	Canvas/HUD/VerticalUIRoot/VerticalSafeAreaRoot/ContentSlot/Dimension1Panel/HangarPanel/D1_HangarVisualRoot/PartCard_2
06_hangar	720	1280	Canvas/HUD/VerticalUIRoot/VerticalSafeAreaRoot/ContentSlot/Dimension1Panel/HangarPanel/D1_HangarVisualRoot/PartCard_2	4	603.20	557.60	OK	Canvas/HUD/VerticalUIRoot/VerticalSafeAreaRoot/ContentSlot/Dimension1Panel/HangarPanel/D1_HangarVisualRoot/PartCard_2	Canvas/HUD/VerticalUIRoot/VerticalSafeAreaRoot/ContentSlot/Dimension1Panel/HangarPanel/D1_HangarVisualRoot/PartCard_2
06_hangar	720	1280	Canvas/HUD/VerticalUIRoot/VerticalSafeAreaRoot/ContentSlot/Dimension1Panel/HangarPanel/D1_HangarVisualRoot/ShipCard_0	0	115.67	893.00	OK	Canvas/HUD/VerticalUIRoot/VerticalSafeAreaRoot/ContentSlot/Dimension1Panel/HangarPanel/D1_HangarVisualRoot/ShipCard_0	Canvas/HUD/VerticalUIRoot/VerticalSafeAreaRoot/ContentSlot/Dimension1Panel/HangarPanel/D1_HangarVisualRoot/ShipCard_0
06_hangar	720	1280	Canvas/HUD/VerticalUIRoot/VerticalSafeAreaRoot/ContentSlot/Dimension1Panel/HangarPanel/D1_HangarVisualRoot/ShipCard_0	1	69.87	823.20	OK	Canvas/HUD/VerticalUIRoot/VerticalSafeAreaRoot/ContentSlot/Dimension1Panel/HangarPanel/D1_HangarVisualRoot/ShipCard_0	Canvas/HUD/VerticalUIRoot/VerticalSafeAreaRoot/ContentSlot/Dimension1Panel/HangarPanel/D1_HangarVisualRoot/ShipCard_0
06_hangar	720	1280	Canvas/HUD/VerticalUIRoot/VerticalSafeAreaRoot/ContentSlot/Dimension1Panel/HangarPanel/D1_HangarVisualRoot/ShipCard_0	2	161.47	823.20	OK	Canvas/HUD/VerticalUIRoot/VerticalSafeAreaRoot/ContentSlot/Dimension1Panel/HangarPanel/D1_HangarVisualRoot/ShipCard_0	Canvas/HUD/VerticalUIRoot/VerticalSafeAreaRoot/ContentSlot/Dimension1Panel/HangarPanel/D1_HangarVisualRoot/ShipCard_0
06_hangar	720	1280	Canvas/HUD/VerticalUIRoot/VerticalSafeAreaRoot/ContentSlot/Dimension1Panel/HangarPanel/D1_HangarVisualRoot/ShipCard_0	3	69.87	962.80	OK	Canvas/HUD/VerticalUIRoot/VerticalSafeAreaRoot/ContentSlot/Dimension1Panel/HangarPanel/D1_HangarVisualRoot/ShipCard_0	Canvas/HUD/VerticalUIRoot/VerticalSafeAreaRoot/ContentSlot/Dimension1Panel/HangarPanel/D1_HangarVisualRoot/ShipCard_0
06_hangar	720	1280	Canvas/HUD/VerticalUIRoot/VerticalSafeAreaRoot/ContentSlot/Dimension1Panel/HangarPanel/D1_HangarVisualRoot/ShipCard_0	4	161.47	962.80	OK	Canvas/HUD/VerticalUIRoot/VerticalSafeAreaRoot/ContentSlot/Dimension1Panel/HangarPanel/D1_HangarVisualRoot/ShipCard_0	Canvas/HUD/VerticalUIRoot/VerticalSafeAreaRoot/ContentSlot/Dimension1Panel/HangarPanel/D1_HangarVisualRoot/ShipCard_0
06_hangar	720	1280	Canvas/HUD/VerticalUIRoot/VerticalSafeAreaRoot/ContentSlot/Dimension1Panel/HangarPanel/D1_HangarVisualRoot/BottomNavigation/Nav_RELIQUIAS	0	496.00	73.33	OK	Canvas/HUD/VerticalUIRoot/VerticalSafeAreaRoot/ContentSlot/Dimension1Panel/HangarPanel/D1_HangarVisualRoot/BottomNavigation/Nav_RELIQUIAS	Canvas/HUD/VerticalUIRoot/VerticalSafeAreaRoot/ContentSlot/Dimension1Panel/HangarPanel/D1_HangarVisualRoot/BottomNavigation/Nav_RELIQUIAS
06_hangar	720	1280	Canvas/HUD/VerticalUIRoot/VerticalSafeAreaRoot/ContentSlot/Dimension1Panel/HangarPanel/D1_HangarVisualRoot/BottomNavigation/Nav_RELIQUIAS	1	456.40	38.13	OK	Canvas/HUD/VerticalUIRoot/VerticalSafeAreaRoot/ContentSlot/Dimension1Panel/HangarPanel/D1_HangarVisualRoot/BottomNavigation/Nav_RELIQUIAS	Canvas/HUD/VerticalUIRoot/VerticalSafeAreaRoot/ContentSlot/Dimension1Panel/HangarPanel/D1_HangarVisualRoot/BottomNavigation/Nav_RELIQUIAS
06_hangar	720	1280	Canvas/HUD/VerticalUIRoot/VerticalSafeAreaRoot/ContentSlot/Dimension1Panel/HangarPanel/D1_HangarVisualRoot/BottomNavigation/Nav_RELIQUIAS	2	535.60	38.13	OK	Canvas/HUD/VerticalUIRoot/VerticalSafeAreaRoot/ContentSlot/Dimension1Panel/HangarPanel/D1_HangarVisualRoot/BottomNavigation/Nav_RELIQUIAS	Canvas/HUD/VerticalUIRoot/VerticalSafeAreaRoot/ContentSlot/Dimension1Panel/HangarPanel/D1_HangarVisualRoot/BottomNavigation/Nav_RELIQUIAS
06_hangar	720	1280	Canvas/HUD/VerticalUIRoot/VerticalSafeAreaRoot/ContentSlot/Dimension1Panel/HangarPanel/D1_HangarVisualRoot/BottomNavigation/Nav_RELIQUIAS	3	456.40	108.53	OK	Canvas/HUD/VerticalUIRoot/VerticalSafeAreaRoot/ContentSlot/Dimension1Panel/HangarPanel/D1_HangarVisualRoot/BottomNavigation/Nav_RELIQUIAS	Canvas/HUD/VerticalUIRoot/VerticalSafeAreaRoot/ContentSlot/Dimension1Panel/HangarPanel/D1_HangarVisualRoot/BottomNavigation/Nav_RELIQUIAS
06_hangar	720	1280	Canvas/HUD/VerticalUIRoot/VerticalSafeAreaRoot/ContentSlot/Dimension1Panel/HangarPanel/D1_HangarVisualRoot/BottomNavigation/Nav_RELIQUIAS	4	535.60	108.53	OK	Canvas/HUD/VerticalUIRoot/VerticalSafeAreaRoot/ContentSlot/Dimension1Panel/HangarPanel/D1_HangarVisualRoot/BottomNavigation/Nav_RELIQUIAS	Canvas/HUD/VerticalUIRoot/VerticalSafeAreaRoot/ContentSlot/Dimension1Panel/HangarPanel/D1_HangarVisualRoot/BottomNavigation/Nav_RELIQUIAS
06_hangar	720	1280	Canvas/HUD/VerticalUIRoot/VerticalSafeAreaRoot/ContentSlot/Dimension1Panel/HangarPanel/D1_HangarVisualRoot/PartCard_0	0	490.00	715.67	OK	Canvas/HUD/VerticalUIRoot/VerticalSafeAreaRoot/ContentSlot/Dimension1Panel/HangarPanel/D1_HangarVisualRoot/PartCard_0	Canvas/HUD/VerticalUIRoot/VerticalSafeAreaRoot/ContentSlot/Dimension1Panel/HangarPanel/D1_HangarVisualRoot/PartCard_0
06_hangar	720	1280	Canvas/HUD/VerticalUIRoot/VerticalSafeAreaRoot/ContentSlot/Dimension1Panel/HangarPanel/D1_HangarVisualRoot/PartCard_0	1	376.80	691.07	OK	Canvas/HUD/VerticalUIRoot/VerticalSafeAreaRoot/ContentSlot/Dimension1Panel/HangarPanel/D1_HangarVisualRoot/PartCard_0	Canvas/HUD/VerticalUIRoot/VerticalSafeAreaRoot/ContentSlot/Dimension1Panel/HangarPanel/D1_HangarVisualRoot/PartCard_0
06_hangar	720	1280	Canvas/HUD/VerticalUIRoot/VerticalSafeAreaRoot/ContentSlot/Dimension1Panel/HangarPanel/D1_HangarVisualRoot/PartCard_0	2	603.20	691.07	OK	Canvas/HUD/VerticalUIRoot/VerticalSafeAreaRoot/ContentSlot/Dimension1Panel/HangarPanel/D1_HangarVisualRoot/PartCard_0	Canvas/HUD/VerticalUIRoot/VerticalSafeAreaRoot/ContentSlot/Dimension1Panel/HangarPanel/D1_HangarVisualRoot/PartCard_0
06_hangar	720	1280	Canvas/HUD/VerticalUIRoot/VerticalSafeAreaRoot/ContentSlot/Dimension1Panel/HangarPanel/D1_HangarVisualRoot/PartCard_0	3	376.80	740.27	OK	Canvas/HUD/VerticalUIRoot/VerticalSafeAreaRoot/ContentSlot/Dimension1Panel/HangarPanel/D1_HangarVisualRoot/PartCard_0	Canvas/HUD/VerticalUIRoot/VerticalSafeAreaRoot/ContentSlot/Dimension1Panel/HangarPanel/D1_HangarVisualRoot/PartCard_0
06_hangar	720	1280	Canvas/HUD/VerticalUIRoot/VerticalSafeAreaRoot/ContentSlot/Dimension1Panel/HangarPanel/D1_HangarVisualRoot/PartCard_0	4	603.20	740.27	OK	Canvas/HUD/VerticalUIRoot/VerticalSafeAreaRoot/ContentSlot/Dimension1Panel/HangarPanel/D1_HangarVisualRoot/PartCard_0	Canvas/HUD/VerticalUIRoot/VerticalSafeAreaRoot/ContentSlot/Dimension1Panel/HangarPanel/D1_HangarVisualRoot/PartCard_0
06_hangar	720	1280	Canvas/HUD/VerticalUIRoot/VerticalSafeAreaRoot/ContentSlot/Dimension1Panel/HangarPanel/D1_HangarVisualRoot/ShipCard_1	0	278.33	893.00	OK	Canvas/HUD/VerticalUIRoot/VerticalSafeAreaRoot/ContentSlot/Dimension1Panel/HangarPanel/D1_HangarVisualRoot/ShipCard_1	Canvas/HUD/VerticalUIRoot/VerticalSafeAreaRoot/ContentSlot/Dimension1Panel/HangarPanel/D1_HangarVisualRoot/ShipCard_1
06_hangar	720	1280	Canvas/HUD/VerticalUIRoot/VerticalSafeAreaRoot/ContentSlot/Dimension1Panel/HangarPanel/D1_HangarVisualRoot/ShipCard_1	1	232.53	823.20	OK	Canvas/HUD/VerticalUIRoot/VerticalSafeAreaRoot/ContentSlot/Dimension1Panel/HangarPanel/D1_HangarVisualRoot/ShipCard_1	Canvas/HUD/VerticalUIRoot/VerticalSafeAreaRoot/ContentSlot/Dimension1Panel/HangarPanel/D1_HangarVisualRoot/ShipCard_1
06_hangar	720	1280	Canvas/HUD/VerticalUIRoot/VerticalSafeAreaRoot/ContentSlot/Dimension1Panel/HangarPanel/D1_HangarVisualRoot/ShipCard_1	2	324.13	823.20	OK	Canvas/HUD/VerticalUIRoot/VerticalSafeAreaRoot/ContentSlot/Dimension1Panel/HangarPanel/D1_HangarVisualRoot/ShipCard_1	Canvas/HUD/VerticalUIRoot/VerticalSafeAreaRoot/ContentSlot/Dimension1Panel/HangarPanel/D1_HangarVisualRoot/ShipCard_1
06_hangar	720	1280	Canvas/HUD/VerticalUIRoot/VerticalSafeAreaRoot/ContentSlot/Dimension1Panel/HangarPanel/D1_HangarVisualRoot/ShipCard_1	3	232.53	962.80	OK	Canvas/HUD/VerticalUIRoot/VerticalSafeAreaRoot/ContentSlot/Dimension1Panel/HangarPanel/D1_HangarVisualRoot/ShipCard_1	Canvas/HUD/VerticalUIRoot/VerticalSafeAreaRoot/ContentSlot/Dimension1Panel/HangarPanel/D1_HangarVisualRoot/ShipCard_1
06_hangar	720	1280	Canvas/HUD/VerticalUIRoot/VerticalSafeAreaRoot/ContentSlot/Dimension1Panel/HangarPanel/D1_HangarVisualRoot/ShipCard_1	4	324.13	962.80	OK	Canvas/HUD/VerticalUIRoot/VerticalSafeAreaRoot/ContentSlot/Dimension1Panel/HangarPanel/D1_HangarVisualRoot/ShipCard_1	Canvas/HUD/VerticalUIRoot/VerticalSafeAreaRoot/ContentSlot/Dimension1Panel/HangarPanel/D1_HangarVisualRoot/ShipCard_1
06_hangar	720	1280	Canvas/HUD/VerticalUIRoot/VerticalSafeAreaRoot/ContentSlot/Dimension1Panel/HangarPanel/D1_HangarVisualRoot/BottomNavigation/Nav_ÁRBOL	0	634.00	73.33	OK	Canvas/HUD/VerticalUIRoot/VerticalSafeAreaRoot/ContentSlot/Dimension1Panel/HangarPanel/D1_HangarVisualRoot/BottomNavigation/Nav_ÁRBOL	Canvas/HUD/VerticalUIRoot/VerticalSafeAreaRoot/ContentSlot/Dimension1Panel/HangarPanel/D1_HangarVisualRoot/BottomNavigation/Nav_ÁRBOL
06_hangar	720	1280	Canvas/HUD/VerticalUIRoot/VerticalSafeAreaRoot/ContentSlot/Dimension1Panel/HangarPanel/D1_HangarVisualRoot/BottomNavigation/Nav_ÁRBOL	1	594.40	38.13	OK	Canvas/HUD/VerticalUIRoot/VerticalSafeAreaRoot/ContentSlot/Dimension1Panel/HangarPanel/D1_HangarVisualRoot/BottomNavigation/Nav_ÁRBOL	Canvas/HUD/VerticalUIRoot/VerticalSafeAreaRoot/ContentSlot/Dimension1Panel/HangarPanel/D1_HangarVisualRoot/BottomNavigation/Nav_ÁRBOL
06_hangar	720	1280	Canvas/HUD/VerticalUIRoot/VerticalSafeAreaRoot/ContentSlot/Dimension1Panel/HangarPanel/D1_HangarVisualRoot/BottomNavigation/Nav_ÁRBOL	2	673.60	38.13	OK	Canvas/HUD/VerticalUIRoot/VerticalSafeAreaRoot/ContentSlot/Dimension1Panel/HangarPanel/D1_HangarVisualRoot/BottomNavigation/Nav_ÁRBOL	Canvas/HUD/VerticalUIRoot/VerticalSafeAreaRoot/ContentSlot/Dimension1Panel/HangarPanel/D1_HangarVisualRoot/BottomNavigation/Nav_ÁRBOL
06_hangar	720	1280	Canvas/HUD/VerticalUIRoot/VerticalSafeAreaRoot/ContentSlot/Dimension1Panel/HangarPanel/D1_HangarVisualRoot/BottomNavigation/Nav_ÁRBOL	3	594.40	108.53	OK	Canvas/HUD/VerticalUIRoot/VerticalSafeAreaRoot/ContentSlot/Dimension1Panel/HangarPanel/D1_HangarVisualRoot/BottomNavigation/Nav_ÁRBOL	Canvas/HUD/VerticalUIRoot/VerticalSafeAreaRoot/ContentSlot/Dimension1Panel/HangarPanel/D1_HangarVisualRoot/BottomNavigation/Nav_ÁRBOL
06_hangar	720	1280	Canvas/HUD/VerticalUIRoot/VerticalSafeAreaRoot/ContentSlot/Dimension1Panel/HangarPanel/D1_HangarVisualRoot/BottomNavigation/Nav_ÁRBOL	4	673.60	108.53	OK	Canvas/HUD/VerticalUIRoot/VerticalSafeAreaRoot/ContentSlot/Dimension1Panel/HangarPanel/D1_HangarVisualRoot/BottomNavigation/Nav_ÁRBOL	Canvas/HUD/VerticalUIRoot/VerticalSafeAreaRoot/ContentSlot/Dimension1Panel/HangarPanel/D1_HangarVisualRoot/BottomNavigation/Nav_ÁRBOL
06_hangar	720	1280	Canvas/HUD/VerticalUIRoot/VerticalSafeAreaRoot/ContentSlot/Dimension1Panel/HangarPanel/D1_HangarVisualRoot/ShipCard_3	0	603.67	893.00	OK	Canvas/HUD/VerticalUIRoot/VerticalSafeAreaRoot/ContentSlot/Dimension1Panel/HangarPanel/D1_HangarVisualRoot/ShipCard_3	Canvas/HUD/VerticalUIRoot/VerticalSafeAreaRoot/ContentSlot/Dimension1Panel/HangarPanel/D1_HangarVisualRoot/ShipCard_3
06_hangar	720	1280	Canvas/HUD/VerticalUIRoot/VerticalSafeAreaRoot/ContentSlot/Dimension1Panel/HangarPanel/D1_HangarVisualRoot/ShipCard_3	1	557.87	823.20	OK	Canvas/HUD/VerticalUIRoot/VerticalSafeAreaRoot/ContentSlot/Dimension1Panel/HangarPanel/D1_HangarVisualRoot/ShipCard_3	Canvas/HUD/VerticalUIRoot/VerticalSafeAreaRoot/ContentSlot/Dimension1Panel/HangarPanel/D1_HangarVisualRoot/ShipCard_3
06_hangar	720	1280	Canvas/HUD/VerticalUIRoot/VerticalSafeAreaRoot/ContentSlot/Dimension1Panel/HangarPanel/D1_HangarVisualRoot/ShipCard_3	2	649.47	823.20	OK	Canvas/HUD/VerticalUIRoot/VerticalSafeAreaRoot/ContentSlot/Dimension1Panel/HangarPanel/D1_HangarVisualRoot/ShipCard_3	Canvas/HUD/VerticalUIRoot/VerticalSafeAreaRoot/ContentSlot/Dimension1Panel/HangarPanel/D1_HangarVisualRoot/ShipCard_3
06_hangar	720	1280	Canvas/HUD/VerticalUIRoot/VerticalSafeAreaRoot/ContentSlot/Dimension1Panel/HangarPanel/D1_HangarVisualRoot/ShipCard_3	3	557.87	962.80	OK	Canvas/HUD/VerticalUIRoot/VerticalSafeAreaRoot/ContentSlot/Dimension1Panel/HangarPanel/D1_HangarVisualRoot/ShipCard_3	Canvas/HUD/VerticalUIRoot/VerticalSafeAreaRoot/ContentSlot/Dimension1Panel/HangarPanel/D1_HangarVisualRoot/ShipCard_3
06_hangar	720	1280	Canvas/HUD/VerticalUIRoot/VerticalSafeAreaRoot/ContentSlot/Dimension1Panel/HangarPanel/D1_HangarVisualRoot/ShipCard_3	4	649.47	962.80	OK	Canvas/HUD/VerticalUIRoot/VerticalSafeAreaRoot/ContentSlot/Dimension1Panel/HangarPanel/D1_HangarVisualRoot/ShipCard_3	Canvas/HUD/VerticalUIRoot/VerticalSafeAreaRoot/ContentSlot/Dimension1Panel/HangarPanel/D1_HangarVisualRoot/ShipCard_3
06_hangar	720	1280	Canvas/HUD/VerticalUIRoot/VerticalSafeAreaRoot/ContentSlot/Dimension1Panel/HangarPanel/D1_HangarVisualRoot/PartCard_1	0	490.00	624.33	OK	Canvas/HUD/VerticalUIRoot/VerticalSafeAreaRoot/ContentSlot/Dimension1Panel/HangarPanel/D1_HangarVisualRoot/PartCard_1	Canvas/HUD/VerticalUIRoot/VerticalSafeAreaRoot/ContentSlot/Dimension1Panel/HangarPanel/D1_HangarVisualRoot/PartCard_1
06_hangar	720	1280	Canvas/HUD/VerticalUIRoot/VerticalSafeAreaRoot/ContentSlot/Dimension1Panel/HangarPanel/D1_HangarVisualRoot/PartCard_1	1	376.80	599.73	OK	Canvas/HUD/VerticalUIRoot/VerticalSafeAreaRoot/ContentSlot/Dimension1Panel/HangarPanel/D1_HangarVisualRoot/PartCard_1	Canvas/HUD/VerticalUIRoot/VerticalSafeAreaRoot/ContentSlot/Dimension1Panel/HangarPanel/D1_HangarVisualRoot/PartCard_1
06_hangar	720	1280	Canvas/HUD/VerticalUIRoot/VerticalSafeAreaRoot/ContentSlot/Dimension1Panel/HangarPanel/D1_HangarVisualRoot/PartCard_1	2	603.20	599.73	OK	Canvas/HUD/VerticalUIRoot/VerticalSafeAreaRoot/ContentSlot/Dimension1Panel/HangarPanel/D1_HangarVisualRoot/PartCard_1	Canvas/HUD/VerticalUIRoot/VerticalSafeAreaRoot/ContentSlot/Dimension1Panel/HangarPanel/D1_HangarVisualRoot/PartCard_1
06_hangar	720	1280	Canvas/HUD/VerticalUIRoot/VerticalSafeAreaRoot/ContentSlot/Dimension1Panel/HangarPanel/D1_HangarVisualRoot/PartCard_1	3	376.80	648.93	OK	Canvas/HUD/VerticalUIRoot/VerticalSafeAreaRoot/ContentSlot/Dimension1Panel/HangarPanel/D1_HangarVisualRoot/PartCard_1	Canvas/HUD/VerticalUIRoot/VerticalSafeAreaRoot/ContentSlot/Dimension1Panel/HangarPanel/D1_HangarVisualRoot/PartCard_1
06_hangar	720	1280	Canvas/HUD/VerticalUIRoot/VerticalSafeAreaRoot/ContentSlot/Dimension1Panel/HangarPanel/D1_HangarVisualRoot/PartCard_1	4	603.20	648.93	OK	Canvas/HUD/VerticalUIRoot/VerticalSafeAreaRoot/ContentSlot/Dimension1Panel/HangarPanel/D1_HangarVisualRoot/PartCard_1	Canvas/HUD/VerticalUIRoot/VerticalSafeAreaRoot/ContentSlot/Dimension1Panel/HangarPanel/D1_HangarVisualRoot/PartCard_1
06_hangar	720	1280	Canvas/HUD/VerticalUIRoot/VerticalSafeAreaRoot/ContentSlot/Dimension1Panel/HangarPanel/D1_HangarVisualRoot/MetalsButton	0	614.33	1178.67	OK	Canvas/HUD/VerticalUIRoot/VerticalSafeAreaRoot/ContentSlot/Dimension1Panel/HangarPanel/D1_HangarVisualRoot/MetalsButton	Canvas/HUD/VerticalUIRoot/VerticalSafeAreaRoot/ContentSlot/Dimension1Panel/HangarPanel/D1_HangarVisualRoot/MetalsButton
06_hangar	720	1280	Canvas/HUD/VerticalUIRoot/VerticalSafeAreaRoot/ContentSlot/Dimension1Panel/HangarPanel/D1_HangarVisualRoot/MetalsButton	1	565.33	1158.67	OK	Canvas/HUD/VerticalUIRoot/VerticalSafeAreaRoot/ContentSlot/Dimension1Panel/HangarPanel/D1_HangarVisualRoot/MetalsButton	Canvas/HUD/VerticalUIRoot/VerticalSafeAreaRoot/ContentSlot/Dimension1Panel/HangarPanel/D1_HangarVisualRoot/MetalsButton
06_hangar	720	1280	Canvas/HUD/VerticalUIRoot/VerticalSafeAreaRoot/ContentSlot/Dimension1Panel/HangarPanel/D1_HangarVisualRoot/MetalsButton	2	663.33	1158.67	OK	Canvas/HUD/VerticalUIRoot/VerticalSafeAreaRoot/ContentSlot/Dimension1Panel/HangarPanel/D1_HangarVisualRoot/MetalsButton	Canvas/HUD/VerticalUIRoot/VerticalSafeAreaRoot/ContentSlot/Dimension1Panel/HangarPanel/D1_HangarVisualRoot/MetalsButton
06_hangar	720	1280	Canvas/HUD/VerticalUIRoot/VerticalSafeAreaRoot/ContentSlot/Dimension1Panel/HangarPanel/D1_HangarVisualRoot/MetalsButton	3	565.33	1198.67	OK	Canvas/HUD/VerticalUIRoot/VerticalSafeAreaRoot/ContentSlot/Dimension1Panel/HangarPanel/D1_HangarVisualRoot/MetalsButton	Canvas/HUD/VerticalUIRoot/VerticalSafeAreaRoot/ContentSlot/Dimension1Panel/HangarPanel/D1_HangarVisualRoot/MetalsButton
06_hangar	720	1280	Canvas/HUD/VerticalUIRoot/VerticalSafeAreaRoot/ContentSlot/Dimension1Panel/HangarPanel/D1_HangarVisualRoot/MetalsButton	4	663.33	1198.67	OK	Canvas/HUD/VerticalUIRoot/VerticalSafeAreaRoot/ContentSlot/Dimension1Panel/HangarPanel/D1_HangarVisualRoot/MetalsButton	Canvas/HUD/VerticalUIRoot/VerticalSafeAreaRoot/ContentSlot/Dimension1Panel/HangarPanel/D1_HangarVisualRoot/MetalsButton
06_hangar	720	1280	Canvas/HUD/VerticalUIRoot/VerticalSafeAreaRoot/ContentSlot/Dimension1Panel/HangarPanel/D1_HangarVisualRoot/ShipCard_2	0	441.00	893.00	OK	Canvas/HUD/VerticalUIRoot/VerticalSafeAreaRoot/ContentSlot/Dimension1Panel/HangarPanel/D1_HangarVisualRoot/ShipCard_2	Canvas/HUD/VerticalUIRoot/VerticalSafeAreaRoot/ContentSlot/Dimension1Panel/HangarPanel/D1_HangarVisualRoot/ShipCard_2
06_hangar	720	1280	Canvas/HUD/VerticalUIRoot/VerticalSafeAreaRoot/ContentSlot/Dimension1Panel/HangarPanel/D1_HangarVisualRoot/ShipCard_2	1	395.20	823.20	OK	Canvas/HUD/VerticalUIRoot/VerticalSafeAreaRoot/ContentSlot/Dimension1Panel/HangarPanel/D1_HangarVisualRoot/ShipCard_2	Canvas/HUD/VerticalUIRoot/VerticalSafeAreaRoot/ContentSlot/Dimension1Panel/HangarPanel/D1_HangarVisualRoot/ShipCard_2
06_hangar	720	1280	Canvas/HUD/VerticalUIRoot/VerticalSafeAreaRoot/ContentSlot/Dimension1Panel/HangarPanel/D1_HangarVisualRoot/ShipCard_2	2	486.80	823.20	OK	Canvas/HUD/VerticalUIRoot/VerticalSafeAreaRoot/ContentSlot/Dimension1Panel/HangarPanel/D1_HangarVisualRoot/ShipCard_2	Canvas/HUD/VerticalUIRoot/VerticalSafeAreaRoot/ContentSlot/Dimension1Panel/HangarPanel/D1_HangarVisualRoot/ShipCard_2
06_hangar	720	1280	Canvas/HUD/VerticalUIRoot/VerticalSafeAreaRoot/ContentSlot/Dimension1Panel/HangarPanel/D1_HangarVisualRoot/ShipCard_2	3	395.20	962.80	OK	Canvas/HUD/VerticalUIRoot/VerticalSafeAreaRoot/ContentSlot/Dimension1Panel/HangarPanel/D1_HangarVisualRoot/ShipCard_2	Canvas/HUD/VerticalUIRoot/VerticalSafeAreaRoot/ContentSlot/Dimension1Panel/HangarPanel/D1_HangarVisualRoot/ShipCard_2
06_hangar	720	1280	Canvas/HUD/VerticalUIRoot/VerticalSafeAreaRoot/ContentSlot/Dimension1Panel/HangarPanel/D1_HangarVisualRoot/ShipCard_2	4	486.80	962.80	OK	Canvas/HUD/VerticalUIRoot/VerticalSafeAreaRoot/ContentSlot/Dimension1Panel/HangarPanel/D1_HangarVisualRoot/ShipCard_2	Canvas/HUD/VerticalUIRoot/VerticalSafeAreaRoot/ContentSlot/Dimension1Panel/HangarPanel/D1_HangarVisualRoot/ShipCard_2
06_hangar	720	1280	Canvas/HUD/VerticalUIRoot/VerticalSafeAreaRoot/ContentSlot/Dimension1Panel/HangarPanel/D1_HangarVisualRoot/CommandCenter	0	74.67	1178.67	OK	Canvas/HUD/VerticalUIRoot/VerticalSafeAreaRoot/ContentSlot/Dimension1Panel/HangarPanel/D1_HangarVisualRoot/CommandCenter	Canvas/HUD/VerticalUIRoot/VerticalSafeAreaRoot/ContentSlot/Dimension1Panel/HangarPanel/D1_HangarVisualRoot/CommandCenter
06_hangar	720	1280	Canvas/HUD/VerticalUIRoot/VerticalSafeAreaRoot/ContentSlot/Dimension1Panel/HangarPanel/D1_HangarVisualRoot/CommandCenter	1	39.47	1158.67	OK	Canvas/HUD/VerticalUIRoot/VerticalSafeAreaRoot/ContentSlot/Dimension1Panel/HangarPanel/D1_HangarVisualRoot/CommandCenter	Canvas/HUD/VerticalUIRoot/VerticalSafeAreaRoot/ContentSlot/Dimension1Panel/HangarPanel/D1_HangarVisualRoot/CommandCenter
06_hangar	720	1280	Canvas/HUD/VerticalUIRoot/VerticalSafeAreaRoot/ContentSlot/Dimension1Panel/HangarPanel/D1_HangarVisualRoot/CommandCenter	2	109.87	1158.67	OK	Canvas/HUD/VerticalUIRoot/VerticalSafeAreaRoot/ContentSlot/Dimension1Panel/HangarPanel/D1_HangarVisualRoot/CommandCenter	Canvas/HUD/VerticalUIRoot/VerticalSafeAreaRoot/ContentSlot/Dimension1Panel/HangarPanel/D1_HangarVisualRoot/CommandCenter
06_hangar	720	1280	Canvas/HUD/VerticalUIRoot/VerticalSafeAreaRoot/ContentSlot/Dimension1Panel/HangarPanel/D1_HangarVisualRoot/CommandCenter	3	39.47	1198.67	OK	Canvas/HUD/VerticalUIRoot/VerticalSafeAreaRoot/ContentSlot/Dimension1Panel/HangarPanel/D1_HangarVisualRoot/CommandCenter	Canvas/HUD/VerticalUIRoot/VerticalSafeAreaRoot/ContentSlot/Dimension1Panel/HangarPanel/D1_HangarVisualRoot/CommandCenter
06_hangar	720	1280	Canvas/HUD/VerticalUIRoot/VerticalSafeAreaRoot/ContentSlot/Dimension1Panel/HangarPanel/D1_HangarVisualRoot/CommandCenter	4	109.87	1198.67	OK	Canvas/HUD/VerticalUIRoot/VerticalSafeAreaRoot/ContentSlot/Dimension1Panel/HangarPanel/D1_HangarVisualRoot/CommandCenter	Canvas/HUD/VerticalUIRoot/VerticalSafeAreaRoot/ContentSlot/Dimension1Panel/HangarPanel/D1_HangarVisualRoot/CommandCenter
06_hangar	720	1280	Canvas/HUD/VerticalUIRoot/VerticalSafeAreaRoot/ContentSlot/Dimension1Panel/HangarPanel/D1_HangarVisualRoot/BottomNavigation/Nav_GALAXIA	0	82.00	73.33	OK	Canvas/HUD/VerticalUIRoot/VerticalSafeAreaRoot/ContentSlot/Dimension1Panel/HangarPanel/D1_HangarVisualRoot/BottomNavigation/Nav_GALAXIA	Canvas/HUD/VerticalUIRoot/VerticalSafeAreaRoot/ContentSlot/Dimension1Panel/HangarPanel/D1_HangarVisualRoot/BottomNavigation/Nav_GALAXIA
06_hangar	720	1280	Canvas/HUD/VerticalUIRoot/VerticalSafeAreaRoot/ContentSlot/Dimension1Panel/HangarPanel/D1_HangarVisualRoot/BottomNavigation/Nav_GALAXIA	1	42.40	38.13	OK	Canvas/HUD/VerticalUIRoot/VerticalSafeAreaRoot/ContentSlot/Dimension1Panel/HangarPanel/D1_HangarVisualRoot/BottomNavigation/Nav_GALAXIA	Canvas/HUD/VerticalUIRoot/VerticalSafeAreaRoot/ContentSlot/Dimension1Panel/HangarPanel/D1_HangarVisualRoot/BottomNavigation/Nav_GALAXIA
06_hangar	720	1280	Canvas/HUD/VerticalUIRoot/VerticalSafeAreaRoot/ContentSlot/Dimension1Panel/HangarPanel/D1_HangarVisualRoot/BottomNavigation/Nav_GALAXIA	2	121.60	38.13	OK	Canvas/HUD/VerticalUIRoot/VerticalSafeAreaRoot/ContentSlot/Dimension1Panel/HangarPanel/D1_HangarVisualRoot/BottomNavigation/Nav_GALAXIA	Canvas/HUD/VerticalUIRoot/VerticalSafeAreaRoot/ContentSlot/Dimension1Panel/HangarPanel/D1_HangarVisualRoot/BottomNavigation/Nav_GALAXIA
06_hangar	720	1280	Canvas/HUD/VerticalUIRoot/VerticalSafeAreaRoot/ContentSlot/Dimension1Panel/HangarPanel/D1_HangarVisualRoot/BottomNavigation/Nav_GALAXIA	3	42.40	108.53	OK	Canvas/HUD/VerticalUIRoot/VerticalSafeAreaRoot/ContentSlot/Dimension1Panel/HangarPanel/D1_HangarVisualRoot/BottomNavigation/Nav_GALAXIA	Canvas/HUD/VerticalUIRoot/VerticalSafeAreaRoot/ContentSlot/Dimension1Panel/HangarPanel/D1_HangarVisualRoot/BottomNavigation/Nav_GALAXIA
06_hangar	720	1280	Canvas/HUD/VerticalUIRoot/VerticalSafeAreaRoot/ContentSlot/Dimension1Panel/HangarPanel/D1_HangarVisualRoot/BottomNavigation/Nav_GALAXIA	4	121.60	108.53	OK	Canvas/HUD/VerticalUIRoot/VerticalSafeAreaRoot/ContentSlot/Dimension1Panel/HangarPanel/D1_HangarVisualRoot/BottomNavigation/Nav_GALAXIA	Canvas/HUD/VerticalUIRoot/VerticalSafeAreaRoot/ContentSlot/Dimension1Panel/HangarPanel/D1_HangarVisualRoot/BottomNavigation/Nav_GALAXIA
06_hangar	720	1280	Canvas/HUD/VerticalUIRoot/VerticalSafeAreaRoot/ContentSlot/Dimension1Panel/HangarPanel/D1_HangarVisualRoot/BottomNavigation/Nav_EXPLORAR	0	220.00	73.33	OK	Canvas/HUD/VerticalUIRoot/VerticalSafeAreaRoot/ContentSlot/Dimension1Panel/HangarPanel/D1_HangarVisualRoot/BottomNavigation/Nav_EXPLORAR	Canvas/HUD/VerticalUIRoot/VerticalSafeAreaRoot/ContentSlot/Dimension1Panel/HangarPanel/D1_HangarVisualRoot/BottomNavigation/Nav_EXPLORAR
06_hangar	720	1280	Canvas/HUD/VerticalUIRoot/VerticalSafeAreaRoot/ContentSlot/Dimension1Panel/HangarPanel/D1_HangarVisualRoot/BottomNavigation/Nav_EXPLORAR	1	180.40	38.13	OK	Canvas/HUD/VerticalUIRoot/VerticalSafeAreaRoot/ContentSlot/Dimension1Panel/HangarPanel/D1_HangarVisualRoot/BottomNavigation/Nav_EXPLORAR	Canvas/HUD/VerticalUIRoot/VerticalSafeAreaRoot/ContentSlot/Dimension1Panel/HangarPanel/D1_HangarVisualRoot/BottomNavigation/Nav_EXPLORAR
06_hangar	720	1280	Canvas/HUD/VerticalUIRoot/VerticalSafeAreaRoot/ContentSlot/Dimension1Panel/HangarPanel/D1_HangarVisualRoot/BottomNavigation/Nav_EXPLORAR	2	259.60	38.13	OK	Canvas/HUD/VerticalUIRoot/VerticalSafeAreaRoot/ContentSlot/Dimension1Panel/HangarPanel/D1_HangarVisualRoot/BottomNavigation/Nav_EXPLORAR	Canvas/HUD/VerticalUIRoot/VerticalSafeAreaRoot/ContentSlot/Dimension1Panel/HangarPanel/D1_HangarVisualRoot/BottomNavigation/Nav_EXPLORAR
06_hangar	720	1280	Canvas/HUD/VerticalUIRoot/VerticalSafeAreaRoot/ContentSlot/Dimension1Panel/HangarPanel/D1_HangarVisualRoot/BottomNavigation/Nav_EXPLORAR	3	180.40	108.53	OK	Canvas/HUD/VerticalUIRoot/VerticalSafeAreaRoot/ContentSlot/Dimension1Panel/HangarPanel/D1_HangarVisualRoot/BottomNavigation/Nav_EXPLORAR	Canvas/HUD/VerticalUIRoot/VerticalSafeAreaRoot/ContentSlot/Dimension1Panel/HangarPanel/D1_HangarVisualRoot/BottomNavigation/Nav_EXPLORAR
06_hangar	720	1280	Canvas/HUD/VerticalUIRoot/VerticalSafeAreaRoot/ContentSlot/Dimension1Panel/HangarPanel/D1_HangarVisualRoot/BottomNavigation/Nav_EXPLORAR	4	259.60	108.53	OK	Canvas/HUD/VerticalUIRoot/VerticalSafeAreaRoot/ContentSlot/Dimension1Panel/HangarPanel/D1_HangarVisualRoot/BottomNavigation/Nav_EXPLORAR	Canvas/HUD/VerticalUIRoot/VerticalSafeAreaRoot/ContentSlot/Dimension1Panel/HangarPanel/D1_HangarVisualRoot/BottomNavigation/Nav_EXPLORAR
07_hangar_to_center	720	1280	Canvas/HUD/VerticalUIRoot/VerticalSafeAreaRoot/ContentSlot/Dimension1Panel/D1CommandCenterProductionRoot/Nav_EXPLORAR	0	220.00	73.33	OK	Canvas/HUD/VerticalUIRoot/VerticalSafeAreaRoot/ContentSlot/Dimension1Panel/D1CommandCenterProductionRoot/Nav_EXPLORAR	Canvas/HUD/VerticalUIRoot/VerticalSafeAreaRoot/ContentSlot/Dimension1Panel/D1CommandCenterProductionRoot/Nav_EXPLORAR
07_hangar_to_center	720	1280	Canvas/HUD/VerticalUIRoot/VerticalSafeAreaRoot/ContentSlot/Dimension1Panel/D1CommandCenterProductionRoot/Nav_EXPLORAR	1	180.40	38.13	OK	Canvas/HUD/VerticalUIRoot/VerticalSafeAreaRoot/ContentSlot/Dimension1Panel/D1CommandCenterProductionRoot/Nav_EXPLORAR	Canvas/HUD/VerticalUIRoot/VerticalSafeAreaRoot/ContentSlot/Dimension1Panel/D1CommandCenterProductionRoot/Nav_EXPLORAR
07_hangar_to_center	720	1280	Canvas/HUD/VerticalUIRoot/VerticalSafeAreaRoot/ContentSlot/Dimension1Panel/D1CommandCenterProductionRoot/Nav_EXPLORAR	2	259.60	38.13	OK	Canvas/HUD/VerticalUIRoot/VerticalSafeAreaRoot/ContentSlot/Dimension1Panel/D1CommandCenterProductionRoot/Nav_EXPLORAR	Canvas/HUD/VerticalUIRoot/VerticalSafeAreaRoot/ContentSlot/Dimension1Panel/D1CommandCenterProductionRoot/Nav_EXPLORAR
07_hangar_to_center	720	1280	Canvas/HUD/VerticalUIRoot/VerticalSafeAreaRoot/ContentSlot/Dimension1Panel/D1CommandCenterProductionRoot/Nav_EXPLORAR	3	180.40	108.53	OK	Canvas/HUD/VerticalUIRoot/VerticalSafeAreaRoot/ContentSlot/Dimension1Panel/D1CommandCenterProductionRoot/Nav_EXPLORAR	Canvas/HUD/VerticalUIRoot/VerticalSafeAreaRoot/ContentSlot/Dimension1Panel/D1CommandCenterProductionRoot/Nav_EXPLORAR
07_hangar_to_center	720	1280	Canvas/HUD/VerticalUIRoot/VerticalSafeAreaRoot/ContentSlot/Dimension1Panel/D1CommandCenterProductionRoot/Nav_EXPLORAR	4	259.60	108.53	OK	Canvas/HUD/VerticalUIRoot/VerticalSafeAreaRoot/ContentSlot/Dimension1Panel/D1CommandCenterProductionRoot/Nav_EXPLORAR	Canvas/HUD/VerticalUIRoot/VerticalSafeAreaRoot/ContentSlot/Dimension1Panel/D1CommandCenterProductionRoot/Nav_EXPLORAR
07_hangar_to_center	720	1280	Canvas/HUD/VerticalUIRoot/VerticalSafeAreaRoot/ContentSlot/Dimension1Panel/D1CommandCenterProductionRoot/CommandDashboard/TreeCard	0	619.33	659.33	OK	Canvas/HUD/VerticalUIRoot/VerticalSafeAreaRoot/ContentSlot/Dimension1Panel/D1CommandCenterProductionRoot/CommandDashboard/TreeCard	Canvas/HUD/VerticalUIRoot/VerticalSafeAreaRoot/ContentSlot/Dimension1Panel/D1CommandCenterProductionRoot/CommandDashboard/TreeCard
07_hangar_to_center	720	1280	Canvas/HUD/VerticalUIRoot/VerticalSafeAreaRoot/ContentSlot/Dimension1Panel/D1CommandCenterProductionRoot/CommandDashboard/TreeCard	1	562.13	602.53	OK	Canvas/HUD/VerticalUIRoot/VerticalSafeAreaRoot/ContentSlot/Dimension1Panel/D1CommandCenterProductionRoot/CommandDashboard/TreeCard	Canvas/HUD/VerticalUIRoot/VerticalSafeAreaRoot/ContentSlot/Dimension1Panel/D1CommandCenterProductionRoot/CommandDashboard/TreeCard
07_hangar_to_center	720	1280	Canvas/HUD/VerticalUIRoot/VerticalSafeAreaRoot/ContentSlot/Dimension1Panel/D1CommandCenterProductionRoot/CommandDashboard/TreeCard	2	676.53	602.53	OK	Canvas/HUD/VerticalUIRoot/VerticalSafeAreaRoot/ContentSlot/Dimension1Panel/D1CommandCenterProductionRoot/CommandDashboard/TreeCard	Canvas/HUD/VerticalUIRoot/VerticalSafeAreaRoot/ContentSlot/Dimension1Panel/D1CommandCenterProductionRoot/CommandDashboard/TreeCard
07_hangar_to_center	720	1280	Canvas/HUD/VerticalUIRoot/VerticalSafeAreaRoot/ContentSlot/Dimension1Panel/D1CommandCenterProductionRoot/CommandDashboard/TreeCard	3	562.13	716.13	OK	Canvas/HUD/VerticalUIRoot/VerticalSafeAreaRoot/ContentSlot/Dimension1Panel/D1CommandCenterProductionRoot/CommandDashboard/TreeCard/DetailedLineIcon	Canvas/HUD/VerticalUIRoot/VerticalSafeAreaRoot/ContentSlot/Dimension1Panel/D1CommandCenterProductionRoot/CommandDashboard/TreeCard
07_hangar_to_center	720	1280	Canvas/HUD/VerticalUIRoot/VerticalSafeAreaRoot/ContentSlot/Dimension1Panel/D1CommandCenterProductionRoot/CommandDashboard/TreeCard	4	676.53	716.13	OK	Canvas/HUD/VerticalUIRoot/VerticalSafeAreaRoot/ContentSlot/Dimension1Panel/D1CommandCenterProductionRoot/CommandDashboard/TreeCard/DetailedLineIcon	Canvas/HUD/VerticalUIRoot/VerticalSafeAreaRoot/ContentSlot/Dimension1Panel/D1CommandCenterProductionRoot/CommandDashboard/TreeCard
07_hangar_to_center	720	1280	Canvas/HUD/VerticalUIRoot/VerticalSafeAreaRoot/ContentSlot/Dimension1Panel/D1CommandCenterProductionRoot/DimensionDrawerToggle	0	360.00	151.33	OK	Canvas/HUD/VerticalUIRoot/VerticalSafeAreaRoot/ContentSlot/Dimension1Panel/D1CommandCenterProductionRoot/DimensionDrawerToggle	Canvas/HUD/VerticalUIRoot/VerticalSafeAreaRoot/ContentSlot/Dimension1Panel/D1CommandCenterProductionRoot/DimensionDrawerToggle
07_hangar_to_center	720	1280	Canvas/HUD/VerticalUIRoot/VerticalSafeAreaRoot/ContentSlot/Dimension1Panel/D1CommandCenterProductionRoot/DimensionDrawerToggle	1	310.00	144.53	OK	Canvas/HUD/VerticalUIRoot/VerticalSafeAreaRoot/ContentSlot/Dimension1Panel/D1CommandCenterProductionRoot/DimensionDrawerToggle	Canvas/HUD/VerticalUIRoot/VerticalSafeAreaRoot/ContentSlot/Dimension1Panel/D1CommandCenterProductionRoot/DimensionDrawerToggle
07_hangar_to_center	720	1280	Canvas/HUD/VerticalUIRoot/VerticalSafeAreaRoot/ContentSlot/Dimension1Panel/D1CommandCenterProductionRoot/DimensionDrawerToggle	2	410.00	144.53	OK	Canvas/HUD/VerticalUIRoot/VerticalSafeAreaRoot/ContentSlot/Dimension1Panel/D1CommandCenterProductionRoot/DimensionDrawerToggle	Canvas/HUD/VerticalUIRoot/VerticalSafeAreaRoot/ContentSlot/Dimension1Panel/D1CommandCenterProductionRoot/DimensionDrawerToggle
07_hangar_to_center	720	1280	Canvas/HUD/VerticalUIRoot/VerticalSafeAreaRoot/ContentSlot/Dimension1Panel/D1CommandCenterProductionRoot/DimensionDrawerToggle	3	310.00	158.13	OK	Canvas/HUD/VerticalUIRoot/VerticalSafeAreaRoot/ContentSlot/Dimension1Panel/D1CommandCenterProductionRoot/DimensionDrawerToggle	Canvas/HUD/VerticalUIRoot/VerticalSafeAreaRoot/ContentSlot/Dimension1Panel/D1CommandCenterProductionRoot/DimensionDrawerToggle
07_hangar_to_center	720	1280	Canvas/HUD/VerticalUIRoot/VerticalSafeAreaRoot/ContentSlot/Dimension1Panel/D1CommandCenterProductionRoot/DimensionDrawerToggle	4	410.00	158.13	OK	Canvas/HUD/VerticalUIRoot/VerticalSafeAreaRoot/ContentSlot/Dimension1Panel/D1CommandCenterProductionRoot/DimensionDrawerToggle	Canvas/HUD/VerticalUIRoot/VerticalSafeAreaRoot/ContentSlot/Dimension1Panel/D1CommandCenterProductionRoot/DimensionDrawerToggle
07_hangar_to_center	720	1280	Canvas/HUD/VerticalUIRoot/VerticalSafeAreaRoot/ContentSlot/Dimension1Panel/D1CommandCenterProductionRoot/Nav_ÁRBOL	0	634.00	73.33	OK	Canvas/HUD/VerticalUIRoot/VerticalSafeAreaRoot/ContentSlot/Dimension1Panel/D1CommandCenterProductionRoot/Nav_ÁRBOL	Canvas/HUD/VerticalUIRoot/VerticalSafeAreaRoot/ContentSlot/Dimension1Panel/D1CommandCenterProductionRoot/Nav_ÁRBOL
07_hangar_to_center	720	1280	Canvas/HUD/VerticalUIRoot/VerticalSafeAreaRoot/ContentSlot/Dimension1Panel/D1CommandCenterProductionRoot/Nav_ÁRBOL	1	594.40	38.13	OK	Canvas/HUD/VerticalUIRoot/VerticalSafeAreaRoot/ContentSlot/Dimension1Panel/D1CommandCenterProductionRoot/Nav_ÁRBOL	Canvas/HUD/VerticalUIRoot/VerticalSafeAreaRoot/ContentSlot/Dimension1Panel/D1CommandCenterProductionRoot/Nav_ÁRBOL
07_hangar_to_center	720	1280	Canvas/HUD/VerticalUIRoot/VerticalSafeAreaRoot/ContentSlot/Dimension1Panel/D1CommandCenterProductionRoot/Nav_ÁRBOL	2	673.60	38.13	OK	Canvas/HUD/VerticalUIRoot/VerticalSafeAreaRoot/ContentSlot/Dimension1Panel/D1CommandCenterProductionRoot/Nav_ÁRBOL	Canvas/HUD/VerticalUIRoot/VerticalSafeAreaRoot/ContentSlot/Dimension1Panel/D1CommandCenterProductionRoot/Nav_ÁRBOL
07_hangar_to_center	720	1280	Canvas/HUD/VerticalUIRoot/VerticalSafeAreaRoot/ContentSlot/Dimension1Panel/D1CommandCenterProductionRoot/Nav_ÁRBOL	3	594.40	108.53	OK	Canvas/HUD/VerticalUIRoot/VerticalSafeAreaRoot/ContentSlot/Dimension1Panel/D1CommandCenterProductionRoot/Nav_ÁRBOL	Canvas/HUD/VerticalUIRoot/VerticalSafeAreaRoot/ContentSlot/Dimension1Panel/D1CommandCenterProductionRoot/Nav_ÁRBOL
07_hangar_to_center	720	1280	Canvas/HUD/VerticalUIRoot/VerticalSafeAreaRoot/ContentSlot/Dimension1Panel/D1CommandCenterProductionRoot/Nav_ÁRBOL	4	673.60	108.53	OK	Canvas/HUD/VerticalUIRoot/VerticalSafeAreaRoot/ContentSlot/Dimension1Panel/D1CommandCenterProductionRoot/Nav_ÁRBOL	Canvas/HUD/VerticalUIRoot/VerticalSafeAreaRoot/ContentSlot/Dimension1Panel/D1CommandCenterProductionRoot/Nav_ÁRBOL
07_hangar_to_center	720	1280	Canvas/HUD/VerticalUIRoot/VerticalSafeAreaRoot/ContentSlot/Dimension1Panel/D1CommandCenterProductionRoot/CommandDashboard/SectorCard	0	100.67	861.33	OK	Canvas/HUD/VerticalUIRoot/VerticalSafeAreaRoot/ContentSlot/Dimension1Panel/D1CommandCenterProductionRoot/CommandDashboard/SectorCard	Canvas/HUD/VerticalUIRoot/VerticalSafeAreaRoot/ContentSlot/Dimension1Panel/D1CommandCenterProductionRoot/CommandDashboard/SectorCard
07_hangar_to_center	720	1280	Canvas/HUD/VerticalUIRoot/VerticalSafeAreaRoot/ContentSlot/Dimension1Panel/D1CommandCenterProductionRoot/CommandDashboard/SectorCard	1	43.47	804.53	OK	Canvas/HUD/VerticalUIRoot/VerticalSafeAreaRoot/ContentSlot/Dimension1Panel/D1CommandCenterProductionRoot/CommandDashboard/SectorCard	Canvas/HUD/VerticalUIRoot/VerticalSafeAreaRoot/ContentSlot/Dimension1Panel/D1CommandCenterProductionRoot/CommandDashboard/SectorCard
07_hangar_to_center	720	1280	Canvas/HUD/VerticalUIRoot/VerticalSafeAreaRoot/ContentSlot/Dimension1Panel/D1CommandCenterProductionRoot/CommandDashboard/SectorCard	2	157.87	804.53	OK	Canvas/HUD/VerticalUIRoot/VerticalSafeAreaRoot/ContentSlot/Dimension1Panel/D1CommandCenterProductionRoot/CommandDashboard/SectorCard	Canvas/HUD/VerticalUIRoot/VerticalSafeAreaRoot/ContentSlot/Dimension1Panel/D1CommandCenterProductionRoot/CommandDashboard/SectorCard
07_hangar_to_center	720	1280	Canvas/HUD/VerticalUIRoot/VerticalSafeAreaRoot/ContentSlot/Dimension1Panel/D1CommandCenterProductionRoot/CommandDashboard/SectorCard	3	43.47	918.13	OK	Canvas/HUD/VerticalUIRoot/VerticalSafeAreaRoot/ContentSlot/Dimension1Panel/D1CommandCenterProductionRoot/CommandDashboard/SectorCard/DetailedLineIcon	Canvas/HUD/VerticalUIRoot/VerticalSafeAreaRoot/ContentSlot/Dimension1Panel/D1CommandCenterProductionRoot/CommandDashboard/SectorCard
07_hangar_to_center	720	1280	Canvas/HUD/VerticalUIRoot/VerticalSafeAreaRoot/ContentSlot/Dimension1Panel/D1CommandCenterProductionRoot/CommandDashboard/SectorCard	4	157.87	918.13	OK	Canvas/HUD/VerticalUIRoot/VerticalSafeAreaRoot/ContentSlot/Dimension1Panel/D1CommandCenterProductionRoot/CommandDashboard/SectorCard/DetailedLineIcon	Canvas/HUD/VerticalUIRoot/VerticalSafeAreaRoot/ContentSlot/Dimension1Panel/D1CommandCenterProductionRoot/CommandDashboard/SectorCard
07_hangar_to_center	720	1280	Canvas/HUD/VerticalUIRoot/VerticalSafeAreaRoot/ContentSlot/Dimension1Panel/OpenGalaxyPanelButton	0	826.67	1017.33	OFFSCREEN	<none>	<none>
07_hangar_to_center	720	1280	Canvas/HUD/VerticalUIRoot/VerticalSafeAreaRoot/ContentSlot/Dimension1Panel/OpenGalaxyPanelButton	1	794.67	1011.33	OFFSCREEN	<none>	<none>
07_hangar_to_center	720	1280	Canvas/HUD/VerticalUIRoot/VerticalSafeAreaRoot/ContentSlot/Dimension1Panel/OpenGalaxyPanelButton	2	858.67	1011.33	OFFSCREEN	<none>	<none>
07_hangar_to_center	720	1280	Canvas/HUD/VerticalUIRoot/VerticalSafeAreaRoot/ContentSlot/Dimension1Panel/OpenGalaxyPanelButton	3	794.67	1023.33	OFFSCREEN	<none>	<none>
07_hangar_to_center	720	1280	Canvas/HUD/VerticalUIRoot/VerticalSafeAreaRoot/ContentSlot/Dimension1Panel/OpenGalaxyPanelButton	4	858.67	1023.33	OFFSCREEN	<none>	<none>
07_hangar_to_center	720	1280	Canvas/HUD/VerticalUIRoot/VerticalSafeAreaRoot/ContentSlot/Dimension1Panel/D1CommandCenterProductionRoot/CommandDashboard/FleetCard	0	100.67	457.33	OK	Canvas/HUD/VerticalUIRoot/VerticalSafeAreaRoot/ContentSlot/Dimension1Panel/D1CommandCenterProductionRoot/CommandDashboard/FleetCard	Canvas/HUD/VerticalUIRoot/VerticalSafeAreaRoot/ContentSlot/Dimension1Panel/D1CommandCenterProductionRoot/CommandDashboard/FleetCard
07_hangar_to_center	720	1280	Canvas/HUD/VerticalUIRoot/VerticalSafeAreaRoot/ContentSlot/Dimension1Panel/D1CommandCenterProductionRoot/CommandDashboard/FleetCard	1	43.47	400.53	OK	Canvas/HUD/VerticalUIRoot/VerticalSafeAreaRoot/ContentSlot/Dimension1Panel/D1CommandCenterProductionRoot/CommandDashboard/FleetCard	Canvas/HUD/VerticalUIRoot/VerticalSafeAreaRoot/ContentSlot/Dimension1Panel/D1CommandCenterProductionRoot/CommandDashboard/FleetCard
07_hangar_to_center	720	1280	Canvas/HUD/VerticalUIRoot/VerticalSafeAreaRoot/ContentSlot/Dimension1Panel/D1CommandCenterProductionRoot/CommandDashboard/FleetCard	2	157.87	400.53	OK	Canvas/HUD/VerticalUIRoot/VerticalSafeAreaRoot/ContentSlot/Dimension1Panel/D1CommandCenterProductionRoot/CommandDashboard/FleetCard	Canvas/HUD/VerticalUIRoot/VerticalSafeAreaRoot/ContentSlot/Dimension1Panel/D1CommandCenterProductionRoot/CommandDashboard/FleetCard
07_hangar_to_center	720	1280	Canvas/HUD/VerticalUIRoot/VerticalSafeAreaRoot/ContentSlot/Dimension1Panel/D1CommandCenterProductionRoot/CommandDashboard/FleetCard	3	43.47	514.13	OK	Canvas/HUD/VerticalUIRoot/VerticalSafeAreaRoot/ContentSlot/Dimension1Panel/D1CommandCenterProductionRoot/CommandDashboard/FleetCard/DetailedLineIcon	Canvas/HUD/VerticalUIRoot/VerticalSafeAreaRoot/ContentSlot/Dimension1Panel/D1CommandCenterProductionRoot/CommandDashboard/FleetCard
07_hangar_to_center	720	1280	Canvas/HUD/VerticalUIRoot/VerticalSafeAreaRoot/ContentSlot/Dimension1Panel/D1CommandCenterProductionRoot/CommandDashboard/FleetCard	4	157.87	514.13	OK	Canvas/HUD/VerticalUIRoot/VerticalSafeAreaRoot/ContentSlot/Dimension1Panel/D1CommandCenterProductionRoot/CommandDashboard/FleetCard/DetailedLineIcon	Canvas/HUD/VerticalUIRoot/VerticalSafeAreaRoot/ContentSlot/Dimension1Panel/D1CommandCenterProductionRoot/CommandDashboard/FleetCard
07_hangar_to_center	720	1280	Canvas/HUD/VerticalUIRoot/VerticalSafeAreaRoot/ContentSlot/Dimension1Panel/D1CommandCenterProductionRoot/Nav_HANGAR	0	358.00	73.33	OK	Canvas/HUD/VerticalUIRoot/VerticalSafeAreaRoot/ContentSlot/Dimension1Panel/D1CommandCenterProductionRoot/Nav_HANGAR	Canvas/HUD/VerticalUIRoot/VerticalSafeAreaRoot/ContentSlot/Dimension1Panel/D1CommandCenterProductionRoot/Nav_HANGAR
07_hangar_to_center	720	1280	Canvas/HUD/VerticalUIRoot/VerticalSafeAreaRoot/ContentSlot/Dimension1Panel/D1CommandCenterProductionRoot/Nav_HANGAR	1	318.40	38.13	OK	Canvas/HUD/VerticalUIRoot/VerticalSafeAreaRoot/ContentSlot/Dimension1Panel/D1CommandCenterProductionRoot/Nav_HANGAR	Canvas/HUD/VerticalUIRoot/VerticalSafeAreaRoot/ContentSlot/Dimension1Panel/D1CommandCenterProductionRoot/Nav_HANGAR
07_hangar_to_center	720	1280	Canvas/HUD/VerticalUIRoot/VerticalSafeAreaRoot/ContentSlot/Dimension1Panel/D1CommandCenterProductionRoot/Nav_HANGAR	2	397.60	38.13	OK	Canvas/HUD/VerticalUIRoot/VerticalSafeAreaRoot/ContentSlot/Dimension1Panel/D1CommandCenterProductionRoot/Nav_HANGAR	Canvas/HUD/VerticalUIRoot/VerticalSafeAreaRoot/ContentSlot/Dimension1Panel/D1CommandCenterProductionRoot/Nav_HANGAR
07_hangar_to_center	720	1280	Canvas/HUD/VerticalUIRoot/VerticalSafeAreaRoot/ContentSlot/Dimension1Panel/D1CommandCenterProductionRoot/Nav_HANGAR	3	318.40	108.53	OK	Canvas/HUD/VerticalUIRoot/VerticalSafeAreaRoot/ContentSlot/Dimension1Panel/D1CommandCenterProductionRoot/Nav_HANGAR	Canvas/HUD/VerticalUIRoot/VerticalSafeAreaRoot/ContentSlot/Dimension1Panel/D1CommandCenterProductionRoot/Nav_HANGAR
07_hangar_to_center	720	1280	Canvas/HUD/VerticalUIRoot/VerticalSafeAreaRoot/ContentSlot/Dimension1Panel/D1CommandCenterProductionRoot/Nav_HANGAR	4	397.60	108.53	OK	Canvas/HUD/VerticalUIRoot/VerticalSafeAreaRoot/ContentSlot/Dimension1Panel/D1CommandCenterProductionRoot/Nav_HANGAR	Canvas/HUD/VerticalUIRoot/VerticalSafeAreaRoot/ContentSlot/Dimension1Panel/D1CommandCenterProductionRoot/Nav_HANGAR
07_hangar_to_center	720	1280	Canvas/HUD/VerticalUIRoot/VerticalSafeAreaRoot/ContentSlot/Dimension1Panel/D1CommandCenterProductionRoot/CommandDashboard/RelicsCard	0	619.33	861.33	OK	Canvas/HUD/VerticalUIRoot/VerticalSafeAreaRoot/ContentSlot/Dimension1Panel/D1CommandCenterProductionRoot/CommandDashboard/RelicsCard	Canvas/HUD/VerticalUIRoot/VerticalSafeAreaRoot/ContentSlot/Dimension1Panel/D1CommandCenterProductionRoot/CommandDashboard/RelicsCard
07_hangar_to_center	720	1280	Canvas/HUD/VerticalUIRoot/VerticalSafeAreaRoot/ContentSlot/Dimension1Panel/D1CommandCenterProductionRoot/CommandDashboard/RelicsCard	1	562.13	804.53	OK	Canvas/HUD/VerticalUIRoot/VerticalSafeAreaRoot/ContentSlot/Dimension1Panel/D1CommandCenterProductionRoot/CommandDashboard/RelicsCard	Canvas/HUD/VerticalUIRoot/VerticalSafeAreaRoot/ContentSlot/Dimension1Panel/D1CommandCenterProductionRoot/CommandDashboard/RelicsCard
07_hangar_to_center	720	1280	Canvas/HUD/VerticalUIRoot/VerticalSafeAreaRoot/ContentSlot/Dimension1Panel/D1CommandCenterProductionRoot/CommandDashboard/RelicsCard	2	676.53	804.53	OK	Canvas/HUD/VerticalUIRoot/VerticalSafeAreaRoot/ContentSlot/Dimension1Panel/D1CommandCenterProductionRoot/CommandDashboard/RelicsCard	Canvas/HUD/VerticalUIRoot/VerticalSafeAreaRoot/ContentSlot/Dimension1Panel/D1CommandCenterProductionRoot/CommandDashboard/RelicsCard
07_hangar_to_center	720	1280	Canvas/HUD/VerticalUIRoot/VerticalSafeAreaRoot/ContentSlot/Dimension1Panel/D1CommandCenterProductionRoot/CommandDashboard/RelicsCard	3	562.13	918.13	OK	Canvas/HUD/VerticalUIRoot/VerticalSafeAreaRoot/ContentSlot/Dimension1Panel/D1CommandCenterProductionRoot/CommandDashboard/RelicsCard/DetailedLineIcon	Canvas/HUD/VerticalUIRoot/VerticalSafeAreaRoot/ContentSlot/Dimension1Panel/D1CommandCenterProductionRoot/CommandDashboard/RelicsCard
07_hangar_to_center	720	1280	Canvas/HUD/VerticalUIRoot/VerticalSafeAreaRoot/ContentSlot/Dimension1Panel/D1CommandCenterProductionRoot/CommandDashboard/RelicsCard	4	676.53	918.13	OK	Canvas/HUD/VerticalUIRoot/VerticalSafeAreaRoot/ContentSlot/Dimension1Panel/D1CommandCenterProductionRoot/CommandDashboard/RelicsCard/DetailedLineIcon	Canvas/HUD/VerticalUIRoot/VerticalSafeAreaRoot/ContentSlot/Dimension1Panel/D1CommandCenterProductionRoot/CommandDashboard/RelicsCard
07_hangar_to_center	720	1280	Canvas/HUD/VerticalUIRoot/VerticalSafeAreaRoot/ContentSlot/Dimension1Panel/D1CommandCenterProductionRoot/Nav_GALAXIA	0	82.00	73.33	OK	Canvas/HUD/VerticalUIRoot/VerticalSafeAreaRoot/ContentSlot/Dimension1Panel/D1CommandCenterProductionRoot/Nav_GALAXIA	Canvas/HUD/VerticalUIRoot/VerticalSafeAreaRoot/ContentSlot/Dimension1Panel/D1CommandCenterProductionRoot/Nav_GALAXIA
07_hangar_to_center	720	1280	Canvas/HUD/VerticalUIRoot/VerticalSafeAreaRoot/ContentSlot/Dimension1Panel/D1CommandCenterProductionRoot/Nav_GALAXIA	1	42.40	38.13	OK	Canvas/HUD/VerticalUIRoot/VerticalSafeAreaRoot/ContentSlot/Dimension1Panel/D1CommandCenterProductionRoot/Nav_GALAXIA	Canvas/HUD/VerticalUIRoot/VerticalSafeAreaRoot/ContentSlot/Dimension1Panel/D1CommandCenterProductionRoot/Nav_GALAXIA
07_hangar_to_center	720	1280	Canvas/HUD/VerticalUIRoot/VerticalSafeAreaRoot/ContentSlot/Dimension1Panel/D1CommandCenterProductionRoot/Nav_GALAXIA	2	121.60	38.13	OK	Canvas/HUD/VerticalUIRoot/VerticalSafeAreaRoot/ContentSlot/Dimension1Panel/D1CommandCenterProductionRoot/Nav_GALAXIA	Canvas/HUD/VerticalUIRoot/VerticalSafeAreaRoot/ContentSlot/Dimension1Panel/D1CommandCenterProductionRoot/Nav_GALAXIA
07_hangar_to_center	720	1280	Canvas/HUD/VerticalUIRoot/VerticalSafeAreaRoot/ContentSlot/Dimension1Panel/D1CommandCenterProductionRoot/Nav_GALAXIA	3	42.40	108.53	OK	Canvas/HUD/VerticalUIRoot/VerticalSafeAreaRoot/ContentSlot/Dimension1Panel/D1CommandCenterProductionRoot/Nav_GALAXIA	Canvas/HUD/VerticalUIRoot/VerticalSafeAreaRoot/ContentSlot/Dimension1Panel/D1CommandCenterProductionRoot/Nav_GALAXIA
07_hangar_to_center	720	1280	Canvas/HUD/VerticalUIRoot/VerticalSafeAreaRoot/ContentSlot/Dimension1Panel/D1CommandCenterProductionRoot/Nav_GALAXIA	4	121.60	108.53	OK	Canvas/HUD/VerticalUIRoot/VerticalSafeAreaRoot/ContentSlot/Dimension1Panel/D1CommandCenterProductionRoot/Nav_GALAXIA	Canvas/HUD/VerticalUIRoot/VerticalSafeAreaRoot/ContentSlot/Dimension1Panel/D1CommandCenterProductionRoot/Nav_GALAXIA
07_hangar_to_center	720	1280	Canvas/HUD/VerticalUIRoot/VerticalSafeAreaRoot/ContentSlot/Dimension1Panel/OpenHangarPanelButton	0	826.67	950.67	OFFSCREEN	<none>	<none>
07_hangar_to_center	720	1280	Canvas/HUD/VerticalUIRoot/VerticalSafeAreaRoot/ContentSlot/Dimension1Panel/OpenHangarPanelButton	1	794.67	944.67	OFFSCREEN	<none>	<none>
07_hangar_to_center	720	1280	Canvas/HUD/VerticalUIRoot/VerticalSafeAreaRoot/ContentSlot/Dimension1Panel/OpenHangarPanelButton	2	858.67	944.67	OFFSCREEN	<none>	<none>
07_hangar_to_center	720	1280	Canvas/HUD/VerticalUIRoot/VerticalSafeAreaRoot/ContentSlot/Dimension1Panel/OpenHangarPanelButton	3	794.67	956.67	OFFSCREEN	<none>	<none>
07_hangar_to_center	720	1280	Canvas/HUD/VerticalUIRoot/VerticalSafeAreaRoot/ContentSlot/Dimension1Panel/OpenHangarPanelButton	4	858.67	956.67	OFFSCREEN	<none>	<none>
07_hangar_to_center	720	1280	Canvas/HUD/VerticalUIRoot/VerticalSafeAreaRoot/ContentSlot/Dimension1Panel/D1CommandCenterProductionRoot/CommandDashboard/ScannerCard	0	100.67	659.33	OK	Canvas/HUD/VerticalUIRoot/VerticalSafeAreaRoot/ContentSlot/Dimension1Panel/D1CommandCenterProductionRoot/CommandDashboard/ScannerCard	Canvas/HUD/VerticalUIRoot/VerticalSafeAreaRoot/ContentSlot/Dimension1Panel/D1CommandCenterProductionRoot/CommandDashboard/ScannerCard
07_hangar_to_center	720	1280	Canvas/HUD/VerticalUIRoot/VerticalSafeAreaRoot/ContentSlot/Dimension1Panel/D1CommandCenterProductionRoot/CommandDashboard/ScannerCard	1	43.47	602.53	OK	Canvas/HUD/VerticalUIRoot/VerticalSafeAreaRoot/ContentSlot/Dimension1Panel/D1CommandCenterProductionRoot/CommandDashboard/ScannerCard	Canvas/HUD/VerticalUIRoot/VerticalSafeAreaRoot/ContentSlot/Dimension1Panel/D1CommandCenterProductionRoot/CommandDashboard/ScannerCard
07_hangar_to_center	720	1280	Canvas/HUD/VerticalUIRoot/VerticalSafeAreaRoot/ContentSlot/Dimension1Panel/D1CommandCenterProductionRoot/CommandDashboard/ScannerCard	2	157.87	602.53	OK	Canvas/HUD/VerticalUIRoot/VerticalSafeAreaRoot/ContentSlot/Dimension1Panel/D1CommandCenterProductionRoot/CommandDashboard/ScannerCard	Canvas/HUD/VerticalUIRoot/VerticalSafeAreaRoot/ContentSlot/Dimension1Panel/D1CommandCenterProductionRoot/CommandDashboard/ScannerCard
07_hangar_to_center	720	1280	Canvas/HUD/VerticalUIRoot/VerticalSafeAreaRoot/ContentSlot/Dimension1Panel/D1CommandCenterProductionRoot/CommandDashboard/ScannerCard	3	43.47	716.13	OK	Canvas/HUD/VerticalUIRoot/VerticalSafeAreaRoot/ContentSlot/Dimension1Panel/D1CommandCenterProductionRoot/CommandDashboard/ScannerCard/DetailedLineIcon	Canvas/HUD/VerticalUIRoot/VerticalSafeAreaRoot/ContentSlot/Dimension1Panel/D1CommandCenterProductionRoot/CommandDashboard/ScannerCard
07_hangar_to_center	720	1280	Canvas/HUD/VerticalUIRoot/VerticalSafeAreaRoot/ContentSlot/Dimension1Panel/D1CommandCenterProductionRoot/CommandDashboard/ScannerCard	4	157.87	716.13	OK	Canvas/HUD/VerticalUIRoot/VerticalSafeAreaRoot/ContentSlot/Dimension1Panel/D1CommandCenterProductionRoot/CommandDashboard/ScannerCard/DetailedLineIcon	Canvas/HUD/VerticalUIRoot/VerticalSafeAreaRoot/ContentSlot/Dimension1Panel/D1CommandCenterProductionRoot/CommandDashboard/ScannerCard
07_hangar_to_center	720	1280	Canvas/HUD/VerticalUIRoot/VerticalSafeAreaRoot/ContentSlot/Dimension1Panel/D1CommandCenterProductionRoot/MetalsButton	0	614.33	1178.67	OK	Canvas/HUD/VerticalUIRoot/VerticalSafeAreaRoot/ContentSlot/Dimension1Panel/D1CommandCenterProductionRoot/MetalsButton	Canvas/HUD/VerticalUIRoot/VerticalSafeAreaRoot/ContentSlot/Dimension1Panel/D1CommandCenterProductionRoot/MetalsButton
07_hangar_to_center	720	1280	Canvas/HUD/VerticalUIRoot/VerticalSafeAreaRoot/ContentSlot/Dimension1Panel/D1CommandCenterProductionRoot/MetalsButton	1	565.33	1158.67	OK	Canvas/HUD/VerticalUIRoot/VerticalSafeAreaRoot/ContentSlot/Dimension1Panel/D1CommandCenterProductionRoot/MetalsButton	Canvas/HUD/VerticalUIRoot/VerticalSafeAreaRoot/ContentSlot/Dimension1Panel/D1CommandCenterProductionRoot/MetalsButton
07_hangar_to_center	720	1280	Canvas/HUD/VerticalUIRoot/VerticalSafeAreaRoot/ContentSlot/Dimension1Panel/D1CommandCenterProductionRoot/MetalsButton	2	663.33	1158.67	OK	Canvas/HUD/VerticalUIRoot/VerticalSafeAreaRoot/ContentSlot/Dimension1Panel/D1CommandCenterProductionRoot/MetalsButton	Canvas/HUD/VerticalUIRoot/VerticalSafeAreaRoot/ContentSlot/Dimension1Panel/D1CommandCenterProductionRoot/MetalsButton
07_hangar_to_center	720	1280	Canvas/HUD/VerticalUIRoot/VerticalSafeAreaRoot/ContentSlot/Dimension1Panel/D1CommandCenterProductionRoot/MetalsButton	3	565.33	1198.67	OK	Canvas/HUD/VerticalUIRoot/VerticalSafeAreaRoot/ContentSlot/Dimension1Panel/D1CommandCenterProductionRoot/MetalsButton	Canvas/HUD/VerticalUIRoot/VerticalSafeAreaRoot/ContentSlot/Dimension1Panel/D1CommandCenterProductionRoot/MetalsButton
07_hangar_to_center	720	1280	Canvas/HUD/VerticalUIRoot/VerticalSafeAreaRoot/ContentSlot/Dimension1Panel/D1CommandCenterProductionRoot/MetalsButton	4	663.33	1198.67	OK	Canvas/HUD/VerticalUIRoot/VerticalSafeAreaRoot/ContentSlot/Dimension1Panel/D1CommandCenterProductionRoot/MetalsButton	Canvas/HUD/VerticalUIRoot/VerticalSafeAreaRoot/ContentSlot/Dimension1Panel/D1CommandCenterProductionRoot/MetalsButton
07_hangar_to_center	720	1280	Canvas/HUD/VerticalUIRoot/VerticalSafeAreaRoot/ContentSlot/Dimension1Panel/OpenRelicChamberPanelButton	0	826.67	984.00	OFFSCREEN	<none>	<none>
07_hangar_to_center	720	1280	Canvas/HUD/VerticalUIRoot/VerticalSafeAreaRoot/ContentSlot/Dimension1Panel/OpenRelicChamberPanelButton	1	794.67	978.00	OFFSCREEN	<none>	<none>
07_hangar_to_center	720	1280	Canvas/HUD/VerticalUIRoot/VerticalSafeAreaRoot/ContentSlot/Dimension1Panel/OpenRelicChamberPanelButton	2	858.67	978.00	OFFSCREEN	<none>	<none>
07_hangar_to_center	720	1280	Canvas/HUD/VerticalUIRoot/VerticalSafeAreaRoot/ContentSlot/Dimension1Panel/OpenRelicChamberPanelButton	3	794.67	990.00	OFFSCREEN	<none>	<none>
07_hangar_to_center	720	1280	Canvas/HUD/VerticalUIRoot/VerticalSafeAreaRoot/ContentSlot/Dimension1Panel/OpenRelicChamberPanelButton	4	858.67	990.00	OFFSCREEN	<none>	<none>
07_hangar_to_center	720	1280	Canvas/HUD/VerticalUIRoot/VerticalSafeAreaRoot/ContentSlot/Dimension1Panel/Registro	0	-40.00	950.67	OFFSCREEN	<none>	<none>
07_hangar_to_center	720	1280	Canvas/HUD/VerticalUIRoot/VerticalSafeAreaRoot/ContentSlot/Dimension1Panel/Registro	1	-72.00	944.67	OFFSCREEN	<none>	<none>
07_hangar_to_center	720	1280	Canvas/HUD/VerticalUIRoot/VerticalSafeAreaRoot/ContentSlot/Dimension1Panel/Registro	2	-8.00	944.67	OFFSCREEN	<none>	<none>
07_hangar_to_center	720	1280	Canvas/HUD/VerticalUIRoot/VerticalSafeAreaRoot/ContentSlot/Dimension1Panel/Registro	3	-72.00	956.67	OFFSCREEN	<none>	<none>
07_hangar_to_center	720	1280	Canvas/HUD/VerticalUIRoot/VerticalSafeAreaRoot/ContentSlot/Dimension1Panel/Registro	4	-8.00	956.67	OFFSCREEN	<none>	<none>
07_hangar_to_center	720	1280	Canvas/HUD/VerticalUIRoot/VerticalSafeAreaRoot/ContentSlot/Dimension1Panel/OpenDimension1TreePanelButton	0	826.67	917.33	OFFSCREEN	<none>	<none>
07_hangar_to_center	720	1280	Canvas/HUD/VerticalUIRoot/VerticalSafeAreaRoot/ContentSlot/Dimension1Panel/OpenDimension1TreePanelButton	1	794.67	911.33	OFFSCREEN	<none>	<none>
07_hangar_to_center	720	1280	Canvas/HUD/VerticalUIRoot/VerticalSafeAreaRoot/ContentSlot/Dimension1Panel/OpenDimension1TreePanelButton	2	858.67	911.33	OFFSCREEN	<none>	<none>
07_hangar_to_center	720	1280	Canvas/HUD/VerticalUIRoot/VerticalSafeAreaRoot/ContentSlot/Dimension1Panel/OpenDimension1TreePanelButton	3	794.67	923.33	OFFSCREEN	<none>	<none>
07_hangar_to_center	720	1280	Canvas/HUD/VerticalUIRoot/VerticalSafeAreaRoot/ContentSlot/Dimension1Panel/OpenDimension1TreePanelButton	4	858.67	923.33	OFFSCREEN	<none>	<none>
07_hangar_to_center	720	1280	Canvas/HUD/VerticalUIRoot/VerticalSafeAreaRoot/ContentSlot/Dimension1Panel/D1CommandCenterProductionRoot/Nav_RELIQUIAS	0	496.00	73.33	OK	Canvas/HUD/VerticalUIRoot/VerticalSafeAreaRoot/ContentSlot/Dimension1Panel/D1CommandCenterProductionRoot/Nav_RELIQUIAS	Canvas/HUD/VerticalUIRoot/VerticalSafeAreaRoot/ContentSlot/Dimension1Panel/D1CommandCenterProductionRoot/Nav_RELIQUIAS
07_hangar_to_center	720	1280	Canvas/HUD/VerticalUIRoot/VerticalSafeAreaRoot/ContentSlot/Dimension1Panel/D1CommandCenterProductionRoot/Nav_RELIQUIAS	1	456.40	38.13	OK	Canvas/HUD/VerticalUIRoot/VerticalSafeAreaRoot/ContentSlot/Dimension1Panel/D1CommandCenterProductionRoot/Nav_RELIQUIAS	Canvas/HUD/VerticalUIRoot/VerticalSafeAreaRoot/ContentSlot/Dimension1Panel/D1CommandCenterProductionRoot/Nav_RELIQUIAS
07_hangar_to_center	720	1280	Canvas/HUD/VerticalUIRoot/VerticalSafeAreaRoot/ContentSlot/Dimension1Panel/D1CommandCenterProductionRoot/Nav_RELIQUIAS	2	535.60	38.13	OK	Canvas/HUD/VerticalUIRoot/VerticalSafeAreaRoot/ContentSlot/Dimension1Panel/D1CommandCenterProductionRoot/Nav_RELIQUIAS	Canvas/HUD/VerticalUIRoot/VerticalSafeAreaRoot/ContentSlot/Dimension1Panel/D1CommandCenterProductionRoot/Nav_RELIQUIAS
07_hangar_to_center	720	1280	Canvas/HUD/VerticalUIRoot/VerticalSafeAreaRoot/ContentSlot/Dimension1Panel/D1CommandCenterProductionRoot/Nav_RELIQUIAS	3	456.40	108.53	OK	Canvas/HUD/VerticalUIRoot/VerticalSafeAreaRoot/ContentSlot/Dimension1Panel/D1CommandCenterProductionRoot/Nav_RELIQUIAS	Canvas/HUD/VerticalUIRoot/VerticalSafeAreaRoot/ContentSlot/Dimension1Panel/D1CommandCenterProductionRoot/Nav_RELIQUIAS
07_hangar_to_center	720	1280	Canvas/HUD/VerticalUIRoot/VerticalSafeAreaRoot/ContentSlot/Dimension1Panel/D1CommandCenterProductionRoot/Nav_RELIQUIAS	4	535.60	108.53	OK	Canvas/HUD/VerticalUIRoot/VerticalSafeAreaRoot/ContentSlot/Dimension1Panel/D1CommandCenterProductionRoot/Nav_RELIQUIAS	Canvas/HUD/VerticalUIRoot/VerticalSafeAreaRoot/ContentSlot/Dimension1Panel/D1CommandCenterProductionRoot/Nav_RELIQUIAS
07_hangar_to_center	720	1280	Canvas/HUD/VerticalUIRoot/VerticalSafeAreaRoot/ContentSlot/Dimension1Panel/D1CommandCenterProductionRoot/CommandDashboard/ExpeditionsCard	0	619.33	457.33	OK	Canvas/HUD/VerticalUIRoot/VerticalSafeAreaRoot/ContentSlot/Dimension1Panel/D1CommandCenterProductionRoot/CommandDashboard/ExpeditionsCard	Canvas/HUD/VerticalUIRoot/VerticalSafeAreaRoot/ContentSlot/Dimension1Panel/D1CommandCenterProductionRoot/CommandDashboard/ExpeditionsCard
07_hangar_to_center	720	1280	Canvas/HUD/VerticalUIRoot/VerticalSafeAreaRoot/ContentSlot/Dimension1Panel/D1CommandCenterProductionRoot/CommandDashboard/ExpeditionsCard	1	562.13	400.53	OK	Canvas/HUD/VerticalUIRoot/VerticalSafeAreaRoot/ContentSlot/Dimension1Panel/D1CommandCenterProductionRoot/CommandDashboard/ExpeditionsCard	Canvas/HUD/VerticalUIRoot/VerticalSafeAreaRoot/ContentSlot/Dimension1Panel/D1CommandCenterProductionRoot/CommandDashboard/ExpeditionsCard
07_hangar_to_center	720	1280	Canvas/HUD/VerticalUIRoot/VerticalSafeAreaRoot/ContentSlot/Dimension1Panel/D1CommandCenterProductionRoot/CommandDashboard/ExpeditionsCard	2	676.53	400.53	OK	Canvas/HUD/VerticalUIRoot/VerticalSafeAreaRoot/ContentSlot/Dimension1Panel/D1CommandCenterProductionRoot/CommandDashboard/ExpeditionsCard	Canvas/HUD/VerticalUIRoot/VerticalSafeAreaRoot/ContentSlot/Dimension1Panel/D1CommandCenterProductionRoot/CommandDashboard/ExpeditionsCard
07_hangar_to_center	720	1280	Canvas/HUD/VerticalUIRoot/VerticalSafeAreaRoot/ContentSlot/Dimension1Panel/D1CommandCenterProductionRoot/CommandDashboard/ExpeditionsCard	3	562.13	514.13	OK	Canvas/HUD/VerticalUIRoot/VerticalSafeAreaRoot/ContentSlot/Dimension1Panel/D1CommandCenterProductionRoot/CommandDashboard/ExpeditionsCard/DetailedLineIcon	Canvas/HUD/VerticalUIRoot/VerticalSafeAreaRoot/ContentSlot/Dimension1Panel/D1CommandCenterProductionRoot/CommandDashboard/ExpeditionsCard
07_hangar_to_center	720	1280	Canvas/HUD/VerticalUIRoot/VerticalSafeAreaRoot/ContentSlot/Dimension1Panel/D1CommandCenterProductionRoot/CommandDashboard/ExpeditionsCard	4	676.53	514.13	OK	Canvas/HUD/VerticalUIRoot/VerticalSafeAreaRoot/ContentSlot/Dimension1Panel/D1CommandCenterProductionRoot/CommandDashboard/ExpeditionsCard/DetailedLineIcon	Canvas/HUD/VerticalUIRoot/VerticalSafeAreaRoot/ContentSlot/Dimension1Panel/D1CommandCenterProductionRoot/CommandDashboard/ExpeditionsCard
08_hangar_to_explore	720	1280	Canvas/HUD/VerticalUIRoot/VerticalSafeAreaRoot/ContentSlot/Dimension1Panel/D1_ExploreVisualRoot/BottomNavigation/Nav_HANGAR	0	358.00	73.33	OK	Canvas/HUD/VerticalUIRoot/VerticalSafeAreaRoot/ContentSlot/Dimension1Panel/D1_ExploreVisualRoot/BottomNavigation/Nav_HANGAR	Canvas/HUD/VerticalUIRoot/VerticalSafeAreaRoot/ContentSlot/Dimension1Panel/D1_ExploreVisualRoot/BottomNavigation/Nav_HANGAR
08_hangar_to_explore	720	1280	Canvas/HUD/VerticalUIRoot/VerticalSafeAreaRoot/ContentSlot/Dimension1Panel/D1_ExploreVisualRoot/BottomNavigation/Nav_HANGAR	1	318.40	38.13	OK	Canvas/HUD/VerticalUIRoot/VerticalSafeAreaRoot/ContentSlot/Dimension1Panel/D1_ExploreVisualRoot/BottomNavigation/Nav_HANGAR	Canvas/HUD/VerticalUIRoot/VerticalSafeAreaRoot/ContentSlot/Dimension1Panel/D1_ExploreVisualRoot/BottomNavigation/Nav_HANGAR
08_hangar_to_explore	720	1280	Canvas/HUD/VerticalUIRoot/VerticalSafeAreaRoot/ContentSlot/Dimension1Panel/D1_ExploreVisualRoot/BottomNavigation/Nav_HANGAR	2	397.60	38.13	OK	Canvas/HUD/VerticalUIRoot/VerticalSafeAreaRoot/ContentSlot/Dimension1Panel/D1_ExploreVisualRoot/BottomNavigation/Nav_HANGAR	Canvas/HUD/VerticalUIRoot/VerticalSafeAreaRoot/ContentSlot/Dimension1Panel/D1_ExploreVisualRoot/BottomNavigation/Nav_HANGAR
08_hangar_to_explore	720	1280	Canvas/HUD/VerticalUIRoot/VerticalSafeAreaRoot/ContentSlot/Dimension1Panel/D1_ExploreVisualRoot/BottomNavigation/Nav_HANGAR	3	318.40	108.53	OK	Canvas/HUD/VerticalUIRoot/VerticalSafeAreaRoot/ContentSlot/Dimension1Panel/D1_ExploreVisualRoot/BottomNavigation/Nav_HANGAR	Canvas/HUD/VerticalUIRoot/VerticalSafeAreaRoot/ContentSlot/Dimension1Panel/D1_ExploreVisualRoot/BottomNavigation/Nav_HANGAR
08_hangar_to_explore	720	1280	Canvas/HUD/VerticalUIRoot/VerticalSafeAreaRoot/ContentSlot/Dimension1Panel/D1_ExploreVisualRoot/BottomNavigation/Nav_HANGAR	4	397.60	108.53	OK	Canvas/HUD/VerticalUIRoot/VerticalSafeAreaRoot/ContentSlot/Dimension1Panel/D1_ExploreVisualRoot/BottomNavigation/Nav_HANGAR	Canvas/HUD/VerticalUIRoot/VerticalSafeAreaRoot/ContentSlot/Dimension1Panel/D1_ExploreVisualRoot/BottomNavigation/Nav_HANGAR
08_hangar_to_explore	720	1280	Canvas/HUD/VerticalUIRoot/VerticalSafeAreaRoot/ContentSlot/Dimension1Panel/D1_ExploreVisualRoot/ActiveExpedition/Next	0	478.67	280.00	OK	Canvas/HUD/VerticalUIRoot/VerticalSafeAreaRoot/ContentSlot/Dimension1Panel/D1_ExploreVisualRoot/ActiveExpedition/Next	Canvas/HUD/VerticalUIRoot/VerticalSafeAreaRoot/ContentSlot/Dimension1Panel/D1_ExploreVisualRoot/ActiveExpedition/Next
08_hangar_to_explore	720	1280	Canvas/HUD/VerticalUIRoot/VerticalSafeAreaRoot/ContentSlot/Dimension1Panel/D1_ExploreVisualRoot/ActiveExpedition/Next	1	464.27	265.60	OK	Canvas/HUD/VerticalUIRoot/VerticalSafeAreaRoot/ContentSlot/Dimension1Panel/D1_ExploreVisualRoot/ActiveExpedition/Next	Canvas/HUD/VerticalUIRoot/VerticalSafeAreaRoot/ContentSlot/Dimension1Panel/D1_ExploreVisualRoot/ActiveExpedition/Next
08_hangar_to_explore	720	1280	Canvas/HUD/VerticalUIRoot/VerticalSafeAreaRoot/ContentSlot/Dimension1Panel/D1_ExploreVisualRoot/ActiveExpedition/Next	2	493.07	265.60	OK	Canvas/HUD/VerticalUIRoot/VerticalSafeAreaRoot/ContentSlot/Dimension1Panel/D1_ExploreVisualRoot/ActiveExpedition/Next	Canvas/HUD/VerticalUIRoot/VerticalSafeAreaRoot/ContentSlot/Dimension1Panel/D1_ExploreVisualRoot/ActiveExpedition/Next
08_hangar_to_explore	720	1280	Canvas/HUD/VerticalUIRoot/VerticalSafeAreaRoot/ContentSlot/Dimension1Panel/D1_ExploreVisualRoot/ActiveExpedition/Next	3	464.27	294.40	OK	Canvas/HUD/VerticalUIRoot/VerticalSafeAreaRoot/ContentSlot/Dimension1Panel/D1_ExploreVisualRoot/ActiveExpedition/Next	Canvas/HUD/VerticalUIRoot/VerticalSafeAreaRoot/ContentSlot/Dimension1Panel/D1_ExploreVisualRoot/ActiveExpedition/Next
08_hangar_to_explore	720	1280	Canvas/HUD/VerticalUIRoot/VerticalSafeAreaRoot/ContentSlot/Dimension1Panel/D1_ExploreVisualRoot/ActiveExpedition/Next	4	493.07	294.40	OK	Canvas/HUD/VerticalUIRoot/VerticalSafeAreaRoot/ContentSlot/Dimension1Panel/D1_ExploreVisualRoot/ActiveExpedition/Next	Canvas/HUD/VerticalUIRoot/VerticalSafeAreaRoot/ContentSlot/Dimension1Panel/D1_ExploreVisualRoot/ActiveExpedition/Next
08_hangar_to_explore	720	1280	Canvas/HUD/VerticalUIRoot/VerticalSafeAreaRoot/ContentSlot/Dimension1Panel/D1_ExploreVisualRoot/ShipPanel/Previous	0	265.33	478.00	OK	Canvas/HUD/VerticalUIRoot/VerticalSafeAreaRoot/ContentSlot/Dimension1Panel/D1_ExploreVisualRoot/ShipPanel/Previous	Canvas/HUD/VerticalUIRoot/VerticalSafeAreaRoot/ContentSlot/Dimension1Panel/D1_ExploreVisualRoot/ShipPanel/Previous
08_hangar_to_explore	720	1280	Canvas/HUD/VerticalUIRoot/VerticalSafeAreaRoot/ContentSlot/Dimension1Panel/D1_ExploreVisualRoot/ShipPanel/Previous	1	250.93	463.60	OK	Canvas/HUD/VerticalUIRoot/VerticalSafeAreaRoot/ContentSlot/Dimension1Panel/D1_ExploreVisualRoot/ShipPanel/Previous	Canvas/HUD/VerticalUIRoot/VerticalSafeAreaRoot/ContentSlot/Dimension1Panel/D1_ExploreVisualRoot/ShipPanel/Previous
08_hangar_to_explore	720	1280	Canvas/HUD/VerticalUIRoot/VerticalSafeAreaRoot/ContentSlot/Dimension1Panel/D1_ExploreVisualRoot/ShipPanel/Previous	2	279.73	463.60	OK	Canvas/HUD/VerticalUIRoot/VerticalSafeAreaRoot/ContentSlot/Dimension1Panel/D1_ExploreVisualRoot/ShipPanel/Previous	Canvas/HUD/VerticalUIRoot/VerticalSafeAreaRoot/ContentSlot/Dimension1Panel/D1_ExploreVisualRoot/ShipPanel/Previous
08_hangar_to_explore	720	1280	Canvas/HUD/VerticalUIRoot/VerticalSafeAreaRoot/ContentSlot/Dimension1Panel/D1_ExploreVisualRoot/ShipPanel/Previous	3	250.93	492.40	OK	Canvas/HUD/VerticalUIRoot/VerticalSafeAreaRoot/ContentSlot/Dimension1Panel/D1_ExploreVisualRoot/ShipPanel/Previous	Canvas/HUD/VerticalUIRoot/VerticalSafeAreaRoot/ContentSlot/Dimension1Panel/D1_ExploreVisualRoot/ShipPanel/Previous
08_hangar_to_explore	720	1280	Canvas/HUD/VerticalUIRoot/VerticalSafeAreaRoot/ContentSlot/Dimension1Panel/D1_ExploreVisualRoot/ShipPanel/Previous	4	279.73	492.40	OK	Canvas/HUD/VerticalUIRoot/VerticalSafeAreaRoot/ContentSlot/Dimension1Panel/D1_ExploreVisualRoot/ShipPanel/Previous	Canvas/HUD/VerticalUIRoot/VerticalSafeAreaRoot/ContentSlot/Dimension1Panel/D1_ExploreVisualRoot/ShipPanel/Previous
08_hangar_to_explore	720	1280	Canvas/HUD/VerticalUIRoot/VerticalSafeAreaRoot/ContentSlot/Dimension1Panel/D1_ExploreVisualRoot/ModePanel/CoordinatedMode	0	514.67	383.33	OK	Canvas/HUD/VerticalUIRoot/VerticalSafeAreaRoot/ContentSlot/Dimension1Panel/D1_ExploreVisualRoot/ModePanel/CoordinatedMode	Canvas/HUD/VerticalUIRoot/VerticalSafeAreaRoot/ContentSlot/Dimension1Panel/D1_ExploreVisualRoot/ModePanel/CoordinatedMode
08_hangar_to_explore	720	1280	Canvas/HUD/VerticalUIRoot/VerticalSafeAreaRoot/ContentSlot/Dimension1Panel/D1_ExploreVisualRoot/ModePanel/CoordinatedMode	1	426.67	367.73	OK	Canvas/HUD/VerticalUIRoot/VerticalSafeAreaRoot/ContentSlot/Dimension1Panel/D1_ExploreVisualRoot/ModePanel/CoordinatedMode	Canvas/HUD/VerticalUIRoot/VerticalSafeAreaRoot/ContentSlot/Dimension1Panel/D1_ExploreVisualRoot/ModePanel/CoordinatedMode
08_hangar_to_explore	720	1280	Canvas/HUD/VerticalUIRoot/VerticalSafeAreaRoot/ContentSlot/Dimension1Panel/D1_ExploreVisualRoot/ModePanel/CoordinatedMode	2	602.67	367.73	OK	Canvas/HUD/VerticalUIRoot/VerticalSafeAreaRoot/ContentSlot/Dimension1Panel/D1_ExploreVisualRoot/ModePanel/CoordinatedMode	Canvas/HUD/VerticalUIRoot/VerticalSafeAreaRoot/ContentSlot/Dimension1Panel/D1_ExploreVisualRoot/ModePanel/CoordinatedMode
08_hangar_to_explore	720	1280	Canvas/HUD/VerticalUIRoot/VerticalSafeAreaRoot/ContentSlot/Dimension1Panel/D1_ExploreVisualRoot/ModePanel/CoordinatedMode	3	426.67	398.93	OK	Canvas/HUD/VerticalUIRoot/VerticalSafeAreaRoot/ContentSlot/Dimension1Panel/D1_ExploreVisualRoot/ModePanel/CoordinatedMode	Canvas/HUD/VerticalUIRoot/VerticalSafeAreaRoot/ContentSlot/Dimension1Panel/D1_ExploreVisualRoot/ModePanel/CoordinatedMode
08_hangar_to_explore	720	1280	Canvas/HUD/VerticalUIRoot/VerticalSafeAreaRoot/ContentSlot/Dimension1Panel/D1_ExploreVisualRoot/ModePanel/CoordinatedMode	4	602.67	398.93	OK	Canvas/HUD/VerticalUIRoot/VerticalSafeAreaRoot/ContentSlot/Dimension1Panel/D1_ExploreVisualRoot/ModePanel/CoordinatedMode	Canvas/HUD/VerticalUIRoot/VerticalSafeAreaRoot/ContentSlot/Dimension1Panel/D1_ExploreVisualRoot/ModePanel/CoordinatedMode
08_hangar_to_explore	720	1280	Canvas/HUD/VerticalUIRoot/VerticalSafeAreaRoot/ContentSlot/Dimension1Panel/D1_ExploreVisualRoot/ExplorationRecord	0	554.67	187.33	OK	Canvas/HUD/VerticalUIRoot/VerticalSafeAreaRoot/ContentSlot/Dimension1Panel/D1_ExploreVisualRoot/ExplorationRecord	Canvas/HUD/VerticalUIRoot/VerticalSafeAreaRoot/ContentSlot/Dimension1Panel/D1_ExploreVisualRoot/ExplorationRecord
08_hangar_to_explore	720	1280	Canvas/HUD/VerticalUIRoot/VerticalSafeAreaRoot/ContentSlot/Dimension1Panel/D1_ExploreVisualRoot/ExplorationRecord	1	481.07	162.93	OK	Canvas/HUD/VerticalUIRoot/VerticalSafeAreaRoot/ContentSlot/Dimension1Panel/D1_ExploreVisualRoot/ExplorationRecord	Canvas/HUD/VerticalUIRoot/VerticalSafeAreaRoot/ContentSlot/Dimension1Panel/D1_ExploreVisualRoot/ExplorationRecord
08_hangar_to_explore	720	1280	Canvas/HUD/VerticalUIRoot/VerticalSafeAreaRoot/ContentSlot/Dimension1Panel/D1_ExploreVisualRoot/ExplorationRecord	2	628.27	162.93	OK	Canvas/HUD/VerticalUIRoot/VerticalSafeAreaRoot/ContentSlot/Dimension1Panel/D1_ExploreVisualRoot/ExplorationRecord	Canvas/HUD/VerticalUIRoot/VerticalSafeAreaRoot/ContentSlot/Dimension1Panel/D1_ExploreVisualRoot/ExplorationRecord
08_hangar_to_explore	720	1280	Canvas/HUD/VerticalUIRoot/VerticalSafeAreaRoot/ContentSlot/Dimension1Panel/D1_ExploreVisualRoot/ExplorationRecord	3	481.07	211.73	OK	Canvas/HUD/VerticalUIRoot/VerticalSafeAreaRoot/ContentSlot/Dimension1Panel/D1_ExploreVisualRoot/ExplorationRecord	Canvas/HUD/VerticalUIRoot/VerticalSafeAreaRoot/ContentSlot/Dimension1Panel/D1_ExploreVisualRoot/ExplorationRecord
08_hangar_to_explore	720	1280	Canvas/HUD/VerticalUIRoot/VerticalSafeAreaRoot/ContentSlot/Dimension1Panel/D1_ExploreVisualRoot/ExplorationRecord	4	628.27	211.73	OK	Canvas/HUD/VerticalUIRoot/VerticalSafeAreaRoot/ContentSlot/Dimension1Panel/D1_ExploreVisualRoot/ExplorationRecord	Canvas/HUD/VerticalUIRoot/VerticalSafeAreaRoot/ContentSlot/Dimension1Panel/D1_ExploreVisualRoot/ExplorationRecord
08_hangar_to_explore	720	1280	Canvas/HUD/VerticalUIRoot/VerticalSafeAreaRoot/ContentSlot/Dimension1Panel/D1_ExploreVisualRoot/BottomNavigation/Nav_ÁRBOL	0	634.00	73.33	OK	Canvas/HUD/VerticalUIRoot/VerticalSafeAreaRoot/ContentSlot/Dimension1Panel/D1_ExploreVisualRoot/BottomNavigation/Nav_ÁRBOL	Canvas/HUD/VerticalUIRoot/VerticalSafeAreaRoot/ContentSlot/Dimension1Panel/D1_ExploreVisualRoot/BottomNavigation/Nav_ÁRBOL
08_hangar_to_explore	720	1280	Canvas/HUD/VerticalUIRoot/VerticalSafeAreaRoot/ContentSlot/Dimension1Panel/D1_ExploreVisualRoot/BottomNavigation/Nav_ÁRBOL	1	594.40	38.13	OK	Canvas/HUD/VerticalUIRoot/VerticalSafeAreaRoot/ContentSlot/Dimension1Panel/D1_ExploreVisualRoot/BottomNavigation/Nav_ÁRBOL	Canvas/HUD/VerticalUIRoot/VerticalSafeAreaRoot/ContentSlot/Dimension1Panel/D1_ExploreVisualRoot/BottomNavigation/Nav_ÁRBOL
08_hangar_to_explore	720	1280	Canvas/HUD/VerticalUIRoot/VerticalSafeAreaRoot/ContentSlot/Dimension1Panel/D1_ExploreVisualRoot/BottomNavigation/Nav_ÁRBOL	2	673.60	38.13	OK	Canvas/HUD/VerticalUIRoot/VerticalSafeAreaRoot/ContentSlot/Dimension1Panel/D1_ExploreVisualRoot/BottomNavigation/Nav_ÁRBOL	Canvas/HUD/VerticalUIRoot/VerticalSafeAreaRoot/ContentSlot/Dimension1Panel/D1_ExploreVisualRoot/BottomNavigation/Nav_ÁRBOL
08_hangar_to_explore	720	1280	Canvas/HUD/VerticalUIRoot/VerticalSafeAreaRoot/ContentSlot/Dimension1Panel/D1_ExploreVisualRoot/BottomNavigation/Nav_ÁRBOL	3	594.40	108.53	OK	Canvas/HUD/VerticalUIRoot/VerticalSafeAreaRoot/ContentSlot/Dimension1Panel/D1_ExploreVisualRoot/BottomNavigation/Nav_ÁRBOL	Canvas/HUD/VerticalUIRoot/VerticalSafeAreaRoot/ContentSlot/Dimension1Panel/D1_ExploreVisualRoot/BottomNavigation/Nav_ÁRBOL
08_hangar_to_explore	720	1280	Canvas/HUD/VerticalUIRoot/VerticalSafeAreaRoot/ContentSlot/Dimension1Panel/D1_ExploreVisualRoot/BottomNavigation/Nav_ÁRBOL	4	673.60	108.53	OK	Canvas/HUD/VerticalUIRoot/VerticalSafeAreaRoot/ContentSlot/Dimension1Panel/D1_ExploreVisualRoot/BottomNavigation/Nav_ÁRBOL	Canvas/HUD/VerticalUIRoot/VerticalSafeAreaRoot/ContentSlot/Dimension1Panel/D1_ExploreVisualRoot/BottomNavigation/Nav_ÁRBOL
08_hangar_to_explore	720	1280	Canvas/HUD/VerticalUIRoot/VerticalSafeAreaRoot/ContentSlot/Dimension1Panel/OpenGalaxyPanelButton	0	826.67	1017.33	OFFSCREEN	<none>	<none>
08_hangar_to_explore	720	1280	Canvas/HUD/VerticalUIRoot/VerticalSafeAreaRoot/ContentSlot/Dimension1Panel/OpenGalaxyPanelButton	1	794.67	1011.33	OFFSCREEN	<none>	<none>
08_hangar_to_explore	720	1280	Canvas/HUD/VerticalUIRoot/VerticalSafeAreaRoot/ContentSlot/Dimension1Panel/OpenGalaxyPanelButton	2	858.67	1011.33	OFFSCREEN	<none>	<none>
08_hangar_to_explore	720	1280	Canvas/HUD/VerticalUIRoot/VerticalSafeAreaRoot/ContentSlot/Dimension1Panel/OpenGalaxyPanelButton	3	794.67	1023.33	OFFSCREEN	<none>	<none>
08_hangar_to_explore	720	1280	Canvas/HUD/VerticalUIRoot/VerticalSafeAreaRoot/ContentSlot/Dimension1Panel/OpenGalaxyPanelButton	4	858.67	1023.33	OFFSCREEN	<none>	<none>
08_hangar_to_explore	720	1280	Canvas/HUD/VerticalUIRoot/VerticalSafeAreaRoot/ContentSlot/Dimension1Panel/D1_ExploreVisualRoot/SupportPanel/Previous	0	593.33	478.00	OK	Canvas/HUD/VerticalUIRoot/VerticalSafeAreaRoot/ContentSlot/Dimension1Panel/D1_ExploreVisualRoot/SupportPanel/Previous	Canvas/HUD/VerticalUIRoot/VerticalSafeAreaRoot/ContentSlot/Dimension1Panel/D1_ExploreVisualRoot/SupportPanel/Previous
08_hangar_to_explore	720	1280	Canvas/HUD/VerticalUIRoot/VerticalSafeAreaRoot/ContentSlot/Dimension1Panel/D1_ExploreVisualRoot/SupportPanel/Previous	1	578.93	463.60	OK	Canvas/HUD/VerticalUIRoot/VerticalSafeAreaRoot/ContentSlot/Dimension1Panel/D1_ExploreVisualRoot/SupportPanel/Previous	Canvas/HUD/VerticalUIRoot/VerticalSafeAreaRoot/ContentSlot/Dimension1Panel/D1_ExploreVisualRoot/SupportPanel/Previous
08_hangar_to_explore	720	1280	Canvas/HUD/VerticalUIRoot/VerticalSafeAreaRoot/ContentSlot/Dimension1Panel/D1_ExploreVisualRoot/SupportPanel/Previous	2	607.73	463.60	OK	Canvas/HUD/VerticalUIRoot/VerticalSafeAreaRoot/ContentSlot/Dimension1Panel/D1_ExploreVisualRoot/SupportPanel/Previous	Canvas/HUD/VerticalUIRoot/VerticalSafeAreaRoot/ContentSlot/Dimension1Panel/D1_ExploreVisualRoot/SupportPanel/Previous
08_hangar_to_explore	720	1280	Canvas/HUD/VerticalUIRoot/VerticalSafeAreaRoot/ContentSlot/Dimension1Panel/D1_ExploreVisualRoot/SupportPanel/Previous	3	578.93	492.40	OK	Canvas/HUD/VerticalUIRoot/VerticalSafeAreaRoot/ContentSlot/Dimension1Panel/D1_ExploreVisualRoot/SupportPanel/Previous	Canvas/HUD/VerticalUIRoot/VerticalSafeAreaRoot/ContentSlot/Dimension1Panel/D1_ExploreVisualRoot/SupportPanel/Previous
08_hangar_to_explore	720	1280	Canvas/HUD/VerticalUIRoot/VerticalSafeAreaRoot/ContentSlot/Dimension1Panel/D1_ExploreVisualRoot/SupportPanel/Previous	4	607.73	492.40	OK	Canvas/HUD/VerticalUIRoot/VerticalSafeAreaRoot/ContentSlot/Dimension1Panel/D1_ExploreVisualRoot/SupportPanel/Previous	Canvas/HUD/VerticalUIRoot/VerticalSafeAreaRoot/ContentSlot/Dimension1Panel/D1_ExploreVisualRoot/SupportPanel/Previous
08_hangar_to_explore	720	1280	Canvas/HUD/VerticalUIRoot/VerticalSafeAreaRoot/ContentSlot/Dimension1Panel/D1_ExploreVisualRoot/ScannerPanel/ChangeSector	0	576.00	1044.67	OK	Canvas/HUD/VerticalUIRoot/VerticalSafeAreaRoot/ContentSlot/Dimension1Panel/D1_ExploreVisualRoot/ScannerPanel/ChangeSector	Canvas/HUD/VerticalUIRoot/VerticalSafeAreaRoot/ContentSlot/Dimension1Panel/D1_ExploreVisualRoot/ScannerPanel/ChangeSector
08_hangar_to_explore	720	1280	Canvas/HUD/VerticalUIRoot/VerticalSafeAreaRoot/ContentSlot/Dimension1Panel/D1_ExploreVisualRoot/ScannerPanel/ChangeSector	1	529.60	1032.27	OK	Canvas/HUD/VerticalUIRoot/VerticalSafeAreaRoot/ContentSlot/Dimension1Panel/D1_ExploreVisualRoot/ScannerPanel/ChangeSector	Canvas/HUD/VerticalUIRoot/VerticalSafeAreaRoot/ContentSlot/Dimension1Panel/D1_ExploreVisualRoot/ScannerPanel/ChangeSector
08_hangar_to_explore	720	1280	Canvas/HUD/VerticalUIRoot/VerticalSafeAreaRoot/ContentSlot/Dimension1Panel/D1_ExploreVisualRoot/ScannerPanel/ChangeSector	2	622.40	1032.27	OK	Canvas/HUD/VerticalUIRoot/VerticalSafeAreaRoot/ContentSlot/Dimension1Panel/D1_ExploreVisualRoot/ScannerPanel/ChangeSector	Canvas/HUD/VerticalUIRoot/VerticalSafeAreaRoot/ContentSlot/Dimension1Panel/D1_ExploreVisualRoot/ScannerPanel/ChangeSector
08_hangar_to_explore	720	1280	Canvas/HUD/VerticalUIRoot/VerticalSafeAreaRoot/ContentSlot/Dimension1Panel/D1_ExploreVisualRoot/ScannerPanel/ChangeSector	3	529.60	1057.07	OK	Canvas/HUD/VerticalUIRoot/VerticalSafeAreaRoot/ContentSlot/Dimension1Panel/D1_ExploreVisualRoot/ScannerPanel/ChangeSector	Canvas/HUD/VerticalUIRoot/VerticalSafeAreaRoot/ContentSlot/Dimension1Panel/D1_ExploreVisualRoot/ScannerPanel/ChangeSector
08_hangar_to_explore	720	1280	Canvas/HUD/VerticalUIRoot/VerticalSafeAreaRoot/ContentSlot/Dimension1Panel/D1_ExploreVisualRoot/ScannerPanel/ChangeSector	4	622.40	1057.07	OK	Canvas/HUD/VerticalUIRoot/VerticalSafeAreaRoot/ContentSlot/Dimension1Panel/D1_ExploreVisualRoot/ScannerPanel/ChangeSector	Canvas/HUD/VerticalUIRoot/VerticalSafeAreaRoot/ContentSlot/Dimension1Panel/D1_ExploreVisualRoot/ScannerPanel/ChangeSector
08_hangar_to_explore	720	1280	Canvas/HUD/VerticalUIRoot/VerticalSafeAreaRoot/ContentSlot/Dimension1Panel/D1_ExploreVisualRoot/BottomNavigation/Nav_GALAXIA	0	82.00	73.33	OK	Canvas/HUD/VerticalUIRoot/VerticalSafeAreaRoot/ContentSlot/Dimension1Panel/D1_ExploreVisualRoot/BottomNavigation/Nav_GALAXIA	Canvas/HUD/VerticalUIRoot/VerticalSafeAreaRoot/ContentSlot/Dimension1Panel/D1_ExploreVisualRoot/BottomNavigation/Nav_GALAXIA
08_hangar_to_explore	720	1280	Canvas/HUD/VerticalUIRoot/VerticalSafeAreaRoot/ContentSlot/Dimension1Panel/D1_ExploreVisualRoot/BottomNavigation/Nav_GALAXIA	1	42.40	38.13	OK	Canvas/HUD/VerticalUIRoot/VerticalSafeAreaRoot/ContentSlot/Dimension1Panel/D1_ExploreVisualRoot/BottomNavigation/Nav_GALAXIA	Canvas/HUD/VerticalUIRoot/VerticalSafeAreaRoot/ContentSlot/Dimension1Panel/D1_ExploreVisualRoot/BottomNavigation/Nav_GALAXIA
08_hangar_to_explore	720	1280	Canvas/HUD/VerticalUIRoot/VerticalSafeAreaRoot/ContentSlot/Dimension1Panel/D1_ExploreVisualRoot/BottomNavigation/Nav_GALAXIA	2	121.60	38.13	OK	Canvas/HUD/VerticalUIRoot/VerticalSafeAreaRoot/ContentSlot/Dimension1Panel/D1_ExploreVisualRoot/BottomNavigation/Nav_GALAXIA	Canvas/HUD/VerticalUIRoot/VerticalSafeAreaRoot/ContentSlot/Dimension1Panel/D1_ExploreVisualRoot/BottomNavigation/Nav_GALAXIA
08_hangar_to_explore	720	1280	Canvas/HUD/VerticalUIRoot/VerticalSafeAreaRoot/ContentSlot/Dimension1Panel/D1_ExploreVisualRoot/BottomNavigation/Nav_GALAXIA	3	42.40	108.53	OK	Canvas/HUD/VerticalUIRoot/VerticalSafeAreaRoot/ContentSlot/Dimension1Panel/D1_ExploreVisualRoot/BottomNavigation/Nav_GALAXIA	Canvas/HUD/VerticalUIRoot/VerticalSafeAreaRoot/ContentSlot/Dimension1Panel/D1_ExploreVisualRoot/BottomNavigation/Nav_GALAXIA
08_hangar_to_explore	720	1280	Canvas/HUD/VerticalUIRoot/VerticalSafeAreaRoot/ContentSlot/Dimension1Panel/D1_ExploreVisualRoot/BottomNavigation/Nav_GALAXIA	4	121.60	108.53	OK	Canvas/HUD/VerticalUIRoot/VerticalSafeAreaRoot/ContentSlot/Dimension1Panel/D1_ExploreVisualRoot/BottomNavigation/Nav_GALAXIA	Canvas/HUD/VerticalUIRoot/VerticalSafeAreaRoot/ContentSlot/Dimension1Panel/D1_ExploreVisualRoot/BottomNavigation/Nav_GALAXIA
08_hangar_to_explore	720	1280	Canvas/HUD/VerticalUIRoot/VerticalSafeAreaRoot/ContentSlot/Dimension1Panel/OpenHangarPanelButton	0	826.67	950.67	OFFSCREEN	<none>	<none>
08_hangar_to_explore	720	1280	Canvas/HUD/VerticalUIRoot/VerticalSafeAreaRoot/ContentSlot/Dimension1Panel/OpenHangarPanelButton	1	794.67	944.67	OFFSCREEN	<none>	<none>
08_hangar_to_explore	720	1280	Canvas/HUD/VerticalUIRoot/VerticalSafeAreaRoot/ContentSlot/Dimension1Panel/OpenHangarPanelButton	2	858.67	944.67	OFFSCREEN	<none>	<none>
08_hangar_to_explore	720	1280	Canvas/HUD/VerticalUIRoot/VerticalSafeAreaRoot/ContentSlot/Dimension1Panel/OpenHangarPanelButton	3	794.67	956.67	OFFSCREEN	<none>	<none>
08_hangar_to_explore	720	1280	Canvas/HUD/VerticalUIRoot/VerticalSafeAreaRoot/ContentSlot/Dimension1Panel/OpenHangarPanelButton	4	858.67	956.67	OFFSCREEN	<none>	<none>
08_hangar_to_explore	720	1280	Canvas/HUD/VerticalUIRoot/VerticalSafeAreaRoot/ContentSlot/Dimension1Panel/D1_ExploreVisualRoot/DestinationPanel/OpenDetails	0	612.00	812.00	OK	Canvas/HUD/VerticalUIRoot/VerticalSafeAreaRoot/ContentSlot/Dimension1Panel/D1_ExploreVisualRoot/DestinationPanel/OpenDetails	Canvas/HUD/VerticalUIRoot/VerticalSafeAreaRoot/ContentSlot/Dimension1Panel/D1_ExploreVisualRoot/DestinationPanel/OpenDetails
08_hangar_to_explore	720	1280	Canvas/HUD/VerticalUIRoot/VerticalSafeAreaRoot/ContentSlot/Dimension1Panel/D1_ExploreVisualRoot/DestinationPanel/OpenDetails	1	584.00	800.40	OK	Canvas/HUD/VerticalUIRoot/VerticalSafeAreaRoot/ContentSlot/Dimension1Panel/D1_ExploreVisualRoot/DestinationPanel/OpenDetails	Canvas/HUD/VerticalUIRoot/VerticalSafeAreaRoot/ContentSlot/Dimension1Panel/D1_ExploreVisualRoot/DestinationPanel/OpenDetails
08_hangar_to_explore	720	1280	Canvas/HUD/VerticalUIRoot/VerticalSafeAreaRoot/ContentSlot/Dimension1Panel/D1_ExploreVisualRoot/DestinationPanel/OpenDetails	2	640.00	800.40	OK	Canvas/HUD/VerticalUIRoot/VerticalSafeAreaRoot/ContentSlot/Dimension1Panel/D1_ExploreVisualRoot/DestinationPanel/OpenDetails	Canvas/HUD/VerticalUIRoot/VerticalSafeAreaRoot/ContentSlot/Dimension1Panel/D1_ExploreVisualRoot/DestinationPanel/OpenDetails
08_hangar_to_explore	720	1280	Canvas/HUD/VerticalUIRoot/VerticalSafeAreaRoot/ContentSlot/Dimension1Panel/D1_ExploreVisualRoot/DestinationPanel/OpenDetails	3	584.00	823.60	OK	Canvas/HUD/VerticalUIRoot/VerticalSafeAreaRoot/ContentSlot/Dimension1Panel/D1_ExploreVisualRoot/DestinationPanel/OpenDetails	Canvas/HUD/VerticalUIRoot/VerticalSafeAreaRoot/ContentSlot/Dimension1Panel/D1_ExploreVisualRoot/DestinationPanel/OpenDetails
08_hangar_to_explore	720	1280	Canvas/HUD/VerticalUIRoot/VerticalSafeAreaRoot/ContentSlot/Dimension1Panel/D1_ExploreVisualRoot/DestinationPanel/OpenDetails	4	640.00	823.60	OK	Canvas/HUD/VerticalUIRoot/VerticalSafeAreaRoot/ContentSlot/Dimension1Panel/D1_ExploreVisualRoot/DestinationPanel/OpenDetails	Canvas/HUD/VerticalUIRoot/VerticalSafeAreaRoot/ContentSlot/Dimension1Panel/D1_ExploreVisualRoot/DestinationPanel/OpenDetails
08_hangar_to_explore	720	1280	Canvas/HUD/VerticalUIRoot/VerticalSafeAreaRoot/ContentSlot/Dimension1Panel/D1_ExploreVisualRoot/ShipPanel/Next	0	322.67	478.00	OK	Canvas/HUD/VerticalUIRoot/VerticalSafeAreaRoot/ContentSlot/Dimension1Panel/D1_ExploreVisualRoot/ShipPanel/Next	Canvas/HUD/VerticalUIRoot/VerticalSafeAreaRoot/ContentSlot/Dimension1Panel/D1_ExploreVisualRoot/ShipPanel/Next
08_hangar_to_explore	720	1280	Canvas/HUD/VerticalUIRoot/VerticalSafeAreaRoot/ContentSlot/Dimension1Panel/D1_ExploreVisualRoot/ShipPanel/Next	1	308.27	463.60	OK	Canvas/HUD/VerticalUIRoot/VerticalSafeAreaRoot/ContentSlot/Dimension1Panel/D1_ExploreVisualRoot/ShipPanel/Next	Canvas/HUD/VerticalUIRoot/VerticalSafeAreaRoot/ContentSlot/Dimension1Panel/D1_ExploreVisualRoot/ShipPanel/Next
08_hangar_to_explore	720	1280	Canvas/HUD/VerticalUIRoot/VerticalSafeAreaRoot/ContentSlot/Dimension1Panel/D1_ExploreVisualRoot/ShipPanel/Next	2	337.07	463.60	OK	Canvas/HUD/VerticalUIRoot/VerticalSafeAreaRoot/ContentSlot/Dimension1Panel/D1_ExploreVisualRoot/ShipPanel/Next	Canvas/HUD/VerticalUIRoot/VerticalSafeAreaRoot/ContentSlot/Dimension1Panel/D1_ExploreVisualRoot/ShipPanel/Next
08_hangar_to_explore	720	1280	Canvas/HUD/VerticalUIRoot/VerticalSafeAreaRoot/ContentSlot/Dimension1Panel/D1_ExploreVisualRoot/ShipPanel/Next	3	308.27	492.40	OK	Canvas/HUD/VerticalUIRoot/VerticalSafeAreaRoot/ContentSlot/Dimension1Panel/D1_ExploreVisualRoot/ShipPanel/Next	Canvas/HUD/VerticalUIRoot/VerticalSafeAreaRoot/ContentSlot/Dimension1Panel/D1_ExploreVisualRoot/ShipPanel/Next
08_hangar_to_explore	720	1280	Canvas/HUD/VerticalUIRoot/VerticalSafeAreaRoot/ContentSlot/Dimension1Panel/D1_ExploreVisualRoot/ShipPanel/Next	4	337.07	492.40	OK	Canvas/HUD/VerticalUIRoot/VerticalSafeAreaRoot/ContentSlot/Dimension1Panel/D1_ExploreVisualRoot/ShipPanel/Next	Canvas/HUD/VerticalUIRoot/VerticalSafeAreaRoot/ContentSlot/Dimension1Panel/D1_ExploreVisualRoot/ShipPanel/Next
08_hangar_to_explore	720	1280	Canvas/HUD/VerticalUIRoot/VerticalSafeAreaRoot/ContentSlot/Dimension1Panel/D1_ExploreVisualRoot/ActiveExpedition/Previous	0	421.33	280.00	OK	Canvas/HUD/VerticalUIRoot/VerticalSafeAreaRoot/ContentSlot/Dimension1Panel/D1_ExploreVisualRoot/ActiveExpedition/Previous	Canvas/HUD/VerticalUIRoot/VerticalSafeAreaRoot/ContentSlot/Dimension1Panel/D1_ExploreVisualRoot/ActiveExpedition/Previous
08_hangar_to_explore	720	1280	Canvas/HUD/VerticalUIRoot/VerticalSafeAreaRoot/ContentSlot/Dimension1Panel/D1_ExploreVisualRoot/ActiveExpedition/Previous	1	406.93	265.60	OK	Canvas/HUD/VerticalUIRoot/VerticalSafeAreaRoot/ContentSlot/Dimension1Panel/D1_ExploreVisualRoot/ActiveExpedition/Previous	Canvas/HUD/VerticalUIRoot/VerticalSafeAreaRoot/ContentSlot/Dimension1Panel/D1_ExploreVisualRoot/ActiveExpedition/Previous
08_hangar_to_explore	720	1280	Canvas/HUD/VerticalUIRoot/VerticalSafeAreaRoot/ContentSlot/Dimension1Panel/D1_ExploreVisualRoot/ActiveExpedition/Previous	2	435.73	265.60	OK	Canvas/HUD/VerticalUIRoot/VerticalSafeAreaRoot/ContentSlot/Dimension1Panel/D1_ExploreVisualRoot/ActiveExpedition/Previous	Canvas/HUD/VerticalUIRoot/VerticalSafeAreaRoot/ContentSlot/Dimension1Panel/D1_ExploreVisualRoot/ActiveExpedition/Previous
08_hangar_to_explore	720	1280	Canvas/HUD/VerticalUIRoot/VerticalSafeAreaRoot/ContentSlot/Dimension1Panel/D1_ExploreVisualRoot/ActiveExpedition/Previous	3	406.93	294.40	OK	Canvas/HUD/VerticalUIRoot/VerticalSafeAreaRoot/ContentSlot/Dimension1Panel/D1_ExploreVisualRoot/ActiveExpedition/Previous	Canvas/HUD/VerticalUIRoot/VerticalSafeAreaRoot/ContentSlot/Dimension1Panel/D1_ExploreVisualRoot/ActiveExpedition/Previous
08_hangar_to_explore	720	1280	Canvas/HUD/VerticalUIRoot/VerticalSafeAreaRoot/ContentSlot/Dimension1Panel/D1_ExploreVisualRoot/ActiveExpedition/Previous	4	435.73	294.40	OK	Canvas/HUD/VerticalUIRoot/VerticalSafeAreaRoot/ContentSlot/Dimension1Panel/D1_ExploreVisualRoot/ActiveExpedition/Previous	Canvas/HUD/VerticalUIRoot/VerticalSafeAreaRoot/ContentSlot/Dimension1Panel/D1_ExploreVisualRoot/ActiveExpedition/Previous
08_hangar_to_explore	720	1280	Canvas/HUD/VerticalUIRoot/VerticalSafeAreaRoot/ContentSlot/Dimension1Panel/D1_ExploreVisualRoot/SupportPanel/Next	0	650.67	478.00	OK	Canvas/HUD/VerticalUIRoot/VerticalSafeAreaRoot/ContentSlot/Dimension1Panel/D1_ExploreVisualRoot/SupportPanel/Next	Canvas/HUD/VerticalUIRoot/VerticalSafeAreaRoot/ContentSlot/Dimension1Panel/D1_ExploreVisualRoot/SupportPanel/Next
08_hangar_to_explore	720	1280	Canvas/HUD/VerticalUIRoot/VerticalSafeAreaRoot/ContentSlot/Dimension1Panel/D1_ExploreVisualRoot/SupportPanel/Next	1	636.27	463.60	OK	Canvas/HUD/VerticalUIRoot/VerticalSafeAreaRoot/ContentSlot/Dimension1Panel/D1_ExploreVisualRoot/SupportPanel/Next	Canvas/HUD/VerticalUIRoot/VerticalSafeAreaRoot/ContentSlot/Dimension1Panel/D1_ExploreVisualRoot/SupportPanel/Next
08_hangar_to_explore	720	1280	Canvas/HUD/VerticalUIRoot/VerticalSafeAreaRoot/ContentSlot/Dimension1Panel/D1_ExploreVisualRoot/SupportPanel/Next	2	665.07	463.60	OK	Canvas/HUD/VerticalUIRoot/VerticalSafeAreaRoot/ContentSlot/Dimension1Panel/D1_ExploreVisualRoot/SupportPanel/Next	Canvas/HUD/VerticalUIRoot/VerticalSafeAreaRoot/ContentSlot/Dimension1Panel/D1_ExploreVisualRoot/SupportPanel/Next
08_hangar_to_explore	720	1280	Canvas/HUD/VerticalUIRoot/VerticalSafeAreaRoot/ContentSlot/Dimension1Panel/D1_ExploreVisualRoot/SupportPanel/Next	3	636.27	492.40	OK	Canvas/HUD/VerticalUIRoot/VerticalSafeAreaRoot/ContentSlot/Dimension1Panel/D1_ExploreVisualRoot/SupportPanel/Next	Canvas/HUD/VerticalUIRoot/VerticalSafeAreaRoot/ContentSlot/Dimension1Panel/D1_ExploreVisualRoot/SupportPanel/Next
08_hangar_to_explore	720	1280	Canvas/HUD/VerticalUIRoot/VerticalSafeAreaRoot/ContentSlot/Dimension1Panel/D1_ExploreVisualRoot/SupportPanel/Next	4	665.07	492.40	OK	Canvas/HUD/VerticalUIRoot/VerticalSafeAreaRoot/ContentSlot/Dimension1Panel/D1_ExploreVisualRoot/SupportPanel/Next	Canvas/HUD/VerticalUIRoot/VerticalSafeAreaRoot/ContentSlot/Dimension1Panel/D1_ExploreVisualRoot/SupportPanel/Next
08_hangar_to_explore	720	1280	Canvas/HUD/VerticalUIRoot/VerticalSafeAreaRoot/ContentSlot/Dimension1Panel/D1_ExploreVisualRoot/MetalsButton	0	614.33	1178.67	OK	Canvas/HUD/VerticalUIRoot/VerticalSafeAreaRoot/ContentSlot/Dimension1Panel/D1_ExploreVisualRoot/MetalsButton	Canvas/HUD/VerticalUIRoot/VerticalSafeAreaRoot/ContentSlot/Dimension1Panel/D1_ExploreVisualRoot/MetalsButton
08_hangar_to_explore	720	1280	Canvas/HUD/VerticalUIRoot/VerticalSafeAreaRoot/ContentSlot/Dimension1Panel/D1_ExploreVisualRoot/MetalsButton	1	565.33	1158.67	OK	Canvas/HUD/VerticalUIRoot/VerticalSafeAreaRoot/ContentSlot/Dimension1Panel/D1_ExploreVisualRoot/MetalsButton	Canvas/HUD/VerticalUIRoot/VerticalSafeAreaRoot/ContentSlot/Dimension1Panel/D1_ExploreVisualRoot/MetalsButton
08_hangar_to_explore	720	1280	Canvas/HUD/VerticalUIRoot/VerticalSafeAreaRoot/ContentSlot/Dimension1Panel/D1_ExploreVisualRoot/MetalsButton	2	663.33	1158.67	OK	Canvas/HUD/VerticalUIRoot/VerticalSafeAreaRoot/ContentSlot/Dimension1Panel/D1_ExploreVisualRoot/MetalsButton	Canvas/HUD/VerticalUIRoot/VerticalSafeAreaRoot/ContentSlot/Dimension1Panel/D1_ExploreVisualRoot/MetalsButton
08_hangar_to_explore	720	1280	Canvas/HUD/VerticalUIRoot/VerticalSafeAreaRoot/ContentSlot/Dimension1Panel/D1_ExploreVisualRoot/MetalsButton	3	565.33	1198.67	OK	Canvas/HUD/VerticalUIRoot/VerticalSafeAreaRoot/ContentSlot/Dimension1Panel/D1_ExploreVisualRoot/MetalsButton	Canvas/HUD/VerticalUIRoot/VerticalSafeAreaRoot/ContentSlot/Dimension1Panel/D1_ExploreVisualRoot/MetalsButton
08_hangar_to_explore	720	1280	Canvas/HUD/VerticalUIRoot/VerticalSafeAreaRoot/ContentSlot/Dimension1Panel/D1_ExploreVisualRoot/MetalsButton	4	663.33	1198.67	OK	Canvas/HUD/VerticalUIRoot/VerticalSafeAreaRoot/ContentSlot/Dimension1Panel/D1_ExploreVisualRoot/MetalsButton	Canvas/HUD/VerticalUIRoot/VerticalSafeAreaRoot/ContentSlot/Dimension1Panel/D1_ExploreVisualRoot/MetalsButton
08_hangar_to_explore	720	1280	Canvas/HUD/VerticalUIRoot/VerticalSafeAreaRoot/ContentSlot/Dimension1Panel/D1_ExploreVisualRoot/BottomNavigation/Nav_RELIQUIAS	0	496.00	73.33	OK	Canvas/HUD/VerticalUIRoot/VerticalSafeAreaRoot/ContentSlot/Dimension1Panel/D1_ExploreVisualRoot/BottomNavigation/Nav_RELIQUIAS	Canvas/HUD/VerticalUIRoot/VerticalSafeAreaRoot/ContentSlot/Dimension1Panel/D1_ExploreVisualRoot/BottomNavigation/Nav_RELIQUIAS
08_hangar_to_explore	720	1280	Canvas/HUD/VerticalUIRoot/VerticalSafeAreaRoot/ContentSlot/Dimension1Panel/D1_ExploreVisualRoot/BottomNavigation/Nav_RELIQUIAS	1	456.40	38.13	OK	Canvas/HUD/VerticalUIRoot/VerticalSafeAreaRoot/ContentSlot/Dimension1Panel/D1_ExploreVisualRoot/BottomNavigation/Nav_RELIQUIAS	Canvas/HUD/VerticalUIRoot/VerticalSafeAreaRoot/ContentSlot/Dimension1Panel/D1_ExploreVisualRoot/BottomNavigation/Nav_RELIQUIAS
08_hangar_to_explore	720	1280	Canvas/HUD/VerticalUIRoot/VerticalSafeAreaRoot/ContentSlot/Dimension1Panel/D1_ExploreVisualRoot/BottomNavigation/Nav_RELIQUIAS	2	535.60	38.13	OK	Canvas/HUD/VerticalUIRoot/VerticalSafeAreaRoot/ContentSlot/Dimension1Panel/D1_ExploreVisualRoot/BottomNavigation/Nav_RELIQUIAS	Canvas/HUD/VerticalUIRoot/VerticalSafeAreaRoot/ContentSlot/Dimension1Panel/D1_ExploreVisualRoot/BottomNavigation/Nav_RELIQUIAS
08_hangar_to_explore	720	1280	Canvas/HUD/VerticalUIRoot/VerticalSafeAreaRoot/ContentSlot/Dimension1Panel/D1_ExploreVisualRoot/BottomNavigation/Nav_RELIQUIAS	3	456.40	108.53	OK	Canvas/HUD/VerticalUIRoot/VerticalSafeAreaRoot/ContentSlot/Dimension1Panel/D1_ExploreVisualRoot/BottomNavigation/Nav_RELIQUIAS	Canvas/HUD/VerticalUIRoot/VerticalSafeAreaRoot/ContentSlot/Dimension1Panel/D1_ExploreVisualRoot/BottomNavigation/Nav_RELIQUIAS
08_hangar_to_explore	720	1280	Canvas/HUD/VerticalUIRoot/VerticalSafeAreaRoot/ContentSlot/Dimension1Panel/D1_ExploreVisualRoot/BottomNavigation/Nav_RELIQUIAS	4	535.60	108.53	OK	Canvas/HUD/VerticalUIRoot/VerticalSafeAreaRoot/ContentSlot/Dimension1Panel/D1_ExploreVisualRoot/BottomNavigation/Nav_RELIQUIAS	Canvas/HUD/VerticalUIRoot/VerticalSafeAreaRoot/ContentSlot/Dimension1Panel/D1_ExploreVisualRoot/BottomNavigation/Nav_RELIQUIAS
08_hangar_to_explore	720	1280	Canvas/HUD/VerticalUIRoot/VerticalSafeAreaRoot/ContentSlot/Dimension1Panel/OpenRelicChamberPanelButton	0	826.67	984.00	OFFSCREEN	<none>	<none>
08_hangar_to_explore	720	1280	Canvas/HUD/VerticalUIRoot/VerticalSafeAreaRoot/ContentSlot/Dimension1Panel/OpenRelicChamberPanelButton	1	794.67	978.00	OFFSCREEN	<none>	<none>
08_hangar_to_explore	720	1280	Canvas/HUD/VerticalUIRoot/VerticalSafeAreaRoot/ContentSlot/Dimension1Panel/OpenRelicChamberPanelButton	2	858.67	978.00	OFFSCREEN	<none>	<none>
08_hangar_to_explore	720	1280	Canvas/HUD/VerticalUIRoot/VerticalSafeAreaRoot/ContentSlot/Dimension1Panel/OpenRelicChamberPanelButton	3	794.67	990.00	OFFSCREEN	<none>	<none>
08_hangar_to_explore	720	1280	Canvas/HUD/VerticalUIRoot/VerticalSafeAreaRoot/ContentSlot/Dimension1Panel/OpenRelicChamberPanelButton	4	858.67	990.00	OFFSCREEN	<none>	<none>
08_hangar_to_explore	720	1280	Canvas/HUD/VerticalUIRoot/VerticalSafeAreaRoot/ContentSlot/Dimension1Panel/Registro	0	-40.00	950.67	OFFSCREEN	<none>	<none>
08_hangar_to_explore	720	1280	Canvas/HUD/VerticalUIRoot/VerticalSafeAreaRoot/ContentSlot/Dimension1Panel/Registro	1	-72.00	944.67	OFFSCREEN	<none>	<none>
08_hangar_to_explore	720	1280	Canvas/HUD/VerticalUIRoot/VerticalSafeAreaRoot/ContentSlot/Dimension1Panel/Registro	2	-8.00	944.67	OFFSCREEN	<none>	<none>
08_hangar_to_explore	720	1280	Canvas/HUD/VerticalUIRoot/VerticalSafeAreaRoot/ContentSlot/Dimension1Panel/Registro	3	-72.00	956.67	OFFSCREEN	<none>	<none>
08_hangar_to_explore	720	1280	Canvas/HUD/VerticalUIRoot/VerticalSafeAreaRoot/ContentSlot/Dimension1Panel/Registro	4	-8.00	956.67	OFFSCREEN	<none>	<none>
08_hangar_to_explore	720	1280	Canvas/HUD/VerticalUIRoot/VerticalSafeAreaRoot/ContentSlot/Dimension1Panel/D1_ExploreVisualRoot/CommandCenter	0	74.67	1178.67	OK	Canvas/HUD/VerticalUIRoot/VerticalSafeAreaRoot/ContentSlot/Dimension1Panel/D1_ExploreVisualRoot/CommandCenter	Canvas/HUD/VerticalUIRoot/VerticalSafeAreaRoot/ContentSlot/Dimension1Panel/D1_ExploreVisualRoot/CommandCenter
08_hangar_to_explore	720	1280	Canvas/HUD/VerticalUIRoot/VerticalSafeAreaRoot/ContentSlot/Dimension1Panel/D1_ExploreVisualRoot/CommandCenter	1	39.47	1158.67	OK	Canvas/HUD/VerticalUIRoot/VerticalSafeAreaRoot/ContentSlot/Dimension1Panel/D1_ExploreVisualRoot/CommandCenter	Canvas/HUD/VerticalUIRoot/VerticalSafeAreaRoot/ContentSlot/Dimension1Panel/D1_ExploreVisualRoot/CommandCenter
08_hangar_to_explore	720	1280	Canvas/HUD/VerticalUIRoot/VerticalSafeAreaRoot/ContentSlot/Dimension1Panel/D1_ExploreVisualRoot/CommandCenter	2	109.87	1158.67	OK	Canvas/HUD/VerticalUIRoot/VerticalSafeAreaRoot/ContentSlot/Dimension1Panel/D1_ExploreVisualRoot/CommandCenter	Canvas/HUD/VerticalUIRoot/VerticalSafeAreaRoot/ContentSlot/Dimension1Panel/D1_ExploreVisualRoot/CommandCenter
08_hangar_to_explore	720	1280	Canvas/HUD/VerticalUIRoot/VerticalSafeAreaRoot/ContentSlot/Dimension1Panel/D1_ExploreVisualRoot/CommandCenter	3	39.47	1198.67	OK	Canvas/HUD/VerticalUIRoot/VerticalSafeAreaRoot/ContentSlot/Dimension1Panel/D1_ExploreVisualRoot/CommandCenter	Canvas/HUD/VerticalUIRoot/VerticalSafeAreaRoot/ContentSlot/Dimension1Panel/D1_ExploreVisualRoot/CommandCenter
08_hangar_to_explore	720	1280	Canvas/HUD/VerticalUIRoot/VerticalSafeAreaRoot/ContentSlot/Dimension1Panel/D1_ExploreVisualRoot/CommandCenter	4	109.87	1198.67	OK	Canvas/HUD/VerticalUIRoot/VerticalSafeAreaRoot/ContentSlot/Dimension1Panel/D1_ExploreVisualRoot/CommandCenter	Canvas/HUD/VerticalUIRoot/VerticalSafeAreaRoot/ContentSlot/Dimension1Panel/D1_ExploreVisualRoot/CommandCenter
08_hangar_to_explore	720	1280	Canvas/HUD/VerticalUIRoot/VerticalSafeAreaRoot/ContentSlot/Dimension1Panel/D1_ExploreVisualRoot/StartExpedition	0	222.67	187.33	OK	Canvas/HUD/VerticalUIRoot/VerticalSafeAreaRoot/ContentSlot/Dimension1Panel/D1_ExploreVisualRoot/StartExpedition	Canvas/HUD/VerticalUIRoot/VerticalSafeAreaRoot/ContentSlot/Dimension1Panel/D1_ExploreVisualRoot/StartExpedition
08_hangar_to_explore	720	1280	Canvas/HUD/VerticalUIRoot/VerticalSafeAreaRoot/ContentSlot/Dimension1Panel/D1_ExploreVisualRoot/StartExpedition	1	113.87	162.93	OK	Canvas/HUD/VerticalUIRoot/VerticalSafeAreaRoot/ContentSlot/Dimension1Panel/D1_ExploreVisualRoot/StartExpedition	Canvas/HUD/VerticalUIRoot/VerticalSafeAreaRoot/ContentSlot/Dimension1Panel/D1_ExploreVisualRoot/StartExpedition
08_hangar_to_explore	720	1280	Canvas/HUD/VerticalUIRoot/VerticalSafeAreaRoot/ContentSlot/Dimension1Panel/D1_ExploreVisualRoot/StartExpedition	2	331.47	162.93	OK	Canvas/HUD/VerticalUIRoot/VerticalSafeAreaRoot/ContentSlot/Dimension1Panel/D1_ExploreVisualRoot/StartExpedition	Canvas/HUD/VerticalUIRoot/VerticalSafeAreaRoot/ContentSlot/Dimension1Panel/D1_ExploreVisualRoot/StartExpedition
08_hangar_to_explore	720	1280	Canvas/HUD/VerticalUIRoot/VerticalSafeAreaRoot/ContentSlot/Dimension1Panel/D1_ExploreVisualRoot/StartExpedition	3	113.87	211.73	OK	Canvas/HUD/VerticalUIRoot/VerticalSafeAreaRoot/ContentSlot/Dimension1Panel/D1_ExploreVisualRoot/StartExpedition	Canvas/HUD/VerticalUIRoot/VerticalSafeAreaRoot/ContentSlot/Dimension1Panel/D1_ExploreVisualRoot/StartExpedition
08_hangar_to_explore	720	1280	Canvas/HUD/VerticalUIRoot/VerticalSafeAreaRoot/ContentSlot/Dimension1Panel/D1_ExploreVisualRoot/StartExpedition	4	331.47	211.73	OK	Canvas/HUD/VerticalUIRoot/VerticalSafeAreaRoot/ContentSlot/Dimension1Panel/D1_ExploreVisualRoot/StartExpedition	Canvas/HUD/VerticalUIRoot/VerticalSafeAreaRoot/ContentSlot/Dimension1Panel/D1_ExploreVisualRoot/StartExpedition
08_hangar_to_explore	720	1280	Canvas/HUD/VerticalUIRoot/VerticalSafeAreaRoot/ContentSlot/Dimension1Panel/D1_ExploreVisualRoot/ModePanel/SimpleMode	0	204.00	383.33	OK	Canvas/HUD/VerticalUIRoot/VerticalSafeAreaRoot/ContentSlot/Dimension1Panel/D1_ExploreVisualRoot/ModePanel/SimpleMode	Canvas/HUD/VerticalUIRoot/VerticalSafeAreaRoot/ContentSlot/Dimension1Panel/D1_ExploreVisualRoot/ModePanel/SimpleMode
08_hangar_to_explore	720	1280	Canvas/HUD/VerticalUIRoot/VerticalSafeAreaRoot/ContentSlot/Dimension1Panel/D1_ExploreVisualRoot/ModePanel/SimpleMode	1	116.00	367.73	OK	Canvas/HUD/VerticalUIRoot/VerticalSafeAreaRoot/ContentSlot/Dimension1Panel/D1_ExploreVisualRoot/ModePanel/SimpleMode	Canvas/HUD/VerticalUIRoot/VerticalSafeAreaRoot/ContentSlot/Dimension1Panel/D1_ExploreVisualRoot/ModePanel/SimpleMode
08_hangar_to_explore	720	1280	Canvas/HUD/VerticalUIRoot/VerticalSafeAreaRoot/ContentSlot/Dimension1Panel/D1_ExploreVisualRoot/ModePanel/SimpleMode	2	292.00	367.73	OK	Canvas/HUD/VerticalUIRoot/VerticalSafeAreaRoot/ContentSlot/Dimension1Panel/D1_ExploreVisualRoot/ModePanel/SimpleMode	Canvas/HUD/VerticalUIRoot/VerticalSafeAreaRoot/ContentSlot/Dimension1Panel/D1_ExploreVisualRoot/ModePanel/SimpleMode
08_hangar_to_explore	720	1280	Canvas/HUD/VerticalUIRoot/VerticalSafeAreaRoot/ContentSlot/Dimension1Panel/D1_ExploreVisualRoot/ModePanel/SimpleMode	3	116.00	398.93	OK	Canvas/HUD/VerticalUIRoot/VerticalSafeAreaRoot/ContentSlot/Dimension1Panel/D1_ExploreVisualRoot/ModePanel/SimpleMode	Canvas/HUD/VerticalUIRoot/VerticalSafeAreaRoot/ContentSlot/Dimension1Panel/D1_ExploreVisualRoot/ModePanel/SimpleMode
08_hangar_to_explore	720	1280	Canvas/HUD/VerticalUIRoot/VerticalSafeAreaRoot/ContentSlot/Dimension1Panel/D1_ExploreVisualRoot/ModePanel/SimpleMode	4	292.00	398.93	OK	Canvas/HUD/VerticalUIRoot/VerticalSafeAreaRoot/ContentSlot/Dimension1Panel/D1_ExploreVisualRoot/ModePanel/SimpleMode	Canvas/HUD/VerticalUIRoot/VerticalSafeAreaRoot/ContentSlot/Dimension1Panel/D1_ExploreVisualRoot/ModePanel/SimpleMode
08_hangar_to_explore	720	1280	Canvas/HUD/VerticalUIRoot/VerticalSafeAreaRoot/ContentSlot/Dimension1Panel/OpenDimension1TreePanelButton	0	826.67	917.33	OFFSCREEN	<none>	<none>
08_hangar_to_explore	720	1280	Canvas/HUD/VerticalUIRoot/VerticalSafeAreaRoot/ContentSlot/Dimension1Panel/OpenDimension1TreePanelButton	1	794.67	911.33	OFFSCREEN	<none>	<none>
08_hangar_to_explore	720	1280	Canvas/HUD/VerticalUIRoot/VerticalSafeAreaRoot/ContentSlot/Dimension1Panel/OpenDimension1TreePanelButton	2	858.67	911.33	OFFSCREEN	<none>	<none>
08_hangar_to_explore	720	1280	Canvas/HUD/VerticalUIRoot/VerticalSafeAreaRoot/ContentSlot/Dimension1Panel/OpenDimension1TreePanelButton	3	794.67	923.33	OFFSCREEN	<none>	<none>
08_hangar_to_explore	720	1280	Canvas/HUD/VerticalUIRoot/VerticalSafeAreaRoot/ContentSlot/Dimension1Panel/OpenDimension1TreePanelButton	4	858.67	923.33	OFFSCREEN	<none>	<none>
09_relics_page1	720	1280	Canvas/HUD/VerticalUIRoot/VerticalSafeAreaRoot/ContentSlot/Dimension1Panel/RelicChamberPanel/D1_RelicsVisualRoot/RelicCard_6	0	440.00	672.00	OK	Canvas/HUD/VerticalUIRoot/VerticalSafeAreaRoot/ContentSlot/Dimension1Panel/RelicChamberPanel/D1_RelicsVisualRoot/RelicCard_6	Canvas/HUD/VerticalUIRoot/VerticalSafeAreaRoot/ContentSlot/Dimension1Panel/RelicChamberPanel/D1_RelicsVisualRoot/RelicCard_6
09_relics_page1	720	1280	Canvas/HUD/VerticalUIRoot/VerticalSafeAreaRoot/ContentSlot/Dimension1Panel/RelicChamberPanel/D1_RelicsVisualRoot/RelicCard_6	1	392.80	596.40	OK	Canvas/HUD/VerticalUIRoot/VerticalSafeAreaRoot/ContentSlot/Dimension1Panel/RelicChamberPanel/D1_RelicsVisualRoot/RelicCard_6	Canvas/HUD/VerticalUIRoot/VerticalSafeAreaRoot/ContentSlot/Dimension1Panel/RelicChamberPanel/D1_RelicsVisualRoot/RelicCard_6
09_relics_page1	720	1280	Canvas/HUD/VerticalUIRoot/VerticalSafeAreaRoot/ContentSlot/Dimension1Panel/RelicChamberPanel/D1_RelicsVisualRoot/RelicCard_6	2	487.20	596.40	OK	Canvas/HUD/VerticalUIRoot/VerticalSafeAreaRoot/ContentSlot/Dimension1Panel/RelicChamberPanel/D1_RelicsVisualRoot/RelicCard_6	Canvas/HUD/VerticalUIRoot/VerticalSafeAreaRoot/ContentSlot/Dimension1Panel/RelicChamberPanel/D1_RelicsVisualRoot/RelicCard_6
09_relics_page1	720	1280	Canvas/HUD/VerticalUIRoot/VerticalSafeAreaRoot/ContentSlot/Dimension1Panel/RelicChamberPanel/D1_RelicsVisualRoot/RelicCard_6	3	392.80	747.60	OK	Canvas/HUD/VerticalUIRoot/VerticalSafeAreaRoot/ContentSlot/Dimension1Panel/RelicChamberPanel/D1_RelicsVisualRoot/RelicCard_6	Canvas/HUD/VerticalUIRoot/VerticalSafeAreaRoot/ContentSlot/Dimension1Panel/RelicChamberPanel/D1_RelicsVisualRoot/RelicCard_6
09_relics_page1	720	1280	Canvas/HUD/VerticalUIRoot/VerticalSafeAreaRoot/ContentSlot/Dimension1Panel/RelicChamberPanel/D1_RelicsVisualRoot/RelicCard_6	4	487.20	747.60	OK	Canvas/HUD/VerticalUIRoot/VerticalSafeAreaRoot/ContentSlot/Dimension1Panel/RelicChamberPanel/D1_RelicsVisualRoot/RelicCard_6	Canvas/HUD/VerticalUIRoot/VerticalSafeAreaRoot/ContentSlot/Dimension1Panel/RelicChamberPanel/D1_RelicsVisualRoot/RelicCard_6
09_relics_page1	720	1280	Canvas/HUD/VerticalUIRoot/VerticalSafeAreaRoot/ContentSlot/Dimension1Panel/RelicChamberPanel/D1_RelicsVisualRoot/RelicCard_3	0	608.00	936.67	OK	Canvas/HUD/VerticalUIRoot/VerticalSafeAreaRoot/ContentSlot/Dimension1Panel/RelicChamberPanel/D1_RelicsVisualRoot/RelicCard_3	Canvas/HUD/VerticalUIRoot/VerticalSafeAreaRoot/ContentSlot/Dimension1Panel/RelicChamberPanel/D1_RelicsVisualRoot/RelicCard_3
09_relics_page1	720	1280	Canvas/HUD/VerticalUIRoot/VerticalSafeAreaRoot/ContentSlot/Dimension1Panel/RelicChamberPanel/D1_RelicsVisualRoot/RelicCard_3	1	560.80	861.07	OK	Canvas/HUD/VerticalUIRoot/VerticalSafeAreaRoot/ContentSlot/Dimension1Panel/RelicChamberPanel/D1_RelicsVisualRoot/RelicCard_3	Canvas/HUD/VerticalUIRoot/VerticalSafeAreaRoot/ContentSlot/Dimension1Panel/RelicChamberPanel/D1_RelicsVisualRoot/RelicCard_3
09_relics_page1	720	1280	Canvas/HUD/VerticalUIRoot/VerticalSafeAreaRoot/ContentSlot/Dimension1Panel/RelicChamberPanel/D1_RelicsVisualRoot/RelicCard_3	2	655.20	861.07	OK	Canvas/HUD/VerticalUIRoot/VerticalSafeAreaRoot/ContentSlot/Dimension1Panel/RelicChamberPanel/D1_RelicsVisualRoot/RelicCard_3	Canvas/HUD/VerticalUIRoot/VerticalSafeAreaRoot/ContentSlot/Dimension1Panel/RelicChamberPanel/D1_RelicsVisualRoot/RelicCard_3
09_relics_page1	720	1280	Canvas/HUD/VerticalUIRoot/VerticalSafeAreaRoot/ContentSlot/Dimension1Panel/RelicChamberPanel/D1_RelicsVisualRoot/RelicCard_3	3	560.80	1012.27	OK	Canvas/HUD/VerticalUIRoot/VerticalSafeAreaRoot/ContentSlot/Dimension1Panel/RelicChamberPanel/D1_RelicsVisualRoot/RelicCard_3	Canvas/HUD/VerticalUIRoot/VerticalSafeAreaRoot/ContentSlot/Dimension1Panel/RelicChamberPanel/D1_RelicsVisualRoot/RelicCard_3
09_relics_page1	720	1280	Canvas/HUD/VerticalUIRoot/VerticalSafeAreaRoot/ContentSlot/Dimension1Panel/RelicChamberPanel/D1_RelicsVisualRoot/RelicCard_3	4	655.20	1012.27	OK	Canvas/HUD/VerticalUIRoot/VerticalSafeAreaRoot/ContentSlot/Dimension1Panel/RelicChamberPanel/D1_RelicsVisualRoot/RelicCard_3	Canvas/HUD/VerticalUIRoot/VerticalSafeAreaRoot/ContentSlot/Dimension1Panel/RelicChamberPanel/D1_RelicsVisualRoot/RelicCard_3
09_relics_page1	720	1280	Canvas/HUD/VerticalUIRoot/VerticalSafeAreaRoot/ContentSlot/Dimension1Panel/RelicChamberPanel/D1_RelicsVisualRoot/RelicCard_7	0	608.00	672.00	OK	Canvas/HUD/VerticalUIRoot/VerticalSafeAreaRoot/ContentSlot/Dimension1Panel/RelicChamberPanel/D1_RelicsVisualRoot/RelicCard_7	Canvas/HUD/VerticalUIRoot/VerticalSafeAreaRoot/ContentSlot/Dimension1Panel/RelicChamberPanel/D1_RelicsVisualRoot/RelicCard_7
09_relics_page1	720	1280	Canvas/HUD/VerticalUIRoot/VerticalSafeAreaRoot/ContentSlot/Dimension1Panel/RelicChamberPanel/D1_RelicsVisualRoot/RelicCard_7	1	560.80	596.40	OK	Canvas/HUD/VerticalUIRoot/VerticalSafeAreaRoot/ContentSlot/Dimension1Panel/RelicChamberPanel/D1_RelicsVisualRoot/RelicCard_7	Canvas/HUD/VerticalUIRoot/VerticalSafeAreaRoot/ContentSlot/Dimension1Panel/RelicChamberPanel/D1_RelicsVisualRoot/RelicCard_7
09_relics_page1	720	1280	Canvas/HUD/VerticalUIRoot/VerticalSafeAreaRoot/ContentSlot/Dimension1Panel/RelicChamberPanel/D1_RelicsVisualRoot/RelicCard_7	2	655.20	596.40	OK	Canvas/HUD/VerticalUIRoot/VerticalSafeAreaRoot/ContentSlot/Dimension1Panel/RelicChamberPanel/D1_RelicsVisualRoot/RelicCard_7	Canvas/HUD/VerticalUIRoot/VerticalSafeAreaRoot/ContentSlot/Dimension1Panel/RelicChamberPanel/D1_RelicsVisualRoot/RelicCard_7
09_relics_page1	720	1280	Canvas/HUD/VerticalUIRoot/VerticalSafeAreaRoot/ContentSlot/Dimension1Panel/RelicChamberPanel/D1_RelicsVisualRoot/RelicCard_7	3	560.80	747.60	OK	Canvas/HUD/VerticalUIRoot/VerticalSafeAreaRoot/ContentSlot/Dimension1Panel/RelicChamberPanel/D1_RelicsVisualRoot/RelicCard_7	Canvas/HUD/VerticalUIRoot/VerticalSafeAreaRoot/ContentSlot/Dimension1Panel/RelicChamberPanel/D1_RelicsVisualRoot/RelicCard_7
09_relics_page1	720	1280	Canvas/HUD/VerticalUIRoot/VerticalSafeAreaRoot/ContentSlot/Dimension1Panel/RelicChamberPanel/D1_RelicsVisualRoot/RelicCard_7	4	655.20	747.60	OK	Canvas/HUD/VerticalUIRoot/VerticalSafeAreaRoot/ContentSlot/Dimension1Panel/RelicChamberPanel/D1_RelicsVisualRoot/RelicCard_7	Canvas/HUD/VerticalUIRoot/VerticalSafeAreaRoot/ContentSlot/Dimension1Panel/RelicChamberPanel/D1_RelicsVisualRoot/RelicCard_7
09_relics_page1	720	1280	Canvas/HUD/VerticalUIRoot/VerticalSafeAreaRoot/ContentSlot/Dimension1Panel/RelicChamberPanel/D1_RelicsVisualRoot/BottomNavigation/Nav_ÁRBOL	0	634.00	73.33	OK	Canvas/HUD/VerticalUIRoot/VerticalSafeAreaRoot/ContentSlot/Dimension1Panel/RelicChamberPanel/D1_RelicsVisualRoot/BottomNavigation/Nav_ÁRBOL	Canvas/HUD/VerticalUIRoot/VerticalSafeAreaRoot/ContentSlot/Dimension1Panel/RelicChamberPanel/D1_RelicsVisualRoot/BottomNavigation/Nav_ÁRBOL
09_relics_page1	720	1280	Canvas/HUD/VerticalUIRoot/VerticalSafeAreaRoot/ContentSlot/Dimension1Panel/RelicChamberPanel/D1_RelicsVisualRoot/BottomNavigation/Nav_ÁRBOL	1	594.40	38.13	OK	Canvas/HUD/VerticalUIRoot/VerticalSafeAreaRoot/ContentSlot/Dimension1Panel/RelicChamberPanel/D1_RelicsVisualRoot/BottomNavigation/Nav_ÁRBOL	Canvas/HUD/VerticalUIRoot/VerticalSafeAreaRoot/ContentSlot/Dimension1Panel/RelicChamberPanel/D1_RelicsVisualRoot/BottomNavigation/Nav_ÁRBOL
09_relics_page1	720	1280	Canvas/HUD/VerticalUIRoot/VerticalSafeAreaRoot/ContentSlot/Dimension1Panel/RelicChamberPanel/D1_RelicsVisualRoot/BottomNavigation/Nav_ÁRBOL	2	673.60	38.13	OK	Canvas/HUD/VerticalUIRoot/VerticalSafeAreaRoot/ContentSlot/Dimension1Panel/RelicChamberPanel/D1_RelicsVisualRoot/BottomNavigation/Nav_ÁRBOL	Canvas/HUD/VerticalUIRoot/VerticalSafeAreaRoot/ContentSlot/Dimension1Panel/RelicChamberPanel/D1_RelicsVisualRoot/BottomNavigation/Nav_ÁRBOL
09_relics_page1	720	1280	Canvas/HUD/VerticalUIRoot/VerticalSafeAreaRoot/ContentSlot/Dimension1Panel/RelicChamberPanel/D1_RelicsVisualRoot/BottomNavigation/Nav_ÁRBOL	3	594.40	108.53	OK	Canvas/HUD/VerticalUIRoot/VerticalSafeAreaRoot/ContentSlot/Dimension1Panel/RelicChamberPanel/D1_RelicsVisualRoot/BottomNavigation/Nav_ÁRBOL	Canvas/HUD/VerticalUIRoot/VerticalSafeAreaRoot/ContentSlot/Dimension1Panel/RelicChamberPanel/D1_RelicsVisualRoot/BottomNavigation/Nav_ÁRBOL
09_relics_page1	720	1280	Canvas/HUD/VerticalUIRoot/VerticalSafeAreaRoot/ContentSlot/Dimension1Panel/RelicChamberPanel/D1_RelicsVisualRoot/BottomNavigation/Nav_ÁRBOL	4	673.60	108.53	OK	Canvas/HUD/VerticalUIRoot/VerticalSafeAreaRoot/ContentSlot/Dimension1Panel/RelicChamberPanel/D1_RelicsVisualRoot/BottomNavigation/Nav_ÁRBOL	Canvas/HUD/VerticalUIRoot/VerticalSafeAreaRoot/ContentSlot/Dimension1Panel/RelicChamberPanel/D1_RelicsVisualRoot/BottomNavigation/Nav_ÁRBOL
09_relics_page1	720	1280	Canvas/HUD/VerticalUIRoot/VerticalSafeAreaRoot/ContentSlot/Dimension1Panel/RelicChamberPanel/D1_RelicsVisualRoot/MetalsButton	0	614.33	1178.67	OK	Canvas/HUD/VerticalUIRoot/VerticalSafeAreaRoot/ContentSlot/Dimension1Panel/RelicChamberPanel/D1_RelicsVisualRoot/MetalsButton	Canvas/HUD/VerticalUIRoot/VerticalSafeAreaRoot/ContentSlot/Dimension1Panel/RelicChamberPanel/D1_RelicsVisualRoot/MetalsButton
09_relics_page1	720	1280	Canvas/HUD/VerticalUIRoot/VerticalSafeAreaRoot/ContentSlot/Dimension1Panel/RelicChamberPanel/D1_RelicsVisualRoot/MetalsButton	1	565.33	1158.67	OK	Canvas/HUD/VerticalUIRoot/VerticalSafeAreaRoot/ContentSlot/Dimension1Panel/RelicChamberPanel/D1_RelicsVisualRoot/MetalsButton	Canvas/HUD/VerticalUIRoot/VerticalSafeAreaRoot/ContentSlot/Dimension1Panel/RelicChamberPanel/D1_RelicsVisualRoot/MetalsButton
09_relics_page1	720	1280	Canvas/HUD/VerticalUIRoot/VerticalSafeAreaRoot/ContentSlot/Dimension1Panel/RelicChamberPanel/D1_RelicsVisualRoot/MetalsButton	2	663.33	1158.67	OK	Canvas/HUD/VerticalUIRoot/VerticalSafeAreaRoot/ContentSlot/Dimension1Panel/RelicChamberPanel/D1_RelicsVisualRoot/MetalsButton	Canvas/HUD/VerticalUIRoot/VerticalSafeAreaRoot/ContentSlot/Dimension1Panel/RelicChamberPanel/D1_RelicsVisualRoot/MetalsButton
09_relics_page1	720	1280	Canvas/HUD/VerticalUIRoot/VerticalSafeAreaRoot/ContentSlot/Dimension1Panel/RelicChamberPanel/D1_RelicsVisualRoot/MetalsButton	3	565.33	1198.67	OK	Canvas/HUD/VerticalUIRoot/VerticalSafeAreaRoot/ContentSlot/Dimension1Panel/RelicChamberPanel/D1_RelicsVisualRoot/MetalsButton	Canvas/HUD/VerticalUIRoot/VerticalSafeAreaRoot/ContentSlot/Dimension1Panel/RelicChamberPanel/D1_RelicsVisualRoot/MetalsButton
09_relics_page1	720	1280	Canvas/HUD/VerticalUIRoot/VerticalSafeAreaRoot/ContentSlot/Dimension1Panel/RelicChamberPanel/D1_RelicsVisualRoot/MetalsButton	4	663.33	1198.67	OK	Canvas/HUD/VerticalUIRoot/VerticalSafeAreaRoot/ContentSlot/Dimension1Panel/RelicChamberPanel/D1_RelicsVisualRoot/MetalsButton	Canvas/HUD/VerticalUIRoot/VerticalSafeAreaRoot/ContentSlot/Dimension1Panel/RelicChamberPanel/D1_RelicsVisualRoot/MetalsButton
09_relics_page1	720	1280	Canvas/HUD/VerticalUIRoot/VerticalSafeAreaRoot/ContentSlot/Dimension1Panel/RelicChamberPanel/CloseRelicChamberPanelButton	0	826.67	417.33	OFFSCREEN	<none>	<none>
09_relics_page1	720	1280	Canvas/HUD/VerticalUIRoot/VerticalSafeAreaRoot/ContentSlot/Dimension1Panel/RelicChamberPanel/CloseRelicChamberPanelButton	1	794.67	411.33	OFFSCREEN	<none>	<none>
09_relics_page1	720	1280	Canvas/HUD/VerticalUIRoot/VerticalSafeAreaRoot/ContentSlot/Dimension1Panel/RelicChamberPanel/CloseRelicChamberPanelButton	2	858.67	411.33	OFFSCREEN	<none>	<none>
09_relics_page1	720	1280	Canvas/HUD/VerticalUIRoot/VerticalSafeAreaRoot/ContentSlot/Dimension1Panel/RelicChamberPanel/CloseRelicChamberPanelButton	3	794.67	423.33	OFFSCREEN	<none>	<none>
09_relics_page1	720	1280	Canvas/HUD/VerticalUIRoot/VerticalSafeAreaRoot/ContentSlot/Dimension1Panel/RelicChamberPanel/CloseRelicChamberPanelButton	4	858.67	423.33	OFFSCREEN	<none>	<none>
09_relics_page1	720	1280	Canvas/HUD/VerticalUIRoot/VerticalSafeAreaRoot/ContentSlot/Dimension1Panel/RelicChamberPanel/D1_RelicsVisualRoot/BottomNavigation/Nav_EXPLORAR	0	220.00	73.33	OK	Canvas/HUD/VerticalUIRoot/VerticalSafeAreaRoot/ContentSlot/Dimension1Panel/RelicChamberPanel/D1_RelicsVisualRoot/BottomNavigation/Nav_EXPLORAR	Canvas/HUD/VerticalUIRoot/VerticalSafeAreaRoot/ContentSlot/Dimension1Panel/RelicChamberPanel/D1_RelicsVisualRoot/BottomNavigation/Nav_EXPLORAR
09_relics_page1	720	1280	Canvas/HUD/VerticalUIRoot/VerticalSafeAreaRoot/ContentSlot/Dimension1Panel/RelicChamberPanel/D1_RelicsVisualRoot/BottomNavigation/Nav_EXPLORAR	1	180.40	38.13	OK	Canvas/HUD/VerticalUIRoot/VerticalSafeAreaRoot/ContentSlot/Dimension1Panel/RelicChamberPanel/D1_RelicsVisualRoot/BottomNavigation/Nav_EXPLORAR	Canvas/HUD/VerticalUIRoot/VerticalSafeAreaRoot/ContentSlot/Dimension1Panel/RelicChamberPanel/D1_RelicsVisualRoot/BottomNavigation/Nav_EXPLORAR
09_relics_page1	720	1280	Canvas/HUD/VerticalUIRoot/VerticalSafeAreaRoot/ContentSlot/Dimension1Panel/RelicChamberPanel/D1_RelicsVisualRoot/BottomNavigation/Nav_EXPLORAR	2	259.60	38.13	OK	Canvas/HUD/VerticalUIRoot/VerticalSafeAreaRoot/ContentSlot/Dimension1Panel/RelicChamberPanel/D1_RelicsVisualRoot/BottomNavigation/Nav_EXPLORAR	Canvas/HUD/VerticalUIRoot/VerticalSafeAreaRoot/ContentSlot/Dimension1Panel/RelicChamberPanel/D1_RelicsVisualRoot/BottomNavigation/Nav_EXPLORAR
09_relics_page1	720	1280	Canvas/HUD/VerticalUIRoot/VerticalSafeAreaRoot/ContentSlot/Dimension1Panel/RelicChamberPanel/D1_RelicsVisualRoot/BottomNavigation/Nav_EXPLORAR	3	180.40	108.53	OK	Canvas/HUD/VerticalUIRoot/VerticalSafeAreaRoot/ContentSlot/Dimension1Panel/RelicChamberPanel/D1_RelicsVisualRoot/BottomNavigation/Nav_EXPLORAR	Canvas/HUD/VerticalUIRoot/VerticalSafeAreaRoot/ContentSlot/Dimension1Panel/RelicChamberPanel/D1_RelicsVisualRoot/BottomNavigation/Nav_EXPLORAR
09_relics_page1	720	1280	Canvas/HUD/VerticalUIRoot/VerticalSafeAreaRoot/ContentSlot/Dimension1Panel/RelicChamberPanel/D1_RelicsVisualRoot/BottomNavigation/Nav_EXPLORAR	4	259.60	108.53	OK	Canvas/HUD/VerticalUIRoot/VerticalSafeAreaRoot/ContentSlot/Dimension1Panel/RelicChamberPanel/D1_RelicsVisualRoot/BottomNavigation/Nav_EXPLORAR	Canvas/HUD/VerticalUIRoot/VerticalSafeAreaRoot/ContentSlot/Dimension1Panel/RelicChamberPanel/D1_RelicsVisualRoot/BottomNavigation/Nav_EXPLORAR
09_relics_page1	720	1280	Canvas/HUD/VerticalUIRoot/VerticalSafeAreaRoot/ContentSlot/Dimension1Panel/RelicChamberPanel/D1_RelicsVisualRoot/NextPage	0	500.67	1094.00	OK	Canvas/HUD/VerticalUIRoot/VerticalSafeAreaRoot/ContentSlot/Dimension1Panel/RelicChamberPanel/D1_RelicsVisualRoot/NextPage	Canvas/HUD/VerticalUIRoot/VerticalSafeAreaRoot/ContentSlot/Dimension1Panel/RelicChamberPanel/D1_RelicsVisualRoot/NextPage
09_relics_page1	720	1280	Canvas/HUD/VerticalUIRoot/VerticalSafeAreaRoot/ContentSlot/Dimension1Panel/RelicChamberPanel/D1_RelicsVisualRoot/NextPage	1	493.07	1086.40	OK	Canvas/HUD/VerticalUIRoot/VerticalSafeAreaRoot/ContentSlot/Dimension1Panel/RelicChamberPanel/D1_RelicsVisualRoot/NextPage	Canvas/HUD/VerticalUIRoot/VerticalSafeAreaRoot/ContentSlot/Dimension1Panel/RelicChamberPanel/D1_RelicsVisualRoot/NextPage
09_relics_page1	720	1280	Canvas/HUD/VerticalUIRoot/VerticalSafeAreaRoot/ContentSlot/Dimension1Panel/RelicChamberPanel/D1_RelicsVisualRoot/NextPage	2	508.27	1086.40	OK	Canvas/HUD/VerticalUIRoot/VerticalSafeAreaRoot/ContentSlot/Dimension1Panel/RelicChamberPanel/D1_RelicsVisualRoot/NextPage	Canvas/HUD/VerticalUIRoot/VerticalSafeAreaRoot/ContentSlot/Dimension1Panel/RelicChamberPanel/D1_RelicsVisualRoot/NextPage
09_relics_page1	720	1280	Canvas/HUD/VerticalUIRoot/VerticalSafeAreaRoot/ContentSlot/Dimension1Panel/RelicChamberPanel/D1_RelicsVisualRoot/NextPage	3	493.07	1101.60	OK	Canvas/HUD/VerticalUIRoot/VerticalSafeAreaRoot/ContentSlot/Dimension1Panel/RelicChamberPanel/D1_RelicsVisualRoot/NextPage	Canvas/HUD/VerticalUIRoot/VerticalSafeAreaRoot/ContentSlot/Dimension1Panel/RelicChamberPanel/D1_RelicsVisualRoot/NextPage
09_relics_page1	720	1280	Canvas/HUD/VerticalUIRoot/VerticalSafeAreaRoot/ContentSlot/Dimension1Panel/RelicChamberPanel/D1_RelicsVisualRoot/NextPage	4	508.27	1101.60	OK	Canvas/HUD/VerticalUIRoot/VerticalSafeAreaRoot/ContentSlot/Dimension1Panel/RelicChamberPanel/D1_RelicsVisualRoot/NextPage	Canvas/HUD/VerticalUIRoot/VerticalSafeAreaRoot/ContentSlot/Dimension1Panel/RelicChamberPanel/D1_RelicsVisualRoot/NextPage
09_relics_page1	720	1280	Canvas/HUD/VerticalUIRoot/VerticalSafeAreaRoot/ContentSlot/Dimension1Panel/RelicChamberPanel/D1_RelicsVisualRoot/RelicCard_5	0	272.00	672.00	OK	Canvas/HUD/VerticalUIRoot/VerticalSafeAreaRoot/ContentSlot/Dimension1Panel/RelicChamberPanel/D1_RelicsVisualRoot/RelicCard_5	Canvas/HUD/VerticalUIRoot/VerticalSafeAreaRoot/ContentSlot/Dimension1Panel/RelicChamberPanel/D1_RelicsVisualRoot/RelicCard_5
09_relics_page1	720	1280	Canvas/HUD/VerticalUIRoot/VerticalSafeAreaRoot/ContentSlot/Dimension1Panel/RelicChamberPanel/D1_RelicsVisualRoot/RelicCard_5	1	224.80	596.40	OK	Canvas/HUD/VerticalUIRoot/VerticalSafeAreaRoot/ContentSlot/Dimension1Panel/RelicChamberPanel/D1_RelicsVisualRoot/RelicCard_5	Canvas/HUD/VerticalUIRoot/VerticalSafeAreaRoot/ContentSlot/Dimension1Panel/RelicChamberPanel/D1_RelicsVisualRoot/RelicCard_5
09_relics_page1	720	1280	Canvas/HUD/VerticalUIRoot/VerticalSafeAreaRoot/ContentSlot/Dimension1Panel/RelicChamberPanel/D1_RelicsVisualRoot/RelicCard_5	2	319.20	596.40	OK	Canvas/HUD/VerticalUIRoot/VerticalSafeAreaRoot/ContentSlot/Dimension1Panel/RelicChamberPanel/D1_RelicsVisualRoot/RelicCard_5	Canvas/HUD/VerticalUIRoot/VerticalSafeAreaRoot/ContentSlot/Dimension1Panel/RelicChamberPanel/D1_RelicsVisualRoot/RelicCard_5
09_relics_page1	720	1280	Canvas/HUD/VerticalUIRoot/VerticalSafeAreaRoot/ContentSlot/Dimension1Panel/RelicChamberPanel/D1_RelicsVisualRoot/RelicCard_5	3	224.80	747.60	OK	Canvas/HUD/VerticalUIRoot/VerticalSafeAreaRoot/ContentSlot/Dimension1Panel/RelicChamberPanel/D1_RelicsVisualRoot/RelicCard_5	Canvas/HUD/VerticalUIRoot/VerticalSafeAreaRoot/ContentSlot/Dimension1Panel/RelicChamberPanel/D1_RelicsVisualRoot/RelicCard_5
09_relics_page1	720	1280	Canvas/HUD/VerticalUIRoot/VerticalSafeAreaRoot/ContentSlot/Dimension1Panel/RelicChamberPanel/D1_RelicsVisualRoot/RelicCard_5	4	319.20	747.60	OK	Canvas/HUD/VerticalUIRoot/VerticalSafeAreaRoot/ContentSlot/Dimension1Panel/RelicChamberPanel/D1_RelicsVisualRoot/RelicCard_5	Canvas/HUD/VerticalUIRoot/VerticalSafeAreaRoot/ContentSlot/Dimension1Panel/RelicChamberPanel/D1_RelicsVisualRoot/RelicCard_5
09_relics_page1	720	1280	Canvas/HUD/VerticalUIRoot/VerticalSafeAreaRoot/ContentSlot/Dimension1Panel/RelicChamberPanel/D1_RelicsVisualRoot/BottomNavigation/Nav_GALAXIA	0	82.00	73.33	OK	Canvas/HUD/VerticalUIRoot/VerticalSafeAreaRoot/ContentSlot/Dimension1Panel/RelicChamberPanel/D1_RelicsVisualRoot/BottomNavigation/Nav_GALAXIA	Canvas/HUD/VerticalUIRoot/VerticalSafeAreaRoot/ContentSlot/Dimension1Panel/RelicChamberPanel/D1_RelicsVisualRoot/BottomNavigation/Nav_GALAXIA
09_relics_page1	720	1280	Canvas/HUD/VerticalUIRoot/VerticalSafeAreaRoot/ContentSlot/Dimension1Panel/RelicChamberPanel/D1_RelicsVisualRoot/BottomNavigation/Nav_GALAXIA	1	42.40	38.13	OK	Canvas/HUD/VerticalUIRoot/VerticalSafeAreaRoot/ContentSlot/Dimension1Panel/RelicChamberPanel/D1_RelicsVisualRoot/BottomNavigation/Nav_GALAXIA	Canvas/HUD/VerticalUIRoot/VerticalSafeAreaRoot/ContentSlot/Dimension1Panel/RelicChamberPanel/D1_RelicsVisualRoot/BottomNavigation/Nav_GALAXIA
09_relics_page1	720	1280	Canvas/HUD/VerticalUIRoot/VerticalSafeAreaRoot/ContentSlot/Dimension1Panel/RelicChamberPanel/D1_RelicsVisualRoot/BottomNavigation/Nav_GALAXIA	2	121.60	38.13	OK	Canvas/HUD/VerticalUIRoot/VerticalSafeAreaRoot/ContentSlot/Dimension1Panel/RelicChamberPanel/D1_RelicsVisualRoot/BottomNavigation/Nav_GALAXIA	Canvas/HUD/VerticalUIRoot/VerticalSafeAreaRoot/ContentSlot/Dimension1Panel/RelicChamberPanel/D1_RelicsVisualRoot/BottomNavigation/Nav_GALAXIA
09_relics_page1	720	1280	Canvas/HUD/VerticalUIRoot/VerticalSafeAreaRoot/ContentSlot/Dimension1Panel/RelicChamberPanel/D1_RelicsVisualRoot/BottomNavigation/Nav_GALAXIA	3	42.40	108.53	OK	Canvas/HUD/VerticalUIRoot/VerticalSafeAreaRoot/ContentSlot/Dimension1Panel/RelicChamberPanel/D1_RelicsVisualRoot/BottomNavigation/Nav_GALAXIA	Canvas/HUD/VerticalUIRoot/VerticalSafeAreaRoot/ContentSlot/Dimension1Panel/RelicChamberPanel/D1_RelicsVisualRoot/BottomNavigation/Nav_GALAXIA
09_relics_page1	720	1280	Canvas/HUD/VerticalUIRoot/VerticalSafeAreaRoot/ContentSlot/Dimension1Panel/RelicChamberPanel/D1_RelicsVisualRoot/BottomNavigation/Nav_GALAXIA	4	121.60	108.53	OK	Canvas/HUD/VerticalUIRoot/VerticalSafeAreaRoot/ContentSlot/Dimension1Panel/RelicChamberPanel/D1_RelicsVisualRoot/BottomNavigation/Nav_GALAXIA	Canvas/HUD/VerticalUIRoot/VerticalSafeAreaRoot/ContentSlot/Dimension1Panel/RelicChamberPanel/D1_RelicsVisualRoot/BottomNavigation/Nav_GALAXIA
09_relics_page1	720	1280	Canvas/HUD/VerticalUIRoot/VerticalSafeAreaRoot/ContentSlot/Dimension1Panel/RelicChamberPanel/D1_RelicsVisualRoot/CommandCenter	0	74.67	1178.67	OK	Canvas/HUD/VerticalUIRoot/VerticalSafeAreaRoot/ContentSlot/Dimension1Panel/RelicChamberPanel/D1_RelicsVisualRoot/CommandCenter	Canvas/HUD/VerticalUIRoot/VerticalSafeAreaRoot/ContentSlot/Dimension1Panel/RelicChamberPanel/D1_RelicsVisualRoot/CommandCenter
09_relics_page1	720	1280	Canvas/HUD/VerticalUIRoot/VerticalSafeAreaRoot/ContentSlot/Dimension1Panel/RelicChamberPanel/D1_RelicsVisualRoot/CommandCenter	1	39.47	1158.67	OK	Canvas/HUD/VerticalUIRoot/VerticalSafeAreaRoot/ContentSlot/Dimension1Panel/RelicChamberPanel/D1_RelicsVisualRoot/CommandCenter	Canvas/HUD/VerticalUIRoot/VerticalSafeAreaRoot/ContentSlot/Dimension1Panel/RelicChamberPanel/D1_RelicsVisualRoot/CommandCenter
09_relics_page1	720	1280	Canvas/HUD/VerticalUIRoot/VerticalSafeAreaRoot/ContentSlot/Dimension1Panel/RelicChamberPanel/D1_RelicsVisualRoot/CommandCenter	2	109.87	1158.67	OK	Canvas/HUD/VerticalUIRoot/VerticalSafeAreaRoot/ContentSlot/Dimension1Panel/RelicChamberPanel/D1_RelicsVisualRoot/CommandCenter	Canvas/HUD/VerticalUIRoot/VerticalSafeAreaRoot/ContentSlot/Dimension1Panel/RelicChamberPanel/D1_RelicsVisualRoot/CommandCenter
09_relics_page1	720	1280	Canvas/HUD/VerticalUIRoot/VerticalSafeAreaRoot/ContentSlot/Dimension1Panel/RelicChamberPanel/D1_RelicsVisualRoot/CommandCenter	3	39.47	1198.67	OK	Canvas/HUD/VerticalUIRoot/VerticalSafeAreaRoot/ContentSlot/Dimension1Panel/RelicChamberPanel/D1_RelicsVisualRoot/CommandCenter	Canvas/HUD/VerticalUIRoot/VerticalSafeAreaRoot/ContentSlot/Dimension1Panel/RelicChamberPanel/D1_RelicsVisualRoot/CommandCenter
09_relics_page1	720	1280	Canvas/HUD/VerticalUIRoot/VerticalSafeAreaRoot/ContentSlot/Dimension1Panel/RelicChamberPanel/D1_RelicsVisualRoot/CommandCenter	4	109.87	1198.67	OK	Canvas/HUD/VerticalUIRoot/VerticalSafeAreaRoot/ContentSlot/Dimension1Panel/RelicChamberPanel/D1_RelicsVisualRoot/CommandCenter	Canvas/HUD/VerticalUIRoot/VerticalSafeAreaRoot/ContentSlot/Dimension1Panel/RelicChamberPanel/D1_RelicsVisualRoot/CommandCenter
09_relics_page1	720	1280	Canvas/HUD/VerticalUIRoot/VerticalSafeAreaRoot/ContentSlot/Dimension1Panel/RelicChamberPanel/D1_RelicsVisualRoot/RelicCard_2	0	440.00	936.67	OK	Canvas/HUD/VerticalUIRoot/VerticalSafeAreaRoot/ContentSlot/Dimension1Panel/RelicChamberPanel/D1_RelicsVisualRoot/RelicCard_2	Canvas/HUD/VerticalUIRoot/VerticalSafeAreaRoot/ContentSlot/Dimension1Panel/RelicChamberPanel/D1_RelicsVisualRoot/RelicCard_2
09_relics_page1	720	1280	Canvas/HUD/VerticalUIRoot/VerticalSafeAreaRoot/ContentSlot/Dimension1Panel/RelicChamberPanel/D1_RelicsVisualRoot/RelicCard_2	1	392.80	861.07	OK	Canvas/HUD/VerticalUIRoot/VerticalSafeAreaRoot/ContentSlot/Dimension1Panel/RelicChamberPanel/D1_RelicsVisualRoot/RelicCard_2	Canvas/HUD/VerticalUIRoot/VerticalSafeAreaRoot/ContentSlot/Dimension1Panel/RelicChamberPanel/D1_RelicsVisualRoot/RelicCard_2
09_relics_page1	720	1280	Canvas/HUD/VerticalUIRoot/VerticalSafeAreaRoot/ContentSlot/Dimension1Panel/RelicChamberPanel/D1_RelicsVisualRoot/RelicCard_2	2	487.20	861.07	OK	Canvas/HUD/VerticalUIRoot/VerticalSafeAreaRoot/ContentSlot/Dimension1Panel/RelicChamberPanel/D1_RelicsVisualRoot/RelicCard_2	Canvas/HUD/VerticalUIRoot/VerticalSafeAreaRoot/ContentSlot/Dimension1Panel/RelicChamberPanel/D1_RelicsVisualRoot/RelicCard_2
09_relics_page1	720	1280	Canvas/HUD/VerticalUIRoot/VerticalSafeAreaRoot/ContentSlot/Dimension1Panel/RelicChamberPanel/D1_RelicsVisualRoot/RelicCard_2	3	392.80	1012.27	OK	Canvas/HUD/VerticalUIRoot/VerticalSafeAreaRoot/ContentSlot/Dimension1Panel/RelicChamberPanel/D1_RelicsVisualRoot/RelicCard_2	Canvas/HUD/VerticalUIRoot/VerticalSafeAreaRoot/ContentSlot/Dimension1Panel/RelicChamberPanel/D1_RelicsVisualRoot/RelicCard_2
09_relics_page1	720	1280	Canvas/HUD/VerticalUIRoot/VerticalSafeAreaRoot/ContentSlot/Dimension1Panel/RelicChamberPanel/D1_RelicsVisualRoot/RelicCard_2	4	487.20	1012.27	OK	Canvas/HUD/VerticalUIRoot/VerticalSafeAreaRoot/ContentSlot/Dimension1Panel/RelicChamberPanel/D1_RelicsVisualRoot/RelicCard_2	Canvas/HUD/VerticalUIRoot/VerticalSafeAreaRoot/ContentSlot/Dimension1Panel/RelicChamberPanel/D1_RelicsVisualRoot/RelicCard_2
09_relics_page1	720	1280	Canvas/HUD/VerticalUIRoot/VerticalSafeAreaRoot/ContentSlot/Dimension1Panel/RelicChamberPanel/D1_RelicsVisualRoot/RelicCard_0	0	104.00	936.67	OK	Canvas/HUD/VerticalUIRoot/VerticalSafeAreaRoot/ContentSlot/Dimension1Panel/RelicChamberPanel/D1_RelicsVisualRoot/RelicCard_0	Canvas/HUD/VerticalUIRoot/VerticalSafeAreaRoot/ContentSlot/Dimension1Panel/RelicChamberPanel/D1_RelicsVisualRoot/RelicCard_0
09_relics_page1	720	1280	Canvas/HUD/VerticalUIRoot/VerticalSafeAreaRoot/ContentSlot/Dimension1Panel/RelicChamberPanel/D1_RelicsVisualRoot/RelicCard_0	1	56.80	861.07	OK	Canvas/HUD/VerticalUIRoot/VerticalSafeAreaRoot/ContentSlot/Dimension1Panel/RelicChamberPanel/D1_RelicsVisualRoot/RelicCard_0	Canvas/HUD/VerticalUIRoot/VerticalSafeAreaRoot/ContentSlot/Dimension1Panel/RelicChamberPanel/D1_RelicsVisualRoot/RelicCard_0
09_relics_page1	720	1280	Canvas/HUD/VerticalUIRoot/VerticalSafeAreaRoot/ContentSlot/Dimension1Panel/RelicChamberPanel/D1_RelicsVisualRoot/RelicCard_0	2	151.20	861.07	OK	Canvas/HUD/VerticalUIRoot/VerticalSafeAreaRoot/ContentSlot/Dimension1Panel/RelicChamberPanel/D1_RelicsVisualRoot/RelicCard_0	Canvas/HUD/VerticalUIRoot/VerticalSafeAreaRoot/ContentSlot/Dimension1Panel/RelicChamberPanel/D1_RelicsVisualRoot/RelicCard_0
09_relics_page1	720	1280	Canvas/HUD/VerticalUIRoot/VerticalSafeAreaRoot/ContentSlot/Dimension1Panel/RelicChamberPanel/D1_RelicsVisualRoot/RelicCard_0	3	56.80	1012.27	OK	Canvas/HUD/VerticalUIRoot/VerticalSafeAreaRoot/ContentSlot/Dimension1Panel/RelicChamberPanel/D1_RelicsVisualRoot/RelicCard_0	Canvas/HUD/VerticalUIRoot/VerticalSafeAreaRoot/ContentSlot/Dimension1Panel/RelicChamberPanel/D1_RelicsVisualRoot/RelicCard_0
09_relics_page1	720	1280	Canvas/HUD/VerticalUIRoot/VerticalSafeAreaRoot/ContentSlot/Dimension1Panel/RelicChamberPanel/D1_RelicsVisualRoot/RelicCard_0	4	151.20	1012.27	OK	Canvas/HUD/VerticalUIRoot/VerticalSafeAreaRoot/ContentSlot/Dimension1Panel/RelicChamberPanel/D1_RelicsVisualRoot/RelicCard_0	Canvas/HUD/VerticalUIRoot/VerticalSafeAreaRoot/ContentSlot/Dimension1Panel/RelicChamberPanel/D1_RelicsVisualRoot/RelicCard_0
09_relics_page1	720	1280	Canvas/HUD/VerticalUIRoot/VerticalSafeAreaRoot/ContentSlot/Dimension1Panel/RelicChamberPanel/D1_RelicsVisualRoot/RelicCard_1	0	272.00	936.67	OK	Canvas/HUD/VerticalUIRoot/VerticalSafeAreaRoot/ContentSlot/Dimension1Panel/RelicChamberPanel/D1_RelicsVisualRoot/RelicCard_1	Canvas/HUD/VerticalUIRoot/VerticalSafeAreaRoot/ContentSlot/Dimension1Panel/RelicChamberPanel/D1_RelicsVisualRoot/RelicCard_1
09_relics_page1	720	1280	Canvas/HUD/VerticalUIRoot/VerticalSafeAreaRoot/ContentSlot/Dimension1Panel/RelicChamberPanel/D1_RelicsVisualRoot/RelicCard_1	1	224.80	861.07	OK	Canvas/HUD/VerticalUIRoot/VerticalSafeAreaRoot/ContentSlot/Dimension1Panel/RelicChamberPanel/D1_RelicsVisualRoot/RelicCard_1	Canvas/HUD/VerticalUIRoot/VerticalSafeAreaRoot/ContentSlot/Dimension1Panel/RelicChamberPanel/D1_RelicsVisualRoot/RelicCard_1
09_relics_page1	720	1280	Canvas/HUD/VerticalUIRoot/VerticalSafeAreaRoot/ContentSlot/Dimension1Panel/RelicChamberPanel/D1_RelicsVisualRoot/RelicCard_1	2	319.20	861.07	OK	Canvas/HUD/VerticalUIRoot/VerticalSafeAreaRoot/ContentSlot/Dimension1Panel/RelicChamberPanel/D1_RelicsVisualRoot/RelicCard_1	Canvas/HUD/VerticalUIRoot/VerticalSafeAreaRoot/ContentSlot/Dimension1Panel/RelicChamberPanel/D1_RelicsVisualRoot/RelicCard_1
09_relics_page1	720	1280	Canvas/HUD/VerticalUIRoot/VerticalSafeAreaRoot/ContentSlot/Dimension1Panel/RelicChamberPanel/D1_RelicsVisualRoot/RelicCard_1	3	224.80	1012.27	OK	Canvas/HUD/VerticalUIRoot/VerticalSafeAreaRoot/ContentSlot/Dimension1Panel/RelicChamberPanel/D1_RelicsVisualRoot/RelicCard_1	Canvas/HUD/VerticalUIRoot/VerticalSafeAreaRoot/ContentSlot/Dimension1Panel/RelicChamberPanel/D1_RelicsVisualRoot/RelicCard_1
09_relics_page1	720	1280	Canvas/HUD/VerticalUIRoot/VerticalSafeAreaRoot/ContentSlot/Dimension1Panel/RelicChamberPanel/D1_RelicsVisualRoot/RelicCard_1	4	319.20	1012.27	OK	Canvas/HUD/VerticalUIRoot/VerticalSafeAreaRoot/ContentSlot/Dimension1Panel/RelicChamberPanel/D1_RelicsVisualRoot/RelicCard_1	Canvas/HUD/VerticalUIRoot/VerticalSafeAreaRoot/ContentSlot/Dimension1Panel/RelicChamberPanel/D1_RelicsVisualRoot/RelicCard_1
09_relics_page1	720	1280	Canvas/HUD/VerticalUIRoot/VerticalSafeAreaRoot/ContentSlot/Dimension1Panel/RelicChamberPanel/D1_RelicsVisualRoot/BottomNavigation/Nav_HANGAR	0	358.00	73.33	OK	Canvas/HUD/VerticalUIRoot/VerticalSafeAreaRoot/ContentSlot/Dimension1Panel/RelicChamberPanel/D1_RelicsVisualRoot/BottomNavigation/Nav_HANGAR	Canvas/HUD/VerticalUIRoot/VerticalSafeAreaRoot/ContentSlot/Dimension1Panel/RelicChamberPanel/D1_RelicsVisualRoot/BottomNavigation/Nav_HANGAR
09_relics_page1	720	1280	Canvas/HUD/VerticalUIRoot/VerticalSafeAreaRoot/ContentSlot/Dimension1Panel/RelicChamberPanel/D1_RelicsVisualRoot/BottomNavigation/Nav_HANGAR	1	318.40	38.13	OK	Canvas/HUD/VerticalUIRoot/VerticalSafeAreaRoot/ContentSlot/Dimension1Panel/RelicChamberPanel/D1_RelicsVisualRoot/BottomNavigation/Nav_HANGAR	Canvas/HUD/VerticalUIRoot/VerticalSafeAreaRoot/ContentSlot/Dimension1Panel/RelicChamberPanel/D1_RelicsVisualRoot/BottomNavigation/Nav_HANGAR
09_relics_page1	720	1280	Canvas/HUD/VerticalUIRoot/VerticalSafeAreaRoot/ContentSlot/Dimension1Panel/RelicChamberPanel/D1_RelicsVisualRoot/BottomNavigation/Nav_HANGAR	2	397.60	38.13	OK	Canvas/HUD/VerticalUIRoot/VerticalSafeAreaRoot/ContentSlot/Dimension1Panel/RelicChamberPanel/D1_RelicsVisualRoot/BottomNavigation/Nav_HANGAR	Canvas/HUD/VerticalUIRoot/VerticalSafeAreaRoot/ContentSlot/Dimension1Panel/RelicChamberPanel/D1_RelicsVisualRoot/BottomNavigation/Nav_HANGAR
09_relics_page1	720	1280	Canvas/HUD/VerticalUIRoot/VerticalSafeAreaRoot/ContentSlot/Dimension1Panel/RelicChamberPanel/D1_RelicsVisualRoot/BottomNavigation/Nav_HANGAR	3	318.40	108.53	OK	Canvas/HUD/VerticalUIRoot/VerticalSafeAreaRoot/ContentSlot/Dimension1Panel/RelicChamberPanel/D1_RelicsVisualRoot/BottomNavigation/Nav_HANGAR	Canvas/HUD/VerticalUIRoot/VerticalSafeAreaRoot/ContentSlot/Dimension1Panel/RelicChamberPanel/D1_RelicsVisualRoot/BottomNavigation/Nav_HANGAR
09_relics_page1	720	1280	Canvas/HUD/VerticalUIRoot/VerticalSafeAreaRoot/ContentSlot/Dimension1Panel/RelicChamberPanel/D1_RelicsVisualRoot/BottomNavigation/Nav_HANGAR	4	397.60	108.53	OK	Canvas/HUD/VerticalUIRoot/VerticalSafeAreaRoot/ContentSlot/Dimension1Panel/RelicChamberPanel/D1_RelicsVisualRoot/BottomNavigation/Nav_HANGAR	Canvas/HUD/VerticalUIRoot/VerticalSafeAreaRoot/ContentSlot/Dimension1Panel/RelicChamberPanel/D1_RelicsVisualRoot/BottomNavigation/Nav_HANGAR
09_relics_page1	720	1280	Canvas/HUD/VerticalUIRoot/VerticalSafeAreaRoot/ContentSlot/Dimension1Panel/RelicChamberPanel/D1_RelicsVisualRoot/RelicCard_4	0	104.00	672.00	OK	Canvas/HUD/VerticalUIRoot/VerticalSafeAreaRoot/ContentSlot/Dimension1Panel/RelicChamberPanel/D1_RelicsVisualRoot/RelicCard_4	Canvas/HUD/VerticalUIRoot/VerticalSafeAreaRoot/ContentSlot/Dimension1Panel/RelicChamberPanel/D1_RelicsVisualRoot/RelicCard_4
09_relics_page1	720	1280	Canvas/HUD/VerticalUIRoot/VerticalSafeAreaRoot/ContentSlot/Dimension1Panel/RelicChamberPanel/D1_RelicsVisualRoot/RelicCard_4	1	56.80	596.40	OK	Canvas/HUD/VerticalUIRoot/VerticalSafeAreaRoot/ContentSlot/Dimension1Panel/RelicChamberPanel/D1_RelicsVisualRoot/RelicCard_4	Canvas/HUD/VerticalUIRoot/VerticalSafeAreaRoot/ContentSlot/Dimension1Panel/RelicChamberPanel/D1_RelicsVisualRoot/RelicCard_4
09_relics_page1	720	1280	Canvas/HUD/VerticalUIRoot/VerticalSafeAreaRoot/ContentSlot/Dimension1Panel/RelicChamberPanel/D1_RelicsVisualRoot/RelicCard_4	2	151.20	596.40	OK	Canvas/HUD/VerticalUIRoot/VerticalSafeAreaRoot/ContentSlot/Dimension1Panel/RelicChamberPanel/D1_RelicsVisualRoot/RelicCard_4	Canvas/HUD/VerticalUIRoot/VerticalSafeAreaRoot/ContentSlot/Dimension1Panel/RelicChamberPanel/D1_RelicsVisualRoot/RelicCard_4
09_relics_page1	720	1280	Canvas/HUD/VerticalUIRoot/VerticalSafeAreaRoot/ContentSlot/Dimension1Panel/RelicChamberPanel/D1_RelicsVisualRoot/RelicCard_4	3	56.80	747.60	OK	Canvas/HUD/VerticalUIRoot/VerticalSafeAreaRoot/ContentSlot/Dimension1Panel/RelicChamberPanel/D1_RelicsVisualRoot/RelicCard_4	Canvas/HUD/VerticalUIRoot/VerticalSafeAreaRoot/ContentSlot/Dimension1Panel/RelicChamberPanel/D1_RelicsVisualRoot/RelicCard_4
09_relics_page1	720	1280	Canvas/HUD/VerticalUIRoot/VerticalSafeAreaRoot/ContentSlot/Dimension1Panel/RelicChamberPanel/D1_RelicsVisualRoot/RelicCard_4	4	151.20	747.60	OK	Canvas/HUD/VerticalUIRoot/VerticalSafeAreaRoot/ContentSlot/Dimension1Panel/RelicChamberPanel/D1_RelicsVisualRoot/RelicCard_4	Canvas/HUD/VerticalUIRoot/VerticalSafeAreaRoot/ContentSlot/Dimension1Panel/RelicChamberPanel/D1_RelicsVisualRoot/RelicCard_4
10_relics_page2	720	1280	Canvas/HUD/VerticalUIRoot/VerticalSafeAreaRoot/ContentSlot/Dimension1Panel/RelicChamberPanel/D1_RelicsVisualRoot/RelicCard_6	0	440.00	672.00	OK	Canvas/HUD/VerticalUIRoot/VerticalSafeAreaRoot/ContentSlot/Dimension1Panel/RelicChamberPanel/D1_RelicsVisualRoot/RelicCard_6	Canvas/HUD/VerticalUIRoot/VerticalSafeAreaRoot/ContentSlot/Dimension1Panel/RelicChamberPanel/D1_RelicsVisualRoot/RelicCard_6
10_relics_page2	720	1280	Canvas/HUD/VerticalUIRoot/VerticalSafeAreaRoot/ContentSlot/Dimension1Panel/RelicChamberPanel/D1_RelicsVisualRoot/RelicCard_6	1	392.80	596.40	OK	Canvas/HUD/VerticalUIRoot/VerticalSafeAreaRoot/ContentSlot/Dimension1Panel/RelicChamberPanel/D1_RelicsVisualRoot/RelicCard_6	Canvas/HUD/VerticalUIRoot/VerticalSafeAreaRoot/ContentSlot/Dimension1Panel/RelicChamberPanel/D1_RelicsVisualRoot/RelicCard_6
10_relics_page2	720	1280	Canvas/HUD/VerticalUIRoot/VerticalSafeAreaRoot/ContentSlot/Dimension1Panel/RelicChamberPanel/D1_RelicsVisualRoot/RelicCard_6	2	487.20	596.40	OK	Canvas/HUD/VerticalUIRoot/VerticalSafeAreaRoot/ContentSlot/Dimension1Panel/RelicChamberPanel/D1_RelicsVisualRoot/RelicCard_6	Canvas/HUD/VerticalUIRoot/VerticalSafeAreaRoot/ContentSlot/Dimension1Panel/RelicChamberPanel/D1_RelicsVisualRoot/RelicCard_6
10_relics_page2	720	1280	Canvas/HUD/VerticalUIRoot/VerticalSafeAreaRoot/ContentSlot/Dimension1Panel/RelicChamberPanel/D1_RelicsVisualRoot/RelicCard_6	3	392.80	747.60	OK	Canvas/HUD/VerticalUIRoot/VerticalSafeAreaRoot/ContentSlot/Dimension1Panel/RelicChamberPanel/D1_RelicsVisualRoot/RelicCard_6	Canvas/HUD/VerticalUIRoot/VerticalSafeAreaRoot/ContentSlot/Dimension1Panel/RelicChamberPanel/D1_RelicsVisualRoot/RelicCard_6
10_relics_page2	720	1280	Canvas/HUD/VerticalUIRoot/VerticalSafeAreaRoot/ContentSlot/Dimension1Panel/RelicChamberPanel/D1_RelicsVisualRoot/RelicCard_6	4	487.20	747.60	OK	Canvas/HUD/VerticalUIRoot/VerticalSafeAreaRoot/ContentSlot/Dimension1Panel/RelicChamberPanel/D1_RelicsVisualRoot/RelicCard_6	Canvas/HUD/VerticalUIRoot/VerticalSafeAreaRoot/ContentSlot/Dimension1Panel/RelicChamberPanel/D1_RelicsVisualRoot/RelicCard_6
10_relics_page2	720	1280	Canvas/HUD/VerticalUIRoot/VerticalSafeAreaRoot/ContentSlot/Dimension1Panel/RelicChamberPanel/D1_RelicsVisualRoot/RelicCard_3	0	608.00	936.67	OK	Canvas/HUD/VerticalUIRoot/VerticalSafeAreaRoot/ContentSlot/Dimension1Panel/RelicChamberPanel/D1_RelicsVisualRoot/RelicCard_3	Canvas/HUD/VerticalUIRoot/VerticalSafeAreaRoot/ContentSlot/Dimension1Panel/RelicChamberPanel/D1_RelicsVisualRoot/RelicCard_3
10_relics_page2	720	1280	Canvas/HUD/VerticalUIRoot/VerticalSafeAreaRoot/ContentSlot/Dimension1Panel/RelicChamberPanel/D1_RelicsVisualRoot/RelicCard_3	1	560.80	861.07	OK	Canvas/HUD/VerticalUIRoot/VerticalSafeAreaRoot/ContentSlot/Dimension1Panel/RelicChamberPanel/D1_RelicsVisualRoot/RelicCard_3	Canvas/HUD/VerticalUIRoot/VerticalSafeAreaRoot/ContentSlot/Dimension1Panel/RelicChamberPanel/D1_RelicsVisualRoot/RelicCard_3
10_relics_page2	720	1280	Canvas/HUD/VerticalUIRoot/VerticalSafeAreaRoot/ContentSlot/Dimension1Panel/RelicChamberPanel/D1_RelicsVisualRoot/RelicCard_3	2	655.20	861.07	OK	Canvas/HUD/VerticalUIRoot/VerticalSafeAreaRoot/ContentSlot/Dimension1Panel/RelicChamberPanel/D1_RelicsVisualRoot/RelicCard_3	Canvas/HUD/VerticalUIRoot/VerticalSafeAreaRoot/ContentSlot/Dimension1Panel/RelicChamberPanel/D1_RelicsVisualRoot/RelicCard_3
10_relics_page2	720	1280	Canvas/HUD/VerticalUIRoot/VerticalSafeAreaRoot/ContentSlot/Dimension1Panel/RelicChamberPanel/D1_RelicsVisualRoot/RelicCard_3	3	560.80	1012.27	OK	Canvas/HUD/VerticalUIRoot/VerticalSafeAreaRoot/ContentSlot/Dimension1Panel/RelicChamberPanel/D1_RelicsVisualRoot/RelicCard_3	Canvas/HUD/VerticalUIRoot/VerticalSafeAreaRoot/ContentSlot/Dimension1Panel/RelicChamberPanel/D1_RelicsVisualRoot/RelicCard_3
10_relics_page2	720	1280	Canvas/HUD/VerticalUIRoot/VerticalSafeAreaRoot/ContentSlot/Dimension1Panel/RelicChamberPanel/D1_RelicsVisualRoot/RelicCard_3	4	655.20	1012.27	OK	Canvas/HUD/VerticalUIRoot/VerticalSafeAreaRoot/ContentSlot/Dimension1Panel/RelicChamberPanel/D1_RelicsVisualRoot/RelicCard_3	Canvas/HUD/VerticalUIRoot/VerticalSafeAreaRoot/ContentSlot/Dimension1Panel/RelicChamberPanel/D1_RelicsVisualRoot/RelicCard_3
10_relics_page2	720	1280	Canvas/HUD/VerticalUIRoot/VerticalSafeAreaRoot/ContentSlot/Dimension1Panel/RelicChamberPanel/D1_RelicsVisualRoot/RelicCard_7	0	608.00	672.00	OK	Canvas/HUD/VerticalUIRoot/VerticalSafeAreaRoot/ContentSlot/Dimension1Panel/RelicChamberPanel/D1_RelicsVisualRoot/RelicCard_7	Canvas/HUD/VerticalUIRoot/VerticalSafeAreaRoot/ContentSlot/Dimension1Panel/RelicChamberPanel/D1_RelicsVisualRoot/RelicCard_7
10_relics_page2	720	1280	Canvas/HUD/VerticalUIRoot/VerticalSafeAreaRoot/ContentSlot/Dimension1Panel/RelicChamberPanel/D1_RelicsVisualRoot/RelicCard_7	1	560.80	596.40	OK	Canvas/HUD/VerticalUIRoot/VerticalSafeAreaRoot/ContentSlot/Dimension1Panel/RelicChamberPanel/D1_RelicsVisualRoot/RelicCard_7	Canvas/HUD/VerticalUIRoot/VerticalSafeAreaRoot/ContentSlot/Dimension1Panel/RelicChamberPanel/D1_RelicsVisualRoot/RelicCard_7
10_relics_page2	720	1280	Canvas/HUD/VerticalUIRoot/VerticalSafeAreaRoot/ContentSlot/Dimension1Panel/RelicChamberPanel/D1_RelicsVisualRoot/RelicCard_7	2	655.20	596.40	OK	Canvas/HUD/VerticalUIRoot/VerticalSafeAreaRoot/ContentSlot/Dimension1Panel/RelicChamberPanel/D1_RelicsVisualRoot/RelicCard_7	Canvas/HUD/VerticalUIRoot/VerticalSafeAreaRoot/ContentSlot/Dimension1Panel/RelicChamberPanel/D1_RelicsVisualRoot/RelicCard_7
10_relics_page2	720	1280	Canvas/HUD/VerticalUIRoot/VerticalSafeAreaRoot/ContentSlot/Dimension1Panel/RelicChamberPanel/D1_RelicsVisualRoot/RelicCard_7	3	560.80	747.60	OK	Canvas/HUD/VerticalUIRoot/VerticalSafeAreaRoot/ContentSlot/Dimension1Panel/RelicChamberPanel/D1_RelicsVisualRoot/RelicCard_7	Canvas/HUD/VerticalUIRoot/VerticalSafeAreaRoot/ContentSlot/Dimension1Panel/RelicChamberPanel/D1_RelicsVisualRoot/RelicCard_7
10_relics_page2	720	1280	Canvas/HUD/VerticalUIRoot/VerticalSafeAreaRoot/ContentSlot/Dimension1Panel/RelicChamberPanel/D1_RelicsVisualRoot/RelicCard_7	4	655.20	747.60	OK	Canvas/HUD/VerticalUIRoot/VerticalSafeAreaRoot/ContentSlot/Dimension1Panel/RelicChamberPanel/D1_RelicsVisualRoot/RelicCard_7	Canvas/HUD/VerticalUIRoot/VerticalSafeAreaRoot/ContentSlot/Dimension1Panel/RelicChamberPanel/D1_RelicsVisualRoot/RelicCard_7
10_relics_page2	720	1280	Canvas/HUD/VerticalUIRoot/VerticalSafeAreaRoot/ContentSlot/Dimension1Panel/RelicChamberPanel/D1_RelicsVisualRoot/BottomNavigation/Nav_ÁRBOL	0	634.00	73.33	OK	Canvas/HUD/VerticalUIRoot/VerticalSafeAreaRoot/ContentSlot/Dimension1Panel/RelicChamberPanel/D1_RelicsVisualRoot/BottomNavigation/Nav_ÁRBOL	Canvas/HUD/VerticalUIRoot/VerticalSafeAreaRoot/ContentSlot/Dimension1Panel/RelicChamberPanel/D1_RelicsVisualRoot/BottomNavigation/Nav_ÁRBOL
10_relics_page2	720	1280	Canvas/HUD/VerticalUIRoot/VerticalSafeAreaRoot/ContentSlot/Dimension1Panel/RelicChamberPanel/D1_RelicsVisualRoot/BottomNavigation/Nav_ÁRBOL	1	594.40	38.13	OK	Canvas/HUD/VerticalUIRoot/VerticalSafeAreaRoot/ContentSlot/Dimension1Panel/RelicChamberPanel/D1_RelicsVisualRoot/BottomNavigation/Nav_ÁRBOL	Canvas/HUD/VerticalUIRoot/VerticalSafeAreaRoot/ContentSlot/Dimension1Panel/RelicChamberPanel/D1_RelicsVisualRoot/BottomNavigation/Nav_ÁRBOL
10_relics_page2	720	1280	Canvas/HUD/VerticalUIRoot/VerticalSafeAreaRoot/ContentSlot/Dimension1Panel/RelicChamberPanel/D1_RelicsVisualRoot/BottomNavigation/Nav_ÁRBOL	2	673.60	38.13	OK	Canvas/HUD/VerticalUIRoot/VerticalSafeAreaRoot/ContentSlot/Dimension1Panel/RelicChamberPanel/D1_RelicsVisualRoot/BottomNavigation/Nav_ÁRBOL	Canvas/HUD/VerticalUIRoot/VerticalSafeAreaRoot/ContentSlot/Dimension1Panel/RelicChamberPanel/D1_RelicsVisualRoot/BottomNavigation/Nav_ÁRBOL
10_relics_page2	720	1280	Canvas/HUD/VerticalUIRoot/VerticalSafeAreaRoot/ContentSlot/Dimension1Panel/RelicChamberPanel/D1_RelicsVisualRoot/BottomNavigation/Nav_ÁRBOL	3	594.40	108.53	OK	Canvas/HUD/VerticalUIRoot/VerticalSafeAreaRoot/ContentSlot/Dimension1Panel/RelicChamberPanel/D1_RelicsVisualRoot/BottomNavigation/Nav_ÁRBOL	Canvas/HUD/VerticalUIRoot/VerticalSafeAreaRoot/ContentSlot/Dimension1Panel/RelicChamberPanel/D1_RelicsVisualRoot/BottomNavigation/Nav_ÁRBOL
10_relics_page2	720	1280	Canvas/HUD/VerticalUIRoot/VerticalSafeAreaRoot/ContentSlot/Dimension1Panel/RelicChamberPanel/D1_RelicsVisualRoot/BottomNavigation/Nav_ÁRBOL	4	673.60	108.53	OK	Canvas/HUD/VerticalUIRoot/VerticalSafeAreaRoot/ContentSlot/Dimension1Panel/RelicChamberPanel/D1_RelicsVisualRoot/BottomNavigation/Nav_ÁRBOL	Canvas/HUD/VerticalUIRoot/VerticalSafeAreaRoot/ContentSlot/Dimension1Panel/RelicChamberPanel/D1_RelicsVisualRoot/BottomNavigation/Nav_ÁRBOL
10_relics_page2	720	1280	Canvas/HUD/VerticalUIRoot/VerticalSafeAreaRoot/ContentSlot/Dimension1Panel/RelicChamberPanel/D1_RelicsVisualRoot/MetalsButton	0	614.33	1178.67	OK	Canvas/HUD/VerticalUIRoot/VerticalSafeAreaRoot/ContentSlot/Dimension1Panel/RelicChamberPanel/D1_RelicsVisualRoot/MetalsButton	Canvas/HUD/VerticalUIRoot/VerticalSafeAreaRoot/ContentSlot/Dimension1Panel/RelicChamberPanel/D1_RelicsVisualRoot/MetalsButton
10_relics_page2	720	1280	Canvas/HUD/VerticalUIRoot/VerticalSafeAreaRoot/ContentSlot/Dimension1Panel/RelicChamberPanel/D1_RelicsVisualRoot/MetalsButton	1	565.33	1158.67	OK	Canvas/HUD/VerticalUIRoot/VerticalSafeAreaRoot/ContentSlot/Dimension1Panel/RelicChamberPanel/D1_RelicsVisualRoot/MetalsButton	Canvas/HUD/VerticalUIRoot/VerticalSafeAreaRoot/ContentSlot/Dimension1Panel/RelicChamberPanel/D1_RelicsVisualRoot/MetalsButton
10_relics_page2	720	1280	Canvas/HUD/VerticalUIRoot/VerticalSafeAreaRoot/ContentSlot/Dimension1Panel/RelicChamberPanel/D1_RelicsVisualRoot/MetalsButton	2	663.33	1158.67	OK	Canvas/HUD/VerticalUIRoot/VerticalSafeAreaRoot/ContentSlot/Dimension1Panel/RelicChamberPanel/D1_RelicsVisualRoot/MetalsButton	Canvas/HUD/VerticalUIRoot/VerticalSafeAreaRoot/ContentSlot/Dimension1Panel/RelicChamberPanel/D1_RelicsVisualRoot/MetalsButton
10_relics_page2	720	1280	Canvas/HUD/VerticalUIRoot/VerticalSafeAreaRoot/ContentSlot/Dimension1Panel/RelicChamberPanel/D1_RelicsVisualRoot/MetalsButton	3	565.33	1198.67	OK	Canvas/HUD/VerticalUIRoot/VerticalSafeAreaRoot/ContentSlot/Dimension1Panel/RelicChamberPanel/D1_RelicsVisualRoot/MetalsButton	Canvas/HUD/VerticalUIRoot/VerticalSafeAreaRoot/ContentSlot/Dimension1Panel/RelicChamberPanel/D1_RelicsVisualRoot/MetalsButton
10_relics_page2	720	1280	Canvas/HUD/VerticalUIRoot/VerticalSafeAreaRoot/ContentSlot/Dimension1Panel/RelicChamberPanel/D1_RelicsVisualRoot/MetalsButton	4	663.33	1198.67	OK	Canvas/HUD/VerticalUIRoot/VerticalSafeAreaRoot/ContentSlot/Dimension1Panel/RelicChamberPanel/D1_RelicsVisualRoot/MetalsButton	Canvas/HUD/VerticalUIRoot/VerticalSafeAreaRoot/ContentSlot/Dimension1Panel/RelicChamberPanel/D1_RelicsVisualRoot/MetalsButton
10_relics_page2	720	1280	Canvas/HUD/VerticalUIRoot/VerticalSafeAreaRoot/ContentSlot/Dimension1Panel/RelicChamberPanel/D1_RelicsVisualRoot/PreviousPage	0	419.33	1094.00	OK	Canvas/HUD/VerticalUIRoot/VerticalSafeAreaRoot/ContentSlot/Dimension1Panel/RelicChamberPanel/D1_RelicsVisualRoot/PreviousPage	Canvas/HUD/VerticalUIRoot/VerticalSafeAreaRoot/ContentSlot/Dimension1Panel/RelicChamberPanel/D1_RelicsVisualRoot/PreviousPage
10_relics_page2	720	1280	Canvas/HUD/VerticalUIRoot/VerticalSafeAreaRoot/ContentSlot/Dimension1Panel/RelicChamberPanel/D1_RelicsVisualRoot/PreviousPage	1	411.73	1086.40	OK	Canvas/HUD/VerticalUIRoot/VerticalSafeAreaRoot/ContentSlot/Dimension1Panel/RelicChamberPanel/D1_RelicsVisualRoot/PreviousPage	Canvas/HUD/VerticalUIRoot/VerticalSafeAreaRoot/ContentSlot/Dimension1Panel/RelicChamberPanel/D1_RelicsVisualRoot/PreviousPage
10_relics_page2	720	1280	Canvas/HUD/VerticalUIRoot/VerticalSafeAreaRoot/ContentSlot/Dimension1Panel/RelicChamberPanel/D1_RelicsVisualRoot/PreviousPage	2	426.93	1086.40	OK	Canvas/HUD/VerticalUIRoot/VerticalSafeAreaRoot/ContentSlot/Dimension1Panel/RelicChamberPanel/D1_RelicsVisualRoot/PreviousPage	Canvas/HUD/VerticalUIRoot/VerticalSafeAreaRoot/ContentSlot/Dimension1Panel/RelicChamberPanel/D1_RelicsVisualRoot/PreviousPage
10_relics_page2	720	1280	Canvas/HUD/VerticalUIRoot/VerticalSafeAreaRoot/ContentSlot/Dimension1Panel/RelicChamberPanel/D1_RelicsVisualRoot/PreviousPage	3	411.73	1101.60	OK	Canvas/HUD/VerticalUIRoot/VerticalSafeAreaRoot/ContentSlot/Dimension1Panel/RelicChamberPanel/D1_RelicsVisualRoot/PreviousPage	Canvas/HUD/VerticalUIRoot/VerticalSafeAreaRoot/ContentSlot/Dimension1Panel/RelicChamberPanel/D1_RelicsVisualRoot/PreviousPage
10_relics_page2	720	1280	Canvas/HUD/VerticalUIRoot/VerticalSafeAreaRoot/ContentSlot/Dimension1Panel/RelicChamberPanel/D1_RelicsVisualRoot/PreviousPage	4	426.93	1101.60	OK	Canvas/HUD/VerticalUIRoot/VerticalSafeAreaRoot/ContentSlot/Dimension1Panel/RelicChamberPanel/D1_RelicsVisualRoot/PreviousPage	Canvas/HUD/VerticalUIRoot/VerticalSafeAreaRoot/ContentSlot/Dimension1Panel/RelicChamberPanel/D1_RelicsVisualRoot/PreviousPage
10_relics_page2	720	1280	Canvas/HUD/VerticalUIRoot/VerticalSafeAreaRoot/ContentSlot/Dimension1Panel/RelicChamberPanel/CloseRelicChamberPanelButton	0	826.67	417.33	OFFSCREEN	<none>	<none>
10_relics_page2	720	1280	Canvas/HUD/VerticalUIRoot/VerticalSafeAreaRoot/ContentSlot/Dimension1Panel/RelicChamberPanel/CloseRelicChamberPanelButton	1	794.67	411.33	OFFSCREEN	<none>	<none>
10_relics_page2	720	1280	Canvas/HUD/VerticalUIRoot/VerticalSafeAreaRoot/ContentSlot/Dimension1Panel/RelicChamberPanel/CloseRelicChamberPanelButton	2	858.67	411.33	OFFSCREEN	<none>	<none>
10_relics_page2	720	1280	Canvas/HUD/VerticalUIRoot/VerticalSafeAreaRoot/ContentSlot/Dimension1Panel/RelicChamberPanel/CloseRelicChamberPanelButton	3	794.67	423.33	OFFSCREEN	<none>	<none>
10_relics_page2	720	1280	Canvas/HUD/VerticalUIRoot/VerticalSafeAreaRoot/ContentSlot/Dimension1Panel/RelicChamberPanel/CloseRelicChamberPanelButton	4	858.67	423.33	OFFSCREEN	<none>	<none>
10_relics_page2	720	1280	Canvas/HUD/VerticalUIRoot/VerticalSafeAreaRoot/ContentSlot/Dimension1Panel/RelicChamberPanel/D1_RelicsVisualRoot/BottomNavigation/Nav_EXPLORAR	0	220.00	73.33	OK	Canvas/HUD/VerticalUIRoot/VerticalSafeAreaRoot/ContentSlot/Dimension1Panel/RelicChamberPanel/D1_RelicsVisualRoot/BottomNavigation/Nav_EXPLORAR	Canvas/HUD/VerticalUIRoot/VerticalSafeAreaRoot/ContentSlot/Dimension1Panel/RelicChamberPanel/D1_RelicsVisualRoot/BottomNavigation/Nav_EXPLORAR
10_relics_page2	720	1280	Canvas/HUD/VerticalUIRoot/VerticalSafeAreaRoot/ContentSlot/Dimension1Panel/RelicChamberPanel/D1_RelicsVisualRoot/BottomNavigation/Nav_EXPLORAR	1	180.40	38.13	OK	Canvas/HUD/VerticalUIRoot/VerticalSafeAreaRoot/ContentSlot/Dimension1Panel/RelicChamberPanel/D1_RelicsVisualRoot/BottomNavigation/Nav_EXPLORAR	Canvas/HUD/VerticalUIRoot/VerticalSafeAreaRoot/ContentSlot/Dimension1Panel/RelicChamberPanel/D1_RelicsVisualRoot/BottomNavigation/Nav_EXPLORAR
10_relics_page2	720	1280	Canvas/HUD/VerticalUIRoot/VerticalSafeAreaRoot/ContentSlot/Dimension1Panel/RelicChamberPanel/D1_RelicsVisualRoot/BottomNavigation/Nav_EXPLORAR	2	259.60	38.13	OK	Canvas/HUD/VerticalUIRoot/VerticalSafeAreaRoot/ContentSlot/Dimension1Panel/RelicChamberPanel/D1_RelicsVisualRoot/BottomNavigation/Nav_EXPLORAR	Canvas/HUD/VerticalUIRoot/VerticalSafeAreaRoot/ContentSlot/Dimension1Panel/RelicChamberPanel/D1_RelicsVisualRoot/BottomNavigation/Nav_EXPLORAR
10_relics_page2	720	1280	Canvas/HUD/VerticalUIRoot/VerticalSafeAreaRoot/ContentSlot/Dimension1Panel/RelicChamberPanel/D1_RelicsVisualRoot/BottomNavigation/Nav_EXPLORAR	3	180.40	108.53	OK	Canvas/HUD/VerticalUIRoot/VerticalSafeAreaRoot/ContentSlot/Dimension1Panel/RelicChamberPanel/D1_RelicsVisualRoot/BottomNavigation/Nav_EXPLORAR	Canvas/HUD/VerticalUIRoot/VerticalSafeAreaRoot/ContentSlot/Dimension1Panel/RelicChamberPanel/D1_RelicsVisualRoot/BottomNavigation/Nav_EXPLORAR
10_relics_page2	720	1280	Canvas/HUD/VerticalUIRoot/VerticalSafeAreaRoot/ContentSlot/Dimension1Panel/RelicChamberPanel/D1_RelicsVisualRoot/BottomNavigation/Nav_EXPLORAR	4	259.60	108.53	OK	Canvas/HUD/VerticalUIRoot/VerticalSafeAreaRoot/ContentSlot/Dimension1Panel/RelicChamberPanel/D1_RelicsVisualRoot/BottomNavigation/Nav_EXPLORAR	Canvas/HUD/VerticalUIRoot/VerticalSafeAreaRoot/ContentSlot/Dimension1Panel/RelicChamberPanel/D1_RelicsVisualRoot/BottomNavigation/Nav_EXPLORAR
10_relics_page2	720	1280	Canvas/HUD/VerticalUIRoot/VerticalSafeAreaRoot/ContentSlot/Dimension1Panel/RelicChamberPanel/D1_RelicsVisualRoot/NextPage	0	500.67	1094.00	OK	Canvas/HUD/VerticalUIRoot/VerticalSafeAreaRoot/ContentSlot/Dimension1Panel/RelicChamberPanel/D1_RelicsVisualRoot/NextPage	Canvas/HUD/VerticalUIRoot/VerticalSafeAreaRoot/ContentSlot/Dimension1Panel/RelicChamberPanel/D1_RelicsVisualRoot/NextPage
10_relics_page2	720	1280	Canvas/HUD/VerticalUIRoot/VerticalSafeAreaRoot/ContentSlot/Dimension1Panel/RelicChamberPanel/D1_RelicsVisualRoot/NextPage	1	493.07	1086.40	OK	Canvas/HUD/VerticalUIRoot/VerticalSafeAreaRoot/ContentSlot/Dimension1Panel/RelicChamberPanel/D1_RelicsVisualRoot/NextPage	Canvas/HUD/VerticalUIRoot/VerticalSafeAreaRoot/ContentSlot/Dimension1Panel/RelicChamberPanel/D1_RelicsVisualRoot/NextPage
10_relics_page2	720	1280	Canvas/HUD/VerticalUIRoot/VerticalSafeAreaRoot/ContentSlot/Dimension1Panel/RelicChamberPanel/D1_RelicsVisualRoot/NextPage	2	508.27	1086.40	OK	Canvas/HUD/VerticalUIRoot/VerticalSafeAreaRoot/ContentSlot/Dimension1Panel/RelicChamberPanel/D1_RelicsVisualRoot/NextPage	Canvas/HUD/VerticalUIRoot/VerticalSafeAreaRoot/ContentSlot/Dimension1Panel/RelicChamberPanel/D1_RelicsVisualRoot/NextPage
10_relics_page2	720	1280	Canvas/HUD/VerticalUIRoot/VerticalSafeAreaRoot/ContentSlot/Dimension1Panel/RelicChamberPanel/D1_RelicsVisualRoot/NextPage	3	493.07	1101.60	OK	Canvas/HUD/VerticalUIRoot/VerticalSafeAreaRoot/ContentSlot/Dimension1Panel/RelicChamberPanel/D1_RelicsVisualRoot/NextPage	Canvas/HUD/VerticalUIRoot/VerticalSafeAreaRoot/ContentSlot/Dimension1Panel/RelicChamberPanel/D1_RelicsVisualRoot/NextPage
10_relics_page2	720	1280	Canvas/HUD/VerticalUIRoot/VerticalSafeAreaRoot/ContentSlot/Dimension1Panel/RelicChamberPanel/D1_RelicsVisualRoot/NextPage	4	508.27	1101.60	OK	Canvas/HUD/VerticalUIRoot/VerticalSafeAreaRoot/ContentSlot/Dimension1Panel/RelicChamberPanel/D1_RelicsVisualRoot/NextPage	Canvas/HUD/VerticalUIRoot/VerticalSafeAreaRoot/ContentSlot/Dimension1Panel/RelicChamberPanel/D1_RelicsVisualRoot/NextPage
10_relics_page2	720	1280	Canvas/HUD/VerticalUIRoot/VerticalSafeAreaRoot/ContentSlot/Dimension1Panel/RelicChamberPanel/D1_RelicsVisualRoot/RelicCard_5	0	272.00	672.00	OK	Canvas/HUD/VerticalUIRoot/VerticalSafeAreaRoot/ContentSlot/Dimension1Panel/RelicChamberPanel/D1_RelicsVisualRoot/RelicCard_5	Canvas/HUD/VerticalUIRoot/VerticalSafeAreaRoot/ContentSlot/Dimension1Panel/RelicChamberPanel/D1_RelicsVisualRoot/RelicCard_5
10_relics_page2	720	1280	Canvas/HUD/VerticalUIRoot/VerticalSafeAreaRoot/ContentSlot/Dimension1Panel/RelicChamberPanel/D1_RelicsVisualRoot/RelicCard_5	1	224.80	596.40	OK	Canvas/HUD/VerticalUIRoot/VerticalSafeAreaRoot/ContentSlot/Dimension1Panel/RelicChamberPanel/D1_RelicsVisualRoot/RelicCard_5	Canvas/HUD/VerticalUIRoot/VerticalSafeAreaRoot/ContentSlot/Dimension1Panel/RelicChamberPanel/D1_RelicsVisualRoot/RelicCard_5
10_relics_page2	720	1280	Canvas/HUD/VerticalUIRoot/VerticalSafeAreaRoot/ContentSlot/Dimension1Panel/RelicChamberPanel/D1_RelicsVisualRoot/RelicCard_5	2	319.20	596.40	OK	Canvas/HUD/VerticalUIRoot/VerticalSafeAreaRoot/ContentSlot/Dimension1Panel/RelicChamberPanel/D1_RelicsVisualRoot/RelicCard_5	Canvas/HUD/VerticalUIRoot/VerticalSafeAreaRoot/ContentSlot/Dimension1Panel/RelicChamberPanel/D1_RelicsVisualRoot/RelicCard_5
10_relics_page2	720	1280	Canvas/HUD/VerticalUIRoot/VerticalSafeAreaRoot/ContentSlot/Dimension1Panel/RelicChamberPanel/D1_RelicsVisualRoot/RelicCard_5	3	224.80	747.60	OK	Canvas/HUD/VerticalUIRoot/VerticalSafeAreaRoot/ContentSlot/Dimension1Panel/RelicChamberPanel/D1_RelicsVisualRoot/RelicCard_5	Canvas/HUD/VerticalUIRoot/VerticalSafeAreaRoot/ContentSlot/Dimension1Panel/RelicChamberPanel/D1_RelicsVisualRoot/RelicCard_5
10_relics_page2	720	1280	Canvas/HUD/VerticalUIRoot/VerticalSafeAreaRoot/ContentSlot/Dimension1Panel/RelicChamberPanel/D1_RelicsVisualRoot/RelicCard_5	4	319.20	747.60	OK	Canvas/HUD/VerticalUIRoot/VerticalSafeAreaRoot/ContentSlot/Dimension1Panel/RelicChamberPanel/D1_RelicsVisualRoot/RelicCard_5	Canvas/HUD/VerticalUIRoot/VerticalSafeAreaRoot/ContentSlot/Dimension1Panel/RelicChamberPanel/D1_RelicsVisualRoot/RelicCard_5
10_relics_page2	720	1280	Canvas/HUD/VerticalUIRoot/VerticalSafeAreaRoot/ContentSlot/Dimension1Panel/RelicChamberPanel/D1_RelicsVisualRoot/BottomNavigation/Nav_GALAXIA	0	82.00	73.33	OK	Canvas/HUD/VerticalUIRoot/VerticalSafeAreaRoot/ContentSlot/Dimension1Panel/RelicChamberPanel/D1_RelicsVisualRoot/BottomNavigation/Nav_GALAXIA	Canvas/HUD/VerticalUIRoot/VerticalSafeAreaRoot/ContentSlot/Dimension1Panel/RelicChamberPanel/D1_RelicsVisualRoot/BottomNavigation/Nav_GALAXIA
10_relics_page2	720	1280	Canvas/HUD/VerticalUIRoot/VerticalSafeAreaRoot/ContentSlot/Dimension1Panel/RelicChamberPanel/D1_RelicsVisualRoot/BottomNavigation/Nav_GALAXIA	1	42.40	38.13	OK	Canvas/HUD/VerticalUIRoot/VerticalSafeAreaRoot/ContentSlot/Dimension1Panel/RelicChamberPanel/D1_RelicsVisualRoot/BottomNavigation/Nav_GALAXIA	Canvas/HUD/VerticalUIRoot/VerticalSafeAreaRoot/ContentSlot/Dimension1Panel/RelicChamberPanel/D1_RelicsVisualRoot/BottomNavigation/Nav_GALAXIA
10_relics_page2	720	1280	Canvas/HUD/VerticalUIRoot/VerticalSafeAreaRoot/ContentSlot/Dimension1Panel/RelicChamberPanel/D1_RelicsVisualRoot/BottomNavigation/Nav_GALAXIA	2	121.60	38.13	OK	Canvas/HUD/VerticalUIRoot/VerticalSafeAreaRoot/ContentSlot/Dimension1Panel/RelicChamberPanel/D1_RelicsVisualRoot/BottomNavigation/Nav_GALAXIA	Canvas/HUD/VerticalUIRoot/VerticalSafeAreaRoot/ContentSlot/Dimension1Panel/RelicChamberPanel/D1_RelicsVisualRoot/BottomNavigation/Nav_GALAXIA
10_relics_page2	720	1280	Canvas/HUD/VerticalUIRoot/VerticalSafeAreaRoot/ContentSlot/Dimension1Panel/RelicChamberPanel/D1_RelicsVisualRoot/BottomNavigation/Nav_GALAXIA	3	42.40	108.53	OK	Canvas/HUD/VerticalUIRoot/VerticalSafeAreaRoot/ContentSlot/Dimension1Panel/RelicChamberPanel/D1_RelicsVisualRoot/BottomNavigation/Nav_GALAXIA	Canvas/HUD/VerticalUIRoot/VerticalSafeAreaRoot/ContentSlot/Dimension1Panel/RelicChamberPanel/D1_RelicsVisualRoot/BottomNavigation/Nav_GALAXIA
10_relics_page2	720	1280	Canvas/HUD/VerticalUIRoot/VerticalSafeAreaRoot/ContentSlot/Dimension1Panel/RelicChamberPanel/D1_RelicsVisualRoot/BottomNavigation/Nav_GALAXIA	4	121.60	108.53	OK	Canvas/HUD/VerticalUIRoot/VerticalSafeAreaRoot/ContentSlot/Dimension1Panel/RelicChamberPanel/D1_RelicsVisualRoot/BottomNavigation/Nav_GALAXIA	Canvas/HUD/VerticalUIRoot/VerticalSafeAreaRoot/ContentSlot/Dimension1Panel/RelicChamberPanel/D1_RelicsVisualRoot/BottomNavigation/Nav_GALAXIA
10_relics_page2	720	1280	Canvas/HUD/VerticalUIRoot/VerticalSafeAreaRoot/ContentSlot/Dimension1Panel/RelicChamberPanel/D1_RelicsVisualRoot/CommandCenter	0	74.67	1178.67	OK	Canvas/HUD/VerticalUIRoot/VerticalSafeAreaRoot/ContentSlot/Dimension1Panel/RelicChamberPanel/D1_RelicsVisualRoot/CommandCenter	Canvas/HUD/VerticalUIRoot/VerticalSafeAreaRoot/ContentSlot/Dimension1Panel/RelicChamberPanel/D1_RelicsVisualRoot/CommandCenter
10_relics_page2	720	1280	Canvas/HUD/VerticalUIRoot/VerticalSafeAreaRoot/ContentSlot/Dimension1Panel/RelicChamberPanel/D1_RelicsVisualRoot/CommandCenter	1	39.47	1158.67	OK	Canvas/HUD/VerticalUIRoot/VerticalSafeAreaRoot/ContentSlot/Dimension1Panel/RelicChamberPanel/D1_RelicsVisualRoot/CommandCenter	Canvas/HUD/VerticalUIRoot/VerticalSafeAreaRoot/ContentSlot/Dimension1Panel/RelicChamberPanel/D1_RelicsVisualRoot/CommandCenter
10_relics_page2	720	1280	Canvas/HUD/VerticalUIRoot/VerticalSafeAreaRoot/ContentSlot/Dimension1Panel/RelicChamberPanel/D1_RelicsVisualRoot/CommandCenter	2	109.87	1158.67	OK	Canvas/HUD/VerticalUIRoot/VerticalSafeAreaRoot/ContentSlot/Dimension1Panel/RelicChamberPanel/D1_RelicsVisualRoot/CommandCenter	Canvas/HUD/VerticalUIRoot/VerticalSafeAreaRoot/ContentSlot/Dimension1Panel/RelicChamberPanel/D1_RelicsVisualRoot/CommandCenter
10_relics_page2	720	1280	Canvas/HUD/VerticalUIRoot/VerticalSafeAreaRoot/ContentSlot/Dimension1Panel/RelicChamberPanel/D1_RelicsVisualRoot/CommandCenter	3	39.47	1198.67	OK	Canvas/HUD/VerticalUIRoot/VerticalSafeAreaRoot/ContentSlot/Dimension1Panel/RelicChamberPanel/D1_RelicsVisualRoot/CommandCenter	Canvas/HUD/VerticalUIRoot/VerticalSafeAreaRoot/ContentSlot/Dimension1Panel/RelicChamberPanel/D1_RelicsVisualRoot/CommandCenter
10_relics_page2	720	1280	Canvas/HUD/VerticalUIRoot/VerticalSafeAreaRoot/ContentSlot/Dimension1Panel/RelicChamberPanel/D1_RelicsVisualRoot/CommandCenter	4	109.87	1198.67	OK	Canvas/HUD/VerticalUIRoot/VerticalSafeAreaRoot/ContentSlot/Dimension1Panel/RelicChamberPanel/D1_RelicsVisualRoot/CommandCenter	Canvas/HUD/VerticalUIRoot/VerticalSafeAreaRoot/ContentSlot/Dimension1Panel/RelicChamberPanel/D1_RelicsVisualRoot/CommandCenter
10_relics_page2	720	1280	Canvas/HUD/VerticalUIRoot/VerticalSafeAreaRoot/ContentSlot/Dimension1Panel/RelicChamberPanel/D1_RelicsVisualRoot/RelicCard_2	0	440.00	936.67	OK	Canvas/HUD/VerticalUIRoot/VerticalSafeAreaRoot/ContentSlot/Dimension1Panel/RelicChamberPanel/D1_RelicsVisualRoot/RelicCard_2	Canvas/HUD/VerticalUIRoot/VerticalSafeAreaRoot/ContentSlot/Dimension1Panel/RelicChamberPanel/D1_RelicsVisualRoot/RelicCard_2
10_relics_page2	720	1280	Canvas/HUD/VerticalUIRoot/VerticalSafeAreaRoot/ContentSlot/Dimension1Panel/RelicChamberPanel/D1_RelicsVisualRoot/RelicCard_2	1	392.80	861.07	OK	Canvas/HUD/VerticalUIRoot/VerticalSafeAreaRoot/ContentSlot/Dimension1Panel/RelicChamberPanel/D1_RelicsVisualRoot/RelicCard_2	Canvas/HUD/VerticalUIRoot/VerticalSafeAreaRoot/ContentSlot/Dimension1Panel/RelicChamberPanel/D1_RelicsVisualRoot/RelicCard_2
10_relics_page2	720	1280	Canvas/HUD/VerticalUIRoot/VerticalSafeAreaRoot/ContentSlot/Dimension1Panel/RelicChamberPanel/D1_RelicsVisualRoot/RelicCard_2	2	487.20	861.07	OK	Canvas/HUD/VerticalUIRoot/VerticalSafeAreaRoot/ContentSlot/Dimension1Panel/RelicChamberPanel/D1_RelicsVisualRoot/RelicCard_2	Canvas/HUD/VerticalUIRoot/VerticalSafeAreaRoot/ContentSlot/Dimension1Panel/RelicChamberPanel/D1_RelicsVisualRoot/RelicCard_2
10_relics_page2	720	1280	Canvas/HUD/VerticalUIRoot/VerticalSafeAreaRoot/ContentSlot/Dimension1Panel/RelicChamberPanel/D1_RelicsVisualRoot/RelicCard_2	3	392.80	1012.27	OK	Canvas/HUD/VerticalUIRoot/VerticalSafeAreaRoot/ContentSlot/Dimension1Panel/RelicChamberPanel/D1_RelicsVisualRoot/RelicCard_2	Canvas/HUD/VerticalUIRoot/VerticalSafeAreaRoot/ContentSlot/Dimension1Panel/RelicChamberPanel/D1_RelicsVisualRoot/RelicCard_2
10_relics_page2	720	1280	Canvas/HUD/VerticalUIRoot/VerticalSafeAreaRoot/ContentSlot/Dimension1Panel/RelicChamberPanel/D1_RelicsVisualRoot/RelicCard_2	4	487.20	1012.27	OK	Canvas/HUD/VerticalUIRoot/VerticalSafeAreaRoot/ContentSlot/Dimension1Panel/RelicChamberPanel/D1_RelicsVisualRoot/RelicCard_2	Canvas/HUD/VerticalUIRoot/VerticalSafeAreaRoot/ContentSlot/Dimension1Panel/RelicChamberPanel/D1_RelicsVisualRoot/RelicCard_2
10_relics_page2	720	1280	Canvas/HUD/VerticalUIRoot/VerticalSafeAreaRoot/ContentSlot/Dimension1Panel/RelicChamberPanel/D1_RelicsVisualRoot/RelicCard_0	0	104.00	936.67	OK	Canvas/HUD/VerticalUIRoot/VerticalSafeAreaRoot/ContentSlot/Dimension1Panel/RelicChamberPanel/D1_RelicsVisualRoot/RelicCard_0	Canvas/HUD/VerticalUIRoot/VerticalSafeAreaRoot/ContentSlot/Dimension1Panel/RelicChamberPanel/D1_RelicsVisualRoot/RelicCard_0
10_relics_page2	720	1280	Canvas/HUD/VerticalUIRoot/VerticalSafeAreaRoot/ContentSlot/Dimension1Panel/RelicChamberPanel/D1_RelicsVisualRoot/RelicCard_0	1	56.80	861.07	OK	Canvas/HUD/VerticalUIRoot/VerticalSafeAreaRoot/ContentSlot/Dimension1Panel/RelicChamberPanel/D1_RelicsVisualRoot/RelicCard_0	Canvas/HUD/VerticalUIRoot/VerticalSafeAreaRoot/ContentSlot/Dimension1Panel/RelicChamberPanel/D1_RelicsVisualRoot/RelicCard_0
10_relics_page2	720	1280	Canvas/HUD/VerticalUIRoot/VerticalSafeAreaRoot/ContentSlot/Dimension1Panel/RelicChamberPanel/D1_RelicsVisualRoot/RelicCard_0	2	151.20	861.07	OK	Canvas/HUD/VerticalUIRoot/VerticalSafeAreaRoot/ContentSlot/Dimension1Panel/RelicChamberPanel/D1_RelicsVisualRoot/RelicCard_0	Canvas/HUD/VerticalUIRoot/VerticalSafeAreaRoot/ContentSlot/Dimension1Panel/RelicChamberPanel/D1_RelicsVisualRoot/RelicCard_0
10_relics_page2	720	1280	Canvas/HUD/VerticalUIRoot/VerticalSafeAreaRoot/ContentSlot/Dimension1Panel/RelicChamberPanel/D1_RelicsVisualRoot/RelicCard_0	3	56.80	1012.27	OK	Canvas/HUD/VerticalUIRoot/VerticalSafeAreaRoot/ContentSlot/Dimension1Panel/RelicChamberPanel/D1_RelicsVisualRoot/RelicCard_0	Canvas/HUD/VerticalUIRoot/VerticalSafeAreaRoot/ContentSlot/Dimension1Panel/RelicChamberPanel/D1_RelicsVisualRoot/RelicCard_0
10_relics_page2	720	1280	Canvas/HUD/VerticalUIRoot/VerticalSafeAreaRoot/ContentSlot/Dimension1Panel/RelicChamberPanel/D1_RelicsVisualRoot/RelicCard_0	4	151.20	1012.27	OK	Canvas/HUD/VerticalUIRoot/VerticalSafeAreaRoot/ContentSlot/Dimension1Panel/RelicChamberPanel/D1_RelicsVisualRoot/RelicCard_0	Canvas/HUD/VerticalUIRoot/VerticalSafeAreaRoot/ContentSlot/Dimension1Panel/RelicChamberPanel/D1_RelicsVisualRoot/RelicCard_0
10_relics_page2	720	1280	Canvas/HUD/VerticalUIRoot/VerticalSafeAreaRoot/ContentSlot/Dimension1Panel/RelicChamberPanel/D1_RelicsVisualRoot/RelicCard_1	0	272.00	936.67	OK	Canvas/HUD/VerticalUIRoot/VerticalSafeAreaRoot/ContentSlot/Dimension1Panel/RelicChamberPanel/D1_RelicsVisualRoot/RelicCard_1	Canvas/HUD/VerticalUIRoot/VerticalSafeAreaRoot/ContentSlot/Dimension1Panel/RelicChamberPanel/D1_RelicsVisualRoot/RelicCard_1
10_relics_page2	720	1280	Canvas/HUD/VerticalUIRoot/VerticalSafeAreaRoot/ContentSlot/Dimension1Panel/RelicChamberPanel/D1_RelicsVisualRoot/RelicCard_1	1	224.80	861.07	OK	Canvas/HUD/VerticalUIRoot/VerticalSafeAreaRoot/ContentSlot/Dimension1Panel/RelicChamberPanel/D1_RelicsVisualRoot/RelicCard_1	Canvas/HUD/VerticalUIRoot/VerticalSafeAreaRoot/ContentSlot/Dimension1Panel/RelicChamberPanel/D1_RelicsVisualRoot/RelicCard_1
10_relics_page2	720	1280	Canvas/HUD/VerticalUIRoot/VerticalSafeAreaRoot/ContentSlot/Dimension1Panel/RelicChamberPanel/D1_RelicsVisualRoot/RelicCard_1	2	319.20	861.07	OK	Canvas/HUD/VerticalUIRoot/VerticalSafeAreaRoot/ContentSlot/Dimension1Panel/RelicChamberPanel/D1_RelicsVisualRoot/RelicCard_1	Canvas/HUD/VerticalUIRoot/VerticalSafeAreaRoot/ContentSlot/Dimension1Panel/RelicChamberPanel/D1_RelicsVisualRoot/RelicCard_1
10_relics_page2	720	1280	Canvas/HUD/VerticalUIRoot/VerticalSafeAreaRoot/ContentSlot/Dimension1Panel/RelicChamberPanel/D1_RelicsVisualRoot/RelicCard_1	3	224.80	1012.27	OK	Canvas/HUD/VerticalUIRoot/VerticalSafeAreaRoot/ContentSlot/Dimension1Panel/RelicChamberPanel/D1_RelicsVisualRoot/RelicCard_1	Canvas/HUD/VerticalUIRoot/VerticalSafeAreaRoot/ContentSlot/Dimension1Panel/RelicChamberPanel/D1_RelicsVisualRoot/RelicCard_1
10_relics_page2	720	1280	Canvas/HUD/VerticalUIRoot/VerticalSafeAreaRoot/ContentSlot/Dimension1Panel/RelicChamberPanel/D1_RelicsVisualRoot/RelicCard_1	4	319.20	1012.27	OK	Canvas/HUD/VerticalUIRoot/VerticalSafeAreaRoot/ContentSlot/Dimension1Panel/RelicChamberPanel/D1_RelicsVisualRoot/RelicCard_1	Canvas/HUD/VerticalUIRoot/VerticalSafeAreaRoot/ContentSlot/Dimension1Panel/RelicChamberPanel/D1_RelicsVisualRoot/RelicCard_1
10_relics_page2	720	1280	Canvas/HUD/VerticalUIRoot/VerticalSafeAreaRoot/ContentSlot/Dimension1Panel/RelicChamberPanel/D1_RelicsVisualRoot/BottomNavigation/Nav_HANGAR	0	358.00	73.33	OK	Canvas/HUD/VerticalUIRoot/VerticalSafeAreaRoot/ContentSlot/Dimension1Panel/RelicChamberPanel/D1_RelicsVisualRoot/BottomNavigation/Nav_HANGAR	Canvas/HUD/VerticalUIRoot/VerticalSafeAreaRoot/ContentSlot/Dimension1Panel/RelicChamberPanel/D1_RelicsVisualRoot/BottomNavigation/Nav_HANGAR
10_relics_page2	720	1280	Canvas/HUD/VerticalUIRoot/VerticalSafeAreaRoot/ContentSlot/Dimension1Panel/RelicChamberPanel/D1_RelicsVisualRoot/BottomNavigation/Nav_HANGAR	1	318.40	38.13	OK	Canvas/HUD/VerticalUIRoot/VerticalSafeAreaRoot/ContentSlot/Dimension1Panel/RelicChamberPanel/D1_RelicsVisualRoot/BottomNavigation/Nav_HANGAR	Canvas/HUD/VerticalUIRoot/VerticalSafeAreaRoot/ContentSlot/Dimension1Panel/RelicChamberPanel/D1_RelicsVisualRoot/BottomNavigation/Nav_HANGAR
10_relics_page2	720	1280	Canvas/HUD/VerticalUIRoot/VerticalSafeAreaRoot/ContentSlot/Dimension1Panel/RelicChamberPanel/D1_RelicsVisualRoot/BottomNavigation/Nav_HANGAR	2	397.60	38.13	OK	Canvas/HUD/VerticalUIRoot/VerticalSafeAreaRoot/ContentSlot/Dimension1Panel/RelicChamberPanel/D1_RelicsVisualRoot/BottomNavigation/Nav_HANGAR	Canvas/HUD/VerticalUIRoot/VerticalSafeAreaRoot/ContentSlot/Dimension1Panel/RelicChamberPanel/D1_RelicsVisualRoot/BottomNavigation/Nav_HANGAR
10_relics_page2	720	1280	Canvas/HUD/VerticalUIRoot/VerticalSafeAreaRoot/ContentSlot/Dimension1Panel/RelicChamberPanel/D1_RelicsVisualRoot/BottomNavigation/Nav_HANGAR	3	318.40	108.53	OK	Canvas/HUD/VerticalUIRoot/VerticalSafeAreaRoot/ContentSlot/Dimension1Panel/RelicChamberPanel/D1_RelicsVisualRoot/BottomNavigation/Nav_HANGAR	Canvas/HUD/VerticalUIRoot/VerticalSafeAreaRoot/ContentSlot/Dimension1Panel/RelicChamberPanel/D1_RelicsVisualRoot/BottomNavigation/Nav_HANGAR
10_relics_page2	720	1280	Canvas/HUD/VerticalUIRoot/VerticalSafeAreaRoot/ContentSlot/Dimension1Panel/RelicChamberPanel/D1_RelicsVisualRoot/BottomNavigation/Nav_HANGAR	4	397.60	108.53	OK	Canvas/HUD/VerticalUIRoot/VerticalSafeAreaRoot/ContentSlot/Dimension1Panel/RelicChamberPanel/D1_RelicsVisualRoot/BottomNavigation/Nav_HANGAR	Canvas/HUD/VerticalUIRoot/VerticalSafeAreaRoot/ContentSlot/Dimension1Panel/RelicChamberPanel/D1_RelicsVisualRoot/BottomNavigation/Nav_HANGAR
10_relics_page2	720	1280	Canvas/HUD/VerticalUIRoot/VerticalSafeAreaRoot/ContentSlot/Dimension1Panel/RelicChamberPanel/D1_RelicsVisualRoot/RelicCard_4	0	104.00	672.00	OK	Canvas/HUD/VerticalUIRoot/VerticalSafeAreaRoot/ContentSlot/Dimension1Panel/RelicChamberPanel/D1_RelicsVisualRoot/RelicCard_4	Canvas/HUD/VerticalUIRoot/VerticalSafeAreaRoot/ContentSlot/Dimension1Panel/RelicChamberPanel/D1_RelicsVisualRoot/RelicCard_4
10_relics_page2	720	1280	Canvas/HUD/VerticalUIRoot/VerticalSafeAreaRoot/ContentSlot/Dimension1Panel/RelicChamberPanel/D1_RelicsVisualRoot/RelicCard_4	1	56.80	596.40	OK	Canvas/HUD/VerticalUIRoot/VerticalSafeAreaRoot/ContentSlot/Dimension1Panel/RelicChamberPanel/D1_RelicsVisualRoot/RelicCard_4	Canvas/HUD/VerticalUIRoot/VerticalSafeAreaRoot/ContentSlot/Dimension1Panel/RelicChamberPanel/D1_RelicsVisualRoot/RelicCard_4
10_relics_page2	720	1280	Canvas/HUD/VerticalUIRoot/VerticalSafeAreaRoot/ContentSlot/Dimension1Panel/RelicChamberPanel/D1_RelicsVisualRoot/RelicCard_4	2	151.20	596.40	OK	Canvas/HUD/VerticalUIRoot/VerticalSafeAreaRoot/ContentSlot/Dimension1Panel/RelicChamberPanel/D1_RelicsVisualRoot/RelicCard_4	Canvas/HUD/VerticalUIRoot/VerticalSafeAreaRoot/ContentSlot/Dimension1Panel/RelicChamberPanel/D1_RelicsVisualRoot/RelicCard_4
10_relics_page2	720	1280	Canvas/HUD/VerticalUIRoot/VerticalSafeAreaRoot/ContentSlot/Dimension1Panel/RelicChamberPanel/D1_RelicsVisualRoot/RelicCard_4	3	56.80	747.60	OK	Canvas/HUD/VerticalUIRoot/VerticalSafeAreaRoot/ContentSlot/Dimension1Panel/RelicChamberPanel/D1_RelicsVisualRoot/RelicCard_4	Canvas/HUD/VerticalUIRoot/VerticalSafeAreaRoot/ContentSlot/Dimension1Panel/RelicChamberPanel/D1_RelicsVisualRoot/RelicCard_4
10_relics_page2	720	1280	Canvas/HUD/VerticalUIRoot/VerticalSafeAreaRoot/ContentSlot/Dimension1Panel/RelicChamberPanel/D1_RelicsVisualRoot/RelicCard_4	4	151.20	747.60	OK	Canvas/HUD/VerticalUIRoot/VerticalSafeAreaRoot/ContentSlot/Dimension1Panel/RelicChamberPanel/D1_RelicsVisualRoot/RelicCard_4	Canvas/HUD/VerticalUIRoot/VerticalSafeAreaRoot/ContentSlot/Dimension1Panel/RelicChamberPanel/D1_RelicsVisualRoot/RelicCard_4
11_relics_page3	720	1280	Canvas/HUD/VerticalUIRoot/VerticalSafeAreaRoot/ContentSlot/Dimension1Panel/RelicChamberPanel/D1_RelicsVisualRoot/RelicCard_3	0	440.00	672.00	OK	Canvas/HUD/VerticalUIRoot/VerticalSafeAreaRoot/ContentSlot/Dimension1Panel/RelicChamberPanel/D1_RelicsVisualRoot/RelicCard_3	Canvas/HUD/VerticalUIRoot/VerticalSafeAreaRoot/ContentSlot/Dimension1Panel/RelicChamberPanel/D1_RelicsVisualRoot/RelicCard_3
11_relics_page3	720	1280	Canvas/HUD/VerticalUIRoot/VerticalSafeAreaRoot/ContentSlot/Dimension1Panel/RelicChamberPanel/D1_RelicsVisualRoot/RelicCard_3	1	392.80	596.40	OK	Canvas/HUD/VerticalUIRoot/VerticalSafeAreaRoot/ContentSlot/Dimension1Panel/RelicChamberPanel/D1_RelicsVisualRoot/RelicCard_3	Canvas/HUD/VerticalUIRoot/VerticalSafeAreaRoot/ContentSlot/Dimension1Panel/RelicChamberPanel/D1_RelicsVisualRoot/RelicCard_3
11_relics_page3	720	1280	Canvas/HUD/VerticalUIRoot/VerticalSafeAreaRoot/ContentSlot/Dimension1Panel/RelicChamberPanel/D1_RelicsVisualRoot/RelicCard_3	2	487.20	596.40	OK	Canvas/HUD/VerticalUIRoot/VerticalSafeAreaRoot/ContentSlot/Dimension1Panel/RelicChamberPanel/D1_RelicsVisualRoot/RelicCard_3	Canvas/HUD/VerticalUIRoot/VerticalSafeAreaRoot/ContentSlot/Dimension1Panel/RelicChamberPanel/D1_RelicsVisualRoot/RelicCard_3
11_relics_page3	720	1280	Canvas/HUD/VerticalUIRoot/VerticalSafeAreaRoot/ContentSlot/Dimension1Panel/RelicChamberPanel/D1_RelicsVisualRoot/RelicCard_3	3	392.80	747.60	OK	Canvas/HUD/VerticalUIRoot/VerticalSafeAreaRoot/ContentSlot/Dimension1Panel/RelicChamberPanel/D1_RelicsVisualRoot/RelicCard_3	Canvas/HUD/VerticalUIRoot/VerticalSafeAreaRoot/ContentSlot/Dimension1Panel/RelicChamberPanel/D1_RelicsVisualRoot/RelicCard_3
11_relics_page3	720	1280	Canvas/HUD/VerticalUIRoot/VerticalSafeAreaRoot/ContentSlot/Dimension1Panel/RelicChamberPanel/D1_RelicsVisualRoot/RelicCard_3	4	487.20	747.60	OK	Canvas/HUD/VerticalUIRoot/VerticalSafeAreaRoot/ContentSlot/Dimension1Panel/RelicChamberPanel/D1_RelicsVisualRoot/RelicCard_3	Canvas/HUD/VerticalUIRoot/VerticalSafeAreaRoot/ContentSlot/Dimension1Panel/RelicChamberPanel/D1_RelicsVisualRoot/RelicCard_3
11_relics_page3	720	1280	Canvas/HUD/VerticalUIRoot/VerticalSafeAreaRoot/ContentSlot/Dimension1Panel/RelicChamberPanel/D1_RelicsVisualRoot/BottomNavigation/Nav_ÁRBOL	0	634.00	73.33	OK	Canvas/HUD/VerticalUIRoot/VerticalSafeAreaRoot/ContentSlot/Dimension1Panel/RelicChamberPanel/D1_RelicsVisualRoot/BottomNavigation/Nav_ÁRBOL	Canvas/HUD/VerticalUIRoot/VerticalSafeAreaRoot/ContentSlot/Dimension1Panel/RelicChamberPanel/D1_RelicsVisualRoot/BottomNavigation/Nav_ÁRBOL
11_relics_page3	720	1280	Canvas/HUD/VerticalUIRoot/VerticalSafeAreaRoot/ContentSlot/Dimension1Panel/RelicChamberPanel/D1_RelicsVisualRoot/BottomNavigation/Nav_ÁRBOL	1	594.40	38.13	OK	Canvas/HUD/VerticalUIRoot/VerticalSafeAreaRoot/ContentSlot/Dimension1Panel/RelicChamberPanel/D1_RelicsVisualRoot/BottomNavigation/Nav_ÁRBOL	Canvas/HUD/VerticalUIRoot/VerticalSafeAreaRoot/ContentSlot/Dimension1Panel/RelicChamberPanel/D1_RelicsVisualRoot/BottomNavigation/Nav_ÁRBOL
11_relics_page3	720	1280	Canvas/HUD/VerticalUIRoot/VerticalSafeAreaRoot/ContentSlot/Dimension1Panel/RelicChamberPanel/D1_RelicsVisualRoot/BottomNavigation/Nav_ÁRBOL	2	673.60	38.13	OK	Canvas/HUD/VerticalUIRoot/VerticalSafeAreaRoot/ContentSlot/Dimension1Panel/RelicChamberPanel/D1_RelicsVisualRoot/BottomNavigation/Nav_ÁRBOL	Canvas/HUD/VerticalUIRoot/VerticalSafeAreaRoot/ContentSlot/Dimension1Panel/RelicChamberPanel/D1_RelicsVisualRoot/BottomNavigation/Nav_ÁRBOL
11_relics_page3	720	1280	Canvas/HUD/VerticalUIRoot/VerticalSafeAreaRoot/ContentSlot/Dimension1Panel/RelicChamberPanel/D1_RelicsVisualRoot/BottomNavigation/Nav_ÁRBOL	3	594.40	108.53	OK	Canvas/HUD/VerticalUIRoot/VerticalSafeAreaRoot/ContentSlot/Dimension1Panel/RelicChamberPanel/D1_RelicsVisualRoot/BottomNavigation/Nav_ÁRBOL	Canvas/HUD/VerticalUIRoot/VerticalSafeAreaRoot/ContentSlot/Dimension1Panel/RelicChamberPanel/D1_RelicsVisualRoot/BottomNavigation/Nav_ÁRBOL
11_relics_page3	720	1280	Canvas/HUD/VerticalUIRoot/VerticalSafeAreaRoot/ContentSlot/Dimension1Panel/RelicChamberPanel/D1_RelicsVisualRoot/BottomNavigation/Nav_ÁRBOL	4	673.60	108.53	OK	Canvas/HUD/VerticalUIRoot/VerticalSafeAreaRoot/ContentSlot/Dimension1Panel/RelicChamberPanel/D1_RelicsVisualRoot/BottomNavigation/Nav_ÁRBOL	Canvas/HUD/VerticalUIRoot/VerticalSafeAreaRoot/ContentSlot/Dimension1Panel/RelicChamberPanel/D1_RelicsVisualRoot/BottomNavigation/Nav_ÁRBOL
11_relics_page3	720	1280	Canvas/HUD/VerticalUIRoot/VerticalSafeAreaRoot/ContentSlot/Dimension1Panel/RelicChamberPanel/D1_RelicsVisualRoot/MetalsButton	0	614.33	1178.67	OK	Canvas/HUD/VerticalUIRoot/VerticalSafeAreaRoot/ContentSlot/Dimension1Panel/RelicChamberPanel/D1_RelicsVisualRoot/MetalsButton	Canvas/HUD/VerticalUIRoot/VerticalSafeAreaRoot/ContentSlot/Dimension1Panel/RelicChamberPanel/D1_RelicsVisualRoot/MetalsButton
11_relics_page3	720	1280	Canvas/HUD/VerticalUIRoot/VerticalSafeAreaRoot/ContentSlot/Dimension1Panel/RelicChamberPanel/D1_RelicsVisualRoot/MetalsButton	1	565.33	1158.67	OK	Canvas/HUD/VerticalUIRoot/VerticalSafeAreaRoot/ContentSlot/Dimension1Panel/RelicChamberPanel/D1_RelicsVisualRoot/MetalsButton	Canvas/HUD/VerticalUIRoot/VerticalSafeAreaRoot/ContentSlot/Dimension1Panel/RelicChamberPanel/D1_RelicsVisualRoot/MetalsButton
11_relics_page3	720	1280	Canvas/HUD/VerticalUIRoot/VerticalSafeAreaRoot/ContentSlot/Dimension1Panel/RelicChamberPanel/D1_RelicsVisualRoot/MetalsButton	2	663.33	1158.67	OK	Canvas/HUD/VerticalUIRoot/VerticalSafeAreaRoot/ContentSlot/Dimension1Panel/RelicChamberPanel/D1_RelicsVisualRoot/MetalsButton	Canvas/HUD/VerticalUIRoot/VerticalSafeAreaRoot/ContentSlot/Dimension1Panel/RelicChamberPanel/D1_RelicsVisualRoot/MetalsButton
11_relics_page3	720	1280	Canvas/HUD/VerticalUIRoot/VerticalSafeAreaRoot/ContentSlot/Dimension1Panel/RelicChamberPanel/D1_RelicsVisualRoot/MetalsButton	3	565.33	1198.67	OK	Canvas/HUD/VerticalUIRoot/VerticalSafeAreaRoot/ContentSlot/Dimension1Panel/RelicChamberPanel/D1_RelicsVisualRoot/MetalsButton	Canvas/HUD/VerticalUIRoot/VerticalSafeAreaRoot/ContentSlot/Dimension1Panel/RelicChamberPanel/D1_RelicsVisualRoot/MetalsButton
11_relics_page3	720	1280	Canvas/HUD/VerticalUIRoot/VerticalSafeAreaRoot/ContentSlot/Dimension1Panel/RelicChamberPanel/D1_RelicsVisualRoot/MetalsButton	4	663.33	1198.67	OK	Canvas/HUD/VerticalUIRoot/VerticalSafeAreaRoot/ContentSlot/Dimension1Panel/RelicChamberPanel/D1_RelicsVisualRoot/MetalsButton	Canvas/HUD/VerticalUIRoot/VerticalSafeAreaRoot/ContentSlot/Dimension1Panel/RelicChamberPanel/D1_RelicsVisualRoot/MetalsButton
11_relics_page3	720	1280	Canvas/HUD/VerticalUIRoot/VerticalSafeAreaRoot/ContentSlot/Dimension1Panel/RelicChamberPanel/D1_RelicsVisualRoot/PreviousPage	0	419.33	1094.00	OK	Canvas/HUD/VerticalUIRoot/VerticalSafeAreaRoot/ContentSlot/Dimension1Panel/RelicChamberPanel/D1_RelicsVisualRoot/PreviousPage	Canvas/HUD/VerticalUIRoot/VerticalSafeAreaRoot/ContentSlot/Dimension1Panel/RelicChamberPanel/D1_RelicsVisualRoot/PreviousPage
11_relics_page3	720	1280	Canvas/HUD/VerticalUIRoot/VerticalSafeAreaRoot/ContentSlot/Dimension1Panel/RelicChamberPanel/D1_RelicsVisualRoot/PreviousPage	1	411.73	1086.40	OK	Canvas/HUD/VerticalUIRoot/VerticalSafeAreaRoot/ContentSlot/Dimension1Panel/RelicChamberPanel/D1_RelicsVisualRoot/PreviousPage	Canvas/HUD/VerticalUIRoot/VerticalSafeAreaRoot/ContentSlot/Dimension1Panel/RelicChamberPanel/D1_RelicsVisualRoot/PreviousPage
11_relics_page3	720	1280	Canvas/HUD/VerticalUIRoot/VerticalSafeAreaRoot/ContentSlot/Dimension1Panel/RelicChamberPanel/D1_RelicsVisualRoot/PreviousPage	2	426.93	1086.40	OK	Canvas/HUD/VerticalUIRoot/VerticalSafeAreaRoot/ContentSlot/Dimension1Panel/RelicChamberPanel/D1_RelicsVisualRoot/PreviousPage	Canvas/HUD/VerticalUIRoot/VerticalSafeAreaRoot/ContentSlot/Dimension1Panel/RelicChamberPanel/D1_RelicsVisualRoot/PreviousPage
11_relics_page3	720	1280	Canvas/HUD/VerticalUIRoot/VerticalSafeAreaRoot/ContentSlot/Dimension1Panel/RelicChamberPanel/D1_RelicsVisualRoot/PreviousPage	3	411.73	1101.60	OK	Canvas/HUD/VerticalUIRoot/VerticalSafeAreaRoot/ContentSlot/Dimension1Panel/RelicChamberPanel/D1_RelicsVisualRoot/PreviousPage	Canvas/HUD/VerticalUIRoot/VerticalSafeAreaRoot/ContentSlot/Dimension1Panel/RelicChamberPanel/D1_RelicsVisualRoot/PreviousPage
11_relics_page3	720	1280	Canvas/HUD/VerticalUIRoot/VerticalSafeAreaRoot/ContentSlot/Dimension1Panel/RelicChamberPanel/D1_RelicsVisualRoot/PreviousPage	4	426.93	1101.60	OK	Canvas/HUD/VerticalUIRoot/VerticalSafeAreaRoot/ContentSlot/Dimension1Panel/RelicChamberPanel/D1_RelicsVisualRoot/PreviousPage	Canvas/HUD/VerticalUIRoot/VerticalSafeAreaRoot/ContentSlot/Dimension1Panel/RelicChamberPanel/D1_RelicsVisualRoot/PreviousPage
11_relics_page3	720	1280	Canvas/HUD/VerticalUIRoot/VerticalSafeAreaRoot/ContentSlot/Dimension1Panel/RelicChamberPanel/CloseRelicChamberPanelButton	0	826.67	417.33	OFFSCREEN	<none>	<none>
11_relics_page3	720	1280	Canvas/HUD/VerticalUIRoot/VerticalSafeAreaRoot/ContentSlot/Dimension1Panel/RelicChamberPanel/CloseRelicChamberPanelButton	1	794.67	411.33	OFFSCREEN	<none>	<none>
11_relics_page3	720	1280	Canvas/HUD/VerticalUIRoot/VerticalSafeAreaRoot/ContentSlot/Dimension1Panel/RelicChamberPanel/CloseRelicChamberPanelButton	2	858.67	411.33	OFFSCREEN	<none>	<none>
11_relics_page3	720	1280	Canvas/HUD/VerticalUIRoot/VerticalSafeAreaRoot/ContentSlot/Dimension1Panel/RelicChamberPanel/CloseRelicChamberPanelButton	3	794.67	423.33	OFFSCREEN	<none>	<none>
11_relics_page3	720	1280	Canvas/HUD/VerticalUIRoot/VerticalSafeAreaRoot/ContentSlot/Dimension1Panel/RelicChamberPanel/CloseRelicChamberPanelButton	4	858.67	423.33	OFFSCREEN	<none>	<none>
11_relics_page3	720	1280	Canvas/HUD/VerticalUIRoot/VerticalSafeAreaRoot/ContentSlot/Dimension1Panel/RelicChamberPanel/D1_RelicsVisualRoot/BottomNavigation/Nav_EXPLORAR	0	220.00	73.33	OK	Canvas/HUD/VerticalUIRoot/VerticalSafeAreaRoot/ContentSlot/Dimension1Panel/RelicChamberPanel/D1_RelicsVisualRoot/BottomNavigation/Nav_EXPLORAR	Canvas/HUD/VerticalUIRoot/VerticalSafeAreaRoot/ContentSlot/Dimension1Panel/RelicChamberPanel/D1_RelicsVisualRoot/BottomNavigation/Nav_EXPLORAR
11_relics_page3	720	1280	Canvas/HUD/VerticalUIRoot/VerticalSafeAreaRoot/ContentSlot/Dimension1Panel/RelicChamberPanel/D1_RelicsVisualRoot/BottomNavigation/Nav_EXPLORAR	1	180.40	38.13	OK	Canvas/HUD/VerticalUIRoot/VerticalSafeAreaRoot/ContentSlot/Dimension1Panel/RelicChamberPanel/D1_RelicsVisualRoot/BottomNavigation/Nav_EXPLORAR	Canvas/HUD/VerticalUIRoot/VerticalSafeAreaRoot/ContentSlot/Dimension1Panel/RelicChamberPanel/D1_RelicsVisualRoot/BottomNavigation/Nav_EXPLORAR
11_relics_page3	720	1280	Canvas/HUD/VerticalUIRoot/VerticalSafeAreaRoot/ContentSlot/Dimension1Panel/RelicChamberPanel/D1_RelicsVisualRoot/BottomNavigation/Nav_EXPLORAR	2	259.60	38.13	OK	Canvas/HUD/VerticalUIRoot/VerticalSafeAreaRoot/ContentSlot/Dimension1Panel/RelicChamberPanel/D1_RelicsVisualRoot/BottomNavigation/Nav_EXPLORAR	Canvas/HUD/VerticalUIRoot/VerticalSafeAreaRoot/ContentSlot/Dimension1Panel/RelicChamberPanel/D1_RelicsVisualRoot/BottomNavigation/Nav_EXPLORAR
11_relics_page3	720	1280	Canvas/HUD/VerticalUIRoot/VerticalSafeAreaRoot/ContentSlot/Dimension1Panel/RelicChamberPanel/D1_RelicsVisualRoot/BottomNavigation/Nav_EXPLORAR	3	180.40	108.53	OK	Canvas/HUD/VerticalUIRoot/VerticalSafeAreaRoot/ContentSlot/Dimension1Panel/RelicChamberPanel/D1_RelicsVisualRoot/BottomNavigation/Nav_EXPLORAR	Canvas/HUD/VerticalUIRoot/VerticalSafeAreaRoot/ContentSlot/Dimension1Panel/RelicChamberPanel/D1_RelicsVisualRoot/BottomNavigation/Nav_EXPLORAR
11_relics_page3	720	1280	Canvas/HUD/VerticalUIRoot/VerticalSafeAreaRoot/ContentSlot/Dimension1Panel/RelicChamberPanel/D1_RelicsVisualRoot/BottomNavigation/Nav_EXPLORAR	4	259.60	108.53	OK	Canvas/HUD/VerticalUIRoot/VerticalSafeAreaRoot/ContentSlot/Dimension1Panel/RelicChamberPanel/D1_RelicsVisualRoot/BottomNavigation/Nav_EXPLORAR	Canvas/HUD/VerticalUIRoot/VerticalSafeAreaRoot/ContentSlot/Dimension1Panel/RelicChamberPanel/D1_RelicsVisualRoot/BottomNavigation/Nav_EXPLORAR
11_relics_page3	720	1280	Canvas/HUD/VerticalUIRoot/VerticalSafeAreaRoot/ContentSlot/Dimension1Panel/RelicChamberPanel/D1_RelicsVisualRoot/BottomNavigation/Nav_GALAXIA	0	82.00	73.33	OK	Canvas/HUD/VerticalUIRoot/VerticalSafeAreaRoot/ContentSlot/Dimension1Panel/RelicChamberPanel/D1_RelicsVisualRoot/BottomNavigation/Nav_GALAXIA	Canvas/HUD/VerticalUIRoot/VerticalSafeAreaRoot/ContentSlot/Dimension1Panel/RelicChamberPanel/D1_RelicsVisualRoot/BottomNavigation/Nav_GALAXIA
11_relics_page3	720	1280	Canvas/HUD/VerticalUIRoot/VerticalSafeAreaRoot/ContentSlot/Dimension1Panel/RelicChamberPanel/D1_RelicsVisualRoot/BottomNavigation/Nav_GALAXIA	1	42.40	38.13	OK	Canvas/HUD/VerticalUIRoot/VerticalSafeAreaRoot/ContentSlot/Dimension1Panel/RelicChamberPanel/D1_RelicsVisualRoot/BottomNavigation/Nav_GALAXIA	Canvas/HUD/VerticalUIRoot/VerticalSafeAreaRoot/ContentSlot/Dimension1Panel/RelicChamberPanel/D1_RelicsVisualRoot/BottomNavigation/Nav_GALAXIA
11_relics_page3	720	1280	Canvas/HUD/VerticalUIRoot/VerticalSafeAreaRoot/ContentSlot/Dimension1Panel/RelicChamberPanel/D1_RelicsVisualRoot/BottomNavigation/Nav_GALAXIA	2	121.60	38.13	OK	Canvas/HUD/VerticalUIRoot/VerticalSafeAreaRoot/ContentSlot/Dimension1Panel/RelicChamberPanel/D1_RelicsVisualRoot/BottomNavigation/Nav_GALAXIA	Canvas/HUD/VerticalUIRoot/VerticalSafeAreaRoot/ContentSlot/Dimension1Panel/RelicChamberPanel/D1_RelicsVisualRoot/BottomNavigation/Nav_GALAXIA
11_relics_page3	720	1280	Canvas/HUD/VerticalUIRoot/VerticalSafeAreaRoot/ContentSlot/Dimension1Panel/RelicChamberPanel/D1_RelicsVisualRoot/BottomNavigation/Nav_GALAXIA	3	42.40	108.53	OK	Canvas/HUD/VerticalUIRoot/VerticalSafeAreaRoot/ContentSlot/Dimension1Panel/RelicChamberPanel/D1_RelicsVisualRoot/BottomNavigation/Nav_GALAXIA	Canvas/HUD/VerticalUIRoot/VerticalSafeAreaRoot/ContentSlot/Dimension1Panel/RelicChamberPanel/D1_RelicsVisualRoot/BottomNavigation/Nav_GALAXIA
11_relics_page3	720	1280	Canvas/HUD/VerticalUIRoot/VerticalSafeAreaRoot/ContentSlot/Dimension1Panel/RelicChamberPanel/D1_RelicsVisualRoot/BottomNavigation/Nav_GALAXIA	4	121.60	108.53	OK	Canvas/HUD/VerticalUIRoot/VerticalSafeAreaRoot/ContentSlot/Dimension1Panel/RelicChamberPanel/D1_RelicsVisualRoot/BottomNavigation/Nav_GALAXIA	Canvas/HUD/VerticalUIRoot/VerticalSafeAreaRoot/ContentSlot/Dimension1Panel/RelicChamberPanel/D1_RelicsVisualRoot/BottomNavigation/Nav_GALAXIA
11_relics_page3	720	1280	Canvas/HUD/VerticalUIRoot/VerticalSafeAreaRoot/ContentSlot/Dimension1Panel/RelicChamberPanel/D1_RelicsVisualRoot/CommandCenter	0	74.67	1178.67	OK	Canvas/HUD/VerticalUIRoot/VerticalSafeAreaRoot/ContentSlot/Dimension1Panel/RelicChamberPanel/D1_RelicsVisualRoot/CommandCenter	Canvas/HUD/VerticalUIRoot/VerticalSafeAreaRoot/ContentSlot/Dimension1Panel/RelicChamberPanel/D1_RelicsVisualRoot/CommandCenter
11_relics_page3	720	1280	Canvas/HUD/VerticalUIRoot/VerticalSafeAreaRoot/ContentSlot/Dimension1Panel/RelicChamberPanel/D1_RelicsVisualRoot/CommandCenter	1	39.47	1158.67	OK	Canvas/HUD/VerticalUIRoot/VerticalSafeAreaRoot/ContentSlot/Dimension1Panel/RelicChamberPanel/D1_RelicsVisualRoot/CommandCenter	Canvas/HUD/VerticalUIRoot/VerticalSafeAreaRoot/ContentSlot/Dimension1Panel/RelicChamberPanel/D1_RelicsVisualRoot/CommandCenter
11_relics_page3	720	1280	Canvas/HUD/VerticalUIRoot/VerticalSafeAreaRoot/ContentSlot/Dimension1Panel/RelicChamberPanel/D1_RelicsVisualRoot/CommandCenter	2	109.87	1158.67	OK	Canvas/HUD/VerticalUIRoot/VerticalSafeAreaRoot/ContentSlot/Dimension1Panel/RelicChamberPanel/D1_RelicsVisualRoot/CommandCenter	Canvas/HUD/VerticalUIRoot/VerticalSafeAreaRoot/ContentSlot/Dimension1Panel/RelicChamberPanel/D1_RelicsVisualRoot/CommandCenter
11_relics_page3	720	1280	Canvas/HUD/VerticalUIRoot/VerticalSafeAreaRoot/ContentSlot/Dimension1Panel/RelicChamberPanel/D1_RelicsVisualRoot/CommandCenter	3	39.47	1198.67	OK	Canvas/HUD/VerticalUIRoot/VerticalSafeAreaRoot/ContentSlot/Dimension1Panel/RelicChamberPanel/D1_RelicsVisualRoot/CommandCenter	Canvas/HUD/VerticalUIRoot/VerticalSafeAreaRoot/ContentSlot/Dimension1Panel/RelicChamberPanel/D1_RelicsVisualRoot/CommandCenter
11_relics_page3	720	1280	Canvas/HUD/VerticalUIRoot/VerticalSafeAreaRoot/ContentSlot/Dimension1Panel/RelicChamberPanel/D1_RelicsVisualRoot/CommandCenter	4	109.87	1198.67	OK	Canvas/HUD/VerticalUIRoot/VerticalSafeAreaRoot/ContentSlot/Dimension1Panel/RelicChamberPanel/D1_RelicsVisualRoot/CommandCenter	Canvas/HUD/VerticalUIRoot/VerticalSafeAreaRoot/ContentSlot/Dimension1Panel/RelicChamberPanel/D1_RelicsVisualRoot/CommandCenter
11_relics_page3	720	1280	Canvas/HUD/VerticalUIRoot/VerticalSafeAreaRoot/ContentSlot/Dimension1Panel/RelicChamberPanel/D1_RelicsVisualRoot/RelicCard_2	0	272.00	672.00	OK	Canvas/HUD/VerticalUIRoot/VerticalSafeAreaRoot/ContentSlot/Dimension1Panel/RelicChamberPanel/D1_RelicsVisualRoot/RelicCard_2	Canvas/HUD/VerticalUIRoot/VerticalSafeAreaRoot/ContentSlot/Dimension1Panel/RelicChamberPanel/D1_RelicsVisualRoot/RelicCard_2
11_relics_page3	720	1280	Canvas/HUD/VerticalUIRoot/VerticalSafeAreaRoot/ContentSlot/Dimension1Panel/RelicChamberPanel/D1_RelicsVisualRoot/RelicCard_2	1	224.80	596.40	OK	Canvas/HUD/VerticalUIRoot/VerticalSafeAreaRoot/ContentSlot/Dimension1Panel/RelicChamberPanel/D1_RelicsVisualRoot/RelicCard_2	Canvas/HUD/VerticalUIRoot/VerticalSafeAreaRoot/ContentSlot/Dimension1Panel/RelicChamberPanel/D1_RelicsVisualRoot/RelicCard_2
11_relics_page3	720	1280	Canvas/HUD/VerticalUIRoot/VerticalSafeAreaRoot/ContentSlot/Dimension1Panel/RelicChamberPanel/D1_RelicsVisualRoot/RelicCard_2	2	319.20	596.40	OK	Canvas/HUD/VerticalUIRoot/VerticalSafeAreaRoot/ContentSlot/Dimension1Panel/RelicChamberPanel/D1_RelicsVisualRoot/RelicCard_2	Canvas/HUD/VerticalUIRoot/VerticalSafeAreaRoot/ContentSlot/Dimension1Panel/RelicChamberPanel/D1_RelicsVisualRoot/RelicCard_2
11_relics_page3	720	1280	Canvas/HUD/VerticalUIRoot/VerticalSafeAreaRoot/ContentSlot/Dimension1Panel/RelicChamberPanel/D1_RelicsVisualRoot/RelicCard_2	3	224.80	747.60	OK	Canvas/HUD/VerticalUIRoot/VerticalSafeAreaRoot/ContentSlot/Dimension1Panel/RelicChamberPanel/D1_RelicsVisualRoot/RelicCard_2	Canvas/HUD/VerticalUIRoot/VerticalSafeAreaRoot/ContentSlot/Dimension1Panel/RelicChamberPanel/D1_RelicsVisualRoot/RelicCard_2
11_relics_page3	720	1280	Canvas/HUD/VerticalUIRoot/VerticalSafeAreaRoot/ContentSlot/Dimension1Panel/RelicChamberPanel/D1_RelicsVisualRoot/RelicCard_2	4	319.20	747.60	OK	Canvas/HUD/VerticalUIRoot/VerticalSafeAreaRoot/ContentSlot/Dimension1Panel/RelicChamberPanel/D1_RelicsVisualRoot/RelicCard_2	Canvas/HUD/VerticalUIRoot/VerticalSafeAreaRoot/ContentSlot/Dimension1Panel/RelicChamberPanel/D1_RelicsVisualRoot/RelicCard_2
11_relics_page3	720	1280	Canvas/HUD/VerticalUIRoot/VerticalSafeAreaRoot/ContentSlot/Dimension1Panel/RelicChamberPanel/D1_RelicsVisualRoot/RelicCard_0	0	272.00	936.67	OK	Canvas/HUD/VerticalUIRoot/VerticalSafeAreaRoot/ContentSlot/Dimension1Panel/RelicChamberPanel/D1_RelicsVisualRoot/RelicCard_0	Canvas/HUD/VerticalUIRoot/VerticalSafeAreaRoot/ContentSlot/Dimension1Panel/RelicChamberPanel/D1_RelicsVisualRoot/RelicCard_0
11_relics_page3	720	1280	Canvas/HUD/VerticalUIRoot/VerticalSafeAreaRoot/ContentSlot/Dimension1Panel/RelicChamberPanel/D1_RelicsVisualRoot/RelicCard_0	1	224.80	861.07	OK	Canvas/HUD/VerticalUIRoot/VerticalSafeAreaRoot/ContentSlot/Dimension1Panel/RelicChamberPanel/D1_RelicsVisualRoot/RelicCard_0	Canvas/HUD/VerticalUIRoot/VerticalSafeAreaRoot/ContentSlot/Dimension1Panel/RelicChamberPanel/D1_RelicsVisualRoot/RelicCard_0
11_relics_page3	720	1280	Canvas/HUD/VerticalUIRoot/VerticalSafeAreaRoot/ContentSlot/Dimension1Panel/RelicChamberPanel/D1_RelicsVisualRoot/RelicCard_0	2	319.20	861.07	OK	Canvas/HUD/VerticalUIRoot/VerticalSafeAreaRoot/ContentSlot/Dimension1Panel/RelicChamberPanel/D1_RelicsVisualRoot/RelicCard_0	Canvas/HUD/VerticalUIRoot/VerticalSafeAreaRoot/ContentSlot/Dimension1Panel/RelicChamberPanel/D1_RelicsVisualRoot/RelicCard_0
11_relics_page3	720	1280	Canvas/HUD/VerticalUIRoot/VerticalSafeAreaRoot/ContentSlot/Dimension1Panel/RelicChamberPanel/D1_RelicsVisualRoot/RelicCard_0	3	224.80	1012.27	OK	Canvas/HUD/VerticalUIRoot/VerticalSafeAreaRoot/ContentSlot/Dimension1Panel/RelicChamberPanel/D1_RelicsVisualRoot/RelicCard_0	Canvas/HUD/VerticalUIRoot/VerticalSafeAreaRoot/ContentSlot/Dimension1Panel/RelicChamberPanel/D1_RelicsVisualRoot/RelicCard_0
11_relics_page3	720	1280	Canvas/HUD/VerticalUIRoot/VerticalSafeAreaRoot/ContentSlot/Dimension1Panel/RelicChamberPanel/D1_RelicsVisualRoot/RelicCard_0	4	319.20	1012.27	OK	Canvas/HUD/VerticalUIRoot/VerticalSafeAreaRoot/ContentSlot/Dimension1Panel/RelicChamberPanel/D1_RelicsVisualRoot/RelicCard_0	Canvas/HUD/VerticalUIRoot/VerticalSafeAreaRoot/ContentSlot/Dimension1Panel/RelicChamberPanel/D1_RelicsVisualRoot/RelicCard_0
11_relics_page3	720	1280	Canvas/HUD/VerticalUIRoot/VerticalSafeAreaRoot/ContentSlot/Dimension1Panel/RelicChamberPanel/D1_RelicsVisualRoot/RelicCard_1	0	440.00	936.67	OK	Canvas/HUD/VerticalUIRoot/VerticalSafeAreaRoot/ContentSlot/Dimension1Panel/RelicChamberPanel/D1_RelicsVisualRoot/RelicCard_1	Canvas/HUD/VerticalUIRoot/VerticalSafeAreaRoot/ContentSlot/Dimension1Panel/RelicChamberPanel/D1_RelicsVisualRoot/RelicCard_1
11_relics_page3	720	1280	Canvas/HUD/VerticalUIRoot/VerticalSafeAreaRoot/ContentSlot/Dimension1Panel/RelicChamberPanel/D1_RelicsVisualRoot/RelicCard_1	1	392.80	861.07	OK	Canvas/HUD/VerticalUIRoot/VerticalSafeAreaRoot/ContentSlot/Dimension1Panel/RelicChamberPanel/D1_RelicsVisualRoot/RelicCard_1	Canvas/HUD/VerticalUIRoot/VerticalSafeAreaRoot/ContentSlot/Dimension1Panel/RelicChamberPanel/D1_RelicsVisualRoot/RelicCard_1
11_relics_page3	720	1280	Canvas/HUD/VerticalUIRoot/VerticalSafeAreaRoot/ContentSlot/Dimension1Panel/RelicChamberPanel/D1_RelicsVisualRoot/RelicCard_1	2	487.20	861.07	OK	Canvas/HUD/VerticalUIRoot/VerticalSafeAreaRoot/ContentSlot/Dimension1Panel/RelicChamberPanel/D1_RelicsVisualRoot/RelicCard_1	Canvas/HUD/VerticalUIRoot/VerticalSafeAreaRoot/ContentSlot/Dimension1Panel/RelicChamberPanel/D1_RelicsVisualRoot/RelicCard_1
11_relics_page3	720	1280	Canvas/HUD/VerticalUIRoot/VerticalSafeAreaRoot/ContentSlot/Dimension1Panel/RelicChamberPanel/D1_RelicsVisualRoot/RelicCard_1	3	392.80	1012.27	OK	Canvas/HUD/VerticalUIRoot/VerticalSafeAreaRoot/ContentSlot/Dimension1Panel/RelicChamberPanel/D1_RelicsVisualRoot/RelicCard_1	Canvas/HUD/VerticalUIRoot/VerticalSafeAreaRoot/ContentSlot/Dimension1Panel/RelicChamberPanel/D1_RelicsVisualRoot/RelicCard_1
11_relics_page3	720	1280	Canvas/HUD/VerticalUIRoot/VerticalSafeAreaRoot/ContentSlot/Dimension1Panel/RelicChamberPanel/D1_RelicsVisualRoot/RelicCard_1	4	487.20	1012.27	OK	Canvas/HUD/VerticalUIRoot/VerticalSafeAreaRoot/ContentSlot/Dimension1Panel/RelicChamberPanel/D1_RelicsVisualRoot/RelicCard_1	Canvas/HUD/VerticalUIRoot/VerticalSafeAreaRoot/ContentSlot/Dimension1Panel/RelicChamberPanel/D1_RelicsVisualRoot/RelicCard_1
11_relics_page3	720	1280	Canvas/HUD/VerticalUIRoot/VerticalSafeAreaRoot/ContentSlot/Dimension1Panel/RelicChamberPanel/D1_RelicsVisualRoot/BottomNavigation/Nav_HANGAR	0	358.00	73.33	OK	Canvas/HUD/VerticalUIRoot/VerticalSafeAreaRoot/ContentSlot/Dimension1Panel/RelicChamberPanel/D1_RelicsVisualRoot/BottomNavigation/Nav_HANGAR	Canvas/HUD/VerticalUIRoot/VerticalSafeAreaRoot/ContentSlot/Dimension1Panel/RelicChamberPanel/D1_RelicsVisualRoot/BottomNavigation/Nav_HANGAR
11_relics_page3	720	1280	Canvas/HUD/VerticalUIRoot/VerticalSafeAreaRoot/ContentSlot/Dimension1Panel/RelicChamberPanel/D1_RelicsVisualRoot/BottomNavigation/Nav_HANGAR	1	318.40	38.13	OK	Canvas/HUD/VerticalUIRoot/VerticalSafeAreaRoot/ContentSlot/Dimension1Panel/RelicChamberPanel/D1_RelicsVisualRoot/BottomNavigation/Nav_HANGAR	Canvas/HUD/VerticalUIRoot/VerticalSafeAreaRoot/ContentSlot/Dimension1Panel/RelicChamberPanel/D1_RelicsVisualRoot/BottomNavigation/Nav_HANGAR
11_relics_page3	720	1280	Canvas/HUD/VerticalUIRoot/VerticalSafeAreaRoot/ContentSlot/Dimension1Panel/RelicChamberPanel/D1_RelicsVisualRoot/BottomNavigation/Nav_HANGAR	2	397.60	38.13	OK	Canvas/HUD/VerticalUIRoot/VerticalSafeAreaRoot/ContentSlot/Dimension1Panel/RelicChamberPanel/D1_RelicsVisualRoot/BottomNavigation/Nav_HANGAR	Canvas/HUD/VerticalUIRoot/VerticalSafeAreaRoot/ContentSlot/Dimension1Panel/RelicChamberPanel/D1_RelicsVisualRoot/BottomNavigation/Nav_HANGAR
11_relics_page3	720	1280	Canvas/HUD/VerticalUIRoot/VerticalSafeAreaRoot/ContentSlot/Dimension1Panel/RelicChamberPanel/D1_RelicsVisualRoot/BottomNavigation/Nav_HANGAR	3	318.40	108.53	OK	Canvas/HUD/VerticalUIRoot/VerticalSafeAreaRoot/ContentSlot/Dimension1Panel/RelicChamberPanel/D1_RelicsVisualRoot/BottomNavigation/Nav_HANGAR	Canvas/HUD/VerticalUIRoot/VerticalSafeAreaRoot/ContentSlot/Dimension1Panel/RelicChamberPanel/D1_RelicsVisualRoot/BottomNavigation/Nav_HANGAR
11_relics_page3	720	1280	Canvas/HUD/VerticalUIRoot/VerticalSafeAreaRoot/ContentSlot/Dimension1Panel/RelicChamberPanel/D1_RelicsVisualRoot/BottomNavigation/Nav_HANGAR	4	397.60	108.53	OK	Canvas/HUD/VerticalUIRoot/VerticalSafeAreaRoot/ContentSlot/Dimension1Panel/RelicChamberPanel/D1_RelicsVisualRoot/BottomNavigation/Nav_HANGAR	Canvas/HUD/VerticalUIRoot/VerticalSafeAreaRoot/ContentSlot/Dimension1Panel/RelicChamberPanel/D1_RelicsVisualRoot/BottomNavigation/Nav_HANGAR
12_relics_to_center	720	1280	Canvas/HUD/VerticalUIRoot/VerticalSafeAreaRoot/ContentSlot/Dimension1Panel/D1CommandCenterProductionRoot/Nav_EXPLORAR	0	220.00	73.33	OK	Canvas/HUD/VerticalUIRoot/VerticalSafeAreaRoot/ContentSlot/Dimension1Panel/D1CommandCenterProductionRoot/Nav_EXPLORAR	Canvas/HUD/VerticalUIRoot/VerticalSafeAreaRoot/ContentSlot/Dimension1Panel/D1CommandCenterProductionRoot/Nav_EXPLORAR
12_relics_to_center	720	1280	Canvas/HUD/VerticalUIRoot/VerticalSafeAreaRoot/ContentSlot/Dimension1Panel/D1CommandCenterProductionRoot/Nav_EXPLORAR	1	180.40	38.13	OK	Canvas/HUD/VerticalUIRoot/VerticalSafeAreaRoot/ContentSlot/Dimension1Panel/D1CommandCenterProductionRoot/Nav_EXPLORAR	Canvas/HUD/VerticalUIRoot/VerticalSafeAreaRoot/ContentSlot/Dimension1Panel/D1CommandCenterProductionRoot/Nav_EXPLORAR
12_relics_to_center	720	1280	Canvas/HUD/VerticalUIRoot/VerticalSafeAreaRoot/ContentSlot/Dimension1Panel/D1CommandCenterProductionRoot/Nav_EXPLORAR	2	259.60	38.13	OK	Canvas/HUD/VerticalUIRoot/VerticalSafeAreaRoot/ContentSlot/Dimension1Panel/D1CommandCenterProductionRoot/Nav_EXPLORAR	Canvas/HUD/VerticalUIRoot/VerticalSafeAreaRoot/ContentSlot/Dimension1Panel/D1CommandCenterProductionRoot/Nav_EXPLORAR
12_relics_to_center	720	1280	Canvas/HUD/VerticalUIRoot/VerticalSafeAreaRoot/ContentSlot/Dimension1Panel/D1CommandCenterProductionRoot/Nav_EXPLORAR	3	180.40	108.53	OK	Canvas/HUD/VerticalUIRoot/VerticalSafeAreaRoot/ContentSlot/Dimension1Panel/D1CommandCenterProductionRoot/Nav_EXPLORAR	Canvas/HUD/VerticalUIRoot/VerticalSafeAreaRoot/ContentSlot/Dimension1Panel/D1CommandCenterProductionRoot/Nav_EXPLORAR
12_relics_to_center	720	1280	Canvas/HUD/VerticalUIRoot/VerticalSafeAreaRoot/ContentSlot/Dimension1Panel/D1CommandCenterProductionRoot/Nav_EXPLORAR	4	259.60	108.53	OK	Canvas/HUD/VerticalUIRoot/VerticalSafeAreaRoot/ContentSlot/Dimension1Panel/D1CommandCenterProductionRoot/Nav_EXPLORAR	Canvas/HUD/VerticalUIRoot/VerticalSafeAreaRoot/ContentSlot/Dimension1Panel/D1CommandCenterProductionRoot/Nav_EXPLORAR
12_relics_to_center	720	1280	Canvas/HUD/VerticalUIRoot/VerticalSafeAreaRoot/ContentSlot/Dimension1Panel/D1CommandCenterProductionRoot/CommandDashboard/TreeCard	0	619.33	659.33	OK	Canvas/HUD/VerticalUIRoot/VerticalSafeAreaRoot/ContentSlot/Dimension1Panel/D1CommandCenterProductionRoot/CommandDashboard/TreeCard	Canvas/HUD/VerticalUIRoot/VerticalSafeAreaRoot/ContentSlot/Dimension1Panel/D1CommandCenterProductionRoot/CommandDashboard/TreeCard
12_relics_to_center	720	1280	Canvas/HUD/VerticalUIRoot/VerticalSafeAreaRoot/ContentSlot/Dimension1Panel/D1CommandCenterProductionRoot/CommandDashboard/TreeCard	1	562.13	602.53	OK	Canvas/HUD/VerticalUIRoot/VerticalSafeAreaRoot/ContentSlot/Dimension1Panel/D1CommandCenterProductionRoot/CommandDashboard/TreeCard	Canvas/HUD/VerticalUIRoot/VerticalSafeAreaRoot/ContentSlot/Dimension1Panel/D1CommandCenterProductionRoot/CommandDashboard/TreeCard
12_relics_to_center	720	1280	Canvas/HUD/VerticalUIRoot/VerticalSafeAreaRoot/ContentSlot/Dimension1Panel/D1CommandCenterProductionRoot/CommandDashboard/TreeCard	2	676.53	602.53	OK	Canvas/HUD/VerticalUIRoot/VerticalSafeAreaRoot/ContentSlot/Dimension1Panel/D1CommandCenterProductionRoot/CommandDashboard/TreeCard	Canvas/HUD/VerticalUIRoot/VerticalSafeAreaRoot/ContentSlot/Dimension1Panel/D1CommandCenterProductionRoot/CommandDashboard/TreeCard
12_relics_to_center	720	1280	Canvas/HUD/VerticalUIRoot/VerticalSafeAreaRoot/ContentSlot/Dimension1Panel/D1CommandCenterProductionRoot/CommandDashboard/TreeCard	3	562.13	716.13	OK	Canvas/HUD/VerticalUIRoot/VerticalSafeAreaRoot/ContentSlot/Dimension1Panel/D1CommandCenterProductionRoot/CommandDashboard/TreeCard/DetailedLineIcon	Canvas/HUD/VerticalUIRoot/VerticalSafeAreaRoot/ContentSlot/Dimension1Panel/D1CommandCenterProductionRoot/CommandDashboard/TreeCard
12_relics_to_center	720	1280	Canvas/HUD/VerticalUIRoot/VerticalSafeAreaRoot/ContentSlot/Dimension1Panel/D1CommandCenterProductionRoot/CommandDashboard/TreeCard	4	676.53	716.13	OK	Canvas/HUD/VerticalUIRoot/VerticalSafeAreaRoot/ContentSlot/Dimension1Panel/D1CommandCenterProductionRoot/CommandDashboard/TreeCard/DetailedLineIcon	Canvas/HUD/VerticalUIRoot/VerticalSafeAreaRoot/ContentSlot/Dimension1Panel/D1CommandCenterProductionRoot/CommandDashboard/TreeCard
12_relics_to_center	720	1280	Canvas/HUD/VerticalUIRoot/VerticalSafeAreaRoot/ContentSlot/Dimension1Panel/D1CommandCenterProductionRoot/DimensionDrawerToggle	0	360.00	151.33	OK	Canvas/HUD/VerticalUIRoot/VerticalSafeAreaRoot/ContentSlot/Dimension1Panel/D1CommandCenterProductionRoot/DimensionDrawerToggle	Canvas/HUD/VerticalUIRoot/VerticalSafeAreaRoot/ContentSlot/Dimension1Panel/D1CommandCenterProductionRoot/DimensionDrawerToggle
12_relics_to_center	720	1280	Canvas/HUD/VerticalUIRoot/VerticalSafeAreaRoot/ContentSlot/Dimension1Panel/D1CommandCenterProductionRoot/DimensionDrawerToggle	1	310.00	144.53	OK	Canvas/HUD/VerticalUIRoot/VerticalSafeAreaRoot/ContentSlot/Dimension1Panel/D1CommandCenterProductionRoot/DimensionDrawerToggle	Canvas/HUD/VerticalUIRoot/VerticalSafeAreaRoot/ContentSlot/Dimension1Panel/D1CommandCenterProductionRoot/DimensionDrawerToggle
12_relics_to_center	720	1280	Canvas/HUD/VerticalUIRoot/VerticalSafeAreaRoot/ContentSlot/Dimension1Panel/D1CommandCenterProductionRoot/DimensionDrawerToggle	2	410.00	144.53	OK	Canvas/HUD/VerticalUIRoot/VerticalSafeAreaRoot/ContentSlot/Dimension1Panel/D1CommandCenterProductionRoot/DimensionDrawerToggle	Canvas/HUD/VerticalUIRoot/VerticalSafeAreaRoot/ContentSlot/Dimension1Panel/D1CommandCenterProductionRoot/DimensionDrawerToggle
12_relics_to_center	720	1280	Canvas/HUD/VerticalUIRoot/VerticalSafeAreaRoot/ContentSlot/Dimension1Panel/D1CommandCenterProductionRoot/DimensionDrawerToggle	3	310.00	158.13	OK	Canvas/HUD/VerticalUIRoot/VerticalSafeAreaRoot/ContentSlot/Dimension1Panel/D1CommandCenterProductionRoot/DimensionDrawerToggle	Canvas/HUD/VerticalUIRoot/VerticalSafeAreaRoot/ContentSlot/Dimension1Panel/D1CommandCenterProductionRoot/DimensionDrawerToggle
12_relics_to_center	720	1280	Canvas/HUD/VerticalUIRoot/VerticalSafeAreaRoot/ContentSlot/Dimension1Panel/D1CommandCenterProductionRoot/DimensionDrawerToggle	4	410.00	158.13	OK	Canvas/HUD/VerticalUIRoot/VerticalSafeAreaRoot/ContentSlot/Dimension1Panel/D1CommandCenterProductionRoot/DimensionDrawerToggle	Canvas/HUD/VerticalUIRoot/VerticalSafeAreaRoot/ContentSlot/Dimension1Panel/D1CommandCenterProductionRoot/DimensionDrawerToggle
12_relics_to_center	720	1280	Canvas/HUD/VerticalUIRoot/VerticalSafeAreaRoot/ContentSlot/Dimension1Panel/D1CommandCenterProductionRoot/Nav_ÁRBOL	0	634.00	73.33	OK	Canvas/HUD/VerticalUIRoot/VerticalSafeAreaRoot/ContentSlot/Dimension1Panel/D1CommandCenterProductionRoot/Nav_ÁRBOL	Canvas/HUD/VerticalUIRoot/VerticalSafeAreaRoot/ContentSlot/Dimension1Panel/D1CommandCenterProductionRoot/Nav_ÁRBOL
12_relics_to_center	720	1280	Canvas/HUD/VerticalUIRoot/VerticalSafeAreaRoot/ContentSlot/Dimension1Panel/D1CommandCenterProductionRoot/Nav_ÁRBOL	1	594.40	38.13	OK	Canvas/HUD/VerticalUIRoot/VerticalSafeAreaRoot/ContentSlot/Dimension1Panel/D1CommandCenterProductionRoot/Nav_ÁRBOL	Canvas/HUD/VerticalUIRoot/VerticalSafeAreaRoot/ContentSlot/Dimension1Panel/D1CommandCenterProductionRoot/Nav_ÁRBOL
12_relics_to_center	720	1280	Canvas/HUD/VerticalUIRoot/VerticalSafeAreaRoot/ContentSlot/Dimension1Panel/D1CommandCenterProductionRoot/Nav_ÁRBOL	2	673.60	38.13	OK	Canvas/HUD/VerticalUIRoot/VerticalSafeAreaRoot/ContentSlot/Dimension1Panel/D1CommandCenterProductionRoot/Nav_ÁRBOL	Canvas/HUD/VerticalUIRoot/VerticalSafeAreaRoot/ContentSlot/Dimension1Panel/D1CommandCenterProductionRoot/Nav_ÁRBOL
12_relics_to_center	720	1280	Canvas/HUD/VerticalUIRoot/VerticalSafeAreaRoot/ContentSlot/Dimension1Panel/D1CommandCenterProductionRoot/Nav_ÁRBOL	3	594.40	108.53	OK	Canvas/HUD/VerticalUIRoot/VerticalSafeAreaRoot/ContentSlot/Dimension1Panel/D1CommandCenterProductionRoot/Nav_ÁRBOL	Canvas/HUD/VerticalUIRoot/VerticalSafeAreaRoot/ContentSlot/Dimension1Panel/D1CommandCenterProductionRoot/Nav_ÁRBOL
12_relics_to_center	720	1280	Canvas/HUD/VerticalUIRoot/VerticalSafeAreaRoot/ContentSlot/Dimension1Panel/D1CommandCenterProductionRoot/Nav_ÁRBOL	4	673.60	108.53	OK	Canvas/HUD/VerticalUIRoot/VerticalSafeAreaRoot/ContentSlot/Dimension1Panel/D1CommandCenterProductionRoot/Nav_ÁRBOL	Canvas/HUD/VerticalUIRoot/VerticalSafeAreaRoot/ContentSlot/Dimension1Panel/D1CommandCenterProductionRoot/Nav_ÁRBOL
12_relics_to_center	720	1280	Canvas/HUD/VerticalUIRoot/VerticalSafeAreaRoot/ContentSlot/Dimension1Panel/D1CommandCenterProductionRoot/CommandDashboard/SectorCard	0	100.67	861.33	OK	Canvas/HUD/VerticalUIRoot/VerticalSafeAreaRoot/ContentSlot/Dimension1Panel/D1CommandCenterProductionRoot/CommandDashboard/SectorCard	Canvas/HUD/VerticalUIRoot/VerticalSafeAreaRoot/ContentSlot/Dimension1Panel/D1CommandCenterProductionRoot/CommandDashboard/SectorCard
12_relics_to_center	720	1280	Canvas/HUD/VerticalUIRoot/VerticalSafeAreaRoot/ContentSlot/Dimension1Panel/D1CommandCenterProductionRoot/CommandDashboard/SectorCard	1	43.47	804.53	OK	Canvas/HUD/VerticalUIRoot/VerticalSafeAreaRoot/ContentSlot/Dimension1Panel/D1CommandCenterProductionRoot/CommandDashboard/SectorCard	Canvas/HUD/VerticalUIRoot/VerticalSafeAreaRoot/ContentSlot/Dimension1Panel/D1CommandCenterProductionRoot/CommandDashboard/SectorCard
12_relics_to_center	720	1280	Canvas/HUD/VerticalUIRoot/VerticalSafeAreaRoot/ContentSlot/Dimension1Panel/D1CommandCenterProductionRoot/CommandDashboard/SectorCard	2	157.87	804.53	OK	Canvas/HUD/VerticalUIRoot/VerticalSafeAreaRoot/ContentSlot/Dimension1Panel/D1CommandCenterProductionRoot/CommandDashboard/SectorCard	Canvas/HUD/VerticalUIRoot/VerticalSafeAreaRoot/ContentSlot/Dimension1Panel/D1CommandCenterProductionRoot/CommandDashboard/SectorCard
12_relics_to_center	720	1280	Canvas/HUD/VerticalUIRoot/VerticalSafeAreaRoot/ContentSlot/Dimension1Panel/D1CommandCenterProductionRoot/CommandDashboard/SectorCard	3	43.47	918.13	OK	Canvas/HUD/VerticalUIRoot/VerticalSafeAreaRoot/ContentSlot/Dimension1Panel/D1CommandCenterProductionRoot/CommandDashboard/SectorCard/DetailedLineIcon	Canvas/HUD/VerticalUIRoot/VerticalSafeAreaRoot/ContentSlot/Dimension1Panel/D1CommandCenterProductionRoot/CommandDashboard/SectorCard
12_relics_to_center	720	1280	Canvas/HUD/VerticalUIRoot/VerticalSafeAreaRoot/ContentSlot/Dimension1Panel/D1CommandCenterProductionRoot/CommandDashboard/SectorCard	4	157.87	918.13	OK	Canvas/HUD/VerticalUIRoot/VerticalSafeAreaRoot/ContentSlot/Dimension1Panel/D1CommandCenterProductionRoot/CommandDashboard/SectorCard/DetailedLineIcon	Canvas/HUD/VerticalUIRoot/VerticalSafeAreaRoot/ContentSlot/Dimension1Panel/D1CommandCenterProductionRoot/CommandDashboard/SectorCard
12_relics_to_center	720	1280	Canvas/HUD/VerticalUIRoot/VerticalSafeAreaRoot/ContentSlot/Dimension1Panel/OpenGalaxyPanelButton	0	826.67	1017.33	OFFSCREEN	<none>	<none>
12_relics_to_center	720	1280	Canvas/HUD/VerticalUIRoot/VerticalSafeAreaRoot/ContentSlot/Dimension1Panel/OpenGalaxyPanelButton	1	794.67	1011.33	OFFSCREEN	<none>	<none>
12_relics_to_center	720	1280	Canvas/HUD/VerticalUIRoot/VerticalSafeAreaRoot/ContentSlot/Dimension1Panel/OpenGalaxyPanelButton	2	858.67	1011.33	OFFSCREEN	<none>	<none>
12_relics_to_center	720	1280	Canvas/HUD/VerticalUIRoot/VerticalSafeAreaRoot/ContentSlot/Dimension1Panel/OpenGalaxyPanelButton	3	794.67	1023.33	OFFSCREEN	<none>	<none>
12_relics_to_center	720	1280	Canvas/HUD/VerticalUIRoot/VerticalSafeAreaRoot/ContentSlot/Dimension1Panel/OpenGalaxyPanelButton	4	858.67	1023.33	OFFSCREEN	<none>	<none>
12_relics_to_center	720	1280	Canvas/HUD/VerticalUIRoot/VerticalSafeAreaRoot/ContentSlot/Dimension1Panel/D1CommandCenterProductionRoot/CommandDashboard/FleetCard	0	100.67	457.33	OK	Canvas/HUD/VerticalUIRoot/VerticalSafeAreaRoot/ContentSlot/Dimension1Panel/D1CommandCenterProductionRoot/CommandDashboard/FleetCard	Canvas/HUD/VerticalUIRoot/VerticalSafeAreaRoot/ContentSlot/Dimension1Panel/D1CommandCenterProductionRoot/CommandDashboard/FleetCard
12_relics_to_center	720	1280	Canvas/HUD/VerticalUIRoot/VerticalSafeAreaRoot/ContentSlot/Dimension1Panel/D1CommandCenterProductionRoot/CommandDashboard/FleetCard	1	43.47	400.53	OK	Canvas/HUD/VerticalUIRoot/VerticalSafeAreaRoot/ContentSlot/Dimension1Panel/D1CommandCenterProductionRoot/CommandDashboard/FleetCard	Canvas/HUD/VerticalUIRoot/VerticalSafeAreaRoot/ContentSlot/Dimension1Panel/D1CommandCenterProductionRoot/CommandDashboard/FleetCard
12_relics_to_center	720	1280	Canvas/HUD/VerticalUIRoot/VerticalSafeAreaRoot/ContentSlot/Dimension1Panel/D1CommandCenterProductionRoot/CommandDashboard/FleetCard	2	157.87	400.53	OK	Canvas/HUD/VerticalUIRoot/VerticalSafeAreaRoot/ContentSlot/Dimension1Panel/D1CommandCenterProductionRoot/CommandDashboard/FleetCard	Canvas/HUD/VerticalUIRoot/VerticalSafeAreaRoot/ContentSlot/Dimension1Panel/D1CommandCenterProductionRoot/CommandDashboard/FleetCard
12_relics_to_center	720	1280	Canvas/HUD/VerticalUIRoot/VerticalSafeAreaRoot/ContentSlot/Dimension1Panel/D1CommandCenterProductionRoot/CommandDashboard/FleetCard	3	43.47	514.13	OK	Canvas/HUD/VerticalUIRoot/VerticalSafeAreaRoot/ContentSlot/Dimension1Panel/D1CommandCenterProductionRoot/CommandDashboard/FleetCard/DetailedLineIcon	Canvas/HUD/VerticalUIRoot/VerticalSafeAreaRoot/ContentSlot/Dimension1Panel/D1CommandCenterProductionRoot/CommandDashboard/FleetCard
12_relics_to_center	720	1280	Canvas/HUD/VerticalUIRoot/VerticalSafeAreaRoot/ContentSlot/Dimension1Panel/D1CommandCenterProductionRoot/CommandDashboard/FleetCard	4	157.87	514.13	OK	Canvas/HUD/VerticalUIRoot/VerticalSafeAreaRoot/ContentSlot/Dimension1Panel/D1CommandCenterProductionRoot/CommandDashboard/FleetCard/DetailedLineIcon	Canvas/HUD/VerticalUIRoot/VerticalSafeAreaRoot/ContentSlot/Dimension1Panel/D1CommandCenterProductionRoot/CommandDashboard/FleetCard
12_relics_to_center	720	1280	Canvas/HUD/VerticalUIRoot/VerticalSafeAreaRoot/ContentSlot/Dimension1Panel/D1CommandCenterProductionRoot/Nav_HANGAR	0	358.00	73.33	OK	Canvas/HUD/VerticalUIRoot/VerticalSafeAreaRoot/ContentSlot/Dimension1Panel/D1CommandCenterProductionRoot/Nav_HANGAR	Canvas/HUD/VerticalUIRoot/VerticalSafeAreaRoot/ContentSlot/Dimension1Panel/D1CommandCenterProductionRoot/Nav_HANGAR
12_relics_to_center	720	1280	Canvas/HUD/VerticalUIRoot/VerticalSafeAreaRoot/ContentSlot/Dimension1Panel/D1CommandCenterProductionRoot/Nav_HANGAR	1	318.40	38.13	OK	Canvas/HUD/VerticalUIRoot/VerticalSafeAreaRoot/ContentSlot/Dimension1Panel/D1CommandCenterProductionRoot/Nav_HANGAR	Canvas/HUD/VerticalUIRoot/VerticalSafeAreaRoot/ContentSlot/Dimension1Panel/D1CommandCenterProductionRoot/Nav_HANGAR
12_relics_to_center	720	1280	Canvas/HUD/VerticalUIRoot/VerticalSafeAreaRoot/ContentSlot/Dimension1Panel/D1CommandCenterProductionRoot/Nav_HANGAR	2	397.60	38.13	OK	Canvas/HUD/VerticalUIRoot/VerticalSafeAreaRoot/ContentSlot/Dimension1Panel/D1CommandCenterProductionRoot/Nav_HANGAR	Canvas/HUD/VerticalUIRoot/VerticalSafeAreaRoot/ContentSlot/Dimension1Panel/D1CommandCenterProductionRoot/Nav_HANGAR
12_relics_to_center	720	1280	Canvas/HUD/VerticalUIRoot/VerticalSafeAreaRoot/ContentSlot/Dimension1Panel/D1CommandCenterProductionRoot/Nav_HANGAR	3	318.40	108.53	OK	Canvas/HUD/VerticalUIRoot/VerticalSafeAreaRoot/ContentSlot/Dimension1Panel/D1CommandCenterProductionRoot/Nav_HANGAR	Canvas/HUD/VerticalUIRoot/VerticalSafeAreaRoot/ContentSlot/Dimension1Panel/D1CommandCenterProductionRoot/Nav_HANGAR
12_relics_to_center	720	1280	Canvas/HUD/VerticalUIRoot/VerticalSafeAreaRoot/ContentSlot/Dimension1Panel/D1CommandCenterProductionRoot/Nav_HANGAR	4	397.60	108.53	OK	Canvas/HUD/VerticalUIRoot/VerticalSafeAreaRoot/ContentSlot/Dimension1Panel/D1CommandCenterProductionRoot/Nav_HANGAR	Canvas/HUD/VerticalUIRoot/VerticalSafeAreaRoot/ContentSlot/Dimension1Panel/D1CommandCenterProductionRoot/Nav_HANGAR
12_relics_to_center	720	1280	Canvas/HUD/VerticalUIRoot/VerticalSafeAreaRoot/ContentSlot/Dimension1Panel/D1CommandCenterProductionRoot/CommandDashboard/RelicsCard	0	619.33	861.33	OK	Canvas/HUD/VerticalUIRoot/VerticalSafeAreaRoot/ContentSlot/Dimension1Panel/D1CommandCenterProductionRoot/CommandDashboard/RelicsCard	Canvas/HUD/VerticalUIRoot/VerticalSafeAreaRoot/ContentSlot/Dimension1Panel/D1CommandCenterProductionRoot/CommandDashboard/RelicsCard
12_relics_to_center	720	1280	Canvas/HUD/VerticalUIRoot/VerticalSafeAreaRoot/ContentSlot/Dimension1Panel/D1CommandCenterProductionRoot/CommandDashboard/RelicsCard	1	562.13	804.53	OK	Canvas/HUD/VerticalUIRoot/VerticalSafeAreaRoot/ContentSlot/Dimension1Panel/D1CommandCenterProductionRoot/CommandDashboard/RelicsCard	Canvas/HUD/VerticalUIRoot/VerticalSafeAreaRoot/ContentSlot/Dimension1Panel/D1CommandCenterProductionRoot/CommandDashboard/RelicsCard
12_relics_to_center	720	1280	Canvas/HUD/VerticalUIRoot/VerticalSafeAreaRoot/ContentSlot/Dimension1Panel/D1CommandCenterProductionRoot/CommandDashboard/RelicsCard	2	676.53	804.53	OK	Canvas/HUD/VerticalUIRoot/VerticalSafeAreaRoot/ContentSlot/Dimension1Panel/D1CommandCenterProductionRoot/CommandDashboard/RelicsCard	Canvas/HUD/VerticalUIRoot/VerticalSafeAreaRoot/ContentSlot/Dimension1Panel/D1CommandCenterProductionRoot/CommandDashboard/RelicsCard
12_relics_to_center	720	1280	Canvas/HUD/VerticalUIRoot/VerticalSafeAreaRoot/ContentSlot/Dimension1Panel/D1CommandCenterProductionRoot/CommandDashboard/RelicsCard	3	562.13	918.13	OK	Canvas/HUD/VerticalUIRoot/VerticalSafeAreaRoot/ContentSlot/Dimension1Panel/D1CommandCenterProductionRoot/CommandDashboard/RelicsCard/DetailedLineIcon	Canvas/HUD/VerticalUIRoot/VerticalSafeAreaRoot/ContentSlot/Dimension1Panel/D1CommandCenterProductionRoot/CommandDashboard/RelicsCard
12_relics_to_center	720	1280	Canvas/HUD/VerticalUIRoot/VerticalSafeAreaRoot/ContentSlot/Dimension1Panel/D1CommandCenterProductionRoot/CommandDashboard/RelicsCard	4	676.53	918.13	OK	Canvas/HUD/VerticalUIRoot/VerticalSafeAreaRoot/ContentSlot/Dimension1Panel/D1CommandCenterProductionRoot/CommandDashboard/RelicsCard/DetailedLineIcon	Canvas/HUD/VerticalUIRoot/VerticalSafeAreaRoot/ContentSlot/Dimension1Panel/D1CommandCenterProductionRoot/CommandDashboard/RelicsCard
12_relics_to_center	720	1280	Canvas/HUD/VerticalUIRoot/VerticalSafeAreaRoot/ContentSlot/Dimension1Panel/D1CommandCenterProductionRoot/Nav_GALAXIA	0	82.00	73.33	OK	Canvas/HUD/VerticalUIRoot/VerticalSafeAreaRoot/ContentSlot/Dimension1Panel/D1CommandCenterProductionRoot/Nav_GALAXIA	Canvas/HUD/VerticalUIRoot/VerticalSafeAreaRoot/ContentSlot/Dimension1Panel/D1CommandCenterProductionRoot/Nav_GALAXIA
12_relics_to_center	720	1280	Canvas/HUD/VerticalUIRoot/VerticalSafeAreaRoot/ContentSlot/Dimension1Panel/D1CommandCenterProductionRoot/Nav_GALAXIA	1	42.40	38.13	OK	Canvas/HUD/VerticalUIRoot/VerticalSafeAreaRoot/ContentSlot/Dimension1Panel/D1CommandCenterProductionRoot/Nav_GALAXIA	Canvas/HUD/VerticalUIRoot/VerticalSafeAreaRoot/ContentSlot/Dimension1Panel/D1CommandCenterProductionRoot/Nav_GALAXIA
12_relics_to_center	720	1280	Canvas/HUD/VerticalUIRoot/VerticalSafeAreaRoot/ContentSlot/Dimension1Panel/D1CommandCenterProductionRoot/Nav_GALAXIA	2	121.60	38.13	OK	Canvas/HUD/VerticalUIRoot/VerticalSafeAreaRoot/ContentSlot/Dimension1Panel/D1CommandCenterProductionRoot/Nav_GALAXIA	Canvas/HUD/VerticalUIRoot/VerticalSafeAreaRoot/ContentSlot/Dimension1Panel/D1CommandCenterProductionRoot/Nav_GALAXIA
12_relics_to_center	720	1280	Canvas/HUD/VerticalUIRoot/VerticalSafeAreaRoot/ContentSlot/Dimension1Panel/D1CommandCenterProductionRoot/Nav_GALAXIA	3	42.40	108.53	OK	Canvas/HUD/VerticalUIRoot/VerticalSafeAreaRoot/ContentSlot/Dimension1Panel/D1CommandCenterProductionRoot/Nav_GALAXIA	Canvas/HUD/VerticalUIRoot/VerticalSafeAreaRoot/ContentSlot/Dimension1Panel/D1CommandCenterProductionRoot/Nav_GALAXIA
12_relics_to_center	720	1280	Canvas/HUD/VerticalUIRoot/VerticalSafeAreaRoot/ContentSlot/Dimension1Panel/D1CommandCenterProductionRoot/Nav_GALAXIA	4	121.60	108.53	OK	Canvas/HUD/VerticalUIRoot/VerticalSafeAreaRoot/ContentSlot/Dimension1Panel/D1CommandCenterProductionRoot/Nav_GALAXIA	Canvas/HUD/VerticalUIRoot/VerticalSafeAreaRoot/ContentSlot/Dimension1Panel/D1CommandCenterProductionRoot/Nav_GALAXIA
12_relics_to_center	720	1280	Canvas/HUD/VerticalUIRoot/VerticalSafeAreaRoot/ContentSlot/Dimension1Panel/OpenHangarPanelButton	0	826.67	950.67	OFFSCREEN	<none>	<none>
12_relics_to_center	720	1280	Canvas/HUD/VerticalUIRoot/VerticalSafeAreaRoot/ContentSlot/Dimension1Panel/OpenHangarPanelButton	1	794.67	944.67	OFFSCREEN	<none>	<none>
12_relics_to_center	720	1280	Canvas/HUD/VerticalUIRoot/VerticalSafeAreaRoot/ContentSlot/Dimension1Panel/OpenHangarPanelButton	2	858.67	944.67	OFFSCREEN	<none>	<none>
12_relics_to_center	720	1280	Canvas/HUD/VerticalUIRoot/VerticalSafeAreaRoot/ContentSlot/Dimension1Panel/OpenHangarPanelButton	3	794.67	956.67	OFFSCREEN	<none>	<none>
12_relics_to_center	720	1280	Canvas/HUD/VerticalUIRoot/VerticalSafeAreaRoot/ContentSlot/Dimension1Panel/OpenHangarPanelButton	4	858.67	956.67	OFFSCREEN	<none>	<none>
12_relics_to_center	720	1280	Canvas/HUD/VerticalUIRoot/VerticalSafeAreaRoot/ContentSlot/Dimension1Panel/D1CommandCenterProductionRoot/CommandDashboard/ScannerCard	0	100.67	659.33	OK	Canvas/HUD/VerticalUIRoot/VerticalSafeAreaRoot/ContentSlot/Dimension1Panel/D1CommandCenterProductionRoot/CommandDashboard/ScannerCard	Canvas/HUD/VerticalUIRoot/VerticalSafeAreaRoot/ContentSlot/Dimension1Panel/D1CommandCenterProductionRoot/CommandDashboard/ScannerCard
12_relics_to_center	720	1280	Canvas/HUD/VerticalUIRoot/VerticalSafeAreaRoot/ContentSlot/Dimension1Panel/D1CommandCenterProductionRoot/CommandDashboard/ScannerCard	1	43.47	602.53	OK	Canvas/HUD/VerticalUIRoot/VerticalSafeAreaRoot/ContentSlot/Dimension1Panel/D1CommandCenterProductionRoot/CommandDashboard/ScannerCard	Canvas/HUD/VerticalUIRoot/VerticalSafeAreaRoot/ContentSlot/Dimension1Panel/D1CommandCenterProductionRoot/CommandDashboard/ScannerCard
12_relics_to_center	720	1280	Canvas/HUD/VerticalUIRoot/VerticalSafeAreaRoot/ContentSlot/Dimension1Panel/D1CommandCenterProductionRoot/CommandDashboard/ScannerCard	2	157.87	602.53	OK	Canvas/HUD/VerticalUIRoot/VerticalSafeAreaRoot/ContentSlot/Dimension1Panel/D1CommandCenterProductionRoot/CommandDashboard/ScannerCard	Canvas/HUD/VerticalUIRoot/VerticalSafeAreaRoot/ContentSlot/Dimension1Panel/D1CommandCenterProductionRoot/CommandDashboard/ScannerCard
12_relics_to_center	720	1280	Canvas/HUD/VerticalUIRoot/VerticalSafeAreaRoot/ContentSlot/Dimension1Panel/D1CommandCenterProductionRoot/CommandDashboard/ScannerCard	3	43.47	716.13	OK	Canvas/HUD/VerticalUIRoot/VerticalSafeAreaRoot/ContentSlot/Dimension1Panel/D1CommandCenterProductionRoot/CommandDashboard/ScannerCard/DetailedLineIcon	Canvas/HUD/VerticalUIRoot/VerticalSafeAreaRoot/ContentSlot/Dimension1Panel/D1CommandCenterProductionRoot/CommandDashboard/ScannerCard
12_relics_to_center	720	1280	Canvas/HUD/VerticalUIRoot/VerticalSafeAreaRoot/ContentSlot/Dimension1Panel/D1CommandCenterProductionRoot/CommandDashboard/ScannerCard	4	157.87	716.13	OK	Canvas/HUD/VerticalUIRoot/VerticalSafeAreaRoot/ContentSlot/Dimension1Panel/D1CommandCenterProductionRoot/CommandDashboard/ScannerCard/DetailedLineIcon	Canvas/HUD/VerticalUIRoot/VerticalSafeAreaRoot/ContentSlot/Dimension1Panel/D1CommandCenterProductionRoot/CommandDashboard/ScannerCard
12_relics_to_center	720	1280	Canvas/HUD/VerticalUIRoot/VerticalSafeAreaRoot/ContentSlot/Dimension1Panel/D1CommandCenterProductionRoot/MetalsButton	0	614.33	1178.67	OK	Canvas/HUD/VerticalUIRoot/VerticalSafeAreaRoot/ContentSlot/Dimension1Panel/D1CommandCenterProductionRoot/MetalsButton	Canvas/HUD/VerticalUIRoot/VerticalSafeAreaRoot/ContentSlot/Dimension1Panel/D1CommandCenterProductionRoot/MetalsButton
12_relics_to_center	720	1280	Canvas/HUD/VerticalUIRoot/VerticalSafeAreaRoot/ContentSlot/Dimension1Panel/D1CommandCenterProductionRoot/MetalsButton	1	565.33	1158.67	OK	Canvas/HUD/VerticalUIRoot/VerticalSafeAreaRoot/ContentSlot/Dimension1Panel/D1CommandCenterProductionRoot/MetalsButton	Canvas/HUD/VerticalUIRoot/VerticalSafeAreaRoot/ContentSlot/Dimension1Panel/D1CommandCenterProductionRoot/MetalsButton
12_relics_to_center	720	1280	Canvas/HUD/VerticalUIRoot/VerticalSafeAreaRoot/ContentSlot/Dimension1Panel/D1CommandCenterProductionRoot/MetalsButton	2	663.33	1158.67	OK	Canvas/HUD/VerticalUIRoot/VerticalSafeAreaRoot/ContentSlot/Dimension1Panel/D1CommandCenterProductionRoot/MetalsButton	Canvas/HUD/VerticalUIRoot/VerticalSafeAreaRoot/ContentSlot/Dimension1Panel/D1CommandCenterProductionRoot/MetalsButton
12_relics_to_center	720	1280	Canvas/HUD/VerticalUIRoot/VerticalSafeAreaRoot/ContentSlot/Dimension1Panel/D1CommandCenterProductionRoot/MetalsButton	3	565.33	1198.67	OK	Canvas/HUD/VerticalUIRoot/VerticalSafeAreaRoot/ContentSlot/Dimension1Panel/D1CommandCenterProductionRoot/MetalsButton	Canvas/HUD/VerticalUIRoot/VerticalSafeAreaRoot/ContentSlot/Dimension1Panel/D1CommandCenterProductionRoot/MetalsButton
12_relics_to_center	720	1280	Canvas/HUD/VerticalUIRoot/VerticalSafeAreaRoot/ContentSlot/Dimension1Panel/D1CommandCenterProductionRoot/MetalsButton	4	663.33	1198.67	OK	Canvas/HUD/VerticalUIRoot/VerticalSafeAreaRoot/ContentSlot/Dimension1Panel/D1CommandCenterProductionRoot/MetalsButton	Canvas/HUD/VerticalUIRoot/VerticalSafeAreaRoot/ContentSlot/Dimension1Panel/D1CommandCenterProductionRoot/MetalsButton
12_relics_to_center	720	1280	Canvas/HUD/VerticalUIRoot/VerticalSafeAreaRoot/ContentSlot/Dimension1Panel/OpenRelicChamberPanelButton	0	826.67	984.00	OFFSCREEN	<none>	<none>
12_relics_to_center	720	1280	Canvas/HUD/VerticalUIRoot/VerticalSafeAreaRoot/ContentSlot/Dimension1Panel/OpenRelicChamberPanelButton	1	794.67	978.00	OFFSCREEN	<none>	<none>
12_relics_to_center	720	1280	Canvas/HUD/VerticalUIRoot/VerticalSafeAreaRoot/ContentSlot/Dimension1Panel/OpenRelicChamberPanelButton	2	858.67	978.00	OFFSCREEN	<none>	<none>
12_relics_to_center	720	1280	Canvas/HUD/VerticalUIRoot/VerticalSafeAreaRoot/ContentSlot/Dimension1Panel/OpenRelicChamberPanelButton	3	794.67	990.00	OFFSCREEN	<none>	<none>
12_relics_to_center	720	1280	Canvas/HUD/VerticalUIRoot/VerticalSafeAreaRoot/ContentSlot/Dimension1Panel/OpenRelicChamberPanelButton	4	858.67	990.00	OFFSCREEN	<none>	<none>
12_relics_to_center	720	1280	Canvas/HUD/VerticalUIRoot/VerticalSafeAreaRoot/ContentSlot/Dimension1Panel/Registro	0	-40.00	950.67	OFFSCREEN	<none>	<none>
12_relics_to_center	720	1280	Canvas/HUD/VerticalUIRoot/VerticalSafeAreaRoot/ContentSlot/Dimension1Panel/Registro	1	-72.00	944.67	OFFSCREEN	<none>	<none>
12_relics_to_center	720	1280	Canvas/HUD/VerticalUIRoot/VerticalSafeAreaRoot/ContentSlot/Dimension1Panel/Registro	2	-8.00	944.67	OFFSCREEN	<none>	<none>
12_relics_to_center	720	1280	Canvas/HUD/VerticalUIRoot/VerticalSafeAreaRoot/ContentSlot/Dimension1Panel/Registro	3	-72.00	956.67	OFFSCREEN	<none>	<none>
12_relics_to_center	720	1280	Canvas/HUD/VerticalUIRoot/VerticalSafeAreaRoot/ContentSlot/Dimension1Panel/Registro	4	-8.00	956.67	OFFSCREEN	<none>	<none>
12_relics_to_center	720	1280	Canvas/HUD/VerticalUIRoot/VerticalSafeAreaRoot/ContentSlot/Dimension1Panel/OpenDimension1TreePanelButton	0	826.67	917.33	OFFSCREEN	<none>	<none>
12_relics_to_center	720	1280	Canvas/HUD/VerticalUIRoot/VerticalSafeAreaRoot/ContentSlot/Dimension1Panel/OpenDimension1TreePanelButton	1	794.67	911.33	OFFSCREEN	<none>	<none>
12_relics_to_center	720	1280	Canvas/HUD/VerticalUIRoot/VerticalSafeAreaRoot/ContentSlot/Dimension1Panel/OpenDimension1TreePanelButton	2	858.67	911.33	OFFSCREEN	<none>	<none>
12_relics_to_center	720	1280	Canvas/HUD/VerticalUIRoot/VerticalSafeAreaRoot/ContentSlot/Dimension1Panel/OpenDimension1TreePanelButton	3	794.67	923.33	OFFSCREEN	<none>	<none>
12_relics_to_center	720	1280	Canvas/HUD/VerticalUIRoot/VerticalSafeAreaRoot/ContentSlot/Dimension1Panel/OpenDimension1TreePanelButton	4	858.67	923.33	OFFSCREEN	<none>	<none>
12_relics_to_center	720	1280	Canvas/HUD/VerticalUIRoot/VerticalSafeAreaRoot/ContentSlot/Dimension1Panel/D1CommandCenterProductionRoot/Nav_RELIQUIAS	0	496.00	73.33	OK	Canvas/HUD/VerticalUIRoot/VerticalSafeAreaRoot/ContentSlot/Dimension1Panel/D1CommandCenterProductionRoot/Nav_RELIQUIAS	Canvas/HUD/VerticalUIRoot/VerticalSafeAreaRoot/ContentSlot/Dimension1Panel/D1CommandCenterProductionRoot/Nav_RELIQUIAS
12_relics_to_center	720	1280	Canvas/HUD/VerticalUIRoot/VerticalSafeAreaRoot/ContentSlot/Dimension1Panel/D1CommandCenterProductionRoot/Nav_RELIQUIAS	1	456.40	38.13	OK	Canvas/HUD/VerticalUIRoot/VerticalSafeAreaRoot/ContentSlot/Dimension1Panel/D1CommandCenterProductionRoot/Nav_RELIQUIAS	Canvas/HUD/VerticalUIRoot/VerticalSafeAreaRoot/ContentSlot/Dimension1Panel/D1CommandCenterProductionRoot/Nav_RELIQUIAS
12_relics_to_center	720	1280	Canvas/HUD/VerticalUIRoot/VerticalSafeAreaRoot/ContentSlot/Dimension1Panel/D1CommandCenterProductionRoot/Nav_RELIQUIAS	2	535.60	38.13	OK	Canvas/HUD/VerticalUIRoot/VerticalSafeAreaRoot/ContentSlot/Dimension1Panel/D1CommandCenterProductionRoot/Nav_RELIQUIAS	Canvas/HUD/VerticalUIRoot/VerticalSafeAreaRoot/ContentSlot/Dimension1Panel/D1CommandCenterProductionRoot/Nav_RELIQUIAS
12_relics_to_center	720	1280	Canvas/HUD/VerticalUIRoot/VerticalSafeAreaRoot/ContentSlot/Dimension1Panel/D1CommandCenterProductionRoot/Nav_RELIQUIAS	3	456.40	108.53	OK	Canvas/HUD/VerticalUIRoot/VerticalSafeAreaRoot/ContentSlot/Dimension1Panel/D1CommandCenterProductionRoot/Nav_RELIQUIAS	Canvas/HUD/VerticalUIRoot/VerticalSafeAreaRoot/ContentSlot/Dimension1Panel/D1CommandCenterProductionRoot/Nav_RELIQUIAS
12_relics_to_center	720	1280	Canvas/HUD/VerticalUIRoot/VerticalSafeAreaRoot/ContentSlot/Dimension1Panel/D1CommandCenterProductionRoot/Nav_RELIQUIAS	4	535.60	108.53	OK	Canvas/HUD/VerticalUIRoot/VerticalSafeAreaRoot/ContentSlot/Dimension1Panel/D1CommandCenterProductionRoot/Nav_RELIQUIAS	Canvas/HUD/VerticalUIRoot/VerticalSafeAreaRoot/ContentSlot/Dimension1Panel/D1CommandCenterProductionRoot/Nav_RELIQUIAS
12_relics_to_center	720	1280	Canvas/HUD/VerticalUIRoot/VerticalSafeAreaRoot/ContentSlot/Dimension1Panel/D1CommandCenterProductionRoot/CommandDashboard/ExpeditionsCard	0	619.33	457.33	OK	Canvas/HUD/VerticalUIRoot/VerticalSafeAreaRoot/ContentSlot/Dimension1Panel/D1CommandCenterProductionRoot/CommandDashboard/ExpeditionsCard	Canvas/HUD/VerticalUIRoot/VerticalSafeAreaRoot/ContentSlot/Dimension1Panel/D1CommandCenterProductionRoot/CommandDashboard/ExpeditionsCard
12_relics_to_center	720	1280	Canvas/HUD/VerticalUIRoot/VerticalSafeAreaRoot/ContentSlot/Dimension1Panel/D1CommandCenterProductionRoot/CommandDashboard/ExpeditionsCard	1	562.13	400.53	OK	Canvas/HUD/VerticalUIRoot/VerticalSafeAreaRoot/ContentSlot/Dimension1Panel/D1CommandCenterProductionRoot/CommandDashboard/ExpeditionsCard	Canvas/HUD/VerticalUIRoot/VerticalSafeAreaRoot/ContentSlot/Dimension1Panel/D1CommandCenterProductionRoot/CommandDashboard/ExpeditionsCard
12_relics_to_center	720	1280	Canvas/HUD/VerticalUIRoot/VerticalSafeAreaRoot/ContentSlot/Dimension1Panel/D1CommandCenterProductionRoot/CommandDashboard/ExpeditionsCard	2	676.53	400.53	OK	Canvas/HUD/VerticalUIRoot/VerticalSafeAreaRoot/ContentSlot/Dimension1Panel/D1CommandCenterProductionRoot/CommandDashboard/ExpeditionsCard	Canvas/HUD/VerticalUIRoot/VerticalSafeAreaRoot/ContentSlot/Dimension1Panel/D1CommandCenterProductionRoot/CommandDashboard/ExpeditionsCard
12_relics_to_center	720	1280	Canvas/HUD/VerticalUIRoot/VerticalSafeAreaRoot/ContentSlot/Dimension1Panel/D1CommandCenterProductionRoot/CommandDashboard/ExpeditionsCard	3	562.13	514.13	OK	Canvas/HUD/VerticalUIRoot/VerticalSafeAreaRoot/ContentSlot/Dimension1Panel/D1CommandCenterProductionRoot/CommandDashboard/ExpeditionsCard/DetailedLineIcon	Canvas/HUD/VerticalUIRoot/VerticalSafeAreaRoot/ContentSlot/Dimension1Panel/D1CommandCenterProductionRoot/CommandDashboard/ExpeditionsCard
12_relics_to_center	720	1280	Canvas/HUD/VerticalUIRoot/VerticalSafeAreaRoot/ContentSlot/Dimension1Panel/D1CommandCenterProductionRoot/CommandDashboard/ExpeditionsCard	4	676.53	514.13	OK	Canvas/HUD/VerticalUIRoot/VerticalSafeAreaRoot/ContentSlot/Dimension1Panel/D1CommandCenterProductionRoot/CommandDashboard/ExpeditionsCard/DetailedLineIcon	Canvas/HUD/VerticalUIRoot/VerticalSafeAreaRoot/ContentSlot/Dimension1Panel/D1CommandCenterProductionRoot/CommandDashboard/ExpeditionsCard
13_relics_to_explore	720	1280	Canvas/HUD/VerticalUIRoot/VerticalSafeAreaRoot/ContentSlot/Dimension1Panel/D1_ExploreVisualRoot/BottomNavigation/Nav_HANGAR	0	358.00	73.33	OK	Canvas/HUD/VerticalUIRoot/VerticalSafeAreaRoot/ContentSlot/Dimension1Panel/D1_ExploreVisualRoot/BottomNavigation/Nav_HANGAR	Canvas/HUD/VerticalUIRoot/VerticalSafeAreaRoot/ContentSlot/Dimension1Panel/D1_ExploreVisualRoot/BottomNavigation/Nav_HANGAR
13_relics_to_explore	720	1280	Canvas/HUD/VerticalUIRoot/VerticalSafeAreaRoot/ContentSlot/Dimension1Panel/D1_ExploreVisualRoot/BottomNavigation/Nav_HANGAR	1	318.40	38.13	OK	Canvas/HUD/VerticalUIRoot/VerticalSafeAreaRoot/ContentSlot/Dimension1Panel/D1_ExploreVisualRoot/BottomNavigation/Nav_HANGAR	Canvas/HUD/VerticalUIRoot/VerticalSafeAreaRoot/ContentSlot/Dimension1Panel/D1_ExploreVisualRoot/BottomNavigation/Nav_HANGAR
13_relics_to_explore	720	1280	Canvas/HUD/VerticalUIRoot/VerticalSafeAreaRoot/ContentSlot/Dimension1Panel/D1_ExploreVisualRoot/BottomNavigation/Nav_HANGAR	2	397.60	38.13	OK	Canvas/HUD/VerticalUIRoot/VerticalSafeAreaRoot/ContentSlot/Dimension1Panel/D1_ExploreVisualRoot/BottomNavigation/Nav_HANGAR	Canvas/HUD/VerticalUIRoot/VerticalSafeAreaRoot/ContentSlot/Dimension1Panel/D1_ExploreVisualRoot/BottomNavigation/Nav_HANGAR
13_relics_to_explore	720	1280	Canvas/HUD/VerticalUIRoot/VerticalSafeAreaRoot/ContentSlot/Dimension1Panel/D1_ExploreVisualRoot/BottomNavigation/Nav_HANGAR	3	318.40	108.53	OK	Canvas/HUD/VerticalUIRoot/VerticalSafeAreaRoot/ContentSlot/Dimension1Panel/D1_ExploreVisualRoot/BottomNavigation/Nav_HANGAR	Canvas/HUD/VerticalUIRoot/VerticalSafeAreaRoot/ContentSlot/Dimension1Panel/D1_ExploreVisualRoot/BottomNavigation/Nav_HANGAR
13_relics_to_explore	720	1280	Canvas/HUD/VerticalUIRoot/VerticalSafeAreaRoot/ContentSlot/Dimension1Panel/D1_ExploreVisualRoot/BottomNavigation/Nav_HANGAR	4	397.60	108.53	OK	Canvas/HUD/VerticalUIRoot/VerticalSafeAreaRoot/ContentSlot/Dimension1Panel/D1_ExploreVisualRoot/BottomNavigation/Nav_HANGAR	Canvas/HUD/VerticalUIRoot/VerticalSafeAreaRoot/ContentSlot/Dimension1Panel/D1_ExploreVisualRoot/BottomNavigation/Nav_HANGAR
13_relics_to_explore	720	1280	Canvas/HUD/VerticalUIRoot/VerticalSafeAreaRoot/ContentSlot/Dimension1Panel/D1_ExploreVisualRoot/ActiveExpedition/Next	0	478.67	280.00	OK	Canvas/HUD/VerticalUIRoot/VerticalSafeAreaRoot/ContentSlot/Dimension1Panel/D1_ExploreVisualRoot/ActiveExpedition/Next	Canvas/HUD/VerticalUIRoot/VerticalSafeAreaRoot/ContentSlot/Dimension1Panel/D1_ExploreVisualRoot/ActiveExpedition/Next
13_relics_to_explore	720	1280	Canvas/HUD/VerticalUIRoot/VerticalSafeAreaRoot/ContentSlot/Dimension1Panel/D1_ExploreVisualRoot/ActiveExpedition/Next	1	464.27	265.60	OK	Canvas/HUD/VerticalUIRoot/VerticalSafeAreaRoot/ContentSlot/Dimension1Panel/D1_ExploreVisualRoot/ActiveExpedition/Next	Canvas/HUD/VerticalUIRoot/VerticalSafeAreaRoot/ContentSlot/Dimension1Panel/D1_ExploreVisualRoot/ActiveExpedition/Next
13_relics_to_explore	720	1280	Canvas/HUD/VerticalUIRoot/VerticalSafeAreaRoot/ContentSlot/Dimension1Panel/D1_ExploreVisualRoot/ActiveExpedition/Next	2	493.07	265.60	OK	Canvas/HUD/VerticalUIRoot/VerticalSafeAreaRoot/ContentSlot/Dimension1Panel/D1_ExploreVisualRoot/ActiveExpedition/Next	Canvas/HUD/VerticalUIRoot/VerticalSafeAreaRoot/ContentSlot/Dimension1Panel/D1_ExploreVisualRoot/ActiveExpedition/Next
13_relics_to_explore	720	1280	Canvas/HUD/VerticalUIRoot/VerticalSafeAreaRoot/ContentSlot/Dimension1Panel/D1_ExploreVisualRoot/ActiveExpedition/Next	3	464.27	294.40	OK	Canvas/HUD/VerticalUIRoot/VerticalSafeAreaRoot/ContentSlot/Dimension1Panel/D1_ExploreVisualRoot/ActiveExpedition/Next	Canvas/HUD/VerticalUIRoot/VerticalSafeAreaRoot/ContentSlot/Dimension1Panel/D1_ExploreVisualRoot/ActiveExpedition/Next
13_relics_to_explore	720	1280	Canvas/HUD/VerticalUIRoot/VerticalSafeAreaRoot/ContentSlot/Dimension1Panel/D1_ExploreVisualRoot/ActiveExpedition/Next	4	493.07	294.40	OK	Canvas/HUD/VerticalUIRoot/VerticalSafeAreaRoot/ContentSlot/Dimension1Panel/D1_ExploreVisualRoot/ActiveExpedition/Next	Canvas/HUD/VerticalUIRoot/VerticalSafeAreaRoot/ContentSlot/Dimension1Panel/D1_ExploreVisualRoot/ActiveExpedition/Next
13_relics_to_explore	720	1280	Canvas/HUD/VerticalUIRoot/VerticalSafeAreaRoot/ContentSlot/Dimension1Panel/D1_ExploreVisualRoot/ShipPanel/Previous	0	265.33	478.00	OK	Canvas/HUD/VerticalUIRoot/VerticalSafeAreaRoot/ContentSlot/Dimension1Panel/D1_ExploreVisualRoot/ShipPanel/Previous	Canvas/HUD/VerticalUIRoot/VerticalSafeAreaRoot/ContentSlot/Dimension1Panel/D1_ExploreVisualRoot/ShipPanel/Previous
13_relics_to_explore	720	1280	Canvas/HUD/VerticalUIRoot/VerticalSafeAreaRoot/ContentSlot/Dimension1Panel/D1_ExploreVisualRoot/ShipPanel/Previous	1	250.93	463.60	OK	Canvas/HUD/VerticalUIRoot/VerticalSafeAreaRoot/ContentSlot/Dimension1Panel/D1_ExploreVisualRoot/ShipPanel/Previous	Canvas/HUD/VerticalUIRoot/VerticalSafeAreaRoot/ContentSlot/Dimension1Panel/D1_ExploreVisualRoot/ShipPanel/Previous
13_relics_to_explore	720	1280	Canvas/HUD/VerticalUIRoot/VerticalSafeAreaRoot/ContentSlot/Dimension1Panel/D1_ExploreVisualRoot/ShipPanel/Previous	2	279.73	463.60	OK	Canvas/HUD/VerticalUIRoot/VerticalSafeAreaRoot/ContentSlot/Dimension1Panel/D1_ExploreVisualRoot/ShipPanel/Previous	Canvas/HUD/VerticalUIRoot/VerticalSafeAreaRoot/ContentSlot/Dimension1Panel/D1_ExploreVisualRoot/ShipPanel/Previous
13_relics_to_explore	720	1280	Canvas/HUD/VerticalUIRoot/VerticalSafeAreaRoot/ContentSlot/Dimension1Panel/D1_ExploreVisualRoot/ShipPanel/Previous	3	250.93	492.40	OK	Canvas/HUD/VerticalUIRoot/VerticalSafeAreaRoot/ContentSlot/Dimension1Panel/D1_ExploreVisualRoot/ShipPanel/Previous	Canvas/HUD/VerticalUIRoot/VerticalSafeAreaRoot/ContentSlot/Dimension1Panel/D1_ExploreVisualRoot/ShipPanel/Previous
13_relics_to_explore	720	1280	Canvas/HUD/VerticalUIRoot/VerticalSafeAreaRoot/ContentSlot/Dimension1Panel/D1_ExploreVisualRoot/ShipPanel/Previous	4	279.73	492.40	OK	Canvas/HUD/VerticalUIRoot/VerticalSafeAreaRoot/ContentSlot/Dimension1Panel/D1_ExploreVisualRoot/ShipPanel/Previous	Canvas/HUD/VerticalUIRoot/VerticalSafeAreaRoot/ContentSlot/Dimension1Panel/D1_ExploreVisualRoot/ShipPanel/Previous
13_relics_to_explore	720	1280	Canvas/HUD/VerticalUIRoot/VerticalSafeAreaRoot/ContentSlot/Dimension1Panel/D1_ExploreVisualRoot/ModePanel/CoordinatedMode	0	514.67	383.33	OK	Canvas/HUD/VerticalUIRoot/VerticalSafeAreaRoot/ContentSlot/Dimension1Panel/D1_ExploreVisualRoot/ModePanel/CoordinatedMode	Canvas/HUD/VerticalUIRoot/VerticalSafeAreaRoot/ContentSlot/Dimension1Panel/D1_ExploreVisualRoot/ModePanel/CoordinatedMode
13_relics_to_explore	720	1280	Canvas/HUD/VerticalUIRoot/VerticalSafeAreaRoot/ContentSlot/Dimension1Panel/D1_ExploreVisualRoot/ModePanel/CoordinatedMode	1	426.67	367.73	OK	Canvas/HUD/VerticalUIRoot/VerticalSafeAreaRoot/ContentSlot/Dimension1Panel/D1_ExploreVisualRoot/ModePanel/CoordinatedMode	Canvas/HUD/VerticalUIRoot/VerticalSafeAreaRoot/ContentSlot/Dimension1Panel/D1_ExploreVisualRoot/ModePanel/CoordinatedMode
13_relics_to_explore	720	1280	Canvas/HUD/VerticalUIRoot/VerticalSafeAreaRoot/ContentSlot/Dimension1Panel/D1_ExploreVisualRoot/ModePanel/CoordinatedMode	2	602.67	367.73	OK	Canvas/HUD/VerticalUIRoot/VerticalSafeAreaRoot/ContentSlot/Dimension1Panel/D1_ExploreVisualRoot/ModePanel/CoordinatedMode	Canvas/HUD/VerticalUIRoot/VerticalSafeAreaRoot/ContentSlot/Dimension1Panel/D1_ExploreVisualRoot/ModePanel/CoordinatedMode
13_relics_to_explore	720	1280	Canvas/HUD/VerticalUIRoot/VerticalSafeAreaRoot/ContentSlot/Dimension1Panel/D1_ExploreVisualRoot/ModePanel/CoordinatedMode	3	426.67	398.93	OK	Canvas/HUD/VerticalUIRoot/VerticalSafeAreaRoot/ContentSlot/Dimension1Panel/D1_ExploreVisualRoot/ModePanel/CoordinatedMode	Canvas/HUD/VerticalUIRoot/VerticalSafeAreaRoot/ContentSlot/Dimension1Panel/D1_ExploreVisualRoot/ModePanel/CoordinatedMode
13_relics_to_explore	720	1280	Canvas/HUD/VerticalUIRoot/VerticalSafeAreaRoot/ContentSlot/Dimension1Panel/D1_ExploreVisualRoot/ModePanel/CoordinatedMode	4	602.67	398.93	OK	Canvas/HUD/VerticalUIRoot/VerticalSafeAreaRoot/ContentSlot/Dimension1Panel/D1_ExploreVisualRoot/ModePanel/CoordinatedMode	Canvas/HUD/VerticalUIRoot/VerticalSafeAreaRoot/ContentSlot/Dimension1Panel/D1_ExploreVisualRoot/ModePanel/CoordinatedMode
13_relics_to_explore	720	1280	Canvas/HUD/VerticalUIRoot/VerticalSafeAreaRoot/ContentSlot/Dimension1Panel/D1_ExploreVisualRoot/ExplorationRecord	0	554.67	187.33	OK	Canvas/HUD/VerticalUIRoot/VerticalSafeAreaRoot/ContentSlot/Dimension1Panel/D1_ExploreVisualRoot/ExplorationRecord	Canvas/HUD/VerticalUIRoot/VerticalSafeAreaRoot/ContentSlot/Dimension1Panel/D1_ExploreVisualRoot/ExplorationRecord
13_relics_to_explore	720	1280	Canvas/HUD/VerticalUIRoot/VerticalSafeAreaRoot/ContentSlot/Dimension1Panel/D1_ExploreVisualRoot/ExplorationRecord	1	481.07	162.93	OK	Canvas/HUD/VerticalUIRoot/VerticalSafeAreaRoot/ContentSlot/Dimension1Panel/D1_ExploreVisualRoot/ExplorationRecord	Canvas/HUD/VerticalUIRoot/VerticalSafeAreaRoot/ContentSlot/Dimension1Panel/D1_ExploreVisualRoot/ExplorationRecord
13_relics_to_explore	720	1280	Canvas/HUD/VerticalUIRoot/VerticalSafeAreaRoot/ContentSlot/Dimension1Panel/D1_ExploreVisualRoot/ExplorationRecord	2	628.27	162.93	OK	Canvas/HUD/VerticalUIRoot/VerticalSafeAreaRoot/ContentSlot/Dimension1Panel/D1_ExploreVisualRoot/ExplorationRecord	Canvas/HUD/VerticalUIRoot/VerticalSafeAreaRoot/ContentSlot/Dimension1Panel/D1_ExploreVisualRoot/ExplorationRecord
13_relics_to_explore	720	1280	Canvas/HUD/VerticalUIRoot/VerticalSafeAreaRoot/ContentSlot/Dimension1Panel/D1_ExploreVisualRoot/ExplorationRecord	3	481.07	211.73	OK	Canvas/HUD/VerticalUIRoot/VerticalSafeAreaRoot/ContentSlot/Dimension1Panel/D1_ExploreVisualRoot/ExplorationRecord	Canvas/HUD/VerticalUIRoot/VerticalSafeAreaRoot/ContentSlot/Dimension1Panel/D1_ExploreVisualRoot/ExplorationRecord
13_relics_to_explore	720	1280	Canvas/HUD/VerticalUIRoot/VerticalSafeAreaRoot/ContentSlot/Dimension1Panel/D1_ExploreVisualRoot/ExplorationRecord	4	628.27	211.73	OK	Canvas/HUD/VerticalUIRoot/VerticalSafeAreaRoot/ContentSlot/Dimension1Panel/D1_ExploreVisualRoot/ExplorationRecord	Canvas/HUD/VerticalUIRoot/VerticalSafeAreaRoot/ContentSlot/Dimension1Panel/D1_ExploreVisualRoot/ExplorationRecord
13_relics_to_explore	720	1280	Canvas/HUD/VerticalUIRoot/VerticalSafeAreaRoot/ContentSlot/Dimension1Panel/D1_ExploreVisualRoot/BottomNavigation/Nav_ÁRBOL	0	634.00	73.33	OK	Canvas/HUD/VerticalUIRoot/VerticalSafeAreaRoot/ContentSlot/Dimension1Panel/D1_ExploreVisualRoot/BottomNavigation/Nav_ÁRBOL	Canvas/HUD/VerticalUIRoot/VerticalSafeAreaRoot/ContentSlot/Dimension1Panel/D1_ExploreVisualRoot/BottomNavigation/Nav_ÁRBOL
13_relics_to_explore	720	1280	Canvas/HUD/VerticalUIRoot/VerticalSafeAreaRoot/ContentSlot/Dimension1Panel/D1_ExploreVisualRoot/BottomNavigation/Nav_ÁRBOL	1	594.40	38.13	OK	Canvas/HUD/VerticalUIRoot/VerticalSafeAreaRoot/ContentSlot/Dimension1Panel/D1_ExploreVisualRoot/BottomNavigation/Nav_ÁRBOL	Canvas/HUD/VerticalUIRoot/VerticalSafeAreaRoot/ContentSlot/Dimension1Panel/D1_ExploreVisualRoot/BottomNavigation/Nav_ÁRBOL
13_relics_to_explore	720	1280	Canvas/HUD/VerticalUIRoot/VerticalSafeAreaRoot/ContentSlot/Dimension1Panel/D1_ExploreVisualRoot/BottomNavigation/Nav_ÁRBOL	2	673.60	38.13	OK	Canvas/HUD/VerticalUIRoot/VerticalSafeAreaRoot/ContentSlot/Dimension1Panel/D1_ExploreVisualRoot/BottomNavigation/Nav_ÁRBOL	Canvas/HUD/VerticalUIRoot/VerticalSafeAreaRoot/ContentSlot/Dimension1Panel/D1_ExploreVisualRoot/BottomNavigation/Nav_ÁRBOL
13_relics_to_explore	720	1280	Canvas/HUD/VerticalUIRoot/VerticalSafeAreaRoot/ContentSlot/Dimension1Panel/D1_ExploreVisualRoot/BottomNavigation/Nav_ÁRBOL	3	594.40	108.53	OK	Canvas/HUD/VerticalUIRoot/VerticalSafeAreaRoot/ContentSlot/Dimension1Panel/D1_ExploreVisualRoot/BottomNavigation/Nav_ÁRBOL	Canvas/HUD/VerticalUIRoot/VerticalSafeAreaRoot/ContentSlot/Dimension1Panel/D1_ExploreVisualRoot/BottomNavigation/Nav_ÁRBOL
13_relics_to_explore	720	1280	Canvas/HUD/VerticalUIRoot/VerticalSafeAreaRoot/ContentSlot/Dimension1Panel/D1_ExploreVisualRoot/BottomNavigation/Nav_ÁRBOL	4	673.60	108.53	OK	Canvas/HUD/VerticalUIRoot/VerticalSafeAreaRoot/ContentSlot/Dimension1Panel/D1_ExploreVisualRoot/BottomNavigation/Nav_ÁRBOL	Canvas/HUD/VerticalUIRoot/VerticalSafeAreaRoot/ContentSlot/Dimension1Panel/D1_ExploreVisualRoot/BottomNavigation/Nav_ÁRBOL
13_relics_to_explore	720	1280	Canvas/HUD/VerticalUIRoot/VerticalSafeAreaRoot/ContentSlot/Dimension1Panel/OpenGalaxyPanelButton	0	826.67	1017.33	OFFSCREEN	<none>	<none>
13_relics_to_explore	720	1280	Canvas/HUD/VerticalUIRoot/VerticalSafeAreaRoot/ContentSlot/Dimension1Panel/OpenGalaxyPanelButton	1	794.67	1011.33	OFFSCREEN	<none>	<none>
13_relics_to_explore	720	1280	Canvas/HUD/VerticalUIRoot/VerticalSafeAreaRoot/ContentSlot/Dimension1Panel/OpenGalaxyPanelButton	2	858.67	1011.33	OFFSCREEN	<none>	<none>
13_relics_to_explore	720	1280	Canvas/HUD/VerticalUIRoot/VerticalSafeAreaRoot/ContentSlot/Dimension1Panel/OpenGalaxyPanelButton	3	794.67	1023.33	OFFSCREEN	<none>	<none>
13_relics_to_explore	720	1280	Canvas/HUD/VerticalUIRoot/VerticalSafeAreaRoot/ContentSlot/Dimension1Panel/OpenGalaxyPanelButton	4	858.67	1023.33	OFFSCREEN	<none>	<none>
13_relics_to_explore	720	1280	Canvas/HUD/VerticalUIRoot/VerticalSafeAreaRoot/ContentSlot/Dimension1Panel/D1_ExploreVisualRoot/SupportPanel/Previous	0	593.33	478.00	OK	Canvas/HUD/VerticalUIRoot/VerticalSafeAreaRoot/ContentSlot/Dimension1Panel/D1_ExploreVisualRoot/SupportPanel/Previous	Canvas/HUD/VerticalUIRoot/VerticalSafeAreaRoot/ContentSlot/Dimension1Panel/D1_ExploreVisualRoot/SupportPanel/Previous
13_relics_to_explore	720	1280	Canvas/HUD/VerticalUIRoot/VerticalSafeAreaRoot/ContentSlot/Dimension1Panel/D1_ExploreVisualRoot/SupportPanel/Previous	1	578.93	463.60	OK	Canvas/HUD/VerticalUIRoot/VerticalSafeAreaRoot/ContentSlot/Dimension1Panel/D1_ExploreVisualRoot/SupportPanel/Previous	Canvas/HUD/VerticalUIRoot/VerticalSafeAreaRoot/ContentSlot/Dimension1Panel/D1_ExploreVisualRoot/SupportPanel/Previous
13_relics_to_explore	720	1280	Canvas/HUD/VerticalUIRoot/VerticalSafeAreaRoot/ContentSlot/Dimension1Panel/D1_ExploreVisualRoot/SupportPanel/Previous	2	607.73	463.60	OK	Canvas/HUD/VerticalUIRoot/VerticalSafeAreaRoot/ContentSlot/Dimension1Panel/D1_ExploreVisualRoot/SupportPanel/Previous	Canvas/HUD/VerticalUIRoot/VerticalSafeAreaRoot/ContentSlot/Dimension1Panel/D1_ExploreVisualRoot/SupportPanel/Previous
13_relics_to_explore	720	1280	Canvas/HUD/VerticalUIRoot/VerticalSafeAreaRoot/ContentSlot/Dimension1Panel/D1_ExploreVisualRoot/SupportPanel/Previous	3	578.93	492.40	OK	Canvas/HUD/VerticalUIRoot/VerticalSafeAreaRoot/ContentSlot/Dimension1Panel/D1_ExploreVisualRoot/SupportPanel/Previous	Canvas/HUD/VerticalUIRoot/VerticalSafeAreaRoot/ContentSlot/Dimension1Panel/D1_ExploreVisualRoot/SupportPanel/Previous
13_relics_to_explore	720	1280	Canvas/HUD/VerticalUIRoot/VerticalSafeAreaRoot/ContentSlot/Dimension1Panel/D1_ExploreVisualRoot/SupportPanel/Previous	4	607.73	492.40	OK	Canvas/HUD/VerticalUIRoot/VerticalSafeAreaRoot/ContentSlot/Dimension1Panel/D1_ExploreVisualRoot/SupportPanel/Previous	Canvas/HUD/VerticalUIRoot/VerticalSafeAreaRoot/ContentSlot/Dimension1Panel/D1_ExploreVisualRoot/SupportPanel/Previous
13_relics_to_explore	720	1280	Canvas/HUD/VerticalUIRoot/VerticalSafeAreaRoot/ContentSlot/Dimension1Panel/D1_ExploreVisualRoot/ScannerPanel/ChangeSector	0	576.00	1044.67	OK	Canvas/HUD/VerticalUIRoot/VerticalSafeAreaRoot/ContentSlot/Dimension1Panel/D1_ExploreVisualRoot/ScannerPanel/ChangeSector	Canvas/HUD/VerticalUIRoot/VerticalSafeAreaRoot/ContentSlot/Dimension1Panel/D1_ExploreVisualRoot/ScannerPanel/ChangeSector
13_relics_to_explore	720	1280	Canvas/HUD/VerticalUIRoot/VerticalSafeAreaRoot/ContentSlot/Dimension1Panel/D1_ExploreVisualRoot/ScannerPanel/ChangeSector	1	529.60	1032.27	OK	Canvas/HUD/VerticalUIRoot/VerticalSafeAreaRoot/ContentSlot/Dimension1Panel/D1_ExploreVisualRoot/ScannerPanel/ChangeSector	Canvas/HUD/VerticalUIRoot/VerticalSafeAreaRoot/ContentSlot/Dimension1Panel/D1_ExploreVisualRoot/ScannerPanel/ChangeSector
13_relics_to_explore	720	1280	Canvas/HUD/VerticalUIRoot/VerticalSafeAreaRoot/ContentSlot/Dimension1Panel/D1_ExploreVisualRoot/ScannerPanel/ChangeSector	2	622.40	1032.27	OK	Canvas/HUD/VerticalUIRoot/VerticalSafeAreaRoot/ContentSlot/Dimension1Panel/D1_ExploreVisualRoot/ScannerPanel/ChangeSector	Canvas/HUD/VerticalUIRoot/VerticalSafeAreaRoot/ContentSlot/Dimension1Panel/D1_ExploreVisualRoot/ScannerPanel/ChangeSector
13_relics_to_explore	720	1280	Canvas/HUD/VerticalUIRoot/VerticalSafeAreaRoot/ContentSlot/Dimension1Panel/D1_ExploreVisualRoot/ScannerPanel/ChangeSector	3	529.60	1057.07	OK	Canvas/HUD/VerticalUIRoot/VerticalSafeAreaRoot/ContentSlot/Dimension1Panel/D1_ExploreVisualRoot/ScannerPanel/ChangeSector	Canvas/HUD/VerticalUIRoot/VerticalSafeAreaRoot/ContentSlot/Dimension1Panel/D1_ExploreVisualRoot/ScannerPanel/ChangeSector
13_relics_to_explore	720	1280	Canvas/HUD/VerticalUIRoot/VerticalSafeAreaRoot/ContentSlot/Dimension1Panel/D1_ExploreVisualRoot/ScannerPanel/ChangeSector	4	622.40	1057.07	OK	Canvas/HUD/VerticalUIRoot/VerticalSafeAreaRoot/ContentSlot/Dimension1Panel/D1_ExploreVisualRoot/ScannerPanel/ChangeSector	Canvas/HUD/VerticalUIRoot/VerticalSafeAreaRoot/ContentSlot/Dimension1Panel/D1_ExploreVisualRoot/ScannerPanel/ChangeSector
13_relics_to_explore	720	1280	Canvas/HUD/VerticalUIRoot/VerticalSafeAreaRoot/ContentSlot/Dimension1Panel/D1_ExploreVisualRoot/BottomNavigation/Nav_GALAXIA	0	82.00	73.33	OK	Canvas/HUD/VerticalUIRoot/VerticalSafeAreaRoot/ContentSlot/Dimension1Panel/D1_ExploreVisualRoot/BottomNavigation/Nav_GALAXIA	Canvas/HUD/VerticalUIRoot/VerticalSafeAreaRoot/ContentSlot/Dimension1Panel/D1_ExploreVisualRoot/BottomNavigation/Nav_GALAXIA
13_relics_to_explore	720	1280	Canvas/HUD/VerticalUIRoot/VerticalSafeAreaRoot/ContentSlot/Dimension1Panel/D1_ExploreVisualRoot/BottomNavigation/Nav_GALAXIA	1	42.40	38.13	OK	Canvas/HUD/VerticalUIRoot/VerticalSafeAreaRoot/ContentSlot/Dimension1Panel/D1_ExploreVisualRoot/BottomNavigation/Nav_GALAXIA	Canvas/HUD/VerticalUIRoot/VerticalSafeAreaRoot/ContentSlot/Dimension1Panel/D1_ExploreVisualRoot/BottomNavigation/Nav_GALAXIA
13_relics_to_explore	720	1280	Canvas/HUD/VerticalUIRoot/VerticalSafeAreaRoot/ContentSlot/Dimension1Panel/D1_ExploreVisualRoot/BottomNavigation/Nav_GALAXIA	2	121.60	38.13	OK	Canvas/HUD/VerticalUIRoot/VerticalSafeAreaRoot/ContentSlot/Dimension1Panel/D1_ExploreVisualRoot/BottomNavigation/Nav_GALAXIA	Canvas/HUD/VerticalUIRoot/VerticalSafeAreaRoot/ContentSlot/Dimension1Panel/D1_ExploreVisualRoot/BottomNavigation/Nav_GALAXIA
13_relics_to_explore	720	1280	Canvas/HUD/VerticalUIRoot/VerticalSafeAreaRoot/ContentSlot/Dimension1Panel/D1_ExploreVisualRoot/BottomNavigation/Nav_GALAXIA	3	42.40	108.53	OK	Canvas/HUD/VerticalUIRoot/VerticalSafeAreaRoot/ContentSlot/Dimension1Panel/D1_ExploreVisualRoot/BottomNavigation/Nav_GALAXIA	Canvas/HUD/VerticalUIRoot/VerticalSafeAreaRoot/ContentSlot/Dimension1Panel/D1_ExploreVisualRoot/BottomNavigation/Nav_GALAXIA
13_relics_to_explore	720	1280	Canvas/HUD/VerticalUIRoot/VerticalSafeAreaRoot/ContentSlot/Dimension1Panel/D1_ExploreVisualRoot/BottomNavigation/Nav_GALAXIA	4	121.60	108.53	OK	Canvas/HUD/VerticalUIRoot/VerticalSafeAreaRoot/ContentSlot/Dimension1Panel/D1_ExploreVisualRoot/BottomNavigation/Nav_GALAXIA	Canvas/HUD/VerticalUIRoot/VerticalSafeAreaRoot/ContentSlot/Dimension1Panel/D1_ExploreVisualRoot/BottomNavigation/Nav_GALAXIA
13_relics_to_explore	720	1280	Canvas/HUD/VerticalUIRoot/VerticalSafeAreaRoot/ContentSlot/Dimension1Panel/OpenHangarPanelButton	0	826.67	950.67	OFFSCREEN	<none>	<none>
13_relics_to_explore	720	1280	Canvas/HUD/VerticalUIRoot/VerticalSafeAreaRoot/ContentSlot/Dimension1Panel/OpenHangarPanelButton	1	794.67	944.67	OFFSCREEN	<none>	<none>
13_relics_to_explore	720	1280	Canvas/HUD/VerticalUIRoot/VerticalSafeAreaRoot/ContentSlot/Dimension1Panel/OpenHangarPanelButton	2	858.67	944.67	OFFSCREEN	<none>	<none>
13_relics_to_explore	720	1280	Canvas/HUD/VerticalUIRoot/VerticalSafeAreaRoot/ContentSlot/Dimension1Panel/OpenHangarPanelButton	3	794.67	956.67	OFFSCREEN	<none>	<none>
13_relics_to_explore	720	1280	Canvas/HUD/VerticalUIRoot/VerticalSafeAreaRoot/ContentSlot/Dimension1Panel/OpenHangarPanelButton	4	858.67	956.67	OFFSCREEN	<none>	<none>
13_relics_to_explore	720	1280	Canvas/HUD/VerticalUIRoot/VerticalSafeAreaRoot/ContentSlot/Dimension1Panel/D1_ExploreVisualRoot/DestinationPanel/OpenDetails	0	612.00	812.00	OK	Canvas/HUD/VerticalUIRoot/VerticalSafeAreaRoot/ContentSlot/Dimension1Panel/D1_ExploreVisualRoot/DestinationPanel/OpenDetails	Canvas/HUD/VerticalUIRoot/VerticalSafeAreaRoot/ContentSlot/Dimension1Panel/D1_ExploreVisualRoot/DestinationPanel/OpenDetails
13_relics_to_explore	720	1280	Canvas/HUD/VerticalUIRoot/VerticalSafeAreaRoot/ContentSlot/Dimension1Panel/D1_ExploreVisualRoot/DestinationPanel/OpenDetails	1	584.00	800.40	OK	Canvas/HUD/VerticalUIRoot/VerticalSafeAreaRoot/ContentSlot/Dimension1Panel/D1_ExploreVisualRoot/DestinationPanel/OpenDetails	Canvas/HUD/VerticalUIRoot/VerticalSafeAreaRoot/ContentSlot/Dimension1Panel/D1_ExploreVisualRoot/DestinationPanel/OpenDetails
13_relics_to_explore	720	1280	Canvas/HUD/VerticalUIRoot/VerticalSafeAreaRoot/ContentSlot/Dimension1Panel/D1_ExploreVisualRoot/DestinationPanel/OpenDetails	2	640.00	800.40	OK	Canvas/HUD/VerticalUIRoot/VerticalSafeAreaRoot/ContentSlot/Dimension1Panel/D1_ExploreVisualRoot/DestinationPanel/OpenDetails	Canvas/HUD/VerticalUIRoot/VerticalSafeAreaRoot/ContentSlot/Dimension1Panel/D1_ExploreVisualRoot/DestinationPanel/OpenDetails
13_relics_to_explore	720	1280	Canvas/HUD/VerticalUIRoot/VerticalSafeAreaRoot/ContentSlot/Dimension1Panel/D1_ExploreVisualRoot/DestinationPanel/OpenDetails	3	584.00	823.60	OK	Canvas/HUD/VerticalUIRoot/VerticalSafeAreaRoot/ContentSlot/Dimension1Panel/D1_ExploreVisualRoot/DestinationPanel/OpenDetails	Canvas/HUD/VerticalUIRoot/VerticalSafeAreaRoot/ContentSlot/Dimension1Panel/D1_ExploreVisualRoot/DestinationPanel/OpenDetails
13_relics_to_explore	720	1280	Canvas/HUD/VerticalUIRoot/VerticalSafeAreaRoot/ContentSlot/Dimension1Panel/D1_ExploreVisualRoot/DestinationPanel/OpenDetails	4	640.00	823.60	OK	Canvas/HUD/VerticalUIRoot/VerticalSafeAreaRoot/ContentSlot/Dimension1Panel/D1_ExploreVisualRoot/DestinationPanel/OpenDetails	Canvas/HUD/VerticalUIRoot/VerticalSafeAreaRoot/ContentSlot/Dimension1Panel/D1_ExploreVisualRoot/DestinationPanel/OpenDetails
13_relics_to_explore	720	1280	Canvas/HUD/VerticalUIRoot/VerticalSafeAreaRoot/ContentSlot/Dimension1Panel/D1_ExploreVisualRoot/ShipPanel/Next	0	322.67	478.00	OK	Canvas/HUD/VerticalUIRoot/VerticalSafeAreaRoot/ContentSlot/Dimension1Panel/D1_ExploreVisualRoot/ShipPanel/Next	Canvas/HUD/VerticalUIRoot/VerticalSafeAreaRoot/ContentSlot/Dimension1Panel/D1_ExploreVisualRoot/ShipPanel/Next
13_relics_to_explore	720	1280	Canvas/HUD/VerticalUIRoot/VerticalSafeAreaRoot/ContentSlot/Dimension1Panel/D1_ExploreVisualRoot/ShipPanel/Next	1	308.27	463.60	OK	Canvas/HUD/VerticalUIRoot/VerticalSafeAreaRoot/ContentSlot/Dimension1Panel/D1_ExploreVisualRoot/ShipPanel/Next	Canvas/HUD/VerticalUIRoot/VerticalSafeAreaRoot/ContentSlot/Dimension1Panel/D1_ExploreVisualRoot/ShipPanel/Next
13_relics_to_explore	720	1280	Canvas/HUD/VerticalUIRoot/VerticalSafeAreaRoot/ContentSlot/Dimension1Panel/D1_ExploreVisualRoot/ShipPanel/Next	2	337.07	463.60	OK	Canvas/HUD/VerticalUIRoot/VerticalSafeAreaRoot/ContentSlot/Dimension1Panel/D1_ExploreVisualRoot/ShipPanel/Next	Canvas/HUD/VerticalUIRoot/VerticalSafeAreaRoot/ContentSlot/Dimension1Panel/D1_ExploreVisualRoot/ShipPanel/Next
13_relics_to_explore	720	1280	Canvas/HUD/VerticalUIRoot/VerticalSafeAreaRoot/ContentSlot/Dimension1Panel/D1_ExploreVisualRoot/ShipPanel/Next	3	308.27	492.40	OK	Canvas/HUD/VerticalUIRoot/VerticalSafeAreaRoot/ContentSlot/Dimension1Panel/D1_ExploreVisualRoot/ShipPanel/Next	Canvas/HUD/VerticalUIRoot/VerticalSafeAreaRoot/ContentSlot/Dimension1Panel/D1_ExploreVisualRoot/ShipPanel/Next
13_relics_to_explore	720	1280	Canvas/HUD/VerticalUIRoot/VerticalSafeAreaRoot/ContentSlot/Dimension1Panel/D1_ExploreVisualRoot/ShipPanel/Next	4	337.07	492.40	OK	Canvas/HUD/VerticalUIRoot/VerticalSafeAreaRoot/ContentSlot/Dimension1Panel/D1_ExploreVisualRoot/ShipPanel/Next	Canvas/HUD/VerticalUIRoot/VerticalSafeAreaRoot/ContentSlot/Dimension1Panel/D1_ExploreVisualRoot/ShipPanel/Next
13_relics_to_explore	720	1280	Canvas/HUD/VerticalUIRoot/VerticalSafeAreaRoot/ContentSlot/Dimension1Panel/D1_ExploreVisualRoot/ActiveExpedition/Previous	0	421.33	280.00	OK	Canvas/HUD/VerticalUIRoot/VerticalSafeAreaRoot/ContentSlot/Dimension1Panel/D1_ExploreVisualRoot/ActiveExpedition/Previous	Canvas/HUD/VerticalUIRoot/VerticalSafeAreaRoot/ContentSlot/Dimension1Panel/D1_ExploreVisualRoot/ActiveExpedition/Previous
13_relics_to_explore	720	1280	Canvas/HUD/VerticalUIRoot/VerticalSafeAreaRoot/ContentSlot/Dimension1Panel/D1_ExploreVisualRoot/ActiveExpedition/Previous	1	406.93	265.60	OK	Canvas/HUD/VerticalUIRoot/VerticalSafeAreaRoot/ContentSlot/Dimension1Panel/D1_ExploreVisualRoot/ActiveExpedition/Previous	Canvas/HUD/VerticalUIRoot/VerticalSafeAreaRoot/ContentSlot/Dimension1Panel/D1_ExploreVisualRoot/ActiveExpedition/Previous
13_relics_to_explore	720	1280	Canvas/HUD/VerticalUIRoot/VerticalSafeAreaRoot/ContentSlot/Dimension1Panel/D1_ExploreVisualRoot/ActiveExpedition/Previous	2	435.73	265.60	OK	Canvas/HUD/VerticalUIRoot/VerticalSafeAreaRoot/ContentSlot/Dimension1Panel/D1_ExploreVisualRoot/ActiveExpedition/Previous	Canvas/HUD/VerticalUIRoot/VerticalSafeAreaRoot/ContentSlot/Dimension1Panel/D1_ExploreVisualRoot/ActiveExpedition/Previous
13_relics_to_explore	720	1280	Canvas/HUD/VerticalUIRoot/VerticalSafeAreaRoot/ContentSlot/Dimension1Panel/D1_ExploreVisualRoot/ActiveExpedition/Previous	3	406.93	294.40	OK	Canvas/HUD/VerticalUIRoot/VerticalSafeAreaRoot/ContentSlot/Dimension1Panel/D1_ExploreVisualRoot/ActiveExpedition/Previous	Canvas/HUD/VerticalUIRoot/VerticalSafeAreaRoot/ContentSlot/Dimension1Panel/D1_ExploreVisualRoot/ActiveExpedition/Previous
13_relics_to_explore	720	1280	Canvas/HUD/VerticalUIRoot/VerticalSafeAreaRoot/ContentSlot/Dimension1Panel/D1_ExploreVisualRoot/ActiveExpedition/Previous	4	435.73	294.40	OK	Canvas/HUD/VerticalUIRoot/VerticalSafeAreaRoot/ContentSlot/Dimension1Panel/D1_ExploreVisualRoot/ActiveExpedition/Previous	Canvas/HUD/VerticalUIRoot/VerticalSafeAreaRoot/ContentSlot/Dimension1Panel/D1_ExploreVisualRoot/ActiveExpedition/Previous
13_relics_to_explore	720	1280	Canvas/HUD/VerticalUIRoot/VerticalSafeAreaRoot/ContentSlot/Dimension1Panel/D1_ExploreVisualRoot/SupportPanel/Next	0	650.67	478.00	OK	Canvas/HUD/VerticalUIRoot/VerticalSafeAreaRoot/ContentSlot/Dimension1Panel/D1_ExploreVisualRoot/SupportPanel/Next	Canvas/HUD/VerticalUIRoot/VerticalSafeAreaRoot/ContentSlot/Dimension1Panel/D1_ExploreVisualRoot/SupportPanel/Next
13_relics_to_explore	720	1280	Canvas/HUD/VerticalUIRoot/VerticalSafeAreaRoot/ContentSlot/Dimension1Panel/D1_ExploreVisualRoot/SupportPanel/Next	1	636.27	463.60	OK	Canvas/HUD/VerticalUIRoot/VerticalSafeAreaRoot/ContentSlot/Dimension1Panel/D1_ExploreVisualRoot/SupportPanel/Next	Canvas/HUD/VerticalUIRoot/VerticalSafeAreaRoot/ContentSlot/Dimension1Panel/D1_ExploreVisualRoot/SupportPanel/Next
13_relics_to_explore	720	1280	Canvas/HUD/VerticalUIRoot/VerticalSafeAreaRoot/ContentSlot/Dimension1Panel/D1_ExploreVisualRoot/SupportPanel/Next	2	665.07	463.60	OK	Canvas/HUD/VerticalUIRoot/VerticalSafeAreaRoot/ContentSlot/Dimension1Panel/D1_ExploreVisualRoot/SupportPanel/Next	Canvas/HUD/VerticalUIRoot/VerticalSafeAreaRoot/ContentSlot/Dimension1Panel/D1_ExploreVisualRoot/SupportPanel/Next
13_relics_to_explore	720	1280	Canvas/HUD/VerticalUIRoot/VerticalSafeAreaRoot/ContentSlot/Dimension1Panel/D1_ExploreVisualRoot/SupportPanel/Next	3	636.27	492.40	OK	Canvas/HUD/VerticalUIRoot/VerticalSafeAreaRoot/ContentSlot/Dimension1Panel/D1_ExploreVisualRoot/SupportPanel/Next	Canvas/HUD/VerticalUIRoot/VerticalSafeAreaRoot/ContentSlot/Dimension1Panel/D1_ExploreVisualRoot/SupportPanel/Next
13_relics_to_explore	720	1280	Canvas/HUD/VerticalUIRoot/VerticalSafeAreaRoot/ContentSlot/Dimension1Panel/D1_ExploreVisualRoot/SupportPanel/Next	4	665.07	492.40	OK	Canvas/HUD/VerticalUIRoot/VerticalSafeAreaRoot/ContentSlot/Dimension1Panel/D1_ExploreVisualRoot/SupportPanel/Next	Canvas/HUD/VerticalUIRoot/VerticalSafeAreaRoot/ContentSlot/Dimension1Panel/D1_ExploreVisualRoot/SupportPanel/Next
13_relics_to_explore	720	1280	Canvas/HUD/VerticalUIRoot/VerticalSafeAreaRoot/ContentSlot/Dimension1Panel/D1_ExploreVisualRoot/MetalsButton	0	614.33	1178.67	OK	Canvas/HUD/VerticalUIRoot/VerticalSafeAreaRoot/ContentSlot/Dimension1Panel/D1_ExploreVisualRoot/MetalsButton	Canvas/HUD/VerticalUIRoot/VerticalSafeAreaRoot/ContentSlot/Dimension1Panel/D1_ExploreVisualRoot/MetalsButton
13_relics_to_explore	720	1280	Canvas/HUD/VerticalUIRoot/VerticalSafeAreaRoot/ContentSlot/Dimension1Panel/D1_ExploreVisualRoot/MetalsButton	1	565.33	1158.67	OK	Canvas/HUD/VerticalUIRoot/VerticalSafeAreaRoot/ContentSlot/Dimension1Panel/D1_ExploreVisualRoot/MetalsButton	Canvas/HUD/VerticalUIRoot/VerticalSafeAreaRoot/ContentSlot/Dimension1Panel/D1_ExploreVisualRoot/MetalsButton
13_relics_to_explore	720	1280	Canvas/HUD/VerticalUIRoot/VerticalSafeAreaRoot/ContentSlot/Dimension1Panel/D1_ExploreVisualRoot/MetalsButton	2	663.33	1158.67	OK	Canvas/HUD/VerticalUIRoot/VerticalSafeAreaRoot/ContentSlot/Dimension1Panel/D1_ExploreVisualRoot/MetalsButton	Canvas/HUD/VerticalUIRoot/VerticalSafeAreaRoot/ContentSlot/Dimension1Panel/D1_ExploreVisualRoot/MetalsButton
13_relics_to_explore	720	1280	Canvas/HUD/VerticalUIRoot/VerticalSafeAreaRoot/ContentSlot/Dimension1Panel/D1_ExploreVisualRoot/MetalsButton	3	565.33	1198.67	OK	Canvas/HUD/VerticalUIRoot/VerticalSafeAreaRoot/ContentSlot/Dimension1Panel/D1_ExploreVisualRoot/MetalsButton	Canvas/HUD/VerticalUIRoot/VerticalSafeAreaRoot/ContentSlot/Dimension1Panel/D1_ExploreVisualRoot/MetalsButton
13_relics_to_explore	720	1280	Canvas/HUD/VerticalUIRoot/VerticalSafeAreaRoot/ContentSlot/Dimension1Panel/D1_ExploreVisualRoot/MetalsButton	4	663.33	1198.67	OK	Canvas/HUD/VerticalUIRoot/VerticalSafeAreaRoot/ContentSlot/Dimension1Panel/D1_ExploreVisualRoot/MetalsButton	Canvas/HUD/VerticalUIRoot/VerticalSafeAreaRoot/ContentSlot/Dimension1Panel/D1_ExploreVisualRoot/MetalsButton
13_relics_to_explore	720	1280	Canvas/HUD/VerticalUIRoot/VerticalSafeAreaRoot/ContentSlot/Dimension1Panel/D1_ExploreVisualRoot/BottomNavigation/Nav_RELIQUIAS	0	496.00	73.33	OK	Canvas/HUD/VerticalUIRoot/VerticalSafeAreaRoot/ContentSlot/Dimension1Panel/D1_ExploreVisualRoot/BottomNavigation/Nav_RELIQUIAS	Canvas/HUD/VerticalUIRoot/VerticalSafeAreaRoot/ContentSlot/Dimension1Panel/D1_ExploreVisualRoot/BottomNavigation/Nav_RELIQUIAS
13_relics_to_explore	720	1280	Canvas/HUD/VerticalUIRoot/VerticalSafeAreaRoot/ContentSlot/Dimension1Panel/D1_ExploreVisualRoot/BottomNavigation/Nav_RELIQUIAS	1	456.40	38.13	OK	Canvas/HUD/VerticalUIRoot/VerticalSafeAreaRoot/ContentSlot/Dimension1Panel/D1_ExploreVisualRoot/BottomNavigation/Nav_RELIQUIAS	Canvas/HUD/VerticalUIRoot/VerticalSafeAreaRoot/ContentSlot/Dimension1Panel/D1_ExploreVisualRoot/BottomNavigation/Nav_RELIQUIAS
13_relics_to_explore	720	1280	Canvas/HUD/VerticalUIRoot/VerticalSafeAreaRoot/ContentSlot/Dimension1Panel/D1_ExploreVisualRoot/BottomNavigation/Nav_RELIQUIAS	2	535.60	38.13	OK	Canvas/HUD/VerticalUIRoot/VerticalSafeAreaRoot/ContentSlot/Dimension1Panel/D1_ExploreVisualRoot/BottomNavigation/Nav_RELIQUIAS	Canvas/HUD/VerticalUIRoot/VerticalSafeAreaRoot/ContentSlot/Dimension1Panel/D1_ExploreVisualRoot/BottomNavigation/Nav_RELIQUIAS
13_relics_to_explore	720	1280	Canvas/HUD/VerticalUIRoot/VerticalSafeAreaRoot/ContentSlot/Dimension1Panel/D1_ExploreVisualRoot/BottomNavigation/Nav_RELIQUIAS	3	456.40	108.53	OK	Canvas/HUD/VerticalUIRoot/VerticalSafeAreaRoot/ContentSlot/Dimension1Panel/D1_ExploreVisualRoot/BottomNavigation/Nav_RELIQUIAS	Canvas/HUD/VerticalUIRoot/VerticalSafeAreaRoot/ContentSlot/Dimension1Panel/D1_ExploreVisualRoot/BottomNavigation/Nav_RELIQUIAS
13_relics_to_explore	720	1280	Canvas/HUD/VerticalUIRoot/VerticalSafeAreaRoot/ContentSlot/Dimension1Panel/D1_ExploreVisualRoot/BottomNavigation/Nav_RELIQUIAS	4	535.60	108.53	OK	Canvas/HUD/VerticalUIRoot/VerticalSafeAreaRoot/ContentSlot/Dimension1Panel/D1_ExploreVisualRoot/BottomNavigation/Nav_RELIQUIAS	Canvas/HUD/VerticalUIRoot/VerticalSafeAreaRoot/ContentSlot/Dimension1Panel/D1_ExploreVisualRoot/BottomNavigation/Nav_RELIQUIAS
13_relics_to_explore	720	1280	Canvas/HUD/VerticalUIRoot/VerticalSafeAreaRoot/ContentSlot/Dimension1Panel/OpenRelicChamberPanelButton	0	826.67	984.00	OFFSCREEN	<none>	<none>
13_relics_to_explore	720	1280	Canvas/HUD/VerticalUIRoot/VerticalSafeAreaRoot/ContentSlot/Dimension1Panel/OpenRelicChamberPanelButton	1	794.67	978.00	OFFSCREEN	<none>	<none>
13_relics_to_explore	720	1280	Canvas/HUD/VerticalUIRoot/VerticalSafeAreaRoot/ContentSlot/Dimension1Panel/OpenRelicChamberPanelButton	2	858.67	978.00	OFFSCREEN	<none>	<none>
13_relics_to_explore	720	1280	Canvas/HUD/VerticalUIRoot/VerticalSafeAreaRoot/ContentSlot/Dimension1Panel/OpenRelicChamberPanelButton	3	794.67	990.00	OFFSCREEN	<none>	<none>
13_relics_to_explore	720	1280	Canvas/HUD/VerticalUIRoot/VerticalSafeAreaRoot/ContentSlot/Dimension1Panel/OpenRelicChamberPanelButton	4	858.67	990.00	OFFSCREEN	<none>	<none>
13_relics_to_explore	720	1280	Canvas/HUD/VerticalUIRoot/VerticalSafeAreaRoot/ContentSlot/Dimension1Panel/Registro	0	-40.00	950.67	OFFSCREEN	<none>	<none>
13_relics_to_explore	720	1280	Canvas/HUD/VerticalUIRoot/VerticalSafeAreaRoot/ContentSlot/Dimension1Panel/Registro	1	-72.00	944.67	OFFSCREEN	<none>	<none>
13_relics_to_explore	720	1280	Canvas/HUD/VerticalUIRoot/VerticalSafeAreaRoot/ContentSlot/Dimension1Panel/Registro	2	-8.00	944.67	OFFSCREEN	<none>	<none>
13_relics_to_explore	720	1280	Canvas/HUD/VerticalUIRoot/VerticalSafeAreaRoot/ContentSlot/Dimension1Panel/Registro	3	-72.00	956.67	OFFSCREEN	<none>	<none>
13_relics_to_explore	720	1280	Canvas/HUD/VerticalUIRoot/VerticalSafeAreaRoot/ContentSlot/Dimension1Panel/Registro	4	-8.00	956.67	OFFSCREEN	<none>	<none>
13_relics_to_explore	720	1280	Canvas/HUD/VerticalUIRoot/VerticalSafeAreaRoot/ContentSlot/Dimension1Panel/D1_ExploreVisualRoot/CommandCenter	0	74.67	1178.67	OK	Canvas/HUD/VerticalUIRoot/VerticalSafeAreaRoot/ContentSlot/Dimension1Panel/D1_ExploreVisualRoot/CommandCenter	Canvas/HUD/VerticalUIRoot/VerticalSafeAreaRoot/ContentSlot/Dimension1Panel/D1_ExploreVisualRoot/CommandCenter
13_relics_to_explore	720	1280	Canvas/HUD/VerticalUIRoot/VerticalSafeAreaRoot/ContentSlot/Dimension1Panel/D1_ExploreVisualRoot/CommandCenter	1	39.47	1158.67	OK	Canvas/HUD/VerticalUIRoot/VerticalSafeAreaRoot/ContentSlot/Dimension1Panel/D1_ExploreVisualRoot/CommandCenter	Canvas/HUD/VerticalUIRoot/VerticalSafeAreaRoot/ContentSlot/Dimension1Panel/D1_ExploreVisualRoot/CommandCenter
13_relics_to_explore	720	1280	Canvas/HUD/VerticalUIRoot/VerticalSafeAreaRoot/ContentSlot/Dimension1Panel/D1_ExploreVisualRoot/CommandCenter	2	109.87	1158.67	OK	Canvas/HUD/VerticalUIRoot/VerticalSafeAreaRoot/ContentSlot/Dimension1Panel/D1_ExploreVisualRoot/CommandCenter	Canvas/HUD/VerticalUIRoot/VerticalSafeAreaRoot/ContentSlot/Dimension1Panel/D1_ExploreVisualRoot/CommandCenter
13_relics_to_explore	720	1280	Canvas/HUD/VerticalUIRoot/VerticalSafeAreaRoot/ContentSlot/Dimension1Panel/D1_ExploreVisualRoot/CommandCenter	3	39.47	1198.67	OK	Canvas/HUD/VerticalUIRoot/VerticalSafeAreaRoot/ContentSlot/Dimension1Panel/D1_ExploreVisualRoot/CommandCenter	Canvas/HUD/VerticalUIRoot/VerticalSafeAreaRoot/ContentSlot/Dimension1Panel/D1_ExploreVisualRoot/CommandCenter
13_relics_to_explore	720	1280	Canvas/HUD/VerticalUIRoot/VerticalSafeAreaRoot/ContentSlot/Dimension1Panel/D1_ExploreVisualRoot/CommandCenter	4	109.87	1198.67	OK	Canvas/HUD/VerticalUIRoot/VerticalSafeAreaRoot/ContentSlot/Dimension1Panel/D1_ExploreVisualRoot/CommandCenter	Canvas/HUD/VerticalUIRoot/VerticalSafeAreaRoot/ContentSlot/Dimension1Panel/D1_ExploreVisualRoot/CommandCenter
13_relics_to_explore	720	1280	Canvas/HUD/VerticalUIRoot/VerticalSafeAreaRoot/ContentSlot/Dimension1Panel/D1_ExploreVisualRoot/StartExpedition	0	222.67	187.33	OK	Canvas/HUD/VerticalUIRoot/VerticalSafeAreaRoot/ContentSlot/Dimension1Panel/D1_ExploreVisualRoot/StartExpedition	Canvas/HUD/VerticalUIRoot/VerticalSafeAreaRoot/ContentSlot/Dimension1Panel/D1_ExploreVisualRoot/StartExpedition
13_relics_to_explore	720	1280	Canvas/HUD/VerticalUIRoot/VerticalSafeAreaRoot/ContentSlot/Dimension1Panel/D1_ExploreVisualRoot/StartExpedition	1	113.87	162.93	OK	Canvas/HUD/VerticalUIRoot/VerticalSafeAreaRoot/ContentSlot/Dimension1Panel/D1_ExploreVisualRoot/StartExpedition	Canvas/HUD/VerticalUIRoot/VerticalSafeAreaRoot/ContentSlot/Dimension1Panel/D1_ExploreVisualRoot/StartExpedition
13_relics_to_explore	720	1280	Canvas/HUD/VerticalUIRoot/VerticalSafeAreaRoot/ContentSlot/Dimension1Panel/D1_ExploreVisualRoot/StartExpedition	2	331.47	162.93	OK	Canvas/HUD/VerticalUIRoot/VerticalSafeAreaRoot/ContentSlot/Dimension1Panel/D1_ExploreVisualRoot/StartExpedition	Canvas/HUD/VerticalUIRoot/VerticalSafeAreaRoot/ContentSlot/Dimension1Panel/D1_ExploreVisualRoot/StartExpedition
13_relics_to_explore	720	1280	Canvas/HUD/VerticalUIRoot/VerticalSafeAreaRoot/ContentSlot/Dimension1Panel/D1_ExploreVisualRoot/StartExpedition	3	113.87	211.73	OK	Canvas/HUD/VerticalUIRoot/VerticalSafeAreaRoot/ContentSlot/Dimension1Panel/D1_ExploreVisualRoot/StartExpedition	Canvas/HUD/VerticalUIRoot/VerticalSafeAreaRoot/ContentSlot/Dimension1Panel/D1_ExploreVisualRoot/StartExpedition
13_relics_to_explore	720	1280	Canvas/HUD/VerticalUIRoot/VerticalSafeAreaRoot/ContentSlot/Dimension1Panel/D1_ExploreVisualRoot/StartExpedition	4	331.47	211.73	OK	Canvas/HUD/VerticalUIRoot/VerticalSafeAreaRoot/ContentSlot/Dimension1Panel/D1_ExploreVisualRoot/StartExpedition	Canvas/HUD/VerticalUIRoot/VerticalSafeAreaRoot/ContentSlot/Dimension1Panel/D1_ExploreVisualRoot/StartExpedition
13_relics_to_explore	720	1280	Canvas/HUD/VerticalUIRoot/VerticalSafeAreaRoot/ContentSlot/Dimension1Panel/D1_ExploreVisualRoot/ModePanel/SimpleMode	0	204.00	383.33	OK	Canvas/HUD/VerticalUIRoot/VerticalSafeAreaRoot/ContentSlot/Dimension1Panel/D1_ExploreVisualRoot/ModePanel/SimpleMode	Canvas/HUD/VerticalUIRoot/VerticalSafeAreaRoot/ContentSlot/Dimension1Panel/D1_ExploreVisualRoot/ModePanel/SimpleMode
13_relics_to_explore	720	1280	Canvas/HUD/VerticalUIRoot/VerticalSafeAreaRoot/ContentSlot/Dimension1Panel/D1_ExploreVisualRoot/ModePanel/SimpleMode	1	116.00	367.73	OK	Canvas/HUD/VerticalUIRoot/VerticalSafeAreaRoot/ContentSlot/Dimension1Panel/D1_ExploreVisualRoot/ModePanel/SimpleMode	Canvas/HUD/VerticalUIRoot/VerticalSafeAreaRoot/ContentSlot/Dimension1Panel/D1_ExploreVisualRoot/ModePanel/SimpleMode
13_relics_to_explore	720	1280	Canvas/HUD/VerticalUIRoot/VerticalSafeAreaRoot/ContentSlot/Dimension1Panel/D1_ExploreVisualRoot/ModePanel/SimpleMode	2	292.00	367.73	OK	Canvas/HUD/VerticalUIRoot/VerticalSafeAreaRoot/ContentSlot/Dimension1Panel/D1_ExploreVisualRoot/ModePanel/SimpleMode	Canvas/HUD/VerticalUIRoot/VerticalSafeAreaRoot/ContentSlot/Dimension1Panel/D1_ExploreVisualRoot/ModePanel/SimpleMode
13_relics_to_explore	720	1280	Canvas/HUD/VerticalUIRoot/VerticalSafeAreaRoot/ContentSlot/Dimension1Panel/D1_ExploreVisualRoot/ModePanel/SimpleMode	3	116.00	398.93	OK	Canvas/HUD/VerticalUIRoot/VerticalSafeAreaRoot/ContentSlot/Dimension1Panel/D1_ExploreVisualRoot/ModePanel/SimpleMode	Canvas/HUD/VerticalUIRoot/VerticalSafeAreaRoot/ContentSlot/Dimension1Panel/D1_ExploreVisualRoot/ModePanel/SimpleMode
13_relics_to_explore	720	1280	Canvas/HUD/VerticalUIRoot/VerticalSafeAreaRoot/ContentSlot/Dimension1Panel/D1_ExploreVisualRoot/ModePanel/SimpleMode	4	292.00	398.93	OK	Canvas/HUD/VerticalUIRoot/VerticalSafeAreaRoot/ContentSlot/Dimension1Panel/D1_ExploreVisualRoot/ModePanel/SimpleMode	Canvas/HUD/VerticalUIRoot/VerticalSafeAreaRoot/ContentSlot/Dimension1Panel/D1_ExploreVisualRoot/ModePanel/SimpleMode
13_relics_to_explore	720	1280	Canvas/HUD/VerticalUIRoot/VerticalSafeAreaRoot/ContentSlot/Dimension1Panel/OpenDimension1TreePanelButton	0	826.67	917.33	OFFSCREEN	<none>	<none>
13_relics_to_explore	720	1280	Canvas/HUD/VerticalUIRoot/VerticalSafeAreaRoot/ContentSlot/Dimension1Panel/OpenDimension1TreePanelButton	1	794.67	911.33	OFFSCREEN	<none>	<none>
13_relics_to_explore	720	1280	Canvas/HUD/VerticalUIRoot/VerticalSafeAreaRoot/ContentSlot/Dimension1Panel/OpenDimension1TreePanelButton	2	858.67	911.33	OFFSCREEN	<none>	<none>
13_relics_to_explore	720	1280	Canvas/HUD/VerticalUIRoot/VerticalSafeAreaRoot/ContentSlot/Dimension1Panel/OpenDimension1TreePanelButton	3	794.67	923.33	OFFSCREEN	<none>	<none>
13_relics_to_explore	720	1280	Canvas/HUD/VerticalUIRoot/VerticalSafeAreaRoot/ContentSlot/Dimension1Panel/OpenDimension1TreePanelButton	4	858.67	923.33	OFFSCREEN	<none>	<none>
14_tree	720	1280	Canvas/HUD/VerticalUIRoot/VerticalSafeAreaRoot/ContentSlot/Dimension1Panel/Dimension1TreePanel/D1_TreeVisualRoot/OrbitalConstellation/TreeNode_9	0	522.67	444.00	OK	Canvas/HUD/VerticalUIRoot/VerticalSafeAreaRoot/ContentSlot/Dimension1Panel/Dimension1TreePanel/D1_TreeVisualRoot/OrbitalConstellation/TreeNode_9/Fill	Canvas/HUD/VerticalUIRoot/VerticalSafeAreaRoot/ContentSlot/Dimension1Panel/Dimension1TreePanel/D1_TreeVisualRoot/OrbitalConstellation/TreeNode_9
14_tree	720	1280	Canvas/HUD/VerticalUIRoot/VerticalSafeAreaRoot/ContentSlot/Dimension1Panel/Dimension1TreePanel/D1_TreeVisualRoot/OrbitalConstellation/TreeNode_9	1	493.07	404.40	OK	Canvas/HUD/VerticalUIRoot/VerticalSafeAreaRoot/ContentSlot/Dimension1Panel/Dimension1TreePanel/D1_TreeVisualRoot/OrbitalConstellation/TreeNode_9/Fill	Canvas/HUD/VerticalUIRoot/VerticalSafeAreaRoot/ContentSlot/Dimension1Panel/Dimension1TreePanel/D1_TreeVisualRoot/OrbitalConstellation/TreeNode_9
14_tree	720	1280	Canvas/HUD/VerticalUIRoot/VerticalSafeAreaRoot/ContentSlot/Dimension1Panel/Dimension1TreePanel/D1_TreeVisualRoot/OrbitalConstellation/TreeNode_9	2	552.27	404.40	OK	Canvas/HUD/VerticalUIRoot/VerticalSafeAreaRoot/ContentSlot/Dimension1Panel/Dimension1TreePanel/D1_TreeVisualRoot/OrbitalConstellation/TreeNode_9/Fill	Canvas/HUD/VerticalUIRoot/VerticalSafeAreaRoot/ContentSlot/Dimension1Panel/Dimension1TreePanel/D1_TreeVisualRoot/OrbitalConstellation/TreeNode_9
14_tree	720	1280	Canvas/HUD/VerticalUIRoot/VerticalSafeAreaRoot/ContentSlot/Dimension1Panel/Dimension1TreePanel/D1_TreeVisualRoot/OrbitalConstellation/TreeNode_9	3	493.07	483.60	OK	Canvas/HUD/VerticalUIRoot/VerticalSafeAreaRoot/ContentSlot/Dimension1Panel/Dimension1TreePanel/D1_TreeVisualRoot/OrbitalConstellation/TreeNode_9/Fill	Canvas/HUD/VerticalUIRoot/VerticalSafeAreaRoot/ContentSlot/Dimension1Panel/Dimension1TreePanel/D1_TreeVisualRoot/OrbitalConstellation/TreeNode_9
14_tree	720	1280	Canvas/HUD/VerticalUIRoot/VerticalSafeAreaRoot/ContentSlot/Dimension1Panel/Dimension1TreePanel/D1_TreeVisualRoot/OrbitalConstellation/TreeNode_9	4	552.27	483.60	OK	Canvas/HUD/VerticalUIRoot/VerticalSafeAreaRoot/ContentSlot/Dimension1Panel/Dimension1TreePanel/D1_TreeVisualRoot/OrbitalConstellation/TreeNode_9/Fill	Canvas/HUD/VerticalUIRoot/VerticalSafeAreaRoot/ContentSlot/Dimension1Panel/Dimension1TreePanel/D1_TreeVisualRoot/OrbitalConstellation/TreeNode_9
14_tree	720	1280	Canvas/HUD/VerticalUIRoot/VerticalSafeAreaRoot/ContentSlot/Dimension1Panel/Dimension1TreePanel/D1_TreeVisualRoot/OrbitalConstellation/TreeNode_2	0	170.67	950.00	OK	Canvas/HUD/VerticalUIRoot/VerticalSafeAreaRoot/ContentSlot/Dimension1Panel/Dimension1TreePanel/D1_TreeVisualRoot/OrbitalConstellation/TreeNode_2/Fill	Canvas/HUD/VerticalUIRoot/VerticalSafeAreaRoot/ContentSlot/Dimension1Panel/Dimension1TreePanel/D1_TreeVisualRoot/OrbitalConstellation/TreeNode_2
14_tree	720	1280	Canvas/HUD/VerticalUIRoot/VerticalSafeAreaRoot/ContentSlot/Dimension1Panel/Dimension1TreePanel/D1_TreeVisualRoot/OrbitalConstellation/TreeNode_2	1	141.07	910.40	OK	Canvas/HUD/VerticalUIRoot/VerticalSafeAreaRoot/ContentSlot/Dimension1Panel/Dimension1TreePanel/D1_TreeVisualRoot/OrbitalConstellation/TreeNode_2/Fill	Canvas/HUD/VerticalUIRoot/VerticalSafeAreaRoot/ContentSlot/Dimension1Panel/Dimension1TreePanel/D1_TreeVisualRoot/OrbitalConstellation/TreeNode_2
14_tree	720	1280	Canvas/HUD/VerticalUIRoot/VerticalSafeAreaRoot/ContentSlot/Dimension1Panel/Dimension1TreePanel/D1_TreeVisualRoot/OrbitalConstellation/TreeNode_2	2	200.27	910.40	OK	Canvas/HUD/VerticalUIRoot/VerticalSafeAreaRoot/ContentSlot/Dimension1Panel/Dimension1TreePanel/D1_TreeVisualRoot/OrbitalConstellation/TreeNode_2/Fill	Canvas/HUD/VerticalUIRoot/VerticalSafeAreaRoot/ContentSlot/Dimension1Panel/Dimension1TreePanel/D1_TreeVisualRoot/OrbitalConstellation/TreeNode_2
14_tree	720	1280	Canvas/HUD/VerticalUIRoot/VerticalSafeAreaRoot/ContentSlot/Dimension1Panel/Dimension1TreePanel/D1_TreeVisualRoot/OrbitalConstellation/TreeNode_2	3	141.07	989.60	OK	Canvas/HUD/VerticalUIRoot/VerticalSafeAreaRoot/ContentSlot/Dimension1Panel/Dimension1TreePanel/D1_TreeVisualRoot/OrbitalConstellation/TreeNode_2/Fill	Canvas/HUD/VerticalUIRoot/VerticalSafeAreaRoot/ContentSlot/Dimension1Panel/Dimension1TreePanel/D1_TreeVisualRoot/OrbitalConstellation/TreeNode_2
14_tree	720	1280	Canvas/HUD/VerticalUIRoot/VerticalSafeAreaRoot/ContentSlot/Dimension1Panel/Dimension1TreePanel/D1_TreeVisualRoot/OrbitalConstellation/TreeNode_2	4	200.27	989.60	OK	Canvas/HUD/VerticalUIRoot/VerticalSafeAreaRoot/ContentSlot/Dimension1Panel/Dimension1TreePanel/D1_TreeVisualRoot/OrbitalConstellation/TreeNode_2/Fill	Canvas/HUD/VerticalUIRoot/VerticalSafeAreaRoot/ContentSlot/Dimension1Panel/Dimension1TreePanel/D1_TreeVisualRoot/OrbitalConstellation/TreeNode_2
14_tree	720	1280	Canvas/HUD/VerticalUIRoot/VerticalSafeAreaRoot/ContentSlot/Dimension1Panel/Dimension1TreePanel/D1_TreeVisualRoot/OrbitalConstellation/TreeNode_4	0	81.33	763.33	OK	Canvas/HUD/VerticalUIRoot/VerticalSafeAreaRoot/ContentSlot/Dimension1Panel/Dimension1TreePanel/D1_TreeVisualRoot/OrbitalConstellation/TreeNode_4/Fill	Canvas/HUD/VerticalUIRoot/VerticalSafeAreaRoot/ContentSlot/Dimension1Panel/Dimension1TreePanel/D1_TreeVisualRoot/OrbitalConstellation/TreeNode_4
14_tree	720	1280	Canvas/HUD/VerticalUIRoot/VerticalSafeAreaRoot/ContentSlot/Dimension1Panel/Dimension1TreePanel/D1_TreeVisualRoot/OrbitalConstellation/TreeNode_4	1	51.73	723.33	OK	Canvas/HUD/VerticalUIRoot/VerticalSafeAreaRoot/ContentSlot/Dimension1Panel/Dimension1TreePanel/D1_TreeVisualRoot/OrbitalConstellation/TreeNode_4/Fill	Canvas/HUD/VerticalUIRoot/VerticalSafeAreaRoot/ContentSlot/Dimension1Panel/Dimension1TreePanel/D1_TreeVisualRoot/OrbitalConstellation/TreeNode_4
14_tree	720	1280	Canvas/HUD/VerticalUIRoot/VerticalSafeAreaRoot/ContentSlot/Dimension1Panel/Dimension1TreePanel/D1_TreeVisualRoot/OrbitalConstellation/TreeNode_4	2	110.93	723.33	OK	Canvas/HUD/VerticalUIRoot/VerticalSafeAreaRoot/ContentSlot/Dimension1Panel/Dimension1TreePanel/D1_TreeVisualRoot/OrbitalConstellation/TreeNode_4/Fill	Canvas/HUD/VerticalUIRoot/VerticalSafeAreaRoot/ContentSlot/Dimension1Panel/Dimension1TreePanel/D1_TreeVisualRoot/OrbitalConstellation/TreeNode_4
14_tree	720	1280	Canvas/HUD/VerticalUIRoot/VerticalSafeAreaRoot/ContentSlot/Dimension1Panel/Dimension1TreePanel/D1_TreeVisualRoot/OrbitalConstellation/TreeNode_4	3	51.73	803.33	OK	Canvas/HUD/VerticalUIRoot/VerticalSafeAreaRoot/ContentSlot/Dimension1Panel/Dimension1TreePanel/D1_TreeVisualRoot/OrbitalConstellation/TreeNode_4/Fill	Canvas/HUD/VerticalUIRoot/VerticalSafeAreaRoot/ContentSlot/Dimension1Panel/Dimension1TreePanel/D1_TreeVisualRoot/OrbitalConstellation/TreeNode_4
14_tree	720	1280	Canvas/HUD/VerticalUIRoot/VerticalSafeAreaRoot/ContentSlot/Dimension1Panel/Dimension1TreePanel/D1_TreeVisualRoot/OrbitalConstellation/TreeNode_4	4	110.93	803.33	OK	Canvas/HUD/VerticalUIRoot/VerticalSafeAreaRoot/ContentSlot/Dimension1Panel/Dimension1TreePanel/D1_TreeVisualRoot/OrbitalConstellation/TreeNode_4/Fill	Canvas/HUD/VerticalUIRoot/VerticalSafeAreaRoot/ContentSlot/Dimension1Panel/Dimension1TreePanel/D1_TreeVisualRoot/OrbitalConstellation/TreeNode_4
14_tree	720	1280	Canvas/HUD/VerticalUIRoot/VerticalSafeAreaRoot/ContentSlot/Dimension1Panel/Dimension1TreePanel/D1_TreeVisualRoot/BottomNavigation/Nav_RELIQUIAS	0	496.00	73.33	OK	Canvas/HUD/VerticalUIRoot/VerticalSafeAreaRoot/ContentSlot/Dimension1Panel/Dimension1TreePanel/D1_TreeVisualRoot/BottomNavigation/Nav_RELIQUIAS	Canvas/HUD/VerticalUIRoot/VerticalSafeAreaRoot/ContentSlot/Dimension1Panel/Dimension1TreePanel/D1_TreeVisualRoot/BottomNavigation/Nav_RELIQUIAS
14_tree	720	1280	Canvas/HUD/VerticalUIRoot/VerticalSafeAreaRoot/ContentSlot/Dimension1Panel/Dimension1TreePanel/D1_TreeVisualRoot/BottomNavigation/Nav_RELIQUIAS	1	456.40	38.13	OK	Canvas/HUD/VerticalUIRoot/VerticalSafeAreaRoot/ContentSlot/Dimension1Panel/Dimension1TreePanel/D1_TreeVisualRoot/BottomNavigation/Nav_RELIQUIAS	Canvas/HUD/VerticalUIRoot/VerticalSafeAreaRoot/ContentSlot/Dimension1Panel/Dimension1TreePanel/D1_TreeVisualRoot/BottomNavigation/Nav_RELIQUIAS
14_tree	720	1280	Canvas/HUD/VerticalUIRoot/VerticalSafeAreaRoot/ContentSlot/Dimension1Panel/Dimension1TreePanel/D1_TreeVisualRoot/BottomNavigation/Nav_RELIQUIAS	2	535.60	38.13	OK	Canvas/HUD/VerticalUIRoot/VerticalSafeAreaRoot/ContentSlot/Dimension1Panel/Dimension1TreePanel/D1_TreeVisualRoot/BottomNavigation/Nav_RELIQUIAS	Canvas/HUD/VerticalUIRoot/VerticalSafeAreaRoot/ContentSlot/Dimension1Panel/Dimension1TreePanel/D1_TreeVisualRoot/BottomNavigation/Nav_RELIQUIAS
14_tree	720	1280	Canvas/HUD/VerticalUIRoot/VerticalSafeAreaRoot/ContentSlot/Dimension1Panel/Dimension1TreePanel/D1_TreeVisualRoot/BottomNavigation/Nav_RELIQUIAS	3	456.40	108.53	OK	Canvas/HUD/VerticalUIRoot/VerticalSafeAreaRoot/ContentSlot/Dimension1Panel/Dimension1TreePanel/D1_TreeVisualRoot/BottomNavigation/Nav_RELIQUIAS	Canvas/HUD/VerticalUIRoot/VerticalSafeAreaRoot/ContentSlot/Dimension1Panel/Dimension1TreePanel/D1_TreeVisualRoot/BottomNavigation/Nav_RELIQUIAS
14_tree	720	1280	Canvas/HUD/VerticalUIRoot/VerticalSafeAreaRoot/ContentSlot/Dimension1Panel/Dimension1TreePanel/D1_TreeVisualRoot/BottomNavigation/Nav_RELIQUIAS	4	535.60	108.53	OK	Canvas/HUD/VerticalUIRoot/VerticalSafeAreaRoot/ContentSlot/Dimension1Panel/Dimension1TreePanel/D1_TreeVisualRoot/BottomNavigation/Nav_RELIQUIAS	Canvas/HUD/VerticalUIRoot/VerticalSafeAreaRoot/ContentSlot/Dimension1Panel/Dimension1TreePanel/D1_TreeVisualRoot/BottomNavigation/Nav_RELIQUIAS
14_tree	720	1280	Canvas/HUD/VerticalUIRoot/VerticalSafeAreaRoot/ContentSlot/Dimension1Panel/Dimension1TreePanel/D1_TreeVisualRoot/OrbitalConstellation/TreeNode_5	0	638.67	763.33	OK	Canvas/HUD/VerticalUIRoot/VerticalSafeAreaRoot/ContentSlot/Dimension1Panel/Dimension1TreePanel/D1_TreeVisualRoot/OrbitalConstellation/TreeNode_5/Fill	Canvas/HUD/VerticalUIRoot/VerticalSafeAreaRoot/ContentSlot/Dimension1Panel/Dimension1TreePanel/D1_TreeVisualRoot/OrbitalConstellation/TreeNode_5
14_tree	720	1280	Canvas/HUD/VerticalUIRoot/VerticalSafeAreaRoot/ContentSlot/Dimension1Panel/Dimension1TreePanel/D1_TreeVisualRoot/OrbitalConstellation/TreeNode_5	1	609.07	723.33	OK	Canvas/HUD/VerticalUIRoot/VerticalSafeAreaRoot/ContentSlot/Dimension1Panel/Dimension1TreePanel/D1_TreeVisualRoot/OrbitalConstellation/TreeNode_5/Fill	Canvas/HUD/VerticalUIRoot/VerticalSafeAreaRoot/ContentSlot/Dimension1Panel/Dimension1TreePanel/D1_TreeVisualRoot/OrbitalConstellation/TreeNode_5
14_tree	720	1280	Canvas/HUD/VerticalUIRoot/VerticalSafeAreaRoot/ContentSlot/Dimension1Panel/Dimension1TreePanel/D1_TreeVisualRoot/OrbitalConstellation/TreeNode_5	2	668.27	723.33	OK	Canvas/HUD/VerticalUIRoot/VerticalSafeAreaRoot/ContentSlot/Dimension1Panel/Dimension1TreePanel/D1_TreeVisualRoot/OrbitalConstellation/TreeNode_5/Fill	Canvas/HUD/VerticalUIRoot/VerticalSafeAreaRoot/ContentSlot/Dimension1Panel/Dimension1TreePanel/D1_TreeVisualRoot/OrbitalConstellation/TreeNode_5
14_tree	720	1280	Canvas/HUD/VerticalUIRoot/VerticalSafeAreaRoot/ContentSlot/Dimension1Panel/Dimension1TreePanel/D1_TreeVisualRoot/OrbitalConstellation/TreeNode_5	3	609.07	803.33	OK	Canvas/HUD/VerticalUIRoot/VerticalSafeAreaRoot/ContentSlot/Dimension1Panel/Dimension1TreePanel/D1_TreeVisualRoot/OrbitalConstellation/TreeNode_5/Fill	Canvas/HUD/VerticalUIRoot/VerticalSafeAreaRoot/ContentSlot/Dimension1Panel/Dimension1TreePanel/D1_TreeVisualRoot/OrbitalConstellation/TreeNode_5
14_tree	720	1280	Canvas/HUD/VerticalUIRoot/VerticalSafeAreaRoot/ContentSlot/Dimension1Panel/Dimension1TreePanel/D1_TreeVisualRoot/OrbitalConstellation/TreeNode_5	4	668.27	803.33	OK	Canvas/HUD/VerticalUIRoot/VerticalSafeAreaRoot/ContentSlot/Dimension1Panel/Dimension1TreePanel/D1_TreeVisualRoot/OrbitalConstellation/TreeNode_5/Fill	Canvas/HUD/VerticalUIRoot/VerticalSafeAreaRoot/ContentSlot/Dimension1Panel/Dimension1TreePanel/D1_TreeVisualRoot/OrbitalConstellation/TreeNode_5
14_tree	720	1280	Canvas/HUD/VerticalUIRoot/VerticalSafeAreaRoot/ContentSlot/Dimension1Panel/Dimension1TreePanel/D1_TreeVisualRoot/OrbitalConstellation/TreeNode_7	0	612.00	593.33	OK	Canvas/HUD/VerticalUIRoot/VerticalSafeAreaRoot/ContentSlot/Dimension1Panel/Dimension1TreePanel/D1_TreeVisualRoot/OrbitalConstellation/TreeNode_7/Fill	Canvas/HUD/VerticalUIRoot/VerticalSafeAreaRoot/ContentSlot/Dimension1Panel/Dimension1TreePanel/D1_TreeVisualRoot/OrbitalConstellation/TreeNode_7
14_tree	720	1280	Canvas/HUD/VerticalUIRoot/VerticalSafeAreaRoot/ContentSlot/Dimension1Panel/Dimension1TreePanel/D1_TreeVisualRoot/OrbitalConstellation/TreeNode_7	1	582.40	552.93	OK	Canvas/HUD/VerticalUIRoot/VerticalSafeAreaRoot/ContentSlot/Dimension1Panel/Dimension1TreePanel/D1_TreeVisualRoot/OrbitalConstellation/TreeNode_7/Fill	Canvas/HUD/VerticalUIRoot/VerticalSafeAreaRoot/ContentSlot/Dimension1Panel/Dimension1TreePanel/D1_TreeVisualRoot/OrbitalConstellation/TreeNode_7
14_tree	720	1280	Canvas/HUD/VerticalUIRoot/VerticalSafeAreaRoot/ContentSlot/Dimension1Panel/Dimension1TreePanel/D1_TreeVisualRoot/OrbitalConstellation/TreeNode_7	2	641.60	552.93	OK	Canvas/HUD/VerticalUIRoot/VerticalSafeAreaRoot/ContentSlot/Dimension1Panel/Dimension1TreePanel/D1_TreeVisualRoot/OrbitalConstellation/TreeNode_7/Fill	Canvas/HUD/VerticalUIRoot/VerticalSafeAreaRoot/ContentSlot/Dimension1Panel/Dimension1TreePanel/D1_TreeVisualRoot/OrbitalConstellation/TreeNode_7
14_tree	720	1280	Canvas/HUD/VerticalUIRoot/VerticalSafeAreaRoot/ContentSlot/Dimension1Panel/Dimension1TreePanel/D1_TreeVisualRoot/OrbitalConstellation/TreeNode_7	3	582.40	633.73	OK	Canvas/HUD/VerticalUIRoot/VerticalSafeAreaRoot/ContentSlot/Dimension1Panel/Dimension1TreePanel/D1_TreeVisualRoot/OrbitalConstellation/TreeNode_7/Fill	Canvas/HUD/VerticalUIRoot/VerticalSafeAreaRoot/ContentSlot/Dimension1Panel/Dimension1TreePanel/D1_TreeVisualRoot/OrbitalConstellation/TreeNode_7
14_tree	720	1280	Canvas/HUD/VerticalUIRoot/VerticalSafeAreaRoot/ContentSlot/Dimension1Panel/Dimension1TreePanel/D1_TreeVisualRoot/OrbitalConstellation/TreeNode_7	4	641.60	633.73	OK	Canvas/HUD/VerticalUIRoot/VerticalSafeAreaRoot/ContentSlot/Dimension1Panel/Dimension1TreePanel/D1_TreeVisualRoot/OrbitalConstellation/TreeNode_7/Fill	Canvas/HUD/VerticalUIRoot/VerticalSafeAreaRoot/ContentSlot/Dimension1Panel/Dimension1TreePanel/D1_TreeVisualRoot/OrbitalConstellation/TreeNode_7
14_tree	720	1280	Canvas/HUD/VerticalUIRoot/VerticalSafeAreaRoot/ContentSlot/Dimension1Panel/Dimension1TreePanel/D1_TreeVisualRoot/BottomNavigation/Nav_HANGAR	0	358.00	73.33	OK	Canvas/HUD/VerticalUIRoot/VerticalSafeAreaRoot/ContentSlot/Dimension1Panel/Dimension1TreePanel/D1_TreeVisualRoot/BottomNavigation/Nav_HANGAR	Canvas/HUD/VerticalUIRoot/VerticalSafeAreaRoot/ContentSlot/Dimension1Panel/Dimension1TreePanel/D1_TreeVisualRoot/BottomNavigation/Nav_HANGAR
14_tree	720	1280	Canvas/HUD/VerticalUIRoot/VerticalSafeAreaRoot/ContentSlot/Dimension1Panel/Dimension1TreePanel/D1_TreeVisualRoot/BottomNavigation/Nav_HANGAR	1	318.40	38.13	OK	Canvas/HUD/VerticalUIRoot/VerticalSafeAreaRoot/ContentSlot/Dimension1Panel/Dimension1TreePanel/D1_TreeVisualRoot/BottomNavigation/Nav_HANGAR	Canvas/HUD/VerticalUIRoot/VerticalSafeAreaRoot/ContentSlot/Dimension1Panel/Dimension1TreePanel/D1_TreeVisualRoot/BottomNavigation/Nav_HANGAR
14_tree	720	1280	Canvas/HUD/VerticalUIRoot/VerticalSafeAreaRoot/ContentSlot/Dimension1Panel/Dimension1TreePanel/D1_TreeVisualRoot/BottomNavigation/Nav_HANGAR	2	397.60	38.13	OK	Canvas/HUD/VerticalUIRoot/VerticalSafeAreaRoot/ContentSlot/Dimension1Panel/Dimension1TreePanel/D1_TreeVisualRoot/BottomNavigation/Nav_HANGAR	Canvas/HUD/VerticalUIRoot/VerticalSafeAreaRoot/ContentSlot/Dimension1Panel/Dimension1TreePanel/D1_TreeVisualRoot/BottomNavigation/Nav_HANGAR
14_tree	720	1280	Canvas/HUD/VerticalUIRoot/VerticalSafeAreaRoot/ContentSlot/Dimension1Panel/Dimension1TreePanel/D1_TreeVisualRoot/BottomNavigation/Nav_HANGAR	3	318.40	108.53	OK	Canvas/HUD/VerticalUIRoot/VerticalSafeAreaRoot/ContentSlot/Dimension1Panel/Dimension1TreePanel/D1_TreeVisualRoot/BottomNavigation/Nav_HANGAR	Canvas/HUD/VerticalUIRoot/VerticalSafeAreaRoot/ContentSlot/Dimension1Panel/Dimension1TreePanel/D1_TreeVisualRoot/BottomNavigation/Nav_HANGAR
14_tree	720	1280	Canvas/HUD/VerticalUIRoot/VerticalSafeAreaRoot/ContentSlot/Dimension1Panel/Dimension1TreePanel/D1_TreeVisualRoot/BottomNavigation/Nav_HANGAR	4	397.60	108.53	OK	Canvas/HUD/VerticalUIRoot/VerticalSafeAreaRoot/ContentSlot/Dimension1Panel/Dimension1TreePanel/D1_TreeVisualRoot/BottomNavigation/Nav_HANGAR	Canvas/HUD/VerticalUIRoot/VerticalSafeAreaRoot/ContentSlot/Dimension1Panel/Dimension1TreePanel/D1_TreeVisualRoot/BottomNavigation/Nav_HANGAR
14_tree	720	1280	Canvas/HUD/VerticalUIRoot/VerticalSafeAreaRoot/ContentSlot/Dimension1Panel/Dimension1TreePanel/D1_TreeVisualRoot/OrbitalConstellation/TreeNode_3	0	549.33	950.00	OK	Canvas/HUD/VerticalUIRoot/VerticalSafeAreaRoot/ContentSlot/Dimension1Panel/Dimension1TreePanel/D1_TreeVisualRoot/OrbitalConstellation/TreeNode_3/Fill	Canvas/HUD/VerticalUIRoot/VerticalSafeAreaRoot/ContentSlot/Dimension1Panel/Dimension1TreePanel/D1_TreeVisualRoot/OrbitalConstellation/TreeNode_3
14_tree	720	1280	Canvas/HUD/VerticalUIRoot/VerticalSafeAreaRoot/ContentSlot/Dimension1Panel/Dimension1TreePanel/D1_TreeVisualRoot/OrbitalConstellation/TreeNode_3	1	519.73	910.40	OK	Canvas/HUD/VerticalUIRoot/VerticalSafeAreaRoot/ContentSlot/Dimension1Panel/Dimension1TreePanel/D1_TreeVisualRoot/OrbitalConstellation/TreeNode_3/Fill	Canvas/HUD/VerticalUIRoot/VerticalSafeAreaRoot/ContentSlot/Dimension1Panel/Dimension1TreePanel/D1_TreeVisualRoot/OrbitalConstellation/TreeNode_3
14_tree	720	1280	Canvas/HUD/VerticalUIRoot/VerticalSafeAreaRoot/ContentSlot/Dimension1Panel/Dimension1TreePanel/D1_TreeVisualRoot/OrbitalConstellation/TreeNode_3	2	578.93	910.40	OK	Canvas/HUD/VerticalUIRoot/VerticalSafeAreaRoot/ContentSlot/Dimension1Panel/Dimension1TreePanel/D1_TreeVisualRoot/OrbitalConstellation/TreeNode_3/Fill	Canvas/HUD/VerticalUIRoot/VerticalSafeAreaRoot/ContentSlot/Dimension1Panel/Dimension1TreePanel/D1_TreeVisualRoot/OrbitalConstellation/TreeNode_3
14_tree	720	1280	Canvas/HUD/VerticalUIRoot/VerticalSafeAreaRoot/ContentSlot/Dimension1Panel/Dimension1TreePanel/D1_TreeVisualRoot/OrbitalConstellation/TreeNode_3	3	519.73	989.60	OK	Canvas/HUD/VerticalUIRoot/VerticalSafeAreaRoot/ContentSlot/Dimension1Panel/Dimension1TreePanel/D1_TreeVisualRoot/OrbitalConstellation/TreeNode_3/Fill	Canvas/HUD/VerticalUIRoot/VerticalSafeAreaRoot/ContentSlot/Dimension1Panel/Dimension1TreePanel/D1_TreeVisualRoot/OrbitalConstellation/TreeNode_3
14_tree	720	1280	Canvas/HUD/VerticalUIRoot/VerticalSafeAreaRoot/ContentSlot/Dimension1Panel/Dimension1TreePanel/D1_TreeVisualRoot/OrbitalConstellation/TreeNode_3	4	578.93	989.60	OK	Canvas/HUD/VerticalUIRoot/VerticalSafeAreaRoot/ContentSlot/Dimension1Panel/Dimension1TreePanel/D1_TreeVisualRoot/OrbitalConstellation/TreeNode_3/Fill	Canvas/HUD/VerticalUIRoot/VerticalSafeAreaRoot/ContentSlot/Dimension1Panel/Dimension1TreePanel/D1_TreeVisualRoot/OrbitalConstellation/TreeNode_3
14_tree	720	1280	Canvas/HUD/VerticalUIRoot/VerticalSafeAreaRoot/ContentSlot/Dimension1Panel/Dimension1TreePanel/D1_TreeVisualRoot/BottomNavigation/Nav_EXPLORAR	0	220.00	73.33	OK	Canvas/HUD/VerticalUIRoot/VerticalSafeAreaRoot/ContentSlot/Dimension1Panel/Dimension1TreePanel/D1_TreeVisualRoot/BottomNavigation/Nav_EXPLORAR	Canvas/HUD/VerticalUIRoot/VerticalSafeAreaRoot/ContentSlot/Dimension1Panel/Dimension1TreePanel/D1_TreeVisualRoot/BottomNavigation/Nav_EXPLORAR
14_tree	720	1280	Canvas/HUD/VerticalUIRoot/VerticalSafeAreaRoot/ContentSlot/Dimension1Panel/Dimension1TreePanel/D1_TreeVisualRoot/BottomNavigation/Nav_EXPLORAR	1	180.40	38.13	OK	Canvas/HUD/VerticalUIRoot/VerticalSafeAreaRoot/ContentSlot/Dimension1Panel/Dimension1TreePanel/D1_TreeVisualRoot/BottomNavigation/Nav_EXPLORAR	Canvas/HUD/VerticalUIRoot/VerticalSafeAreaRoot/ContentSlot/Dimension1Panel/Dimension1TreePanel/D1_TreeVisualRoot/BottomNavigation/Nav_EXPLORAR
14_tree	720	1280	Canvas/HUD/VerticalUIRoot/VerticalSafeAreaRoot/ContentSlot/Dimension1Panel/Dimension1TreePanel/D1_TreeVisualRoot/BottomNavigation/Nav_EXPLORAR	2	259.60	38.13	OK	Canvas/HUD/VerticalUIRoot/VerticalSafeAreaRoot/ContentSlot/Dimension1Panel/Dimension1TreePanel/D1_TreeVisualRoot/BottomNavigation/Nav_EXPLORAR	Canvas/HUD/VerticalUIRoot/VerticalSafeAreaRoot/ContentSlot/Dimension1Panel/Dimension1TreePanel/D1_TreeVisualRoot/BottomNavigation/Nav_EXPLORAR
14_tree	720	1280	Canvas/HUD/VerticalUIRoot/VerticalSafeAreaRoot/ContentSlot/Dimension1Panel/Dimension1TreePanel/D1_TreeVisualRoot/BottomNavigation/Nav_EXPLORAR	3	180.40	108.53	OK	Canvas/HUD/VerticalUIRoot/VerticalSafeAreaRoot/ContentSlot/Dimension1Panel/Dimension1TreePanel/D1_TreeVisualRoot/BottomNavigation/Nav_EXPLORAR	Canvas/HUD/VerticalUIRoot/VerticalSafeAreaRoot/ContentSlot/Dimension1Panel/Dimension1TreePanel/D1_TreeVisualRoot/BottomNavigation/Nav_EXPLORAR
14_tree	720	1280	Canvas/HUD/VerticalUIRoot/VerticalSafeAreaRoot/ContentSlot/Dimension1Panel/Dimension1TreePanel/D1_TreeVisualRoot/BottomNavigation/Nav_EXPLORAR	4	259.60	108.53	OK	Canvas/HUD/VerticalUIRoot/VerticalSafeAreaRoot/ContentSlot/Dimension1Panel/Dimension1TreePanel/D1_TreeVisualRoot/BottomNavigation/Nav_EXPLORAR	Canvas/HUD/VerticalUIRoot/VerticalSafeAreaRoot/ContentSlot/Dimension1Panel/Dimension1TreePanel/D1_TreeVisualRoot/BottomNavigation/Nav_EXPLORAR
14_tree	720	1280	Canvas/HUD/VerticalUIRoot/VerticalSafeAreaRoot/ContentSlot/Dimension1Panel/Dimension1TreePanel/D1_TreeVisualRoot/OrbitalConstellation/TreeNode_8	0	197.33	444.00	OK	Canvas/HUD/VerticalUIRoot/VerticalSafeAreaRoot/ContentSlot/Dimension1Panel/Dimension1TreePanel/D1_TreeVisualRoot/OrbitalConstellation/TreeNode_8/Fill	Canvas/HUD/VerticalUIRoot/VerticalSafeAreaRoot/ContentSlot/Dimension1Panel/Dimension1TreePanel/D1_TreeVisualRoot/OrbitalConstellation/TreeNode_8
14_tree	720	1280	Canvas/HUD/VerticalUIRoot/VerticalSafeAreaRoot/ContentSlot/Dimension1Panel/Dimension1TreePanel/D1_TreeVisualRoot/OrbitalConstellation/TreeNode_8	1	167.73	404.40	OK	Canvas/HUD/VerticalUIRoot/VerticalSafeAreaRoot/ContentSlot/Dimension1Panel/Dimension1TreePanel/D1_TreeVisualRoot/OrbitalConstellation/TreeNode_8/Fill	Canvas/HUD/VerticalUIRoot/VerticalSafeAreaRoot/ContentSlot/Dimension1Panel/Dimension1TreePanel/D1_TreeVisualRoot/OrbitalConstellation/TreeNode_8
14_tree	720	1280	Canvas/HUD/VerticalUIRoot/VerticalSafeAreaRoot/ContentSlot/Dimension1Panel/Dimension1TreePanel/D1_TreeVisualRoot/OrbitalConstellation/TreeNode_8	2	226.93	404.40	OK	Canvas/HUD/VerticalUIRoot/VerticalSafeAreaRoot/ContentSlot/Dimension1Panel/Dimension1TreePanel/D1_TreeVisualRoot/OrbitalConstellation/TreeNode_8/Fill	Canvas/HUD/VerticalUIRoot/VerticalSafeAreaRoot/ContentSlot/Dimension1Panel/Dimension1TreePanel/D1_TreeVisualRoot/OrbitalConstellation/TreeNode_8
14_tree	720	1280	Canvas/HUD/VerticalUIRoot/VerticalSafeAreaRoot/ContentSlot/Dimension1Panel/Dimension1TreePanel/D1_TreeVisualRoot/OrbitalConstellation/TreeNode_8	3	167.73	483.60	OK	Canvas/HUD/VerticalUIRoot/VerticalSafeAreaRoot/ContentSlot/Dimension1Panel/Dimension1TreePanel/D1_TreeVisualRoot/OrbitalConstellation/TreeNode_8/Fill	Canvas/HUD/VerticalUIRoot/VerticalSafeAreaRoot/ContentSlot/Dimension1Panel/Dimension1TreePanel/D1_TreeVisualRoot/OrbitalConstellation/TreeNode_8
14_tree	720	1280	Canvas/HUD/VerticalUIRoot/VerticalSafeAreaRoot/ContentSlot/Dimension1Panel/Dimension1TreePanel/D1_TreeVisualRoot/OrbitalConstellation/TreeNode_8	4	226.93	483.60	OK	Canvas/HUD/VerticalUIRoot/VerticalSafeAreaRoot/ContentSlot/Dimension1Panel/Dimension1TreePanel/D1_TreeVisualRoot/OrbitalConstellation/TreeNode_8/Fill	Canvas/HUD/VerticalUIRoot/VerticalSafeAreaRoot/ContentSlot/Dimension1Panel/Dimension1TreePanel/D1_TreeVisualRoot/OrbitalConstellation/TreeNode_8
14_tree	720	1280	Canvas/HUD/VerticalUIRoot/VerticalSafeAreaRoot/ContentSlot/Dimension1Panel/Dimension1TreePanel/D1_TreeVisualRoot/OrbitalConstellation/TreeNode_6	0	108.00	593.33	OK	Canvas/HUD/VerticalUIRoot/VerticalSafeAreaRoot/ContentSlot/Dimension1Panel/Dimension1TreePanel/D1_TreeVisualRoot/OrbitalConstellation/TreeNode_6/Fill	Canvas/HUD/VerticalUIRoot/VerticalSafeAreaRoot/ContentSlot/Dimension1Panel/Dimension1TreePanel/D1_TreeVisualRoot/OrbitalConstellation/TreeNode_6
14_tree	720	1280	Canvas/HUD/VerticalUIRoot/VerticalSafeAreaRoot/ContentSlot/Dimension1Panel/Dimension1TreePanel/D1_TreeVisualRoot/OrbitalConstellation/TreeNode_6	1	78.40	552.93	OK	Canvas/HUD/VerticalUIRoot/VerticalSafeAreaRoot/ContentSlot/Dimension1Panel/Dimension1TreePanel/D1_TreeVisualRoot/OrbitalConstellation/TreeNode_6/Fill	Canvas/HUD/VerticalUIRoot/VerticalSafeAreaRoot/ContentSlot/Dimension1Panel/Dimension1TreePanel/D1_TreeVisualRoot/OrbitalConstellation/TreeNode_6
14_tree	720	1280	Canvas/HUD/VerticalUIRoot/VerticalSafeAreaRoot/ContentSlot/Dimension1Panel/Dimension1TreePanel/D1_TreeVisualRoot/OrbitalConstellation/TreeNode_6	2	137.60	552.93	OK	Canvas/HUD/VerticalUIRoot/VerticalSafeAreaRoot/ContentSlot/Dimension1Panel/Dimension1TreePanel/D1_TreeVisualRoot/OrbitalConstellation/TreeNode_6/Fill	Canvas/HUD/VerticalUIRoot/VerticalSafeAreaRoot/ContentSlot/Dimension1Panel/Dimension1TreePanel/D1_TreeVisualRoot/OrbitalConstellation/TreeNode_6
14_tree	720	1280	Canvas/HUD/VerticalUIRoot/VerticalSafeAreaRoot/ContentSlot/Dimension1Panel/Dimension1TreePanel/D1_TreeVisualRoot/OrbitalConstellation/TreeNode_6	3	78.40	633.73	OK	Canvas/HUD/VerticalUIRoot/VerticalSafeAreaRoot/ContentSlot/Dimension1Panel/Dimension1TreePanel/D1_TreeVisualRoot/OrbitalConstellation/TreeNode_6/Fill	Canvas/HUD/VerticalUIRoot/VerticalSafeAreaRoot/ContentSlot/Dimension1Panel/Dimension1TreePanel/D1_TreeVisualRoot/OrbitalConstellation/TreeNode_6
14_tree	720	1280	Canvas/HUD/VerticalUIRoot/VerticalSafeAreaRoot/ContentSlot/Dimension1Panel/Dimension1TreePanel/D1_TreeVisualRoot/OrbitalConstellation/TreeNode_6	4	137.60	633.73	OK	Canvas/HUD/VerticalUIRoot/VerticalSafeAreaRoot/ContentSlot/Dimension1Panel/Dimension1TreePanel/D1_TreeVisualRoot/OrbitalConstellation/TreeNode_6/Fill	Canvas/HUD/VerticalUIRoot/VerticalSafeAreaRoot/ContentSlot/Dimension1Panel/Dimension1TreePanel/D1_TreeVisualRoot/OrbitalConstellation/TreeNode_6
14_tree	720	1280	Canvas/HUD/VerticalUIRoot/VerticalSafeAreaRoot/ContentSlot/Dimension1Panel/Dimension1TreePanel/D1_TreeVisualRoot/OrbitalConstellation/TreeNode_10	0	360.00	385.33	OK	Canvas/HUD/VerticalUIRoot/VerticalSafeAreaRoot/ContentSlot/Dimension1Panel/Dimension1TreePanel/D1_TreeVisualRoot/OrbitalConstellation/TreeNode_10/Fill	Canvas/HUD/VerticalUIRoot/VerticalSafeAreaRoot/ContentSlot/Dimension1Panel/Dimension1TreePanel/D1_TreeVisualRoot/OrbitalConstellation/TreeNode_10
14_tree	720	1280	Canvas/HUD/VerticalUIRoot/VerticalSafeAreaRoot/ContentSlot/Dimension1Panel/Dimension1TreePanel/D1_TreeVisualRoot/OrbitalConstellation/TreeNode_10	1	326.00	348.53	OK	Canvas/HUD/VerticalUIRoot/VerticalSafeAreaRoot/ContentSlot/Dimension1Panel/Dimension1TreePanel/D1_TreeVisualRoot/OrbitalConstellation/TreeNode_10/Fill	Canvas/HUD/VerticalUIRoot/VerticalSafeAreaRoot/ContentSlot/Dimension1Panel/Dimension1TreePanel/D1_TreeVisualRoot/OrbitalConstellation/TreeNode_10
14_tree	720	1280	Canvas/HUD/VerticalUIRoot/VerticalSafeAreaRoot/ContentSlot/Dimension1Panel/Dimension1TreePanel/D1_TreeVisualRoot/OrbitalConstellation/TreeNode_10	2	394.00	348.53	OK	Canvas/HUD/VerticalUIRoot/VerticalSafeAreaRoot/ContentSlot/Dimension1Panel/Dimension1TreePanel/D1_TreeVisualRoot/OrbitalConstellation/TreeNode_10/Fill	Canvas/HUD/VerticalUIRoot/VerticalSafeAreaRoot/ContentSlot/Dimension1Panel/Dimension1TreePanel/D1_TreeVisualRoot/OrbitalConstellation/TreeNode_10
14_tree	720	1280	Canvas/HUD/VerticalUIRoot/VerticalSafeAreaRoot/ContentSlot/Dimension1Panel/Dimension1TreePanel/D1_TreeVisualRoot/OrbitalConstellation/TreeNode_10	3	326.00	422.13	OK	Canvas/HUD/VerticalUIRoot/VerticalSafeAreaRoot/ContentSlot/Dimension1Panel/Dimension1TreePanel/D1_TreeVisualRoot/OrbitalConstellation/TreeNode_10/Fill	Canvas/HUD/VerticalUIRoot/VerticalSafeAreaRoot/ContentSlot/Dimension1Panel/Dimension1TreePanel/D1_TreeVisualRoot/OrbitalConstellation/TreeNode_10
14_tree	720	1280	Canvas/HUD/VerticalUIRoot/VerticalSafeAreaRoot/ContentSlot/Dimension1Panel/Dimension1TreePanel/D1_TreeVisualRoot/OrbitalConstellation/TreeNode_10	4	394.00	422.13	OK	Canvas/HUD/VerticalUIRoot/VerticalSafeAreaRoot/ContentSlot/Dimension1Panel/Dimension1TreePanel/D1_TreeVisualRoot/OrbitalConstellation/TreeNode_10/Fill	Canvas/HUD/VerticalUIRoot/VerticalSafeAreaRoot/ContentSlot/Dimension1Panel/Dimension1TreePanel/D1_TreeVisualRoot/OrbitalConstellation/TreeNode_10
14_tree	720	1280	Canvas/HUD/VerticalUIRoot/VerticalSafeAreaRoot/ContentSlot/Dimension1Panel/Dimension1TreePanel/D1_TreeVisualRoot/OrbitalConstellation/TreeNode_1	0	360.00	1026.00	OK	Canvas/HUD/VerticalUIRoot/VerticalSafeAreaRoot/ContentSlot/Dimension1Panel/Dimension1TreePanel/D1_TreeVisualRoot/OrbitalConstellation/TreeNode_1/Fill	Canvas/HUD/VerticalUIRoot/VerticalSafeAreaRoot/ContentSlot/Dimension1Panel/Dimension1TreePanel/D1_TreeVisualRoot/OrbitalConstellation/TreeNode_1
14_tree	720	1280	Canvas/HUD/VerticalUIRoot/VerticalSafeAreaRoot/ContentSlot/Dimension1Panel/Dimension1TreePanel/D1_TreeVisualRoot/OrbitalConstellation/TreeNode_1	1	330.00	987.20	OK	Canvas/HUD/VerticalUIRoot/VerticalSafeAreaRoot/ContentSlot/Dimension1Panel/Dimension1TreePanel/D1_TreeVisualRoot/OrbitalConstellation/TreeNode_1/Fill	Canvas/HUD/VerticalUIRoot/VerticalSafeAreaRoot/ContentSlot/Dimension1Panel/Dimension1TreePanel/D1_TreeVisualRoot/OrbitalConstellation/TreeNode_1
14_tree	720	1280	Canvas/HUD/VerticalUIRoot/VerticalSafeAreaRoot/ContentSlot/Dimension1Panel/Dimension1TreePanel/D1_TreeVisualRoot/OrbitalConstellation/TreeNode_1	2	390.00	987.20	OK	Canvas/HUD/VerticalUIRoot/VerticalSafeAreaRoot/ContentSlot/Dimension1Panel/Dimension1TreePanel/D1_TreeVisualRoot/OrbitalConstellation/TreeNode_1/Fill	Canvas/HUD/VerticalUIRoot/VerticalSafeAreaRoot/ContentSlot/Dimension1Panel/Dimension1TreePanel/D1_TreeVisualRoot/OrbitalConstellation/TreeNode_1
14_tree	720	1280	Canvas/HUD/VerticalUIRoot/VerticalSafeAreaRoot/ContentSlot/Dimension1Panel/Dimension1TreePanel/D1_TreeVisualRoot/OrbitalConstellation/TreeNode_1	3	330.00	1064.80	OK	Canvas/HUD/VerticalUIRoot/VerticalSafeAreaRoot/ContentSlot/Dimension1Panel/Dimension1TreePanel/D1_TreeVisualRoot/OrbitalConstellation/TreeNode_1/Fill	Canvas/HUD/VerticalUIRoot/VerticalSafeAreaRoot/ContentSlot/Dimension1Panel/Dimension1TreePanel/D1_TreeVisualRoot/OrbitalConstellation/TreeNode_1
14_tree	720	1280	Canvas/HUD/VerticalUIRoot/VerticalSafeAreaRoot/ContentSlot/Dimension1Panel/Dimension1TreePanel/D1_TreeVisualRoot/OrbitalConstellation/TreeNode_1	4	390.00	1064.80	OK	Canvas/HUD/VerticalUIRoot/VerticalSafeAreaRoot/ContentSlot/Dimension1Panel/Dimension1TreePanel/D1_TreeVisualRoot/OrbitalConstellation/TreeNode_1/Fill	Canvas/HUD/VerticalUIRoot/VerticalSafeAreaRoot/ContentSlot/Dimension1Panel/Dimension1TreePanel/D1_TreeVisualRoot/OrbitalConstellation/TreeNode_1
14_tree	720	1280	Canvas/HUD/VerticalUIRoot/VerticalSafeAreaRoot/ContentSlot/Dimension1Panel/Registro	0	-40.00	950.67	OFFSCREEN	<none>	<none>
14_tree	720	1280	Canvas/HUD/VerticalUIRoot/VerticalSafeAreaRoot/ContentSlot/Dimension1Panel/Registro	1	-72.00	944.67	OFFSCREEN	<none>	<none>
14_tree	720	1280	Canvas/HUD/VerticalUIRoot/VerticalSafeAreaRoot/ContentSlot/Dimension1Panel/Registro	2	-8.00	944.67	OFFSCREEN	<none>	<none>
14_tree	720	1280	Canvas/HUD/VerticalUIRoot/VerticalSafeAreaRoot/ContentSlot/Dimension1Panel/Registro	3	-72.00	956.67	OFFSCREEN	<none>	<none>
14_tree	720	1280	Canvas/HUD/VerticalUIRoot/VerticalSafeAreaRoot/ContentSlot/Dimension1Panel/Registro	4	-8.00	956.67	OFFSCREEN	<none>	<none>
14_tree	720	1280	Canvas/HUD/VerticalUIRoot/VerticalSafeAreaRoot/ContentSlot/Dimension1Panel/Dimension1TreePanel/D1_TreeVisualRoot/CommandCenter	0	74.67	1178.67	OK	Canvas/HUD/VerticalUIRoot/VerticalSafeAreaRoot/ContentSlot/Dimension1Panel/Dimension1TreePanel/D1_TreeVisualRoot/CommandCenter	Canvas/HUD/VerticalUIRoot/VerticalSafeAreaRoot/ContentSlot/Dimension1Panel/Dimension1TreePanel/D1_TreeVisualRoot/CommandCenter
14_tree	720	1280	Canvas/HUD/VerticalUIRoot/VerticalSafeAreaRoot/ContentSlot/Dimension1Panel/Dimension1TreePanel/D1_TreeVisualRoot/CommandCenter	1	39.47	1158.67	OK	Canvas/HUD/VerticalUIRoot/VerticalSafeAreaRoot/ContentSlot/Dimension1Panel/Dimension1TreePanel/D1_TreeVisualRoot/CommandCenter	Canvas/HUD/VerticalUIRoot/VerticalSafeAreaRoot/ContentSlot/Dimension1Panel/Dimension1TreePanel/D1_TreeVisualRoot/CommandCenter
14_tree	720	1280	Canvas/HUD/VerticalUIRoot/VerticalSafeAreaRoot/ContentSlot/Dimension1Panel/Dimension1TreePanel/D1_TreeVisualRoot/CommandCenter	2	109.87	1158.67	OK	Canvas/HUD/VerticalUIRoot/VerticalSafeAreaRoot/ContentSlot/Dimension1Panel/Dimension1TreePanel/D1_TreeVisualRoot/CommandCenter	Canvas/HUD/VerticalUIRoot/VerticalSafeAreaRoot/ContentSlot/Dimension1Panel/Dimension1TreePanel/D1_TreeVisualRoot/CommandCenter
14_tree	720	1280	Canvas/HUD/VerticalUIRoot/VerticalSafeAreaRoot/ContentSlot/Dimension1Panel/Dimension1TreePanel/D1_TreeVisualRoot/CommandCenter	3	39.47	1198.67	OK	Canvas/HUD/VerticalUIRoot/VerticalSafeAreaRoot/ContentSlot/Dimension1Panel/Dimension1TreePanel/D1_TreeVisualRoot/CommandCenter	Canvas/HUD/VerticalUIRoot/VerticalSafeAreaRoot/ContentSlot/Dimension1Panel/Dimension1TreePanel/D1_TreeVisualRoot/CommandCenter
14_tree	720	1280	Canvas/HUD/VerticalUIRoot/VerticalSafeAreaRoot/ContentSlot/Dimension1Panel/Dimension1TreePanel/D1_TreeVisualRoot/CommandCenter	4	109.87	1198.67	OK	Canvas/HUD/VerticalUIRoot/VerticalSafeAreaRoot/ContentSlot/Dimension1Panel/Dimension1TreePanel/D1_TreeVisualRoot/CommandCenter	Canvas/HUD/VerticalUIRoot/VerticalSafeAreaRoot/ContentSlot/Dimension1Panel/Dimension1TreePanel/D1_TreeVisualRoot/CommandCenter
14_tree	720	1280	Canvas/HUD/VerticalUIRoot/VerticalSafeAreaRoot/ContentSlot/Dimension1Panel/Dimension1TreePanel/D1_TreeVisualRoot/BottomNavigation/Nav_GALAXIA	0	82.00	73.33	OK	Canvas/HUD/VerticalUIRoot/VerticalSafeAreaRoot/ContentSlot/Dimension1Panel/Dimension1TreePanel/D1_TreeVisualRoot/BottomNavigation/Nav_GALAXIA	Canvas/HUD/VerticalUIRoot/VerticalSafeAreaRoot/ContentSlot/Dimension1Panel/Dimension1TreePanel/D1_TreeVisualRoot/BottomNavigation/Nav_GALAXIA
14_tree	720	1280	Canvas/HUD/VerticalUIRoot/VerticalSafeAreaRoot/ContentSlot/Dimension1Panel/Dimension1TreePanel/D1_TreeVisualRoot/BottomNavigation/Nav_GALAXIA	1	42.40	38.13	OK	Canvas/HUD/VerticalUIRoot/VerticalSafeAreaRoot/ContentSlot/Dimension1Panel/Dimension1TreePanel/D1_TreeVisualRoot/BottomNavigation/Nav_GALAXIA	Canvas/HUD/VerticalUIRoot/VerticalSafeAreaRoot/ContentSlot/Dimension1Panel/Dimension1TreePanel/D1_TreeVisualRoot/BottomNavigation/Nav_GALAXIA
14_tree	720	1280	Canvas/HUD/VerticalUIRoot/VerticalSafeAreaRoot/ContentSlot/Dimension1Panel/Dimension1TreePanel/D1_TreeVisualRoot/BottomNavigation/Nav_GALAXIA	2	121.60	38.13	OK	Canvas/HUD/VerticalUIRoot/VerticalSafeAreaRoot/ContentSlot/Dimension1Panel/Dimension1TreePanel/D1_TreeVisualRoot/BottomNavigation/Nav_GALAXIA	Canvas/HUD/VerticalUIRoot/VerticalSafeAreaRoot/ContentSlot/Dimension1Panel/Dimension1TreePanel/D1_TreeVisualRoot/BottomNavigation/Nav_GALAXIA
14_tree	720	1280	Canvas/HUD/VerticalUIRoot/VerticalSafeAreaRoot/ContentSlot/Dimension1Panel/Dimension1TreePanel/D1_TreeVisualRoot/BottomNavigation/Nav_GALAXIA	3	42.40	108.53	OK	Canvas/HUD/VerticalUIRoot/VerticalSafeAreaRoot/ContentSlot/Dimension1Panel/Dimension1TreePanel/D1_TreeVisualRoot/BottomNavigation/Nav_GALAXIA	Canvas/HUD/VerticalUIRoot/VerticalSafeAreaRoot/ContentSlot/Dimension1Panel/Dimension1TreePanel/D1_TreeVisualRoot/BottomNavigation/Nav_GALAXIA
14_tree	720	1280	Canvas/HUD/VerticalUIRoot/VerticalSafeAreaRoot/ContentSlot/Dimension1Panel/Dimension1TreePanel/D1_TreeVisualRoot/BottomNavigation/Nav_GALAXIA	4	121.60	108.53	OK	Canvas/HUD/VerticalUIRoot/VerticalSafeAreaRoot/ContentSlot/Dimension1Panel/Dimension1TreePanel/D1_TreeVisualRoot/BottomNavigation/Nav_GALAXIA	Canvas/HUD/VerticalUIRoot/VerticalSafeAreaRoot/ContentSlot/Dimension1Panel/Dimension1TreePanel/D1_TreeVisualRoot/BottomNavigation/Nav_GALAXIA
14_tree	720	1280	Canvas/HUD/VerticalUIRoot/VerticalSafeAreaRoot/ContentSlot/Dimension1Panel/Dimension1TreePanel/D1_TreeVisualRoot/MetalsButton	0	614.33	1178.67	OK	Canvas/HUD/VerticalUIRoot/VerticalSafeAreaRoot/ContentSlot/Dimension1Panel/Dimension1TreePanel/D1_TreeVisualRoot/MetalsButton	Canvas/HUD/VerticalUIRoot/VerticalSafeAreaRoot/ContentSlot/Dimension1Panel/Dimension1TreePanel/D1_TreeVisualRoot/MetalsButton
14_tree	720	1280	Canvas/HUD/VerticalUIRoot/VerticalSafeAreaRoot/ContentSlot/Dimension1Panel/Dimension1TreePanel/D1_TreeVisualRoot/MetalsButton	1	565.33	1158.67	OK	Canvas/HUD/VerticalUIRoot/VerticalSafeAreaRoot/ContentSlot/Dimension1Panel/Dimension1TreePanel/D1_TreeVisualRoot/MetalsButton	Canvas/HUD/VerticalUIRoot/VerticalSafeAreaRoot/ContentSlot/Dimension1Panel/Dimension1TreePanel/D1_TreeVisualRoot/MetalsButton
14_tree	720	1280	Canvas/HUD/VerticalUIRoot/VerticalSafeAreaRoot/ContentSlot/Dimension1Panel/Dimension1TreePanel/D1_TreeVisualRoot/MetalsButton	2	663.33	1158.67	OK	Canvas/HUD/VerticalUIRoot/VerticalSafeAreaRoot/ContentSlot/Dimension1Panel/Dimension1TreePanel/D1_TreeVisualRoot/MetalsButton	Canvas/HUD/VerticalUIRoot/VerticalSafeAreaRoot/ContentSlot/Dimension1Panel/Dimension1TreePanel/D1_TreeVisualRoot/MetalsButton
14_tree	720	1280	Canvas/HUD/VerticalUIRoot/VerticalSafeAreaRoot/ContentSlot/Dimension1Panel/Dimension1TreePanel/D1_TreeVisualRoot/MetalsButton	3	565.33	1198.67	OK	Canvas/HUD/VerticalUIRoot/VerticalSafeAreaRoot/ContentSlot/Dimension1Panel/Dimension1TreePanel/D1_TreeVisualRoot/MetalsButton	Canvas/HUD/VerticalUIRoot/VerticalSafeAreaRoot/ContentSlot/Dimension1Panel/Dimension1TreePanel/D1_TreeVisualRoot/MetalsButton
14_tree	720	1280	Canvas/HUD/VerticalUIRoot/VerticalSafeAreaRoot/ContentSlot/Dimension1Panel/Dimension1TreePanel/D1_TreeVisualRoot/MetalsButton	4	663.33	1198.67	OK	Canvas/HUD/VerticalUIRoot/VerticalSafeAreaRoot/ContentSlot/Dimension1Panel/Dimension1TreePanel/D1_TreeVisualRoot/MetalsButton	Canvas/HUD/VerticalUIRoot/VerticalSafeAreaRoot/ContentSlot/Dimension1Panel/Dimension1TreePanel/D1_TreeVisualRoot/MetalsButton
15_tree_to_center	720	1280	Canvas/HUD/VerticalUIRoot/VerticalSafeAreaRoot/ContentSlot/Dimension1Panel/D1CommandCenterProductionRoot/Nav_EXPLORAR	0	220.00	73.33	OK	Canvas/HUD/VerticalUIRoot/VerticalSafeAreaRoot/ContentSlot/Dimension1Panel/D1CommandCenterProductionRoot/Nav_EXPLORAR	Canvas/HUD/VerticalUIRoot/VerticalSafeAreaRoot/ContentSlot/Dimension1Panel/D1CommandCenterProductionRoot/Nav_EXPLORAR
15_tree_to_center	720	1280	Canvas/HUD/VerticalUIRoot/VerticalSafeAreaRoot/ContentSlot/Dimension1Panel/D1CommandCenterProductionRoot/Nav_EXPLORAR	1	180.40	38.13	OK	Canvas/HUD/VerticalUIRoot/VerticalSafeAreaRoot/ContentSlot/Dimension1Panel/D1CommandCenterProductionRoot/Nav_EXPLORAR	Canvas/HUD/VerticalUIRoot/VerticalSafeAreaRoot/ContentSlot/Dimension1Panel/D1CommandCenterProductionRoot/Nav_EXPLORAR
15_tree_to_center	720	1280	Canvas/HUD/VerticalUIRoot/VerticalSafeAreaRoot/ContentSlot/Dimension1Panel/D1CommandCenterProductionRoot/Nav_EXPLORAR	2	259.60	38.13	OK	Canvas/HUD/VerticalUIRoot/VerticalSafeAreaRoot/ContentSlot/Dimension1Panel/D1CommandCenterProductionRoot/Nav_EXPLORAR	Canvas/HUD/VerticalUIRoot/VerticalSafeAreaRoot/ContentSlot/Dimension1Panel/D1CommandCenterProductionRoot/Nav_EXPLORAR
15_tree_to_center	720	1280	Canvas/HUD/VerticalUIRoot/VerticalSafeAreaRoot/ContentSlot/Dimension1Panel/D1CommandCenterProductionRoot/Nav_EXPLORAR	3	180.40	108.53	OK	Canvas/HUD/VerticalUIRoot/VerticalSafeAreaRoot/ContentSlot/Dimension1Panel/D1CommandCenterProductionRoot/Nav_EXPLORAR	Canvas/HUD/VerticalUIRoot/VerticalSafeAreaRoot/ContentSlot/Dimension1Panel/D1CommandCenterProductionRoot/Nav_EXPLORAR
15_tree_to_center	720	1280	Canvas/HUD/VerticalUIRoot/VerticalSafeAreaRoot/ContentSlot/Dimension1Panel/D1CommandCenterProductionRoot/Nav_EXPLORAR	4	259.60	108.53	OK	Canvas/HUD/VerticalUIRoot/VerticalSafeAreaRoot/ContentSlot/Dimension1Panel/D1CommandCenterProductionRoot/Nav_EXPLORAR	Canvas/HUD/VerticalUIRoot/VerticalSafeAreaRoot/ContentSlot/Dimension1Panel/D1CommandCenterProductionRoot/Nav_EXPLORAR
15_tree_to_center	720	1280	Canvas/HUD/VerticalUIRoot/VerticalSafeAreaRoot/ContentSlot/Dimension1Panel/D1CommandCenterProductionRoot/CommandDashboard/TreeCard	0	619.33	659.33	OK	Canvas/HUD/VerticalUIRoot/VerticalSafeAreaRoot/ContentSlot/Dimension1Panel/D1CommandCenterProductionRoot/CommandDashboard/TreeCard	Canvas/HUD/VerticalUIRoot/VerticalSafeAreaRoot/ContentSlot/Dimension1Panel/D1CommandCenterProductionRoot/CommandDashboard/TreeCard
15_tree_to_center	720	1280	Canvas/HUD/VerticalUIRoot/VerticalSafeAreaRoot/ContentSlot/Dimension1Panel/D1CommandCenterProductionRoot/CommandDashboard/TreeCard	1	562.13	602.53	OK	Canvas/HUD/VerticalUIRoot/VerticalSafeAreaRoot/ContentSlot/Dimension1Panel/D1CommandCenterProductionRoot/CommandDashboard/TreeCard	Canvas/HUD/VerticalUIRoot/VerticalSafeAreaRoot/ContentSlot/Dimension1Panel/D1CommandCenterProductionRoot/CommandDashboard/TreeCard
15_tree_to_center	720	1280	Canvas/HUD/VerticalUIRoot/VerticalSafeAreaRoot/ContentSlot/Dimension1Panel/D1CommandCenterProductionRoot/CommandDashboard/TreeCard	2	676.53	602.53	OK	Canvas/HUD/VerticalUIRoot/VerticalSafeAreaRoot/ContentSlot/Dimension1Panel/D1CommandCenterProductionRoot/CommandDashboard/TreeCard	Canvas/HUD/VerticalUIRoot/VerticalSafeAreaRoot/ContentSlot/Dimension1Panel/D1CommandCenterProductionRoot/CommandDashboard/TreeCard
15_tree_to_center	720	1280	Canvas/HUD/VerticalUIRoot/VerticalSafeAreaRoot/ContentSlot/Dimension1Panel/D1CommandCenterProductionRoot/CommandDashboard/TreeCard	3	562.13	716.13	OK	Canvas/HUD/VerticalUIRoot/VerticalSafeAreaRoot/ContentSlot/Dimension1Panel/D1CommandCenterProductionRoot/CommandDashboard/TreeCard/DetailedLineIcon	Canvas/HUD/VerticalUIRoot/VerticalSafeAreaRoot/ContentSlot/Dimension1Panel/D1CommandCenterProductionRoot/CommandDashboard/TreeCard
15_tree_to_center	720	1280	Canvas/HUD/VerticalUIRoot/VerticalSafeAreaRoot/ContentSlot/Dimension1Panel/D1CommandCenterProductionRoot/CommandDashboard/TreeCard	4	676.53	716.13	OK	Canvas/HUD/VerticalUIRoot/VerticalSafeAreaRoot/ContentSlot/Dimension1Panel/D1CommandCenterProductionRoot/CommandDashboard/TreeCard/DetailedLineIcon	Canvas/HUD/VerticalUIRoot/VerticalSafeAreaRoot/ContentSlot/Dimension1Panel/D1CommandCenterProductionRoot/CommandDashboard/TreeCard
15_tree_to_center	720	1280	Canvas/HUD/VerticalUIRoot/VerticalSafeAreaRoot/ContentSlot/Dimension1Panel/D1CommandCenterProductionRoot/DimensionDrawerToggle	0	360.00	151.33	OK	Canvas/HUD/VerticalUIRoot/VerticalSafeAreaRoot/ContentSlot/Dimension1Panel/D1CommandCenterProductionRoot/DimensionDrawerToggle	Canvas/HUD/VerticalUIRoot/VerticalSafeAreaRoot/ContentSlot/Dimension1Panel/D1CommandCenterProductionRoot/DimensionDrawerToggle
15_tree_to_center	720	1280	Canvas/HUD/VerticalUIRoot/VerticalSafeAreaRoot/ContentSlot/Dimension1Panel/D1CommandCenterProductionRoot/DimensionDrawerToggle	1	310.00	144.53	OK	Canvas/HUD/VerticalUIRoot/VerticalSafeAreaRoot/ContentSlot/Dimension1Panel/D1CommandCenterProductionRoot/DimensionDrawerToggle	Canvas/HUD/VerticalUIRoot/VerticalSafeAreaRoot/ContentSlot/Dimension1Panel/D1CommandCenterProductionRoot/DimensionDrawerToggle
15_tree_to_center	720	1280	Canvas/HUD/VerticalUIRoot/VerticalSafeAreaRoot/ContentSlot/Dimension1Panel/D1CommandCenterProductionRoot/DimensionDrawerToggle	2	410.00	144.53	OK	Canvas/HUD/VerticalUIRoot/VerticalSafeAreaRoot/ContentSlot/Dimension1Panel/D1CommandCenterProductionRoot/DimensionDrawerToggle	Canvas/HUD/VerticalUIRoot/VerticalSafeAreaRoot/ContentSlot/Dimension1Panel/D1CommandCenterProductionRoot/DimensionDrawerToggle
15_tree_to_center	720	1280	Canvas/HUD/VerticalUIRoot/VerticalSafeAreaRoot/ContentSlot/Dimension1Panel/D1CommandCenterProductionRoot/DimensionDrawerToggle	3	310.00	158.13	OK	Canvas/HUD/VerticalUIRoot/VerticalSafeAreaRoot/ContentSlot/Dimension1Panel/D1CommandCenterProductionRoot/DimensionDrawerToggle	Canvas/HUD/VerticalUIRoot/VerticalSafeAreaRoot/ContentSlot/Dimension1Panel/D1CommandCenterProductionRoot/DimensionDrawerToggle
15_tree_to_center	720	1280	Canvas/HUD/VerticalUIRoot/VerticalSafeAreaRoot/ContentSlot/Dimension1Panel/D1CommandCenterProductionRoot/DimensionDrawerToggle	4	410.00	158.13	OK	Canvas/HUD/VerticalUIRoot/VerticalSafeAreaRoot/ContentSlot/Dimension1Panel/D1CommandCenterProductionRoot/DimensionDrawerToggle	Canvas/HUD/VerticalUIRoot/VerticalSafeAreaRoot/ContentSlot/Dimension1Panel/D1CommandCenterProductionRoot/DimensionDrawerToggle
15_tree_to_center	720	1280	Canvas/HUD/VerticalUIRoot/VerticalSafeAreaRoot/ContentSlot/Dimension1Panel/D1CommandCenterProductionRoot/Nav_ÁRBOL	0	634.00	73.33	OK	Canvas/HUD/VerticalUIRoot/VerticalSafeAreaRoot/ContentSlot/Dimension1Panel/D1CommandCenterProductionRoot/Nav_ÁRBOL	Canvas/HUD/VerticalUIRoot/VerticalSafeAreaRoot/ContentSlot/Dimension1Panel/D1CommandCenterProductionRoot/Nav_ÁRBOL
15_tree_to_center	720	1280	Canvas/HUD/VerticalUIRoot/VerticalSafeAreaRoot/ContentSlot/Dimension1Panel/D1CommandCenterProductionRoot/Nav_ÁRBOL	1	594.40	38.13	OK	Canvas/HUD/VerticalUIRoot/VerticalSafeAreaRoot/ContentSlot/Dimension1Panel/D1CommandCenterProductionRoot/Nav_ÁRBOL	Canvas/HUD/VerticalUIRoot/VerticalSafeAreaRoot/ContentSlot/Dimension1Panel/D1CommandCenterProductionRoot/Nav_ÁRBOL
15_tree_to_center	720	1280	Canvas/HUD/VerticalUIRoot/VerticalSafeAreaRoot/ContentSlot/Dimension1Panel/D1CommandCenterProductionRoot/Nav_ÁRBOL	2	673.60	38.13	OK	Canvas/HUD/VerticalUIRoot/VerticalSafeAreaRoot/ContentSlot/Dimension1Panel/D1CommandCenterProductionRoot/Nav_ÁRBOL	Canvas/HUD/VerticalUIRoot/VerticalSafeAreaRoot/ContentSlot/Dimension1Panel/D1CommandCenterProductionRoot/Nav_ÁRBOL
15_tree_to_center	720	1280	Canvas/HUD/VerticalUIRoot/VerticalSafeAreaRoot/ContentSlot/Dimension1Panel/D1CommandCenterProductionRoot/Nav_ÁRBOL	3	594.40	108.53	OK	Canvas/HUD/VerticalUIRoot/VerticalSafeAreaRoot/ContentSlot/Dimension1Panel/D1CommandCenterProductionRoot/Nav_ÁRBOL	Canvas/HUD/VerticalUIRoot/VerticalSafeAreaRoot/ContentSlot/Dimension1Panel/D1CommandCenterProductionRoot/Nav_ÁRBOL
15_tree_to_center	720	1280	Canvas/HUD/VerticalUIRoot/VerticalSafeAreaRoot/ContentSlot/Dimension1Panel/D1CommandCenterProductionRoot/Nav_ÁRBOL	4	673.60	108.53	OK	Canvas/HUD/VerticalUIRoot/VerticalSafeAreaRoot/ContentSlot/Dimension1Panel/D1CommandCenterProductionRoot/Nav_ÁRBOL	Canvas/HUD/VerticalUIRoot/VerticalSafeAreaRoot/ContentSlot/Dimension1Panel/D1CommandCenterProductionRoot/Nav_ÁRBOL
15_tree_to_center	720	1280	Canvas/HUD/VerticalUIRoot/VerticalSafeAreaRoot/ContentSlot/Dimension1Panel/D1CommandCenterProductionRoot/CommandDashboard/SectorCard	0	100.67	861.33	OK	Canvas/HUD/VerticalUIRoot/VerticalSafeAreaRoot/ContentSlot/Dimension1Panel/D1CommandCenterProductionRoot/CommandDashboard/SectorCard	Canvas/HUD/VerticalUIRoot/VerticalSafeAreaRoot/ContentSlot/Dimension1Panel/D1CommandCenterProductionRoot/CommandDashboard/SectorCard
15_tree_to_center	720	1280	Canvas/HUD/VerticalUIRoot/VerticalSafeAreaRoot/ContentSlot/Dimension1Panel/D1CommandCenterProductionRoot/CommandDashboard/SectorCard	1	43.47	804.53	OK	Canvas/HUD/VerticalUIRoot/VerticalSafeAreaRoot/ContentSlot/Dimension1Panel/D1CommandCenterProductionRoot/CommandDashboard/SectorCard	Canvas/HUD/VerticalUIRoot/VerticalSafeAreaRoot/ContentSlot/Dimension1Panel/D1CommandCenterProductionRoot/CommandDashboard/SectorCard
15_tree_to_center	720	1280	Canvas/HUD/VerticalUIRoot/VerticalSafeAreaRoot/ContentSlot/Dimension1Panel/D1CommandCenterProductionRoot/CommandDashboard/SectorCard	2	157.87	804.53	OK	Canvas/HUD/VerticalUIRoot/VerticalSafeAreaRoot/ContentSlot/Dimension1Panel/D1CommandCenterProductionRoot/CommandDashboard/SectorCard	Canvas/HUD/VerticalUIRoot/VerticalSafeAreaRoot/ContentSlot/Dimension1Panel/D1CommandCenterProductionRoot/CommandDashboard/SectorCard
15_tree_to_center	720	1280	Canvas/HUD/VerticalUIRoot/VerticalSafeAreaRoot/ContentSlot/Dimension1Panel/D1CommandCenterProductionRoot/CommandDashboard/SectorCard	3	43.47	918.13	OK	Canvas/HUD/VerticalUIRoot/VerticalSafeAreaRoot/ContentSlot/Dimension1Panel/D1CommandCenterProductionRoot/CommandDashboard/SectorCard/DetailedLineIcon	Canvas/HUD/VerticalUIRoot/VerticalSafeAreaRoot/ContentSlot/Dimension1Panel/D1CommandCenterProductionRoot/CommandDashboard/SectorCard
15_tree_to_center	720	1280	Canvas/HUD/VerticalUIRoot/VerticalSafeAreaRoot/ContentSlot/Dimension1Panel/D1CommandCenterProductionRoot/CommandDashboard/SectorCard	4	157.87	918.13	OK	Canvas/HUD/VerticalUIRoot/VerticalSafeAreaRoot/ContentSlot/Dimension1Panel/D1CommandCenterProductionRoot/CommandDashboard/SectorCard/DetailedLineIcon	Canvas/HUD/VerticalUIRoot/VerticalSafeAreaRoot/ContentSlot/Dimension1Panel/D1CommandCenterProductionRoot/CommandDashboard/SectorCard
15_tree_to_center	720	1280	Canvas/HUD/VerticalUIRoot/VerticalSafeAreaRoot/ContentSlot/Dimension1Panel/OpenGalaxyPanelButton	0	826.67	1017.33	OFFSCREEN	<none>	<none>
15_tree_to_center	720	1280	Canvas/HUD/VerticalUIRoot/VerticalSafeAreaRoot/ContentSlot/Dimension1Panel/OpenGalaxyPanelButton	1	794.67	1011.33	OFFSCREEN	<none>	<none>
15_tree_to_center	720	1280	Canvas/HUD/VerticalUIRoot/VerticalSafeAreaRoot/ContentSlot/Dimension1Panel/OpenGalaxyPanelButton	2	858.67	1011.33	OFFSCREEN	<none>	<none>
15_tree_to_center	720	1280	Canvas/HUD/VerticalUIRoot/VerticalSafeAreaRoot/ContentSlot/Dimension1Panel/OpenGalaxyPanelButton	3	794.67	1023.33	OFFSCREEN	<none>	<none>
15_tree_to_center	720	1280	Canvas/HUD/VerticalUIRoot/VerticalSafeAreaRoot/ContentSlot/Dimension1Panel/OpenGalaxyPanelButton	4	858.67	1023.33	OFFSCREEN	<none>	<none>
15_tree_to_center	720	1280	Canvas/HUD/VerticalUIRoot/VerticalSafeAreaRoot/ContentSlot/Dimension1Panel/D1CommandCenterProductionRoot/CommandDashboard/FleetCard	0	100.67	457.33	OK	Canvas/HUD/VerticalUIRoot/VerticalSafeAreaRoot/ContentSlot/Dimension1Panel/D1CommandCenterProductionRoot/CommandDashboard/FleetCard	Canvas/HUD/VerticalUIRoot/VerticalSafeAreaRoot/ContentSlot/Dimension1Panel/D1CommandCenterProductionRoot/CommandDashboard/FleetCard
15_tree_to_center	720	1280	Canvas/HUD/VerticalUIRoot/VerticalSafeAreaRoot/ContentSlot/Dimension1Panel/D1CommandCenterProductionRoot/CommandDashboard/FleetCard	1	43.47	400.53	OK	Canvas/HUD/VerticalUIRoot/VerticalSafeAreaRoot/ContentSlot/Dimension1Panel/D1CommandCenterProductionRoot/CommandDashboard/FleetCard	Canvas/HUD/VerticalUIRoot/VerticalSafeAreaRoot/ContentSlot/Dimension1Panel/D1CommandCenterProductionRoot/CommandDashboard/FleetCard
15_tree_to_center	720	1280	Canvas/HUD/VerticalUIRoot/VerticalSafeAreaRoot/ContentSlot/Dimension1Panel/D1CommandCenterProductionRoot/CommandDashboard/FleetCard	2	157.87	400.53	OK	Canvas/HUD/VerticalUIRoot/VerticalSafeAreaRoot/ContentSlot/Dimension1Panel/D1CommandCenterProductionRoot/CommandDashboard/FleetCard	Canvas/HUD/VerticalUIRoot/VerticalSafeAreaRoot/ContentSlot/Dimension1Panel/D1CommandCenterProductionRoot/CommandDashboard/FleetCard
15_tree_to_center	720	1280	Canvas/HUD/VerticalUIRoot/VerticalSafeAreaRoot/ContentSlot/Dimension1Panel/D1CommandCenterProductionRoot/CommandDashboard/FleetCard	3	43.47	514.13	OK	Canvas/HUD/VerticalUIRoot/VerticalSafeAreaRoot/ContentSlot/Dimension1Panel/D1CommandCenterProductionRoot/CommandDashboard/FleetCard/DetailedLineIcon	Canvas/HUD/VerticalUIRoot/VerticalSafeAreaRoot/ContentSlot/Dimension1Panel/D1CommandCenterProductionRoot/CommandDashboard/FleetCard
15_tree_to_center	720	1280	Canvas/HUD/VerticalUIRoot/VerticalSafeAreaRoot/ContentSlot/Dimension1Panel/D1CommandCenterProductionRoot/CommandDashboard/FleetCard	4	157.87	514.13	OK	Canvas/HUD/VerticalUIRoot/VerticalSafeAreaRoot/ContentSlot/Dimension1Panel/D1CommandCenterProductionRoot/CommandDashboard/FleetCard/DetailedLineIcon	Canvas/HUD/VerticalUIRoot/VerticalSafeAreaRoot/ContentSlot/Dimension1Panel/D1CommandCenterProductionRoot/CommandDashboard/FleetCard
15_tree_to_center	720	1280	Canvas/HUD/VerticalUIRoot/VerticalSafeAreaRoot/ContentSlot/Dimension1Panel/D1CommandCenterProductionRoot/Nav_HANGAR	0	358.00	73.33	OK	Canvas/HUD/VerticalUIRoot/VerticalSafeAreaRoot/ContentSlot/Dimension1Panel/D1CommandCenterProductionRoot/Nav_HANGAR	Canvas/HUD/VerticalUIRoot/VerticalSafeAreaRoot/ContentSlot/Dimension1Panel/D1CommandCenterProductionRoot/Nav_HANGAR
15_tree_to_center	720	1280	Canvas/HUD/VerticalUIRoot/VerticalSafeAreaRoot/ContentSlot/Dimension1Panel/D1CommandCenterProductionRoot/Nav_HANGAR	1	318.40	38.13	OK	Canvas/HUD/VerticalUIRoot/VerticalSafeAreaRoot/ContentSlot/Dimension1Panel/D1CommandCenterProductionRoot/Nav_HANGAR	Canvas/HUD/VerticalUIRoot/VerticalSafeAreaRoot/ContentSlot/Dimension1Panel/D1CommandCenterProductionRoot/Nav_HANGAR
15_tree_to_center	720	1280	Canvas/HUD/VerticalUIRoot/VerticalSafeAreaRoot/ContentSlot/Dimension1Panel/D1CommandCenterProductionRoot/Nav_HANGAR	2	397.60	38.13	OK	Canvas/HUD/VerticalUIRoot/VerticalSafeAreaRoot/ContentSlot/Dimension1Panel/D1CommandCenterProductionRoot/Nav_HANGAR	Canvas/HUD/VerticalUIRoot/VerticalSafeAreaRoot/ContentSlot/Dimension1Panel/D1CommandCenterProductionRoot/Nav_HANGAR
15_tree_to_center	720	1280	Canvas/HUD/VerticalUIRoot/VerticalSafeAreaRoot/ContentSlot/Dimension1Panel/D1CommandCenterProductionRoot/Nav_HANGAR	3	318.40	108.53	OK	Canvas/HUD/VerticalUIRoot/VerticalSafeAreaRoot/ContentSlot/Dimension1Panel/D1CommandCenterProductionRoot/Nav_HANGAR	Canvas/HUD/VerticalUIRoot/VerticalSafeAreaRoot/ContentSlot/Dimension1Panel/D1CommandCenterProductionRoot/Nav_HANGAR
15_tree_to_center	720	1280	Canvas/HUD/VerticalUIRoot/VerticalSafeAreaRoot/ContentSlot/Dimension1Panel/D1CommandCenterProductionRoot/Nav_HANGAR	4	397.60	108.53	OK	Canvas/HUD/VerticalUIRoot/VerticalSafeAreaRoot/ContentSlot/Dimension1Panel/D1CommandCenterProductionRoot/Nav_HANGAR	Canvas/HUD/VerticalUIRoot/VerticalSafeAreaRoot/ContentSlot/Dimension1Panel/D1CommandCenterProductionRoot/Nav_HANGAR
15_tree_to_center	720	1280	Canvas/HUD/VerticalUIRoot/VerticalSafeAreaRoot/ContentSlot/Dimension1Panel/D1CommandCenterProductionRoot/CommandDashboard/RelicsCard	0	619.33	861.33	OK	Canvas/HUD/VerticalUIRoot/VerticalSafeAreaRoot/ContentSlot/Dimension1Panel/D1CommandCenterProductionRoot/CommandDashboard/RelicsCard	Canvas/HUD/VerticalUIRoot/VerticalSafeAreaRoot/ContentSlot/Dimension1Panel/D1CommandCenterProductionRoot/CommandDashboard/RelicsCard
15_tree_to_center	720	1280	Canvas/HUD/VerticalUIRoot/VerticalSafeAreaRoot/ContentSlot/Dimension1Panel/D1CommandCenterProductionRoot/CommandDashboard/RelicsCard	1	562.13	804.53	OK	Canvas/HUD/VerticalUIRoot/VerticalSafeAreaRoot/ContentSlot/Dimension1Panel/D1CommandCenterProductionRoot/CommandDashboard/RelicsCard	Canvas/HUD/VerticalUIRoot/VerticalSafeAreaRoot/ContentSlot/Dimension1Panel/D1CommandCenterProductionRoot/CommandDashboard/RelicsCard
15_tree_to_center	720	1280	Canvas/HUD/VerticalUIRoot/VerticalSafeAreaRoot/ContentSlot/Dimension1Panel/D1CommandCenterProductionRoot/CommandDashboard/RelicsCard	2	676.53	804.53	OK	Canvas/HUD/VerticalUIRoot/VerticalSafeAreaRoot/ContentSlot/Dimension1Panel/D1CommandCenterProductionRoot/CommandDashboard/RelicsCard	Canvas/HUD/VerticalUIRoot/VerticalSafeAreaRoot/ContentSlot/Dimension1Panel/D1CommandCenterProductionRoot/CommandDashboard/RelicsCard
15_tree_to_center	720	1280	Canvas/HUD/VerticalUIRoot/VerticalSafeAreaRoot/ContentSlot/Dimension1Panel/D1CommandCenterProductionRoot/CommandDashboard/RelicsCard	3	562.13	918.13	OK	Canvas/HUD/VerticalUIRoot/VerticalSafeAreaRoot/ContentSlot/Dimension1Panel/D1CommandCenterProductionRoot/CommandDashboard/RelicsCard/DetailedLineIcon	Canvas/HUD/VerticalUIRoot/VerticalSafeAreaRoot/ContentSlot/Dimension1Panel/D1CommandCenterProductionRoot/CommandDashboard/RelicsCard
15_tree_to_center	720	1280	Canvas/HUD/VerticalUIRoot/VerticalSafeAreaRoot/ContentSlot/Dimension1Panel/D1CommandCenterProductionRoot/CommandDashboard/RelicsCard	4	676.53	918.13	OK	Canvas/HUD/VerticalUIRoot/VerticalSafeAreaRoot/ContentSlot/Dimension1Panel/D1CommandCenterProductionRoot/CommandDashboard/RelicsCard/DetailedLineIcon	Canvas/HUD/VerticalUIRoot/VerticalSafeAreaRoot/ContentSlot/Dimension1Panel/D1CommandCenterProductionRoot/CommandDashboard/RelicsCard
15_tree_to_center	720	1280	Canvas/HUD/VerticalUIRoot/VerticalSafeAreaRoot/ContentSlot/Dimension1Panel/D1CommandCenterProductionRoot/Nav_GALAXIA	0	82.00	73.33	OK	Canvas/HUD/VerticalUIRoot/VerticalSafeAreaRoot/ContentSlot/Dimension1Panel/D1CommandCenterProductionRoot/Nav_GALAXIA	Canvas/HUD/VerticalUIRoot/VerticalSafeAreaRoot/ContentSlot/Dimension1Panel/D1CommandCenterProductionRoot/Nav_GALAXIA
15_tree_to_center	720	1280	Canvas/HUD/VerticalUIRoot/VerticalSafeAreaRoot/ContentSlot/Dimension1Panel/D1CommandCenterProductionRoot/Nav_GALAXIA	1	42.40	38.13	OK	Canvas/HUD/VerticalUIRoot/VerticalSafeAreaRoot/ContentSlot/Dimension1Panel/D1CommandCenterProductionRoot/Nav_GALAXIA	Canvas/HUD/VerticalUIRoot/VerticalSafeAreaRoot/ContentSlot/Dimension1Panel/D1CommandCenterProductionRoot/Nav_GALAXIA
15_tree_to_center	720	1280	Canvas/HUD/VerticalUIRoot/VerticalSafeAreaRoot/ContentSlot/Dimension1Panel/D1CommandCenterProductionRoot/Nav_GALAXIA	2	121.60	38.13	OK	Canvas/HUD/VerticalUIRoot/VerticalSafeAreaRoot/ContentSlot/Dimension1Panel/D1CommandCenterProductionRoot/Nav_GALAXIA	Canvas/HUD/VerticalUIRoot/VerticalSafeAreaRoot/ContentSlot/Dimension1Panel/D1CommandCenterProductionRoot/Nav_GALAXIA
15_tree_to_center	720	1280	Canvas/HUD/VerticalUIRoot/VerticalSafeAreaRoot/ContentSlot/Dimension1Panel/D1CommandCenterProductionRoot/Nav_GALAXIA	3	42.40	108.53	OK	Canvas/HUD/VerticalUIRoot/VerticalSafeAreaRoot/ContentSlot/Dimension1Panel/D1CommandCenterProductionRoot/Nav_GALAXIA	Canvas/HUD/VerticalUIRoot/VerticalSafeAreaRoot/ContentSlot/Dimension1Panel/D1CommandCenterProductionRoot/Nav_GALAXIA
15_tree_to_center	720	1280	Canvas/HUD/VerticalUIRoot/VerticalSafeAreaRoot/ContentSlot/Dimension1Panel/D1CommandCenterProductionRoot/Nav_GALAXIA	4	121.60	108.53	OK	Canvas/HUD/VerticalUIRoot/VerticalSafeAreaRoot/ContentSlot/Dimension1Panel/D1CommandCenterProductionRoot/Nav_GALAXIA	Canvas/HUD/VerticalUIRoot/VerticalSafeAreaRoot/ContentSlot/Dimension1Panel/D1CommandCenterProductionRoot/Nav_GALAXIA
15_tree_to_center	720	1280	Canvas/HUD/VerticalUIRoot/VerticalSafeAreaRoot/ContentSlot/Dimension1Panel/OpenHangarPanelButton	0	826.67	950.67	OFFSCREEN	<none>	<none>
15_tree_to_center	720	1280	Canvas/HUD/VerticalUIRoot/VerticalSafeAreaRoot/ContentSlot/Dimension1Panel/OpenHangarPanelButton	1	794.67	944.67	OFFSCREEN	<none>	<none>
15_tree_to_center	720	1280	Canvas/HUD/VerticalUIRoot/VerticalSafeAreaRoot/ContentSlot/Dimension1Panel/OpenHangarPanelButton	2	858.67	944.67	OFFSCREEN	<none>	<none>
15_tree_to_center	720	1280	Canvas/HUD/VerticalUIRoot/VerticalSafeAreaRoot/ContentSlot/Dimension1Panel/OpenHangarPanelButton	3	794.67	956.67	OFFSCREEN	<none>	<none>
15_tree_to_center	720	1280	Canvas/HUD/VerticalUIRoot/VerticalSafeAreaRoot/ContentSlot/Dimension1Panel/OpenHangarPanelButton	4	858.67	956.67	OFFSCREEN	<none>	<none>
15_tree_to_center	720	1280	Canvas/HUD/VerticalUIRoot/VerticalSafeAreaRoot/ContentSlot/Dimension1Panel/D1CommandCenterProductionRoot/CommandDashboard/ScannerCard	0	100.67	659.33	OK	Canvas/HUD/VerticalUIRoot/VerticalSafeAreaRoot/ContentSlot/Dimension1Panel/D1CommandCenterProductionRoot/CommandDashboard/ScannerCard	Canvas/HUD/VerticalUIRoot/VerticalSafeAreaRoot/ContentSlot/Dimension1Panel/D1CommandCenterProductionRoot/CommandDashboard/ScannerCard
15_tree_to_center	720	1280	Canvas/HUD/VerticalUIRoot/VerticalSafeAreaRoot/ContentSlot/Dimension1Panel/D1CommandCenterProductionRoot/CommandDashboard/ScannerCard	1	43.47	602.53	OK	Canvas/HUD/VerticalUIRoot/VerticalSafeAreaRoot/ContentSlot/Dimension1Panel/D1CommandCenterProductionRoot/CommandDashboard/ScannerCard	Canvas/HUD/VerticalUIRoot/VerticalSafeAreaRoot/ContentSlot/Dimension1Panel/D1CommandCenterProductionRoot/CommandDashboard/ScannerCard
15_tree_to_center	720	1280	Canvas/HUD/VerticalUIRoot/VerticalSafeAreaRoot/ContentSlot/Dimension1Panel/D1CommandCenterProductionRoot/CommandDashboard/ScannerCard	2	157.87	602.53	OK	Canvas/HUD/VerticalUIRoot/VerticalSafeAreaRoot/ContentSlot/Dimension1Panel/D1CommandCenterProductionRoot/CommandDashboard/ScannerCard	Canvas/HUD/VerticalUIRoot/VerticalSafeAreaRoot/ContentSlot/Dimension1Panel/D1CommandCenterProductionRoot/CommandDashboard/ScannerCard
15_tree_to_center	720	1280	Canvas/HUD/VerticalUIRoot/VerticalSafeAreaRoot/ContentSlot/Dimension1Panel/D1CommandCenterProductionRoot/CommandDashboard/ScannerCard	3	43.47	716.13	OK	Canvas/HUD/VerticalUIRoot/VerticalSafeAreaRoot/ContentSlot/Dimension1Panel/D1CommandCenterProductionRoot/CommandDashboard/ScannerCard/DetailedLineIcon	Canvas/HUD/VerticalUIRoot/VerticalSafeAreaRoot/ContentSlot/Dimension1Panel/D1CommandCenterProductionRoot/CommandDashboard/ScannerCard
15_tree_to_center	720	1280	Canvas/HUD/VerticalUIRoot/VerticalSafeAreaRoot/ContentSlot/Dimension1Panel/D1CommandCenterProductionRoot/CommandDashboard/ScannerCard	4	157.87	716.13	OK	Canvas/HUD/VerticalUIRoot/VerticalSafeAreaRoot/ContentSlot/Dimension1Panel/D1CommandCenterProductionRoot/CommandDashboard/ScannerCard/DetailedLineIcon	Canvas/HUD/VerticalUIRoot/VerticalSafeAreaRoot/ContentSlot/Dimension1Panel/D1CommandCenterProductionRoot/CommandDashboard/ScannerCard
15_tree_to_center	720	1280	Canvas/HUD/VerticalUIRoot/VerticalSafeAreaRoot/ContentSlot/Dimension1Panel/D1CommandCenterProductionRoot/MetalsButton	0	614.33	1178.67	OK	Canvas/HUD/VerticalUIRoot/VerticalSafeAreaRoot/ContentSlot/Dimension1Panel/D1CommandCenterProductionRoot/MetalsButton	Canvas/HUD/VerticalUIRoot/VerticalSafeAreaRoot/ContentSlot/Dimension1Panel/D1CommandCenterProductionRoot/MetalsButton
15_tree_to_center	720	1280	Canvas/HUD/VerticalUIRoot/VerticalSafeAreaRoot/ContentSlot/Dimension1Panel/D1CommandCenterProductionRoot/MetalsButton	1	565.33	1158.67	OK	Canvas/HUD/VerticalUIRoot/VerticalSafeAreaRoot/ContentSlot/Dimension1Panel/D1CommandCenterProductionRoot/MetalsButton	Canvas/HUD/VerticalUIRoot/VerticalSafeAreaRoot/ContentSlot/Dimension1Panel/D1CommandCenterProductionRoot/MetalsButton
15_tree_to_center	720	1280	Canvas/HUD/VerticalUIRoot/VerticalSafeAreaRoot/ContentSlot/Dimension1Panel/D1CommandCenterProductionRoot/MetalsButton	2	663.33	1158.67	OK	Canvas/HUD/VerticalUIRoot/VerticalSafeAreaRoot/ContentSlot/Dimension1Panel/D1CommandCenterProductionRoot/MetalsButton	Canvas/HUD/VerticalUIRoot/VerticalSafeAreaRoot/ContentSlot/Dimension1Panel/D1CommandCenterProductionRoot/MetalsButton
15_tree_to_center	720	1280	Canvas/HUD/VerticalUIRoot/VerticalSafeAreaRoot/ContentSlot/Dimension1Panel/D1CommandCenterProductionRoot/MetalsButton	3	565.33	1198.67	OK	Canvas/HUD/VerticalUIRoot/VerticalSafeAreaRoot/ContentSlot/Dimension1Panel/D1CommandCenterProductionRoot/MetalsButton	Canvas/HUD/VerticalUIRoot/VerticalSafeAreaRoot/ContentSlot/Dimension1Panel/D1CommandCenterProductionRoot/MetalsButton
15_tree_to_center	720	1280	Canvas/HUD/VerticalUIRoot/VerticalSafeAreaRoot/ContentSlot/Dimension1Panel/D1CommandCenterProductionRoot/MetalsButton	4	663.33	1198.67	OK	Canvas/HUD/VerticalUIRoot/VerticalSafeAreaRoot/ContentSlot/Dimension1Panel/D1CommandCenterProductionRoot/MetalsButton	Canvas/HUD/VerticalUIRoot/VerticalSafeAreaRoot/ContentSlot/Dimension1Panel/D1CommandCenterProductionRoot/MetalsButton
15_tree_to_center	720	1280	Canvas/HUD/VerticalUIRoot/VerticalSafeAreaRoot/ContentSlot/Dimension1Panel/OpenRelicChamberPanelButton	0	826.67	984.00	OFFSCREEN	<none>	<none>
15_tree_to_center	720	1280	Canvas/HUD/VerticalUIRoot/VerticalSafeAreaRoot/ContentSlot/Dimension1Panel/OpenRelicChamberPanelButton	1	794.67	978.00	OFFSCREEN	<none>	<none>
15_tree_to_center	720	1280	Canvas/HUD/VerticalUIRoot/VerticalSafeAreaRoot/ContentSlot/Dimension1Panel/OpenRelicChamberPanelButton	2	858.67	978.00	OFFSCREEN	<none>	<none>
15_tree_to_center	720	1280	Canvas/HUD/VerticalUIRoot/VerticalSafeAreaRoot/ContentSlot/Dimension1Panel/OpenRelicChamberPanelButton	3	794.67	990.00	OFFSCREEN	<none>	<none>
15_tree_to_center	720	1280	Canvas/HUD/VerticalUIRoot/VerticalSafeAreaRoot/ContentSlot/Dimension1Panel/OpenRelicChamberPanelButton	4	858.67	990.00	OFFSCREEN	<none>	<none>
15_tree_to_center	720	1280	Canvas/HUD/VerticalUIRoot/VerticalSafeAreaRoot/ContentSlot/Dimension1Panel/Registro	0	-40.00	950.67	OFFSCREEN	<none>	<none>
15_tree_to_center	720	1280	Canvas/HUD/VerticalUIRoot/VerticalSafeAreaRoot/ContentSlot/Dimension1Panel/Registro	1	-72.00	944.67	OFFSCREEN	<none>	<none>
15_tree_to_center	720	1280	Canvas/HUD/VerticalUIRoot/VerticalSafeAreaRoot/ContentSlot/Dimension1Panel/Registro	2	-8.00	944.67	OFFSCREEN	<none>	<none>
15_tree_to_center	720	1280	Canvas/HUD/VerticalUIRoot/VerticalSafeAreaRoot/ContentSlot/Dimension1Panel/Registro	3	-72.00	956.67	OFFSCREEN	<none>	<none>
15_tree_to_center	720	1280	Canvas/HUD/VerticalUIRoot/VerticalSafeAreaRoot/ContentSlot/Dimension1Panel/Registro	4	-8.00	956.67	OFFSCREEN	<none>	<none>
15_tree_to_center	720	1280	Canvas/HUD/VerticalUIRoot/VerticalSafeAreaRoot/ContentSlot/Dimension1Panel/OpenDimension1TreePanelButton	0	826.67	917.33	OFFSCREEN	<none>	<none>
15_tree_to_center	720	1280	Canvas/HUD/VerticalUIRoot/VerticalSafeAreaRoot/ContentSlot/Dimension1Panel/OpenDimension1TreePanelButton	1	794.67	911.33	OFFSCREEN	<none>	<none>
15_tree_to_center	720	1280	Canvas/HUD/VerticalUIRoot/VerticalSafeAreaRoot/ContentSlot/Dimension1Panel/OpenDimension1TreePanelButton	2	858.67	911.33	OFFSCREEN	<none>	<none>
15_tree_to_center	720	1280	Canvas/HUD/VerticalUIRoot/VerticalSafeAreaRoot/ContentSlot/Dimension1Panel/OpenDimension1TreePanelButton	3	794.67	923.33	OFFSCREEN	<none>	<none>
15_tree_to_center	720	1280	Canvas/HUD/VerticalUIRoot/VerticalSafeAreaRoot/ContentSlot/Dimension1Panel/OpenDimension1TreePanelButton	4	858.67	923.33	OFFSCREEN	<none>	<none>
15_tree_to_center	720	1280	Canvas/HUD/VerticalUIRoot/VerticalSafeAreaRoot/ContentSlot/Dimension1Panel/D1CommandCenterProductionRoot/Nav_RELIQUIAS	0	496.00	73.33	OK	Canvas/HUD/VerticalUIRoot/VerticalSafeAreaRoot/ContentSlot/Dimension1Panel/D1CommandCenterProductionRoot/Nav_RELIQUIAS	Canvas/HUD/VerticalUIRoot/VerticalSafeAreaRoot/ContentSlot/Dimension1Panel/D1CommandCenterProductionRoot/Nav_RELIQUIAS
15_tree_to_center	720	1280	Canvas/HUD/VerticalUIRoot/VerticalSafeAreaRoot/ContentSlot/Dimension1Panel/D1CommandCenterProductionRoot/Nav_RELIQUIAS	1	456.40	38.13	OK	Canvas/HUD/VerticalUIRoot/VerticalSafeAreaRoot/ContentSlot/Dimension1Panel/D1CommandCenterProductionRoot/Nav_RELIQUIAS	Canvas/HUD/VerticalUIRoot/VerticalSafeAreaRoot/ContentSlot/Dimension1Panel/D1CommandCenterProductionRoot/Nav_RELIQUIAS
15_tree_to_center	720	1280	Canvas/HUD/VerticalUIRoot/VerticalSafeAreaRoot/ContentSlot/Dimension1Panel/D1CommandCenterProductionRoot/Nav_RELIQUIAS	2	535.60	38.13	OK	Canvas/HUD/VerticalUIRoot/VerticalSafeAreaRoot/ContentSlot/Dimension1Panel/D1CommandCenterProductionRoot/Nav_RELIQUIAS	Canvas/HUD/VerticalUIRoot/VerticalSafeAreaRoot/ContentSlot/Dimension1Panel/D1CommandCenterProductionRoot/Nav_RELIQUIAS
15_tree_to_center	720	1280	Canvas/HUD/VerticalUIRoot/VerticalSafeAreaRoot/ContentSlot/Dimension1Panel/D1CommandCenterProductionRoot/Nav_RELIQUIAS	3	456.40	108.53	OK	Canvas/HUD/VerticalUIRoot/VerticalSafeAreaRoot/ContentSlot/Dimension1Panel/D1CommandCenterProductionRoot/Nav_RELIQUIAS	Canvas/HUD/VerticalUIRoot/VerticalSafeAreaRoot/ContentSlot/Dimension1Panel/D1CommandCenterProductionRoot/Nav_RELIQUIAS
15_tree_to_center	720	1280	Canvas/HUD/VerticalUIRoot/VerticalSafeAreaRoot/ContentSlot/Dimension1Panel/D1CommandCenterProductionRoot/Nav_RELIQUIAS	4	535.60	108.53	OK	Canvas/HUD/VerticalUIRoot/VerticalSafeAreaRoot/ContentSlot/Dimension1Panel/D1CommandCenterProductionRoot/Nav_RELIQUIAS	Canvas/HUD/VerticalUIRoot/VerticalSafeAreaRoot/ContentSlot/Dimension1Panel/D1CommandCenterProductionRoot/Nav_RELIQUIAS
15_tree_to_center	720	1280	Canvas/HUD/VerticalUIRoot/VerticalSafeAreaRoot/ContentSlot/Dimension1Panel/D1CommandCenterProductionRoot/CommandDashboard/ExpeditionsCard	0	619.33	457.33	OK	Canvas/HUD/VerticalUIRoot/VerticalSafeAreaRoot/ContentSlot/Dimension1Panel/D1CommandCenterProductionRoot/CommandDashboard/ExpeditionsCard	Canvas/HUD/VerticalUIRoot/VerticalSafeAreaRoot/ContentSlot/Dimension1Panel/D1CommandCenterProductionRoot/CommandDashboard/ExpeditionsCard
15_tree_to_center	720	1280	Canvas/HUD/VerticalUIRoot/VerticalSafeAreaRoot/ContentSlot/Dimension1Panel/D1CommandCenterProductionRoot/CommandDashboard/ExpeditionsCard	1	562.13	400.53	OK	Canvas/HUD/VerticalUIRoot/VerticalSafeAreaRoot/ContentSlot/Dimension1Panel/D1CommandCenterProductionRoot/CommandDashboard/ExpeditionsCard	Canvas/HUD/VerticalUIRoot/VerticalSafeAreaRoot/ContentSlot/Dimension1Panel/D1CommandCenterProductionRoot/CommandDashboard/ExpeditionsCard
15_tree_to_center	720	1280	Canvas/HUD/VerticalUIRoot/VerticalSafeAreaRoot/ContentSlot/Dimension1Panel/D1CommandCenterProductionRoot/CommandDashboard/ExpeditionsCard	2	676.53	400.53	OK	Canvas/HUD/VerticalUIRoot/VerticalSafeAreaRoot/ContentSlot/Dimension1Panel/D1CommandCenterProductionRoot/CommandDashboard/ExpeditionsCard	Canvas/HUD/VerticalUIRoot/VerticalSafeAreaRoot/ContentSlot/Dimension1Panel/D1CommandCenterProductionRoot/CommandDashboard/ExpeditionsCard
15_tree_to_center	720	1280	Canvas/HUD/VerticalUIRoot/VerticalSafeAreaRoot/ContentSlot/Dimension1Panel/D1CommandCenterProductionRoot/CommandDashboard/ExpeditionsCard	3	562.13	514.13	OK	Canvas/HUD/VerticalUIRoot/VerticalSafeAreaRoot/ContentSlot/Dimension1Panel/D1CommandCenterProductionRoot/CommandDashboard/ExpeditionsCard/DetailedLineIcon	Canvas/HUD/VerticalUIRoot/VerticalSafeAreaRoot/ContentSlot/Dimension1Panel/D1CommandCenterProductionRoot/CommandDashboard/ExpeditionsCard
15_tree_to_center	720	1280	Canvas/HUD/VerticalUIRoot/VerticalSafeAreaRoot/ContentSlot/Dimension1Panel/D1CommandCenterProductionRoot/CommandDashboard/ExpeditionsCard	4	676.53	514.13	OK	Canvas/HUD/VerticalUIRoot/VerticalSafeAreaRoot/ContentSlot/Dimension1Panel/D1CommandCenterProductionRoot/CommandDashboard/ExpeditionsCard/DetailedLineIcon	Canvas/HUD/VerticalUIRoot/VerticalSafeAreaRoot/ContentSlot/Dimension1Panel/D1CommandCenterProductionRoot/CommandDashboard/ExpeditionsCard
16_tree_to_explore	720	1280	Canvas/HUD/VerticalUIRoot/VerticalSafeAreaRoot/ContentSlot/Dimension1Panel/D1_ExploreVisualRoot/BottomNavigation/Nav_HANGAR	0	358.00	73.33	OK	Canvas/HUD/VerticalUIRoot/VerticalSafeAreaRoot/ContentSlot/Dimension1Panel/D1_ExploreVisualRoot/BottomNavigation/Nav_HANGAR	Canvas/HUD/VerticalUIRoot/VerticalSafeAreaRoot/ContentSlot/Dimension1Panel/D1_ExploreVisualRoot/BottomNavigation/Nav_HANGAR
16_tree_to_explore	720	1280	Canvas/HUD/VerticalUIRoot/VerticalSafeAreaRoot/ContentSlot/Dimension1Panel/D1_ExploreVisualRoot/BottomNavigation/Nav_HANGAR	1	318.40	38.13	OK	Canvas/HUD/VerticalUIRoot/VerticalSafeAreaRoot/ContentSlot/Dimension1Panel/D1_ExploreVisualRoot/BottomNavigation/Nav_HANGAR	Canvas/HUD/VerticalUIRoot/VerticalSafeAreaRoot/ContentSlot/Dimension1Panel/D1_ExploreVisualRoot/BottomNavigation/Nav_HANGAR
16_tree_to_explore	720	1280	Canvas/HUD/VerticalUIRoot/VerticalSafeAreaRoot/ContentSlot/Dimension1Panel/D1_ExploreVisualRoot/BottomNavigation/Nav_HANGAR	2	397.60	38.13	OK	Canvas/HUD/VerticalUIRoot/VerticalSafeAreaRoot/ContentSlot/Dimension1Panel/D1_ExploreVisualRoot/BottomNavigation/Nav_HANGAR	Canvas/HUD/VerticalUIRoot/VerticalSafeAreaRoot/ContentSlot/Dimension1Panel/D1_ExploreVisualRoot/BottomNavigation/Nav_HANGAR
16_tree_to_explore	720	1280	Canvas/HUD/VerticalUIRoot/VerticalSafeAreaRoot/ContentSlot/Dimension1Panel/D1_ExploreVisualRoot/BottomNavigation/Nav_HANGAR	3	318.40	108.53	OK	Canvas/HUD/VerticalUIRoot/VerticalSafeAreaRoot/ContentSlot/Dimension1Panel/D1_ExploreVisualRoot/BottomNavigation/Nav_HANGAR	Canvas/HUD/VerticalUIRoot/VerticalSafeAreaRoot/ContentSlot/Dimension1Panel/D1_ExploreVisualRoot/BottomNavigation/Nav_HANGAR
16_tree_to_explore	720	1280	Canvas/HUD/VerticalUIRoot/VerticalSafeAreaRoot/ContentSlot/Dimension1Panel/D1_ExploreVisualRoot/BottomNavigation/Nav_HANGAR	4	397.60	108.53	OK	Canvas/HUD/VerticalUIRoot/VerticalSafeAreaRoot/ContentSlot/Dimension1Panel/D1_ExploreVisualRoot/BottomNavigation/Nav_HANGAR	Canvas/HUD/VerticalUIRoot/VerticalSafeAreaRoot/ContentSlot/Dimension1Panel/D1_ExploreVisualRoot/BottomNavigation/Nav_HANGAR
16_tree_to_explore	720	1280	Canvas/HUD/VerticalUIRoot/VerticalSafeAreaRoot/ContentSlot/Dimension1Panel/D1_ExploreVisualRoot/ActiveExpedition/Next	0	478.67	280.00	OK	Canvas/HUD/VerticalUIRoot/VerticalSafeAreaRoot/ContentSlot/Dimension1Panel/D1_ExploreVisualRoot/ActiveExpedition/Next	Canvas/HUD/VerticalUIRoot/VerticalSafeAreaRoot/ContentSlot/Dimension1Panel/D1_ExploreVisualRoot/ActiveExpedition/Next
16_tree_to_explore	720	1280	Canvas/HUD/VerticalUIRoot/VerticalSafeAreaRoot/ContentSlot/Dimension1Panel/D1_ExploreVisualRoot/ActiveExpedition/Next	1	464.27	265.60	OK	Canvas/HUD/VerticalUIRoot/VerticalSafeAreaRoot/ContentSlot/Dimension1Panel/D1_ExploreVisualRoot/ActiveExpedition/Next	Canvas/HUD/VerticalUIRoot/VerticalSafeAreaRoot/ContentSlot/Dimension1Panel/D1_ExploreVisualRoot/ActiveExpedition/Next
16_tree_to_explore	720	1280	Canvas/HUD/VerticalUIRoot/VerticalSafeAreaRoot/ContentSlot/Dimension1Panel/D1_ExploreVisualRoot/ActiveExpedition/Next	2	493.07	265.60	OK	Canvas/HUD/VerticalUIRoot/VerticalSafeAreaRoot/ContentSlot/Dimension1Panel/D1_ExploreVisualRoot/ActiveExpedition/Next	Canvas/HUD/VerticalUIRoot/VerticalSafeAreaRoot/ContentSlot/Dimension1Panel/D1_ExploreVisualRoot/ActiveExpedition/Next
16_tree_to_explore	720	1280	Canvas/HUD/VerticalUIRoot/VerticalSafeAreaRoot/ContentSlot/Dimension1Panel/D1_ExploreVisualRoot/ActiveExpedition/Next	3	464.27	294.40	OK	Canvas/HUD/VerticalUIRoot/VerticalSafeAreaRoot/ContentSlot/Dimension1Panel/D1_ExploreVisualRoot/ActiveExpedition/Next	Canvas/HUD/VerticalUIRoot/VerticalSafeAreaRoot/ContentSlot/Dimension1Panel/D1_ExploreVisualRoot/ActiveExpedition/Next
16_tree_to_explore	720	1280	Canvas/HUD/VerticalUIRoot/VerticalSafeAreaRoot/ContentSlot/Dimension1Panel/D1_ExploreVisualRoot/ActiveExpedition/Next	4	493.07	294.40	OK	Canvas/HUD/VerticalUIRoot/VerticalSafeAreaRoot/ContentSlot/Dimension1Panel/D1_ExploreVisualRoot/ActiveExpedition/Next	Canvas/HUD/VerticalUIRoot/VerticalSafeAreaRoot/ContentSlot/Dimension1Panel/D1_ExploreVisualRoot/ActiveExpedition/Next
16_tree_to_explore	720	1280	Canvas/HUD/VerticalUIRoot/VerticalSafeAreaRoot/ContentSlot/Dimension1Panel/D1_ExploreVisualRoot/ShipPanel/Previous	0	265.33	478.00	OK	Canvas/HUD/VerticalUIRoot/VerticalSafeAreaRoot/ContentSlot/Dimension1Panel/D1_ExploreVisualRoot/ShipPanel/Previous	Canvas/HUD/VerticalUIRoot/VerticalSafeAreaRoot/ContentSlot/Dimension1Panel/D1_ExploreVisualRoot/ShipPanel/Previous
16_tree_to_explore	720	1280	Canvas/HUD/VerticalUIRoot/VerticalSafeAreaRoot/ContentSlot/Dimension1Panel/D1_ExploreVisualRoot/ShipPanel/Previous	1	250.93	463.60	OK	Canvas/HUD/VerticalUIRoot/VerticalSafeAreaRoot/ContentSlot/Dimension1Panel/D1_ExploreVisualRoot/ShipPanel/Previous	Canvas/HUD/VerticalUIRoot/VerticalSafeAreaRoot/ContentSlot/Dimension1Panel/D1_ExploreVisualRoot/ShipPanel/Previous
16_tree_to_explore	720	1280	Canvas/HUD/VerticalUIRoot/VerticalSafeAreaRoot/ContentSlot/Dimension1Panel/D1_ExploreVisualRoot/ShipPanel/Previous	2	279.73	463.60	OK	Canvas/HUD/VerticalUIRoot/VerticalSafeAreaRoot/ContentSlot/Dimension1Panel/D1_ExploreVisualRoot/ShipPanel/Previous	Canvas/HUD/VerticalUIRoot/VerticalSafeAreaRoot/ContentSlot/Dimension1Panel/D1_ExploreVisualRoot/ShipPanel/Previous
16_tree_to_explore	720	1280	Canvas/HUD/VerticalUIRoot/VerticalSafeAreaRoot/ContentSlot/Dimension1Panel/D1_ExploreVisualRoot/ShipPanel/Previous	3	250.93	492.40	OK	Canvas/HUD/VerticalUIRoot/VerticalSafeAreaRoot/ContentSlot/Dimension1Panel/D1_ExploreVisualRoot/ShipPanel/Previous	Canvas/HUD/VerticalUIRoot/VerticalSafeAreaRoot/ContentSlot/Dimension1Panel/D1_ExploreVisualRoot/ShipPanel/Previous
16_tree_to_explore	720	1280	Canvas/HUD/VerticalUIRoot/VerticalSafeAreaRoot/ContentSlot/Dimension1Panel/D1_ExploreVisualRoot/ShipPanel/Previous	4	279.73	492.40	OK	Canvas/HUD/VerticalUIRoot/VerticalSafeAreaRoot/ContentSlot/Dimension1Panel/D1_ExploreVisualRoot/ShipPanel/Previous	Canvas/HUD/VerticalUIRoot/VerticalSafeAreaRoot/ContentSlot/Dimension1Panel/D1_ExploreVisualRoot/ShipPanel/Previous
16_tree_to_explore	720	1280	Canvas/HUD/VerticalUIRoot/VerticalSafeAreaRoot/ContentSlot/Dimension1Panel/D1_ExploreVisualRoot/ModePanel/CoordinatedMode	0	514.67	383.33	OK	Canvas/HUD/VerticalUIRoot/VerticalSafeAreaRoot/ContentSlot/Dimension1Panel/D1_ExploreVisualRoot/ModePanel/CoordinatedMode	Canvas/HUD/VerticalUIRoot/VerticalSafeAreaRoot/ContentSlot/Dimension1Panel/D1_ExploreVisualRoot/ModePanel/CoordinatedMode
16_tree_to_explore	720	1280	Canvas/HUD/VerticalUIRoot/VerticalSafeAreaRoot/ContentSlot/Dimension1Panel/D1_ExploreVisualRoot/ModePanel/CoordinatedMode	1	426.67	367.73	OK	Canvas/HUD/VerticalUIRoot/VerticalSafeAreaRoot/ContentSlot/Dimension1Panel/D1_ExploreVisualRoot/ModePanel/CoordinatedMode	Canvas/HUD/VerticalUIRoot/VerticalSafeAreaRoot/ContentSlot/Dimension1Panel/D1_ExploreVisualRoot/ModePanel/CoordinatedMode
16_tree_to_explore	720	1280	Canvas/HUD/VerticalUIRoot/VerticalSafeAreaRoot/ContentSlot/Dimension1Panel/D1_ExploreVisualRoot/ModePanel/CoordinatedMode	2	602.67	367.73	OK	Canvas/HUD/VerticalUIRoot/VerticalSafeAreaRoot/ContentSlot/Dimension1Panel/D1_ExploreVisualRoot/ModePanel/CoordinatedMode	Canvas/HUD/VerticalUIRoot/VerticalSafeAreaRoot/ContentSlot/Dimension1Panel/D1_ExploreVisualRoot/ModePanel/CoordinatedMode
16_tree_to_explore	720	1280	Canvas/HUD/VerticalUIRoot/VerticalSafeAreaRoot/ContentSlot/Dimension1Panel/D1_ExploreVisualRoot/ModePanel/CoordinatedMode	3	426.67	398.93	OK	Canvas/HUD/VerticalUIRoot/VerticalSafeAreaRoot/ContentSlot/Dimension1Panel/D1_ExploreVisualRoot/ModePanel/CoordinatedMode	Canvas/HUD/VerticalUIRoot/VerticalSafeAreaRoot/ContentSlot/Dimension1Panel/D1_ExploreVisualRoot/ModePanel/CoordinatedMode
16_tree_to_explore	720	1280	Canvas/HUD/VerticalUIRoot/VerticalSafeAreaRoot/ContentSlot/Dimension1Panel/D1_ExploreVisualRoot/ModePanel/CoordinatedMode	4	602.67	398.93	OK	Canvas/HUD/VerticalUIRoot/VerticalSafeAreaRoot/ContentSlot/Dimension1Panel/D1_ExploreVisualRoot/ModePanel/CoordinatedMode	Canvas/HUD/VerticalUIRoot/VerticalSafeAreaRoot/ContentSlot/Dimension1Panel/D1_ExploreVisualRoot/ModePanel/CoordinatedMode
16_tree_to_explore	720	1280	Canvas/HUD/VerticalUIRoot/VerticalSafeAreaRoot/ContentSlot/Dimension1Panel/D1_ExploreVisualRoot/ExplorationRecord	0	554.67	187.33	OK	Canvas/HUD/VerticalUIRoot/VerticalSafeAreaRoot/ContentSlot/Dimension1Panel/D1_ExploreVisualRoot/ExplorationRecord	Canvas/HUD/VerticalUIRoot/VerticalSafeAreaRoot/ContentSlot/Dimension1Panel/D1_ExploreVisualRoot/ExplorationRecord
16_tree_to_explore	720	1280	Canvas/HUD/VerticalUIRoot/VerticalSafeAreaRoot/ContentSlot/Dimension1Panel/D1_ExploreVisualRoot/ExplorationRecord	1	481.07	162.93	OK	Canvas/HUD/VerticalUIRoot/VerticalSafeAreaRoot/ContentSlot/Dimension1Panel/D1_ExploreVisualRoot/ExplorationRecord	Canvas/HUD/VerticalUIRoot/VerticalSafeAreaRoot/ContentSlot/Dimension1Panel/D1_ExploreVisualRoot/ExplorationRecord
16_tree_to_explore	720	1280	Canvas/HUD/VerticalUIRoot/VerticalSafeAreaRoot/ContentSlot/Dimension1Panel/D1_ExploreVisualRoot/ExplorationRecord	2	628.27	162.93	OK	Canvas/HUD/VerticalUIRoot/VerticalSafeAreaRoot/ContentSlot/Dimension1Panel/D1_ExploreVisualRoot/ExplorationRecord	Canvas/HUD/VerticalUIRoot/VerticalSafeAreaRoot/ContentSlot/Dimension1Panel/D1_ExploreVisualRoot/ExplorationRecord
16_tree_to_explore	720	1280	Canvas/HUD/VerticalUIRoot/VerticalSafeAreaRoot/ContentSlot/Dimension1Panel/D1_ExploreVisualRoot/ExplorationRecord	3	481.07	211.73	OK	Canvas/HUD/VerticalUIRoot/VerticalSafeAreaRoot/ContentSlot/Dimension1Panel/D1_ExploreVisualRoot/ExplorationRecord	Canvas/HUD/VerticalUIRoot/VerticalSafeAreaRoot/ContentSlot/Dimension1Panel/D1_ExploreVisualRoot/ExplorationRecord
16_tree_to_explore	720	1280	Canvas/HUD/VerticalUIRoot/VerticalSafeAreaRoot/ContentSlot/Dimension1Panel/D1_ExploreVisualRoot/ExplorationRecord	4	628.27	211.73	OK	Canvas/HUD/VerticalUIRoot/VerticalSafeAreaRoot/ContentSlot/Dimension1Panel/D1_ExploreVisualRoot/ExplorationRecord	Canvas/HUD/VerticalUIRoot/VerticalSafeAreaRoot/ContentSlot/Dimension1Panel/D1_ExploreVisualRoot/ExplorationRecord
16_tree_to_explore	720	1280	Canvas/HUD/VerticalUIRoot/VerticalSafeAreaRoot/ContentSlot/Dimension1Panel/D1_ExploreVisualRoot/BottomNavigation/Nav_ÁRBOL	0	634.00	73.33	OK	Canvas/HUD/VerticalUIRoot/VerticalSafeAreaRoot/ContentSlot/Dimension1Panel/D1_ExploreVisualRoot/BottomNavigation/Nav_ÁRBOL	Canvas/HUD/VerticalUIRoot/VerticalSafeAreaRoot/ContentSlot/Dimension1Panel/D1_ExploreVisualRoot/BottomNavigation/Nav_ÁRBOL
16_tree_to_explore	720	1280	Canvas/HUD/VerticalUIRoot/VerticalSafeAreaRoot/ContentSlot/Dimension1Panel/D1_ExploreVisualRoot/BottomNavigation/Nav_ÁRBOL	1	594.40	38.13	OK	Canvas/HUD/VerticalUIRoot/VerticalSafeAreaRoot/ContentSlot/Dimension1Panel/D1_ExploreVisualRoot/BottomNavigation/Nav_ÁRBOL	Canvas/HUD/VerticalUIRoot/VerticalSafeAreaRoot/ContentSlot/Dimension1Panel/D1_ExploreVisualRoot/BottomNavigation/Nav_ÁRBOL
16_tree_to_explore	720	1280	Canvas/HUD/VerticalUIRoot/VerticalSafeAreaRoot/ContentSlot/Dimension1Panel/D1_ExploreVisualRoot/BottomNavigation/Nav_ÁRBOL	2	673.60	38.13	OK	Canvas/HUD/VerticalUIRoot/VerticalSafeAreaRoot/ContentSlot/Dimension1Panel/D1_ExploreVisualRoot/BottomNavigation/Nav_ÁRBOL	Canvas/HUD/VerticalUIRoot/VerticalSafeAreaRoot/ContentSlot/Dimension1Panel/D1_ExploreVisualRoot/BottomNavigation/Nav_ÁRBOL
16_tree_to_explore	720	1280	Canvas/HUD/VerticalUIRoot/VerticalSafeAreaRoot/ContentSlot/Dimension1Panel/D1_ExploreVisualRoot/BottomNavigation/Nav_ÁRBOL	3	594.40	108.53	OK	Canvas/HUD/VerticalUIRoot/VerticalSafeAreaRoot/ContentSlot/Dimension1Panel/D1_ExploreVisualRoot/BottomNavigation/Nav_ÁRBOL	Canvas/HUD/VerticalUIRoot/VerticalSafeAreaRoot/ContentSlot/Dimension1Panel/D1_ExploreVisualRoot/BottomNavigation/Nav_ÁRBOL
16_tree_to_explore	720	1280	Canvas/HUD/VerticalUIRoot/VerticalSafeAreaRoot/ContentSlot/Dimension1Panel/D1_ExploreVisualRoot/BottomNavigation/Nav_ÁRBOL	4	673.60	108.53	OK	Canvas/HUD/VerticalUIRoot/VerticalSafeAreaRoot/ContentSlot/Dimension1Panel/D1_ExploreVisualRoot/BottomNavigation/Nav_ÁRBOL	Canvas/HUD/VerticalUIRoot/VerticalSafeAreaRoot/ContentSlot/Dimension1Panel/D1_ExploreVisualRoot/BottomNavigation/Nav_ÁRBOL
16_tree_to_explore	720	1280	Canvas/HUD/VerticalUIRoot/VerticalSafeAreaRoot/ContentSlot/Dimension1Panel/OpenGalaxyPanelButton	0	826.67	1017.33	OFFSCREEN	<none>	<none>
16_tree_to_explore	720	1280	Canvas/HUD/VerticalUIRoot/VerticalSafeAreaRoot/ContentSlot/Dimension1Panel/OpenGalaxyPanelButton	1	794.67	1011.33	OFFSCREEN	<none>	<none>
16_tree_to_explore	720	1280	Canvas/HUD/VerticalUIRoot/VerticalSafeAreaRoot/ContentSlot/Dimension1Panel/OpenGalaxyPanelButton	2	858.67	1011.33	OFFSCREEN	<none>	<none>
16_tree_to_explore	720	1280	Canvas/HUD/VerticalUIRoot/VerticalSafeAreaRoot/ContentSlot/Dimension1Panel/OpenGalaxyPanelButton	3	794.67	1023.33	OFFSCREEN	<none>	<none>
16_tree_to_explore	720	1280	Canvas/HUD/VerticalUIRoot/VerticalSafeAreaRoot/ContentSlot/Dimension1Panel/OpenGalaxyPanelButton	4	858.67	1023.33	OFFSCREEN	<none>	<none>
16_tree_to_explore	720	1280	Canvas/HUD/VerticalUIRoot/VerticalSafeAreaRoot/ContentSlot/Dimension1Panel/D1_ExploreVisualRoot/SupportPanel/Previous	0	593.33	478.00	OK	Canvas/HUD/VerticalUIRoot/VerticalSafeAreaRoot/ContentSlot/Dimension1Panel/D1_ExploreVisualRoot/SupportPanel/Previous	Canvas/HUD/VerticalUIRoot/VerticalSafeAreaRoot/ContentSlot/Dimension1Panel/D1_ExploreVisualRoot/SupportPanel/Previous
16_tree_to_explore	720	1280	Canvas/HUD/VerticalUIRoot/VerticalSafeAreaRoot/ContentSlot/Dimension1Panel/D1_ExploreVisualRoot/SupportPanel/Previous	1	578.93	463.60	OK	Canvas/HUD/VerticalUIRoot/VerticalSafeAreaRoot/ContentSlot/Dimension1Panel/D1_ExploreVisualRoot/SupportPanel/Previous	Canvas/HUD/VerticalUIRoot/VerticalSafeAreaRoot/ContentSlot/Dimension1Panel/D1_ExploreVisualRoot/SupportPanel/Previous
16_tree_to_explore	720	1280	Canvas/HUD/VerticalUIRoot/VerticalSafeAreaRoot/ContentSlot/Dimension1Panel/D1_ExploreVisualRoot/SupportPanel/Previous	2	607.73	463.60	OK	Canvas/HUD/VerticalUIRoot/VerticalSafeAreaRoot/ContentSlot/Dimension1Panel/D1_ExploreVisualRoot/SupportPanel/Previous	Canvas/HUD/VerticalUIRoot/VerticalSafeAreaRoot/ContentSlot/Dimension1Panel/D1_ExploreVisualRoot/SupportPanel/Previous
16_tree_to_explore	720	1280	Canvas/HUD/VerticalUIRoot/VerticalSafeAreaRoot/ContentSlot/Dimension1Panel/D1_ExploreVisualRoot/SupportPanel/Previous	3	578.93	492.40	OK	Canvas/HUD/VerticalUIRoot/VerticalSafeAreaRoot/ContentSlot/Dimension1Panel/D1_ExploreVisualRoot/SupportPanel/Previous	Canvas/HUD/VerticalUIRoot/VerticalSafeAreaRoot/ContentSlot/Dimension1Panel/D1_ExploreVisualRoot/SupportPanel/Previous
16_tree_to_explore	720	1280	Canvas/HUD/VerticalUIRoot/VerticalSafeAreaRoot/ContentSlot/Dimension1Panel/D1_ExploreVisualRoot/SupportPanel/Previous	4	607.73	492.40	OK	Canvas/HUD/VerticalUIRoot/VerticalSafeAreaRoot/ContentSlot/Dimension1Panel/D1_ExploreVisualRoot/SupportPanel/Previous	Canvas/HUD/VerticalUIRoot/VerticalSafeAreaRoot/ContentSlot/Dimension1Panel/D1_ExploreVisualRoot/SupportPanel/Previous
16_tree_to_explore	720	1280	Canvas/HUD/VerticalUIRoot/VerticalSafeAreaRoot/ContentSlot/Dimension1Panel/D1_ExploreVisualRoot/ScannerPanel/ChangeSector	0	576.00	1044.67	OK	Canvas/HUD/VerticalUIRoot/VerticalSafeAreaRoot/ContentSlot/Dimension1Panel/D1_ExploreVisualRoot/ScannerPanel/ChangeSector	Canvas/HUD/VerticalUIRoot/VerticalSafeAreaRoot/ContentSlot/Dimension1Panel/D1_ExploreVisualRoot/ScannerPanel/ChangeSector
16_tree_to_explore	720	1280	Canvas/HUD/VerticalUIRoot/VerticalSafeAreaRoot/ContentSlot/Dimension1Panel/D1_ExploreVisualRoot/ScannerPanel/ChangeSector	1	529.60	1032.27	OK	Canvas/HUD/VerticalUIRoot/VerticalSafeAreaRoot/ContentSlot/Dimension1Panel/D1_ExploreVisualRoot/ScannerPanel/ChangeSector	Canvas/HUD/VerticalUIRoot/VerticalSafeAreaRoot/ContentSlot/Dimension1Panel/D1_ExploreVisualRoot/ScannerPanel/ChangeSector
16_tree_to_explore	720	1280	Canvas/HUD/VerticalUIRoot/VerticalSafeAreaRoot/ContentSlot/Dimension1Panel/D1_ExploreVisualRoot/ScannerPanel/ChangeSector	2	622.40	1032.27	OK	Canvas/HUD/VerticalUIRoot/VerticalSafeAreaRoot/ContentSlot/Dimension1Panel/D1_ExploreVisualRoot/ScannerPanel/ChangeSector	Canvas/HUD/VerticalUIRoot/VerticalSafeAreaRoot/ContentSlot/Dimension1Panel/D1_ExploreVisualRoot/ScannerPanel/ChangeSector
16_tree_to_explore	720	1280	Canvas/HUD/VerticalUIRoot/VerticalSafeAreaRoot/ContentSlot/Dimension1Panel/D1_ExploreVisualRoot/ScannerPanel/ChangeSector	3	529.60	1057.07	OK	Canvas/HUD/VerticalUIRoot/VerticalSafeAreaRoot/ContentSlot/Dimension1Panel/D1_ExploreVisualRoot/ScannerPanel/ChangeSector	Canvas/HUD/VerticalUIRoot/VerticalSafeAreaRoot/ContentSlot/Dimension1Panel/D1_ExploreVisualRoot/ScannerPanel/ChangeSector
16_tree_to_explore	720	1280	Canvas/HUD/VerticalUIRoot/VerticalSafeAreaRoot/ContentSlot/Dimension1Panel/D1_ExploreVisualRoot/ScannerPanel/ChangeSector	4	622.40	1057.07	OK	Canvas/HUD/VerticalUIRoot/VerticalSafeAreaRoot/ContentSlot/Dimension1Panel/D1_ExploreVisualRoot/ScannerPanel/ChangeSector	Canvas/HUD/VerticalUIRoot/VerticalSafeAreaRoot/ContentSlot/Dimension1Panel/D1_ExploreVisualRoot/ScannerPanel/ChangeSector
16_tree_to_explore	720	1280	Canvas/HUD/VerticalUIRoot/VerticalSafeAreaRoot/ContentSlot/Dimension1Panel/D1_ExploreVisualRoot/BottomNavigation/Nav_GALAXIA	0	82.00	73.33	OK	Canvas/HUD/VerticalUIRoot/VerticalSafeAreaRoot/ContentSlot/Dimension1Panel/D1_ExploreVisualRoot/BottomNavigation/Nav_GALAXIA	Canvas/HUD/VerticalUIRoot/VerticalSafeAreaRoot/ContentSlot/Dimension1Panel/D1_ExploreVisualRoot/BottomNavigation/Nav_GALAXIA
16_tree_to_explore	720	1280	Canvas/HUD/VerticalUIRoot/VerticalSafeAreaRoot/ContentSlot/Dimension1Panel/D1_ExploreVisualRoot/BottomNavigation/Nav_GALAXIA	1	42.40	38.13	OK	Canvas/HUD/VerticalUIRoot/VerticalSafeAreaRoot/ContentSlot/Dimension1Panel/D1_ExploreVisualRoot/BottomNavigation/Nav_GALAXIA	Canvas/HUD/VerticalUIRoot/VerticalSafeAreaRoot/ContentSlot/Dimension1Panel/D1_ExploreVisualRoot/BottomNavigation/Nav_GALAXIA
16_tree_to_explore	720	1280	Canvas/HUD/VerticalUIRoot/VerticalSafeAreaRoot/ContentSlot/Dimension1Panel/D1_ExploreVisualRoot/BottomNavigation/Nav_GALAXIA	2	121.60	38.13	OK	Canvas/HUD/VerticalUIRoot/VerticalSafeAreaRoot/ContentSlot/Dimension1Panel/D1_ExploreVisualRoot/BottomNavigation/Nav_GALAXIA	Canvas/HUD/VerticalUIRoot/VerticalSafeAreaRoot/ContentSlot/Dimension1Panel/D1_ExploreVisualRoot/BottomNavigation/Nav_GALAXIA
16_tree_to_explore	720	1280	Canvas/HUD/VerticalUIRoot/VerticalSafeAreaRoot/ContentSlot/Dimension1Panel/D1_ExploreVisualRoot/BottomNavigation/Nav_GALAXIA	3	42.40	108.53	OK	Canvas/HUD/VerticalUIRoot/VerticalSafeAreaRoot/ContentSlot/Dimension1Panel/D1_ExploreVisualRoot/BottomNavigation/Nav_GALAXIA	Canvas/HUD/VerticalUIRoot/VerticalSafeAreaRoot/ContentSlot/Dimension1Panel/D1_ExploreVisualRoot/BottomNavigation/Nav_GALAXIA
16_tree_to_explore	720	1280	Canvas/HUD/VerticalUIRoot/VerticalSafeAreaRoot/ContentSlot/Dimension1Panel/D1_ExploreVisualRoot/BottomNavigation/Nav_GALAXIA	4	121.60	108.53	OK	Canvas/HUD/VerticalUIRoot/VerticalSafeAreaRoot/ContentSlot/Dimension1Panel/D1_ExploreVisualRoot/BottomNavigation/Nav_GALAXIA	Canvas/HUD/VerticalUIRoot/VerticalSafeAreaRoot/ContentSlot/Dimension1Panel/D1_ExploreVisualRoot/BottomNavigation/Nav_GALAXIA
16_tree_to_explore	720	1280	Canvas/HUD/VerticalUIRoot/VerticalSafeAreaRoot/ContentSlot/Dimension1Panel/OpenHangarPanelButton	0	826.67	950.67	OFFSCREEN	<none>	<none>
16_tree_to_explore	720	1280	Canvas/HUD/VerticalUIRoot/VerticalSafeAreaRoot/ContentSlot/Dimension1Panel/OpenHangarPanelButton	1	794.67	944.67	OFFSCREEN	<none>	<none>
16_tree_to_explore	720	1280	Canvas/HUD/VerticalUIRoot/VerticalSafeAreaRoot/ContentSlot/Dimension1Panel/OpenHangarPanelButton	2	858.67	944.67	OFFSCREEN	<none>	<none>
16_tree_to_explore	720	1280	Canvas/HUD/VerticalUIRoot/VerticalSafeAreaRoot/ContentSlot/Dimension1Panel/OpenHangarPanelButton	3	794.67	956.67	OFFSCREEN	<none>	<none>
16_tree_to_explore	720	1280	Canvas/HUD/VerticalUIRoot/VerticalSafeAreaRoot/ContentSlot/Dimension1Panel/OpenHangarPanelButton	4	858.67	956.67	OFFSCREEN	<none>	<none>
16_tree_to_explore	720	1280	Canvas/HUD/VerticalUIRoot/VerticalSafeAreaRoot/ContentSlot/Dimension1Panel/D1_ExploreVisualRoot/DestinationPanel/OpenDetails	0	612.00	812.00	OK	Canvas/HUD/VerticalUIRoot/VerticalSafeAreaRoot/ContentSlot/Dimension1Panel/D1_ExploreVisualRoot/DestinationPanel/OpenDetails	Canvas/HUD/VerticalUIRoot/VerticalSafeAreaRoot/ContentSlot/Dimension1Panel/D1_ExploreVisualRoot/DestinationPanel/OpenDetails
16_tree_to_explore	720	1280	Canvas/HUD/VerticalUIRoot/VerticalSafeAreaRoot/ContentSlot/Dimension1Panel/D1_ExploreVisualRoot/DestinationPanel/OpenDetails	1	584.00	800.40	OK	Canvas/HUD/VerticalUIRoot/VerticalSafeAreaRoot/ContentSlot/Dimension1Panel/D1_ExploreVisualRoot/DestinationPanel/OpenDetails	Canvas/HUD/VerticalUIRoot/VerticalSafeAreaRoot/ContentSlot/Dimension1Panel/D1_ExploreVisualRoot/DestinationPanel/OpenDetails
16_tree_to_explore	720	1280	Canvas/HUD/VerticalUIRoot/VerticalSafeAreaRoot/ContentSlot/Dimension1Panel/D1_ExploreVisualRoot/DestinationPanel/OpenDetails	2	640.00	800.40	OK	Canvas/HUD/VerticalUIRoot/VerticalSafeAreaRoot/ContentSlot/Dimension1Panel/D1_ExploreVisualRoot/DestinationPanel/OpenDetails	Canvas/HUD/VerticalUIRoot/VerticalSafeAreaRoot/ContentSlot/Dimension1Panel/D1_ExploreVisualRoot/DestinationPanel/OpenDetails
16_tree_to_explore	720	1280	Canvas/HUD/VerticalUIRoot/VerticalSafeAreaRoot/ContentSlot/Dimension1Panel/D1_ExploreVisualRoot/DestinationPanel/OpenDetails	3	584.00	823.60	OK	Canvas/HUD/VerticalUIRoot/VerticalSafeAreaRoot/ContentSlot/Dimension1Panel/D1_ExploreVisualRoot/DestinationPanel/OpenDetails	Canvas/HUD/VerticalUIRoot/VerticalSafeAreaRoot/ContentSlot/Dimension1Panel/D1_ExploreVisualRoot/DestinationPanel/OpenDetails
16_tree_to_explore	720	1280	Canvas/HUD/VerticalUIRoot/VerticalSafeAreaRoot/ContentSlot/Dimension1Panel/D1_ExploreVisualRoot/DestinationPanel/OpenDetails	4	640.00	823.60	OK	Canvas/HUD/VerticalUIRoot/VerticalSafeAreaRoot/ContentSlot/Dimension1Panel/D1_ExploreVisualRoot/DestinationPanel/OpenDetails	Canvas/HUD/VerticalUIRoot/VerticalSafeAreaRoot/ContentSlot/Dimension1Panel/D1_ExploreVisualRoot/DestinationPanel/OpenDetails
16_tree_to_explore	720	1280	Canvas/HUD/VerticalUIRoot/VerticalSafeAreaRoot/ContentSlot/Dimension1Panel/D1_ExploreVisualRoot/ShipPanel/Next	0	322.67	478.00	OK	Canvas/HUD/VerticalUIRoot/VerticalSafeAreaRoot/ContentSlot/Dimension1Panel/D1_ExploreVisualRoot/ShipPanel/Next	Canvas/HUD/VerticalUIRoot/VerticalSafeAreaRoot/ContentSlot/Dimension1Panel/D1_ExploreVisualRoot/ShipPanel/Next
16_tree_to_explore	720	1280	Canvas/HUD/VerticalUIRoot/VerticalSafeAreaRoot/ContentSlot/Dimension1Panel/D1_ExploreVisualRoot/ShipPanel/Next	1	308.27	463.60	OK	Canvas/HUD/VerticalUIRoot/VerticalSafeAreaRoot/ContentSlot/Dimension1Panel/D1_ExploreVisualRoot/ShipPanel/Next	Canvas/HUD/VerticalUIRoot/VerticalSafeAreaRoot/ContentSlot/Dimension1Panel/D1_ExploreVisualRoot/ShipPanel/Next
16_tree_to_explore	720	1280	Canvas/HUD/VerticalUIRoot/VerticalSafeAreaRoot/ContentSlot/Dimension1Panel/D1_ExploreVisualRoot/ShipPanel/Next	2	337.07	463.60	OK	Canvas/HUD/VerticalUIRoot/VerticalSafeAreaRoot/ContentSlot/Dimension1Panel/D1_ExploreVisualRoot/ShipPanel/Next	Canvas/HUD/VerticalUIRoot/VerticalSafeAreaRoot/ContentSlot/Dimension1Panel/D1_ExploreVisualRoot/ShipPanel/Next
16_tree_to_explore	720	1280	Canvas/HUD/VerticalUIRoot/VerticalSafeAreaRoot/ContentSlot/Dimension1Panel/D1_ExploreVisualRoot/ShipPanel/Next	3	308.27	492.40	OK	Canvas/HUD/VerticalUIRoot/VerticalSafeAreaRoot/ContentSlot/Dimension1Panel/D1_ExploreVisualRoot/ShipPanel/Next	Canvas/HUD/VerticalUIRoot/VerticalSafeAreaRoot/ContentSlot/Dimension1Panel/D1_ExploreVisualRoot/ShipPanel/Next
16_tree_to_explore	720	1280	Canvas/HUD/VerticalUIRoot/VerticalSafeAreaRoot/ContentSlot/Dimension1Panel/D1_ExploreVisualRoot/ShipPanel/Next	4	337.07	492.40	OK	Canvas/HUD/VerticalUIRoot/VerticalSafeAreaRoot/ContentSlot/Dimension1Panel/D1_ExploreVisualRoot/ShipPanel/Next	Canvas/HUD/VerticalUIRoot/VerticalSafeAreaRoot/ContentSlot/Dimension1Panel/D1_ExploreVisualRoot/ShipPanel/Next
16_tree_to_explore	720	1280	Canvas/HUD/VerticalUIRoot/VerticalSafeAreaRoot/ContentSlot/Dimension1Panel/D1_ExploreVisualRoot/ActiveExpedition/Previous	0	421.33	280.00	OK	Canvas/HUD/VerticalUIRoot/VerticalSafeAreaRoot/ContentSlot/Dimension1Panel/D1_ExploreVisualRoot/ActiveExpedition/Previous	Canvas/HUD/VerticalUIRoot/VerticalSafeAreaRoot/ContentSlot/Dimension1Panel/D1_ExploreVisualRoot/ActiveExpedition/Previous
16_tree_to_explore	720	1280	Canvas/HUD/VerticalUIRoot/VerticalSafeAreaRoot/ContentSlot/Dimension1Panel/D1_ExploreVisualRoot/ActiveExpedition/Previous	1	406.93	265.60	OK	Canvas/HUD/VerticalUIRoot/VerticalSafeAreaRoot/ContentSlot/Dimension1Panel/D1_ExploreVisualRoot/ActiveExpedition/Previous	Canvas/HUD/VerticalUIRoot/VerticalSafeAreaRoot/ContentSlot/Dimension1Panel/D1_ExploreVisualRoot/ActiveExpedition/Previous
16_tree_to_explore	720	1280	Canvas/HUD/VerticalUIRoot/VerticalSafeAreaRoot/ContentSlot/Dimension1Panel/D1_ExploreVisualRoot/ActiveExpedition/Previous	2	435.73	265.60	OK	Canvas/HUD/VerticalUIRoot/VerticalSafeAreaRoot/ContentSlot/Dimension1Panel/D1_ExploreVisualRoot/ActiveExpedition/Previous	Canvas/HUD/VerticalUIRoot/VerticalSafeAreaRoot/ContentSlot/Dimension1Panel/D1_ExploreVisualRoot/ActiveExpedition/Previous
16_tree_to_explore	720	1280	Canvas/HUD/VerticalUIRoot/VerticalSafeAreaRoot/ContentSlot/Dimension1Panel/D1_ExploreVisualRoot/ActiveExpedition/Previous	3	406.93	294.40	OK	Canvas/HUD/VerticalUIRoot/VerticalSafeAreaRoot/ContentSlot/Dimension1Panel/D1_ExploreVisualRoot/ActiveExpedition/Previous	Canvas/HUD/VerticalUIRoot/VerticalSafeAreaRoot/ContentSlot/Dimension1Panel/D1_ExploreVisualRoot/ActiveExpedition/Previous
16_tree_to_explore	720	1280	Canvas/HUD/VerticalUIRoot/VerticalSafeAreaRoot/ContentSlot/Dimension1Panel/D1_ExploreVisualRoot/ActiveExpedition/Previous	4	435.73	294.40	OK	Canvas/HUD/VerticalUIRoot/VerticalSafeAreaRoot/ContentSlot/Dimension1Panel/D1_ExploreVisualRoot/ActiveExpedition/Previous	Canvas/HUD/VerticalUIRoot/VerticalSafeAreaRoot/ContentSlot/Dimension1Panel/D1_ExploreVisualRoot/ActiveExpedition/Previous
16_tree_to_explore	720	1280	Canvas/HUD/VerticalUIRoot/VerticalSafeAreaRoot/ContentSlot/Dimension1Panel/D1_ExploreVisualRoot/SupportPanel/Next	0	650.67	478.00	OK	Canvas/HUD/VerticalUIRoot/VerticalSafeAreaRoot/ContentSlot/Dimension1Panel/D1_ExploreVisualRoot/SupportPanel/Next	Canvas/HUD/VerticalUIRoot/VerticalSafeAreaRoot/ContentSlot/Dimension1Panel/D1_ExploreVisualRoot/SupportPanel/Next
16_tree_to_explore	720	1280	Canvas/HUD/VerticalUIRoot/VerticalSafeAreaRoot/ContentSlot/Dimension1Panel/D1_ExploreVisualRoot/SupportPanel/Next	1	636.27	463.60	OK	Canvas/HUD/VerticalUIRoot/VerticalSafeAreaRoot/ContentSlot/Dimension1Panel/D1_ExploreVisualRoot/SupportPanel/Next	Canvas/HUD/VerticalUIRoot/VerticalSafeAreaRoot/ContentSlot/Dimension1Panel/D1_ExploreVisualRoot/SupportPanel/Next
16_tree_to_explore	720	1280	Canvas/HUD/VerticalUIRoot/VerticalSafeAreaRoot/ContentSlot/Dimension1Panel/D1_ExploreVisualRoot/SupportPanel/Next	2	665.07	463.60	OK	Canvas/HUD/VerticalUIRoot/VerticalSafeAreaRoot/ContentSlot/Dimension1Panel/D1_ExploreVisualRoot/SupportPanel/Next	Canvas/HUD/VerticalUIRoot/VerticalSafeAreaRoot/ContentSlot/Dimension1Panel/D1_ExploreVisualRoot/SupportPanel/Next
16_tree_to_explore	720	1280	Canvas/HUD/VerticalUIRoot/VerticalSafeAreaRoot/ContentSlot/Dimension1Panel/D1_ExploreVisualRoot/SupportPanel/Next	3	636.27	492.40	OK	Canvas/HUD/VerticalUIRoot/VerticalSafeAreaRoot/ContentSlot/Dimension1Panel/D1_ExploreVisualRoot/SupportPanel/Next	Canvas/HUD/VerticalUIRoot/VerticalSafeAreaRoot/ContentSlot/Dimension1Panel/D1_ExploreVisualRoot/SupportPanel/Next
16_tree_to_explore	720	1280	Canvas/HUD/VerticalUIRoot/VerticalSafeAreaRoot/ContentSlot/Dimension1Panel/D1_ExploreVisualRoot/SupportPanel/Next	4	665.07	492.40	OK	Canvas/HUD/VerticalUIRoot/VerticalSafeAreaRoot/ContentSlot/Dimension1Panel/D1_ExploreVisualRoot/SupportPanel/Next	Canvas/HUD/VerticalUIRoot/VerticalSafeAreaRoot/ContentSlot/Dimension1Panel/D1_ExploreVisualRoot/SupportPanel/Next
16_tree_to_explore	720	1280	Canvas/HUD/VerticalUIRoot/VerticalSafeAreaRoot/ContentSlot/Dimension1Panel/D1_ExploreVisualRoot/MetalsButton	0	614.33	1178.67	OK	Canvas/HUD/VerticalUIRoot/VerticalSafeAreaRoot/ContentSlot/Dimension1Panel/D1_ExploreVisualRoot/MetalsButton	Canvas/HUD/VerticalUIRoot/VerticalSafeAreaRoot/ContentSlot/Dimension1Panel/D1_ExploreVisualRoot/MetalsButton
16_tree_to_explore	720	1280	Canvas/HUD/VerticalUIRoot/VerticalSafeAreaRoot/ContentSlot/Dimension1Panel/D1_ExploreVisualRoot/MetalsButton	1	565.33	1158.67	OK	Canvas/HUD/VerticalUIRoot/VerticalSafeAreaRoot/ContentSlot/Dimension1Panel/D1_ExploreVisualRoot/MetalsButton	Canvas/HUD/VerticalUIRoot/VerticalSafeAreaRoot/ContentSlot/Dimension1Panel/D1_ExploreVisualRoot/MetalsButton
16_tree_to_explore	720	1280	Canvas/HUD/VerticalUIRoot/VerticalSafeAreaRoot/ContentSlot/Dimension1Panel/D1_ExploreVisualRoot/MetalsButton	2	663.33	1158.67	OK	Canvas/HUD/VerticalUIRoot/VerticalSafeAreaRoot/ContentSlot/Dimension1Panel/D1_ExploreVisualRoot/MetalsButton	Canvas/HUD/VerticalUIRoot/VerticalSafeAreaRoot/ContentSlot/Dimension1Panel/D1_ExploreVisualRoot/MetalsButton
16_tree_to_explore	720	1280	Canvas/HUD/VerticalUIRoot/VerticalSafeAreaRoot/ContentSlot/Dimension1Panel/D1_ExploreVisualRoot/MetalsButton	3	565.33	1198.67	OK	Canvas/HUD/VerticalUIRoot/VerticalSafeAreaRoot/ContentSlot/Dimension1Panel/D1_ExploreVisualRoot/MetalsButton	Canvas/HUD/VerticalUIRoot/VerticalSafeAreaRoot/ContentSlot/Dimension1Panel/D1_ExploreVisualRoot/MetalsButton
16_tree_to_explore	720	1280	Canvas/HUD/VerticalUIRoot/VerticalSafeAreaRoot/ContentSlot/Dimension1Panel/D1_ExploreVisualRoot/MetalsButton	4	663.33	1198.67	OK	Canvas/HUD/VerticalUIRoot/VerticalSafeAreaRoot/ContentSlot/Dimension1Panel/D1_ExploreVisualRoot/MetalsButton	Canvas/HUD/VerticalUIRoot/VerticalSafeAreaRoot/ContentSlot/Dimension1Panel/D1_ExploreVisualRoot/MetalsButton
16_tree_to_explore	720	1280	Canvas/HUD/VerticalUIRoot/VerticalSafeAreaRoot/ContentSlot/Dimension1Panel/D1_ExploreVisualRoot/BottomNavigation/Nav_RELIQUIAS	0	496.00	73.33	OK	Canvas/HUD/VerticalUIRoot/VerticalSafeAreaRoot/ContentSlot/Dimension1Panel/D1_ExploreVisualRoot/BottomNavigation/Nav_RELIQUIAS	Canvas/HUD/VerticalUIRoot/VerticalSafeAreaRoot/ContentSlot/Dimension1Panel/D1_ExploreVisualRoot/BottomNavigation/Nav_RELIQUIAS
16_tree_to_explore	720	1280	Canvas/HUD/VerticalUIRoot/VerticalSafeAreaRoot/ContentSlot/Dimension1Panel/D1_ExploreVisualRoot/BottomNavigation/Nav_RELIQUIAS	1	456.40	38.13	OK	Canvas/HUD/VerticalUIRoot/VerticalSafeAreaRoot/ContentSlot/Dimension1Panel/D1_ExploreVisualRoot/BottomNavigation/Nav_RELIQUIAS	Canvas/HUD/VerticalUIRoot/VerticalSafeAreaRoot/ContentSlot/Dimension1Panel/D1_ExploreVisualRoot/BottomNavigation/Nav_RELIQUIAS
16_tree_to_explore	720	1280	Canvas/HUD/VerticalUIRoot/VerticalSafeAreaRoot/ContentSlot/Dimension1Panel/D1_ExploreVisualRoot/BottomNavigation/Nav_RELIQUIAS	2	535.60	38.13	OK	Canvas/HUD/VerticalUIRoot/VerticalSafeAreaRoot/ContentSlot/Dimension1Panel/D1_ExploreVisualRoot/BottomNavigation/Nav_RELIQUIAS	Canvas/HUD/VerticalUIRoot/VerticalSafeAreaRoot/ContentSlot/Dimension1Panel/D1_ExploreVisualRoot/BottomNavigation/Nav_RELIQUIAS
16_tree_to_explore	720	1280	Canvas/HUD/VerticalUIRoot/VerticalSafeAreaRoot/ContentSlot/Dimension1Panel/D1_ExploreVisualRoot/BottomNavigation/Nav_RELIQUIAS	3	456.40	108.53	OK	Canvas/HUD/VerticalUIRoot/VerticalSafeAreaRoot/ContentSlot/Dimension1Panel/D1_ExploreVisualRoot/BottomNavigation/Nav_RELIQUIAS	Canvas/HUD/VerticalUIRoot/VerticalSafeAreaRoot/ContentSlot/Dimension1Panel/D1_ExploreVisualRoot/BottomNavigation/Nav_RELIQUIAS
16_tree_to_explore	720	1280	Canvas/HUD/VerticalUIRoot/VerticalSafeAreaRoot/ContentSlot/Dimension1Panel/D1_ExploreVisualRoot/BottomNavigation/Nav_RELIQUIAS	4	535.60	108.53	OK	Canvas/HUD/VerticalUIRoot/VerticalSafeAreaRoot/ContentSlot/Dimension1Panel/D1_ExploreVisualRoot/BottomNavigation/Nav_RELIQUIAS	Canvas/HUD/VerticalUIRoot/VerticalSafeAreaRoot/ContentSlot/Dimension1Panel/D1_ExploreVisualRoot/BottomNavigation/Nav_RELIQUIAS
16_tree_to_explore	720	1280	Canvas/HUD/VerticalUIRoot/VerticalSafeAreaRoot/ContentSlot/Dimension1Panel/OpenRelicChamberPanelButton	0	826.67	984.00	OFFSCREEN	<none>	<none>
16_tree_to_explore	720	1280	Canvas/HUD/VerticalUIRoot/VerticalSafeAreaRoot/ContentSlot/Dimension1Panel/OpenRelicChamberPanelButton	1	794.67	978.00	OFFSCREEN	<none>	<none>
16_tree_to_explore	720	1280	Canvas/HUD/VerticalUIRoot/VerticalSafeAreaRoot/ContentSlot/Dimension1Panel/OpenRelicChamberPanelButton	2	858.67	978.00	OFFSCREEN	<none>	<none>
16_tree_to_explore	720	1280	Canvas/HUD/VerticalUIRoot/VerticalSafeAreaRoot/ContentSlot/Dimension1Panel/OpenRelicChamberPanelButton	3	794.67	990.00	OFFSCREEN	<none>	<none>
16_tree_to_explore	720	1280	Canvas/HUD/VerticalUIRoot/VerticalSafeAreaRoot/ContentSlot/Dimension1Panel/OpenRelicChamberPanelButton	4	858.67	990.00	OFFSCREEN	<none>	<none>
16_tree_to_explore	720	1280	Canvas/HUD/VerticalUIRoot/VerticalSafeAreaRoot/ContentSlot/Dimension1Panel/Registro	0	-40.00	950.67	OFFSCREEN	<none>	<none>
16_tree_to_explore	720	1280	Canvas/HUD/VerticalUIRoot/VerticalSafeAreaRoot/ContentSlot/Dimension1Panel/Registro	1	-72.00	944.67	OFFSCREEN	<none>	<none>
16_tree_to_explore	720	1280	Canvas/HUD/VerticalUIRoot/VerticalSafeAreaRoot/ContentSlot/Dimension1Panel/Registro	2	-8.00	944.67	OFFSCREEN	<none>	<none>
16_tree_to_explore	720	1280	Canvas/HUD/VerticalUIRoot/VerticalSafeAreaRoot/ContentSlot/Dimension1Panel/Registro	3	-72.00	956.67	OFFSCREEN	<none>	<none>
16_tree_to_explore	720	1280	Canvas/HUD/VerticalUIRoot/VerticalSafeAreaRoot/ContentSlot/Dimension1Panel/Registro	4	-8.00	956.67	OFFSCREEN	<none>	<none>
16_tree_to_explore	720	1280	Canvas/HUD/VerticalUIRoot/VerticalSafeAreaRoot/ContentSlot/Dimension1Panel/D1_ExploreVisualRoot/CommandCenter	0	74.67	1178.67	OK	Canvas/HUD/VerticalUIRoot/VerticalSafeAreaRoot/ContentSlot/Dimension1Panel/D1_ExploreVisualRoot/CommandCenter	Canvas/HUD/VerticalUIRoot/VerticalSafeAreaRoot/ContentSlot/Dimension1Panel/D1_ExploreVisualRoot/CommandCenter
16_tree_to_explore	720	1280	Canvas/HUD/VerticalUIRoot/VerticalSafeAreaRoot/ContentSlot/Dimension1Panel/D1_ExploreVisualRoot/CommandCenter	1	39.47	1158.67	OK	Canvas/HUD/VerticalUIRoot/VerticalSafeAreaRoot/ContentSlot/Dimension1Panel/D1_ExploreVisualRoot/CommandCenter	Canvas/HUD/VerticalUIRoot/VerticalSafeAreaRoot/ContentSlot/Dimension1Panel/D1_ExploreVisualRoot/CommandCenter
16_tree_to_explore	720	1280	Canvas/HUD/VerticalUIRoot/VerticalSafeAreaRoot/ContentSlot/Dimension1Panel/D1_ExploreVisualRoot/CommandCenter	2	109.87	1158.67	OK	Canvas/HUD/VerticalUIRoot/VerticalSafeAreaRoot/ContentSlot/Dimension1Panel/D1_ExploreVisualRoot/CommandCenter	Canvas/HUD/VerticalUIRoot/VerticalSafeAreaRoot/ContentSlot/Dimension1Panel/D1_ExploreVisualRoot/CommandCenter
16_tree_to_explore	720	1280	Canvas/HUD/VerticalUIRoot/VerticalSafeAreaRoot/ContentSlot/Dimension1Panel/D1_ExploreVisualRoot/CommandCenter	3	39.47	1198.67	OK	Canvas/HUD/VerticalUIRoot/VerticalSafeAreaRoot/ContentSlot/Dimension1Panel/D1_ExploreVisualRoot/CommandCenter	Canvas/HUD/VerticalUIRoot/VerticalSafeAreaRoot/ContentSlot/Dimension1Panel/D1_ExploreVisualRoot/CommandCenter
16_tree_to_explore	720	1280	Canvas/HUD/VerticalUIRoot/VerticalSafeAreaRoot/ContentSlot/Dimension1Panel/D1_ExploreVisualRoot/CommandCenter	4	109.87	1198.67	OK	Canvas/HUD/VerticalUIRoot/VerticalSafeAreaRoot/ContentSlot/Dimension1Panel/D1_ExploreVisualRoot/CommandCenter	Canvas/HUD/VerticalUIRoot/VerticalSafeAreaRoot/ContentSlot/Dimension1Panel/D1_ExploreVisualRoot/CommandCenter
16_tree_to_explore	720	1280	Canvas/HUD/VerticalUIRoot/VerticalSafeAreaRoot/ContentSlot/Dimension1Panel/D1_ExploreVisualRoot/StartExpedition	0	222.67	187.33	OK	Canvas/HUD/VerticalUIRoot/VerticalSafeAreaRoot/ContentSlot/Dimension1Panel/D1_ExploreVisualRoot/StartExpedition	Canvas/HUD/VerticalUIRoot/VerticalSafeAreaRoot/ContentSlot/Dimension1Panel/D1_ExploreVisualRoot/StartExpedition
16_tree_to_explore	720	1280	Canvas/HUD/VerticalUIRoot/VerticalSafeAreaRoot/ContentSlot/Dimension1Panel/D1_ExploreVisualRoot/StartExpedition	1	113.87	162.93	OK	Canvas/HUD/VerticalUIRoot/VerticalSafeAreaRoot/ContentSlot/Dimension1Panel/D1_ExploreVisualRoot/StartExpedition	Canvas/HUD/VerticalUIRoot/VerticalSafeAreaRoot/ContentSlot/Dimension1Panel/D1_ExploreVisualRoot/StartExpedition
16_tree_to_explore	720	1280	Canvas/HUD/VerticalUIRoot/VerticalSafeAreaRoot/ContentSlot/Dimension1Panel/D1_ExploreVisualRoot/StartExpedition	2	331.47	162.93	OK	Canvas/HUD/VerticalUIRoot/VerticalSafeAreaRoot/ContentSlot/Dimension1Panel/D1_ExploreVisualRoot/StartExpedition	Canvas/HUD/VerticalUIRoot/VerticalSafeAreaRoot/ContentSlot/Dimension1Panel/D1_ExploreVisualRoot/StartExpedition
16_tree_to_explore	720	1280	Canvas/HUD/VerticalUIRoot/VerticalSafeAreaRoot/ContentSlot/Dimension1Panel/D1_ExploreVisualRoot/StartExpedition	3	113.87	211.73	OK	Canvas/HUD/VerticalUIRoot/VerticalSafeAreaRoot/ContentSlot/Dimension1Panel/D1_ExploreVisualRoot/StartExpedition	Canvas/HUD/VerticalUIRoot/VerticalSafeAreaRoot/ContentSlot/Dimension1Panel/D1_ExploreVisualRoot/StartExpedition
16_tree_to_explore	720	1280	Canvas/HUD/VerticalUIRoot/VerticalSafeAreaRoot/ContentSlot/Dimension1Panel/D1_ExploreVisualRoot/StartExpedition	4	331.47	211.73	OK	Canvas/HUD/VerticalUIRoot/VerticalSafeAreaRoot/ContentSlot/Dimension1Panel/D1_ExploreVisualRoot/StartExpedition	Canvas/HUD/VerticalUIRoot/VerticalSafeAreaRoot/ContentSlot/Dimension1Panel/D1_ExploreVisualRoot/StartExpedition
16_tree_to_explore	720	1280	Canvas/HUD/VerticalUIRoot/VerticalSafeAreaRoot/ContentSlot/Dimension1Panel/D1_ExploreVisualRoot/ModePanel/SimpleMode	0	204.00	383.33	OK	Canvas/HUD/VerticalUIRoot/VerticalSafeAreaRoot/ContentSlot/Dimension1Panel/D1_ExploreVisualRoot/ModePanel/SimpleMode	Canvas/HUD/VerticalUIRoot/VerticalSafeAreaRoot/ContentSlot/Dimension1Panel/D1_ExploreVisualRoot/ModePanel/SimpleMode
16_tree_to_explore	720	1280	Canvas/HUD/VerticalUIRoot/VerticalSafeAreaRoot/ContentSlot/Dimension1Panel/D1_ExploreVisualRoot/ModePanel/SimpleMode	1	116.00	367.73	OK	Canvas/HUD/VerticalUIRoot/VerticalSafeAreaRoot/ContentSlot/Dimension1Panel/D1_ExploreVisualRoot/ModePanel/SimpleMode	Canvas/HUD/VerticalUIRoot/VerticalSafeAreaRoot/ContentSlot/Dimension1Panel/D1_ExploreVisualRoot/ModePanel/SimpleMode
16_tree_to_explore	720	1280	Canvas/HUD/VerticalUIRoot/VerticalSafeAreaRoot/ContentSlot/Dimension1Panel/D1_ExploreVisualRoot/ModePanel/SimpleMode	2	292.00	367.73	OK	Canvas/HUD/VerticalUIRoot/VerticalSafeAreaRoot/ContentSlot/Dimension1Panel/D1_ExploreVisualRoot/ModePanel/SimpleMode	Canvas/HUD/VerticalUIRoot/VerticalSafeAreaRoot/ContentSlot/Dimension1Panel/D1_ExploreVisualRoot/ModePanel/SimpleMode
16_tree_to_explore	720	1280	Canvas/HUD/VerticalUIRoot/VerticalSafeAreaRoot/ContentSlot/Dimension1Panel/D1_ExploreVisualRoot/ModePanel/SimpleMode	3	116.00	398.93	OK	Canvas/HUD/VerticalUIRoot/VerticalSafeAreaRoot/ContentSlot/Dimension1Panel/D1_ExploreVisualRoot/ModePanel/SimpleMode	Canvas/HUD/VerticalUIRoot/VerticalSafeAreaRoot/ContentSlot/Dimension1Panel/D1_ExploreVisualRoot/ModePanel/SimpleMode
16_tree_to_explore	720	1280	Canvas/HUD/VerticalUIRoot/VerticalSafeAreaRoot/ContentSlot/Dimension1Panel/D1_ExploreVisualRoot/ModePanel/SimpleMode	4	292.00	398.93	OK	Canvas/HUD/VerticalUIRoot/VerticalSafeAreaRoot/ContentSlot/Dimension1Panel/D1_ExploreVisualRoot/ModePanel/SimpleMode	Canvas/HUD/VerticalUIRoot/VerticalSafeAreaRoot/ContentSlot/Dimension1Panel/D1_ExploreVisualRoot/ModePanel/SimpleMode
16_tree_to_explore	720	1280	Canvas/HUD/VerticalUIRoot/VerticalSafeAreaRoot/ContentSlot/Dimension1Panel/OpenDimension1TreePanelButton	0	826.67	917.33	OFFSCREEN	<none>	<none>
16_tree_to_explore	720	1280	Canvas/HUD/VerticalUIRoot/VerticalSafeAreaRoot/ContentSlot/Dimension1Panel/OpenDimension1TreePanelButton	1	794.67	911.33	OFFSCREEN	<none>	<none>
16_tree_to_explore	720	1280	Canvas/HUD/VerticalUIRoot/VerticalSafeAreaRoot/ContentSlot/Dimension1Panel/OpenDimension1TreePanelButton	2	858.67	911.33	OFFSCREEN	<none>	<none>
16_tree_to_explore	720	1280	Canvas/HUD/VerticalUIRoot/VerticalSafeAreaRoot/ContentSlot/Dimension1Panel/OpenDimension1TreePanelButton	3	794.67	923.33	OFFSCREEN	<none>	<none>
16_tree_to_explore	720	1280	Canvas/HUD/VerticalUIRoot/VerticalSafeAreaRoot/ContentSlot/Dimension1Panel/OpenDimension1TreePanelButton	4	858.67	923.33	OFFSCREEN	<none>	<none>
17_outer_rim_selected	720	1280	Canvas/HUD/VerticalUIRoot/VerticalSafeAreaRoot/ContentSlot/Dimension1Panel/GalaxyPanel/D1_GalaxyVisualRoot/FullBleedGalaxyMap/Planet07Node	0	106.31	433.99	OK	Canvas/HUD/VerticalUIRoot/VerticalSafeAreaRoot/ContentSlot/Dimension1Panel/GalaxyPanel/D1_GalaxyVisualRoot/FullBleedGalaxyMap/Planet07Node	Canvas/HUD/VerticalUIRoot/VerticalSafeAreaRoot/ContentSlot/Dimension1Panel/GalaxyPanel/D1_GalaxyVisualRoot/FullBleedGalaxyMap/Planet07Node
17_outer_rim_selected	720	1280	Canvas/HUD/VerticalUIRoot/VerticalSafeAreaRoot/ContentSlot/Dimension1Panel/GalaxyPanel/D1_GalaxyVisualRoot/FullBleedGalaxyMap/Planet07Node	1	60.31	397.99	OK	Canvas/HUD/VerticalUIRoot/VerticalSafeAreaRoot/ContentSlot/Dimension1Panel/GalaxyPanel/D1_GalaxyVisualRoot/FullBleedGalaxyMap/Planet07Node	Canvas/HUD/VerticalUIRoot/VerticalSafeAreaRoot/ContentSlot/Dimension1Panel/GalaxyPanel/D1_GalaxyVisualRoot/FullBleedGalaxyMap/Planet07Node
17_outer_rim_selected	720	1280	Canvas/HUD/VerticalUIRoot/VerticalSafeAreaRoot/ContentSlot/Dimension1Panel/GalaxyPanel/D1_GalaxyVisualRoot/FullBleedGalaxyMap/Planet07Node	2	152.31	397.99	OK	Canvas/HUD/VerticalUIRoot/VerticalSafeAreaRoot/ContentSlot/Dimension1Panel/GalaxyPanel/D1_GalaxyVisualRoot/FullBleedGalaxyMap/Planet07Node	Canvas/HUD/VerticalUIRoot/VerticalSafeAreaRoot/ContentSlot/Dimension1Panel/GalaxyPanel/D1_GalaxyVisualRoot/FullBleedGalaxyMap/Planet07Node
17_outer_rim_selected	720	1280	Canvas/HUD/VerticalUIRoot/VerticalSafeAreaRoot/ContentSlot/Dimension1Panel/GalaxyPanel/D1_GalaxyVisualRoot/FullBleedGalaxyMap/Planet07Node	3	60.31	469.99	OK	Canvas/HUD/VerticalUIRoot/VerticalSafeAreaRoot/ContentSlot/Dimension1Panel/GalaxyPanel/D1_GalaxyVisualRoot/FullBleedGalaxyMap/Planet07Node	Canvas/HUD/VerticalUIRoot/VerticalSafeAreaRoot/ContentSlot/Dimension1Panel/GalaxyPanel/D1_GalaxyVisualRoot/FullBleedGalaxyMap/Planet07Node
17_outer_rim_selected	720	1280	Canvas/HUD/VerticalUIRoot/VerticalSafeAreaRoot/ContentSlot/Dimension1Panel/GalaxyPanel/D1_GalaxyVisualRoot/FullBleedGalaxyMap/Planet07Node	4	152.31	469.99	OK	Canvas/HUD/VerticalUIRoot/VerticalSafeAreaRoot/ContentSlot/Dimension1Panel/GalaxyPanel/D1_GalaxyVisualRoot/FullBleedGalaxyMap/Planet07Node	Canvas/HUD/VerticalUIRoot/VerticalSafeAreaRoot/ContentSlot/Dimension1Panel/GalaxyPanel/D1_GalaxyVisualRoot/FullBleedGalaxyMap/Planet07Node
17_outer_rim_selected	720	1280	Canvas/HUD/VerticalUIRoot/VerticalSafeAreaRoot/ContentSlot/Dimension1Panel/GalaxyPanel/D1_GalaxyVisualRoot/D1BottomNavigation/RELIQUIASButton	0	496.00	73.33	OK	Canvas/HUD/VerticalUIRoot/VerticalSafeAreaRoot/ContentSlot/Dimension1Panel/GalaxyPanel/D1_GalaxyVisualRoot/D1BottomNavigation/RELIQUIASButton	Canvas/HUD/VerticalUIRoot/VerticalSafeAreaRoot/ContentSlot/Dimension1Panel/GalaxyPanel/D1_GalaxyVisualRoot/D1BottomNavigation/RELIQUIASButton
17_outer_rim_selected	720	1280	Canvas/HUD/VerticalUIRoot/VerticalSafeAreaRoot/ContentSlot/Dimension1Panel/GalaxyPanel/D1_GalaxyVisualRoot/D1BottomNavigation/RELIQUIASButton	1	456.40	38.13	OK	Canvas/HUD/VerticalUIRoot/VerticalSafeAreaRoot/ContentSlot/Dimension1Panel/GalaxyPanel/D1_GalaxyVisualRoot/D1BottomNavigation/RELIQUIASButton	Canvas/HUD/VerticalUIRoot/VerticalSafeAreaRoot/ContentSlot/Dimension1Panel/GalaxyPanel/D1_GalaxyVisualRoot/D1BottomNavigation/RELIQUIASButton
17_outer_rim_selected	720	1280	Canvas/HUD/VerticalUIRoot/VerticalSafeAreaRoot/ContentSlot/Dimension1Panel/GalaxyPanel/D1_GalaxyVisualRoot/D1BottomNavigation/RELIQUIASButton	2	535.60	38.13	OK	Canvas/HUD/VerticalUIRoot/VerticalSafeAreaRoot/ContentSlot/Dimension1Panel/GalaxyPanel/D1_GalaxyVisualRoot/D1BottomNavigation/RELIQUIASButton	Canvas/HUD/VerticalUIRoot/VerticalSafeAreaRoot/ContentSlot/Dimension1Panel/GalaxyPanel/D1_GalaxyVisualRoot/D1BottomNavigation/RELIQUIASButton
17_outer_rim_selected	720	1280	Canvas/HUD/VerticalUIRoot/VerticalSafeAreaRoot/ContentSlot/Dimension1Panel/GalaxyPanel/D1_GalaxyVisualRoot/D1BottomNavigation/RELIQUIASButton	3	456.40	108.53	OK	Canvas/HUD/VerticalUIRoot/VerticalSafeAreaRoot/ContentSlot/Dimension1Panel/GalaxyPanel/D1_GalaxyVisualRoot/D1BottomNavigation/RELIQUIASButton	Canvas/HUD/VerticalUIRoot/VerticalSafeAreaRoot/ContentSlot/Dimension1Panel/GalaxyPanel/D1_GalaxyVisualRoot/D1BottomNavigation/RELIQUIASButton
17_outer_rim_selected	720	1280	Canvas/HUD/VerticalUIRoot/VerticalSafeAreaRoot/ContentSlot/Dimension1Panel/GalaxyPanel/D1_GalaxyVisualRoot/D1BottomNavigation/RELIQUIASButton	4	535.60	108.53	OK	Canvas/HUD/VerticalUIRoot/VerticalSafeAreaRoot/ContentSlot/Dimension1Panel/GalaxyPanel/D1_GalaxyVisualRoot/D1BottomNavigation/RELIQUIASButton	Canvas/HUD/VerticalUIRoot/VerticalSafeAreaRoot/ContentSlot/Dimension1Panel/GalaxyPanel/D1_GalaxyVisualRoot/D1BottomNavigation/RELIQUIASButton
17_outer_rim_selected	720	1280	Canvas/HUD/VerticalUIRoot/VerticalSafeAreaRoot/ContentSlot/Dimension1Panel/GalaxyPanel/D1_GalaxyVisualRoot/FullBleedGalaxyMap/GalacticCenter	0	360.00	672.00	OK	Canvas/HUD/VerticalUIRoot/VerticalSafeAreaRoot/ContentSlot/Dimension1Panel/GalaxyPanel/D1_GalaxyVisualRoot/FullBleedGalaxyMap/GalacticCenter	Canvas/HUD/VerticalUIRoot/VerticalSafeAreaRoot/ContentSlot/Dimension1Panel/GalaxyPanel/D1_GalaxyVisualRoot/FullBleedGalaxyMap/GalacticCenter
17_outer_rim_selected	720	1280	Canvas/HUD/VerticalUIRoot/VerticalSafeAreaRoot/ContentSlot/Dimension1Panel/GalaxyPanel/D1_GalaxyVisualRoot/FullBleedGalaxyMap/GalacticCenter	1	270.00	584.00	INTERCEPTED	Canvas/HUD/VerticalUIRoot/VerticalSafeAreaRoot/ContentSlot/Dimension1Panel/GalaxyPanel/D1_GalaxyVisualRoot/FullBleedGalaxyMap/Planet02Node	Canvas/HUD/VerticalUIRoot/VerticalSafeAreaRoot/ContentSlot/Dimension1Panel/GalaxyPanel/D1_GalaxyVisualRoot/FullBleedGalaxyMap/Planet02Node
17_outer_rim_selected	720	1280	Canvas/HUD/VerticalUIRoot/VerticalSafeAreaRoot/ContentSlot/Dimension1Panel/GalaxyPanel/D1_GalaxyVisualRoot/FullBleedGalaxyMap/GalacticCenter	2	450.00	584.00	OK	Canvas/HUD/VerticalUIRoot/VerticalSafeAreaRoot/ContentSlot/Dimension1Panel/GalaxyPanel/D1_GalaxyVisualRoot/FullBleedGalaxyMap/GalacticCenter	Canvas/HUD/VerticalUIRoot/VerticalSafeAreaRoot/ContentSlot/Dimension1Panel/GalaxyPanel/D1_GalaxyVisualRoot/FullBleedGalaxyMap/GalacticCenter
17_outer_rim_selected	720	1280	Canvas/HUD/VerticalUIRoot/VerticalSafeAreaRoot/ContentSlot/Dimension1Panel/GalaxyPanel/D1_GalaxyVisualRoot/FullBleedGalaxyMap/GalacticCenter	3	270.00	760.00	OK	Canvas/HUD/VerticalUIRoot/VerticalSafeAreaRoot/ContentSlot/Dimension1Panel/GalaxyPanel/D1_GalaxyVisualRoot/FullBleedGalaxyMap/GalacticCenter	Canvas/HUD/VerticalUIRoot/VerticalSafeAreaRoot/ContentSlot/Dimension1Panel/GalaxyPanel/D1_GalaxyVisualRoot/FullBleedGalaxyMap/GalacticCenter
17_outer_rim_selected	720	1280	Canvas/HUD/VerticalUIRoot/VerticalSafeAreaRoot/ContentSlot/Dimension1Panel/GalaxyPanel/D1_GalaxyVisualRoot/FullBleedGalaxyMap/GalacticCenter	4	450.00	760.00	INTERCEPTED	Canvas/HUD/VerticalUIRoot/VerticalSafeAreaRoot/ContentSlot/Dimension1Panel/GalaxyPanel/D1_GalaxyVisualRoot/FullBleedGalaxyMap/Sector01	Canvas/HUD/VerticalUIRoot/VerticalSafeAreaRoot/ContentSlot/Dimension1Panel/GalaxyPanel/D1_GalaxyVisualRoot/FullBleedGalaxyMap/Sector01
17_outer_rim_selected	720	1280	Canvas/HUD/VerticalUIRoot/VerticalSafeAreaRoot/ContentSlot/Dimension1Panel/GalaxyPanel/D1_GalaxyVisualRoot/D1BottomNavigation/HANGARButton	0	358.00	73.33	OK	Canvas/HUD/VerticalUIRoot/VerticalSafeAreaRoot/ContentSlot/Dimension1Panel/GalaxyPanel/D1_GalaxyVisualRoot/D1BottomNavigation/HANGARButton	Canvas/HUD/VerticalUIRoot/VerticalSafeAreaRoot/ContentSlot/Dimension1Panel/GalaxyPanel/D1_GalaxyVisualRoot/D1BottomNavigation/HANGARButton
17_outer_rim_selected	720	1280	Canvas/HUD/VerticalUIRoot/VerticalSafeAreaRoot/ContentSlot/Dimension1Panel/GalaxyPanel/D1_GalaxyVisualRoot/D1BottomNavigation/HANGARButton	1	318.40	38.13	OK	Canvas/HUD/VerticalUIRoot/VerticalSafeAreaRoot/ContentSlot/Dimension1Panel/GalaxyPanel/D1_GalaxyVisualRoot/D1BottomNavigation/HANGARButton	Canvas/HUD/VerticalUIRoot/VerticalSafeAreaRoot/ContentSlot/Dimension1Panel/GalaxyPanel/D1_GalaxyVisualRoot/D1BottomNavigation/HANGARButton
17_outer_rim_selected	720	1280	Canvas/HUD/VerticalUIRoot/VerticalSafeAreaRoot/ContentSlot/Dimension1Panel/GalaxyPanel/D1_GalaxyVisualRoot/D1BottomNavigation/HANGARButton	2	397.60	38.13	OK	Canvas/HUD/VerticalUIRoot/VerticalSafeAreaRoot/ContentSlot/Dimension1Panel/GalaxyPanel/D1_GalaxyVisualRoot/D1BottomNavigation/HANGARButton	Canvas/HUD/VerticalUIRoot/VerticalSafeAreaRoot/ContentSlot/Dimension1Panel/GalaxyPanel/D1_GalaxyVisualRoot/D1BottomNavigation/HANGARButton
17_outer_rim_selected	720	1280	Canvas/HUD/VerticalUIRoot/VerticalSafeAreaRoot/ContentSlot/Dimension1Panel/GalaxyPanel/D1_GalaxyVisualRoot/D1BottomNavigation/HANGARButton	3	318.40	108.53	OK	Canvas/HUD/VerticalUIRoot/VerticalSafeAreaRoot/ContentSlot/Dimension1Panel/GalaxyPanel/D1_GalaxyVisualRoot/D1BottomNavigation/HANGARButton	Canvas/HUD/VerticalUIRoot/VerticalSafeAreaRoot/ContentSlot/Dimension1Panel/GalaxyPanel/D1_GalaxyVisualRoot/D1BottomNavigation/HANGARButton
17_outer_rim_selected	720	1280	Canvas/HUD/VerticalUIRoot/VerticalSafeAreaRoot/ContentSlot/Dimension1Panel/GalaxyPanel/D1_GalaxyVisualRoot/D1BottomNavigation/HANGARButton	4	397.60	108.53	OK	Canvas/HUD/VerticalUIRoot/VerticalSafeAreaRoot/ContentSlot/Dimension1Panel/GalaxyPanel/D1_GalaxyVisualRoot/D1BottomNavigation/HANGARButton	Canvas/HUD/VerticalUIRoot/VerticalSafeAreaRoot/ContentSlot/Dimension1Panel/GalaxyPanel/D1_GalaxyVisualRoot/D1BottomNavigation/HANGARButton
17_outer_rim_selected	720	1280	Canvas/HUD/VerticalUIRoot/VerticalSafeAreaRoot/ContentSlot/Dimension1Panel/GalaxyPanel/D1_GalaxyVisualRoot/FullBleedGalaxyMap/Planet02Node	0	234.23	575.33	OK	Canvas/HUD/VerticalUIRoot/VerticalSafeAreaRoot/ContentSlot/Dimension1Panel/GalaxyPanel/D1_GalaxyVisualRoot/FullBleedGalaxyMap/Planet02Node	Canvas/HUD/VerticalUIRoot/VerticalSafeAreaRoot/ContentSlot/Dimension1Panel/GalaxyPanel/D1_GalaxyVisualRoot/FullBleedGalaxyMap/Planet02Node
17_outer_rim_selected	720	1280	Canvas/HUD/VerticalUIRoot/VerticalSafeAreaRoot/ContentSlot/Dimension1Panel/GalaxyPanel/D1_GalaxyVisualRoot/FullBleedGalaxyMap/Planet02Node	1	188.23	536.53	OK	Canvas/HUD/VerticalUIRoot/VerticalSafeAreaRoot/ContentSlot/Dimension1Panel/GalaxyPanel/D1_GalaxyVisualRoot/FullBleedGalaxyMap/Planet02Node	Canvas/HUD/VerticalUIRoot/VerticalSafeAreaRoot/ContentSlot/Dimension1Panel/GalaxyPanel/D1_GalaxyVisualRoot/FullBleedGalaxyMap/Planet02Node
17_outer_rim_selected	720	1280	Canvas/HUD/VerticalUIRoot/VerticalSafeAreaRoot/ContentSlot/Dimension1Panel/GalaxyPanel/D1_GalaxyVisualRoot/FullBleedGalaxyMap/Planet02Node	2	280.23	536.53	OK	Canvas/HUD/VerticalUIRoot/VerticalSafeAreaRoot/ContentSlot/Dimension1Panel/GalaxyPanel/D1_GalaxyVisualRoot/FullBleedGalaxyMap/Planet02Node	Canvas/HUD/VerticalUIRoot/VerticalSafeAreaRoot/ContentSlot/Dimension1Panel/GalaxyPanel/D1_GalaxyVisualRoot/FullBleedGalaxyMap/Planet02Node
17_outer_rim_selected	720	1280	Canvas/HUD/VerticalUIRoot/VerticalSafeAreaRoot/ContentSlot/Dimension1Panel/GalaxyPanel/D1_GalaxyVisualRoot/FullBleedGalaxyMap/Planet02Node	3	188.23	614.13	OK	Canvas/HUD/VerticalUIRoot/VerticalSafeAreaRoot/ContentSlot/Dimension1Panel/GalaxyPanel/D1_GalaxyVisualRoot/FullBleedGalaxyMap/Planet02Node	Canvas/HUD/VerticalUIRoot/VerticalSafeAreaRoot/ContentSlot/Dimension1Panel/GalaxyPanel/D1_GalaxyVisualRoot/FullBleedGalaxyMap/Planet02Node
17_outer_rim_selected	720	1280	Canvas/HUD/VerticalUIRoot/VerticalSafeAreaRoot/ContentSlot/Dimension1Panel/GalaxyPanel/D1_GalaxyVisualRoot/FullBleedGalaxyMap/Planet02Node	4	280.23	614.13	OK	Canvas/HUD/VerticalUIRoot/VerticalSafeAreaRoot/ContentSlot/Dimension1Panel/GalaxyPanel/D1_GalaxyVisualRoot/FullBleedGalaxyMap/Planet02Node	Canvas/HUD/VerticalUIRoot/VerticalSafeAreaRoot/ContentSlot/Dimension1Panel/GalaxyPanel/D1_GalaxyVisualRoot/FullBleedGalaxyMap/Planet02Node
17_outer_rim_selected	720	1280	Canvas/HUD/VerticalUIRoot/VerticalSafeAreaRoot/ContentSlot/Dimension1Panel/GalaxyPanel/D1_GalaxyVisualRoot/AllMetals	0	614.33	1178.67	OK	Canvas/HUD/VerticalUIRoot/VerticalSafeAreaRoot/ContentSlot/Dimension1Panel/GalaxyPanel/D1_GalaxyVisualRoot/AllMetals	Canvas/HUD/VerticalUIRoot/VerticalSafeAreaRoot/ContentSlot/Dimension1Panel/GalaxyPanel/D1_GalaxyVisualRoot/AllMetals
17_outer_rim_selected	720	1280	Canvas/HUD/VerticalUIRoot/VerticalSafeAreaRoot/ContentSlot/Dimension1Panel/GalaxyPanel/D1_GalaxyVisualRoot/AllMetals	1	565.33	1158.67	OK	Canvas/HUD/VerticalUIRoot/VerticalSafeAreaRoot/ContentSlot/Dimension1Panel/GalaxyPanel/D1_GalaxyVisualRoot/AllMetals	Canvas/HUD/VerticalUIRoot/VerticalSafeAreaRoot/ContentSlot/Dimension1Panel/GalaxyPanel/D1_GalaxyVisualRoot/AllMetals
17_outer_rim_selected	720	1280	Canvas/HUD/VerticalUIRoot/VerticalSafeAreaRoot/ContentSlot/Dimension1Panel/GalaxyPanel/D1_GalaxyVisualRoot/AllMetals	2	663.33	1158.67	OK	Canvas/HUD/VerticalUIRoot/VerticalSafeAreaRoot/ContentSlot/Dimension1Panel/GalaxyPanel/D1_GalaxyVisualRoot/AllMetals	Canvas/HUD/VerticalUIRoot/VerticalSafeAreaRoot/ContentSlot/Dimension1Panel/GalaxyPanel/D1_GalaxyVisualRoot/AllMetals
17_outer_rim_selected	720	1280	Canvas/HUD/VerticalUIRoot/VerticalSafeAreaRoot/ContentSlot/Dimension1Panel/GalaxyPanel/D1_GalaxyVisualRoot/AllMetals	3	565.33	1198.67	OK	Canvas/HUD/VerticalUIRoot/VerticalSafeAreaRoot/ContentSlot/Dimension1Panel/GalaxyPanel/D1_GalaxyVisualRoot/AllMetals	Canvas/HUD/VerticalUIRoot/VerticalSafeAreaRoot/ContentSlot/Dimension1Panel/GalaxyPanel/D1_GalaxyVisualRoot/AllMetals
17_outer_rim_selected	720	1280	Canvas/HUD/VerticalUIRoot/VerticalSafeAreaRoot/ContentSlot/Dimension1Panel/GalaxyPanel/D1_GalaxyVisualRoot/AllMetals	4	663.33	1198.67	OK	Canvas/HUD/VerticalUIRoot/VerticalSafeAreaRoot/ContentSlot/Dimension1Panel/GalaxyPanel/D1_GalaxyVisualRoot/AllMetals	Canvas/HUD/VerticalUIRoot/VerticalSafeAreaRoot/ContentSlot/Dimension1Panel/GalaxyPanel/D1_GalaxyVisualRoot/AllMetals
17_outer_rim_selected	720	1280	Canvas/HUD/VerticalUIRoot/VerticalSafeAreaRoot/ContentSlot/Dimension1Panel/GalaxyPanel/D1_GalaxyVisualRoot/SectorDetails/SelectedData/EnterSectorButton	0	129.00	178.00	OK	Canvas/HUD/VerticalUIRoot/VerticalSafeAreaRoot/ContentSlot/Dimension1Panel/GalaxyPanel/D1_GalaxyVisualRoot/SectorDetails/SelectedData/EnterSectorButton/Fill	Canvas/HUD/VerticalUIRoot/VerticalSafeAreaRoot/ContentSlot/Dimension1Panel/GalaxyPanel/D1_GalaxyVisualRoot/SectorDetails/SelectedData/EnterSectorButton
17_outer_rim_selected	720	1280	Canvas/HUD/VerticalUIRoot/VerticalSafeAreaRoot/ContentSlot/Dimension1Panel/GalaxyPanel/D1_GalaxyVisualRoot/SectorDetails/SelectedData/EnterSectorButton	1	82.00	165.60	OK	Canvas/HUD/VerticalUIRoot/VerticalSafeAreaRoot/ContentSlot/Dimension1Panel/GalaxyPanel/D1_GalaxyVisualRoot/SectorDetails/SelectedData/EnterSectorButton/Fill	Canvas/HUD/VerticalUIRoot/VerticalSafeAreaRoot/ContentSlot/Dimension1Panel/GalaxyPanel/D1_GalaxyVisualRoot/SectorDetails/SelectedData/EnterSectorButton
17_outer_rim_selected	720	1280	Canvas/HUD/VerticalUIRoot/VerticalSafeAreaRoot/ContentSlot/Dimension1Panel/GalaxyPanel/D1_GalaxyVisualRoot/SectorDetails/SelectedData/EnterSectorButton	2	176.00	165.60	OK	Canvas/HUD/VerticalUIRoot/VerticalSafeAreaRoot/ContentSlot/Dimension1Panel/GalaxyPanel/D1_GalaxyVisualRoot/SectorDetails/SelectedData/EnterSectorButton/Fill	Canvas/HUD/VerticalUIRoot/VerticalSafeAreaRoot/ContentSlot/Dimension1Panel/GalaxyPanel/D1_GalaxyVisualRoot/SectorDetails/SelectedData/EnterSectorButton
17_outer_rim_selected	720	1280	Canvas/HUD/VerticalUIRoot/VerticalSafeAreaRoot/ContentSlot/Dimension1Panel/GalaxyPanel/D1_GalaxyVisualRoot/SectorDetails/SelectedData/EnterSectorButton	3	82.00	190.40	OK	Canvas/HUD/VerticalUIRoot/VerticalSafeAreaRoot/ContentSlot/Dimension1Panel/GalaxyPanel/D1_GalaxyVisualRoot/SectorDetails/SelectedData/EnterSectorButton/Fill	Canvas/HUD/VerticalUIRoot/VerticalSafeAreaRoot/ContentSlot/Dimension1Panel/GalaxyPanel/D1_GalaxyVisualRoot/SectorDetails/SelectedData/EnterSectorButton
17_outer_rim_selected	720	1280	Canvas/HUD/VerticalUIRoot/VerticalSafeAreaRoot/ContentSlot/Dimension1Panel/GalaxyPanel/D1_GalaxyVisualRoot/SectorDetails/SelectedData/EnterSectorButton	4	176.00	190.40	OK	Canvas/HUD/VerticalUIRoot/VerticalSafeAreaRoot/ContentSlot/Dimension1Panel/GalaxyPanel/D1_GalaxyVisualRoot/SectorDetails/SelectedData/EnterSectorButton/Fill	Canvas/HUD/VerticalUIRoot/VerticalSafeAreaRoot/ContentSlot/Dimension1Panel/GalaxyPanel/D1_GalaxyVisualRoot/SectorDetails/SelectedData/EnterSectorButton
17_outer_rim_selected	720	1280	Canvas/HUD/VerticalUIRoot/VerticalSafeAreaRoot/ContentSlot/Dimension1Panel/GalaxyPanel/D1_GalaxyVisualRoot/FullBleedGalaxyMap/Planet05Node	0	484.82	828.24	OK	Canvas/HUD/VerticalUIRoot/VerticalSafeAreaRoot/ContentSlot/Dimension1Panel/GalaxyPanel/D1_GalaxyVisualRoot/FullBleedGalaxyMap/Planet05Node	Canvas/HUD/VerticalUIRoot/VerticalSafeAreaRoot/ContentSlot/Dimension1Panel/GalaxyPanel/D1_GalaxyVisualRoot/FullBleedGalaxyMap/Planet05Node
17_outer_rim_selected	720	1280	Canvas/HUD/VerticalUIRoot/VerticalSafeAreaRoot/ContentSlot/Dimension1Panel/GalaxyPanel/D1_GalaxyVisualRoot/FullBleedGalaxyMap/Planet05Node	1	438.82	790.24	OK	Canvas/HUD/VerticalUIRoot/VerticalSafeAreaRoot/ContentSlot/Dimension1Panel/GalaxyPanel/D1_GalaxyVisualRoot/FullBleedGalaxyMap/Planet05Node	Canvas/HUD/VerticalUIRoot/VerticalSafeAreaRoot/ContentSlot/Dimension1Panel/GalaxyPanel/D1_GalaxyVisualRoot/FullBleedGalaxyMap/Planet05Node
17_outer_rim_selected	720	1280	Canvas/HUD/VerticalUIRoot/VerticalSafeAreaRoot/ContentSlot/Dimension1Panel/GalaxyPanel/D1_GalaxyVisualRoot/FullBleedGalaxyMap/Planet05Node	2	530.82	790.24	OK	Canvas/HUD/VerticalUIRoot/VerticalSafeAreaRoot/ContentSlot/Dimension1Panel/GalaxyPanel/D1_GalaxyVisualRoot/FullBleedGalaxyMap/Planet05Node	Canvas/HUD/VerticalUIRoot/VerticalSafeAreaRoot/ContentSlot/Dimension1Panel/GalaxyPanel/D1_GalaxyVisualRoot/FullBleedGalaxyMap/Planet05Node
17_outer_rim_selected	720	1280	Canvas/HUD/VerticalUIRoot/VerticalSafeAreaRoot/ContentSlot/Dimension1Panel/GalaxyPanel/D1_GalaxyVisualRoot/FullBleedGalaxyMap/Planet05Node	3	438.82	866.24	OK	Canvas/HUD/VerticalUIRoot/VerticalSafeAreaRoot/ContentSlot/Dimension1Panel/GalaxyPanel/D1_GalaxyVisualRoot/FullBleedGalaxyMap/Planet05Node	Canvas/HUD/VerticalUIRoot/VerticalSafeAreaRoot/ContentSlot/Dimension1Panel/GalaxyPanel/D1_GalaxyVisualRoot/FullBleedGalaxyMap/Planet05Node
17_outer_rim_selected	720	1280	Canvas/HUD/VerticalUIRoot/VerticalSafeAreaRoot/ContentSlot/Dimension1Panel/GalaxyPanel/D1_GalaxyVisualRoot/FullBleedGalaxyMap/Planet05Node	4	530.82	866.24	OK	Canvas/HUD/VerticalUIRoot/VerticalSafeAreaRoot/ContentSlot/Dimension1Panel/GalaxyPanel/D1_GalaxyVisualRoot/FullBleedGalaxyMap/Planet05Node	Canvas/HUD/VerticalUIRoot/VerticalSafeAreaRoot/ContentSlot/Dimension1Panel/GalaxyPanel/D1_GalaxyVisualRoot/FullBleedGalaxyMap/Planet05Node
17_outer_rim_selected	720	1280	Canvas/HUD/VerticalUIRoot/VerticalSafeAreaRoot/ContentSlot/Dimension1Panel/GalaxyPanel/D1_GalaxyVisualRoot/FullBleedGalaxyMap/Sector02	0	611.11	632.61	OK	Canvas/HUD/VerticalUIRoot/VerticalSafeAreaRoot/ContentSlot/Dimension1Panel/GalaxyPanel/D1_GalaxyVisualRoot/FullBleedGalaxyMap/Sector02	Canvas/HUD/VerticalUIRoot/VerticalSafeAreaRoot/ContentSlot/Dimension1Panel/GalaxyPanel/D1_GalaxyVisualRoot/FullBleedGalaxyMap/Sector02
17_outer_rim_selected	720	1280	Canvas/HUD/VerticalUIRoot/VerticalSafeAreaRoot/ContentSlot/Dimension1Panel/GalaxyPanel/D1_GalaxyVisualRoot/FullBleedGalaxyMap/Sector02	1	551.11	585.41	OK	Canvas/HUD/VerticalUIRoot/VerticalSafeAreaRoot/ContentSlot/Dimension1Panel/GalaxyPanel/D1_GalaxyVisualRoot/FullBleedGalaxyMap/Sector02	Canvas/HUD/VerticalUIRoot/VerticalSafeAreaRoot/ContentSlot/Dimension1Panel/GalaxyPanel/D1_GalaxyVisualRoot/FullBleedGalaxyMap/Sector02
17_outer_rim_selected	720	1280	Canvas/HUD/VerticalUIRoot/VerticalSafeAreaRoot/ContentSlot/Dimension1Panel/GalaxyPanel/D1_GalaxyVisualRoot/FullBleedGalaxyMap/Sector02	2	671.11	585.41	OK	Canvas/HUD/VerticalUIRoot/VerticalSafeAreaRoot/ContentSlot/Dimension1Panel/GalaxyPanel/D1_GalaxyVisualRoot/FullBleedGalaxyMap/Sector02	Canvas/HUD/VerticalUIRoot/VerticalSafeAreaRoot/ContentSlot/Dimension1Panel/GalaxyPanel/D1_GalaxyVisualRoot/FullBleedGalaxyMap/Sector02
17_outer_rim_selected	720	1280	Canvas/HUD/VerticalUIRoot/VerticalSafeAreaRoot/ContentSlot/Dimension1Panel/GalaxyPanel/D1_GalaxyVisualRoot/FullBleedGalaxyMap/Sector02	3	551.11	679.81	OK	Canvas/HUD/VerticalUIRoot/VerticalSafeAreaRoot/ContentSlot/Dimension1Panel/GalaxyPanel/D1_GalaxyVisualRoot/FullBleedGalaxyMap/Sector02	Canvas/HUD/VerticalUIRoot/VerticalSafeAreaRoot/ContentSlot/Dimension1Panel/GalaxyPanel/D1_GalaxyVisualRoot/FullBleedGalaxyMap/Sector02
17_outer_rim_selected	720	1280	Canvas/HUD/VerticalUIRoot/VerticalSafeAreaRoot/ContentSlot/Dimension1Panel/GalaxyPanel/D1_GalaxyVisualRoot/FullBleedGalaxyMap/Sector02	4	671.11	679.81	OK	Canvas/HUD/VerticalUIRoot/VerticalSafeAreaRoot/ContentSlot/Dimension1Panel/GalaxyPanel/D1_GalaxyVisualRoot/FullBleedGalaxyMap/Sector02	Canvas/HUD/VerticalUIRoot/VerticalSafeAreaRoot/ContentSlot/Dimension1Panel/GalaxyPanel/D1_GalaxyVisualRoot/FullBleedGalaxyMap/Sector02
17_outer_rim_selected	720	1280	Canvas/HUD/VerticalUIRoot/VerticalSafeAreaRoot/ContentSlot/Dimension1Panel/GalaxyPanel/D1_GalaxyVisualRoot/CommandCenterBack	0	74.67	1178.67	OK	Canvas/HUD/VerticalUIRoot/VerticalSafeAreaRoot/ContentSlot/Dimension1Panel/GalaxyPanel/D1_GalaxyVisualRoot/CommandCenterBack	Canvas/HUD/VerticalUIRoot/VerticalSafeAreaRoot/ContentSlot/Dimension1Panel/GalaxyPanel/D1_GalaxyVisualRoot/CommandCenterBack
17_outer_rim_selected	720	1280	Canvas/HUD/VerticalUIRoot/VerticalSafeAreaRoot/ContentSlot/Dimension1Panel/GalaxyPanel/D1_GalaxyVisualRoot/CommandCenterBack	1	39.47	1158.67	OK	Canvas/HUD/VerticalUIRoot/VerticalSafeAreaRoot/ContentSlot/Dimension1Panel/GalaxyPanel/D1_GalaxyVisualRoot/CommandCenterBack	Canvas/HUD/VerticalUIRoot/VerticalSafeAreaRoot/ContentSlot/Dimension1Panel/GalaxyPanel/D1_GalaxyVisualRoot/CommandCenterBack
17_outer_rim_selected	720	1280	Canvas/HUD/VerticalUIRoot/VerticalSafeAreaRoot/ContentSlot/Dimension1Panel/GalaxyPanel/D1_GalaxyVisualRoot/CommandCenterBack	2	109.87	1158.67	OK	Canvas/HUD/VerticalUIRoot/VerticalSafeAreaRoot/ContentSlot/Dimension1Panel/GalaxyPanel/D1_GalaxyVisualRoot/CommandCenterBack	Canvas/HUD/VerticalUIRoot/VerticalSafeAreaRoot/ContentSlot/Dimension1Panel/GalaxyPanel/D1_GalaxyVisualRoot/CommandCenterBack
17_outer_rim_selected	720	1280	Canvas/HUD/VerticalUIRoot/VerticalSafeAreaRoot/ContentSlot/Dimension1Panel/GalaxyPanel/D1_GalaxyVisualRoot/CommandCenterBack	3	39.47	1198.67	OK	Canvas/HUD/VerticalUIRoot/VerticalSafeAreaRoot/ContentSlot/Dimension1Panel/GalaxyPanel/D1_GalaxyVisualRoot/CommandCenterBack	Canvas/HUD/VerticalUIRoot/VerticalSafeAreaRoot/ContentSlot/Dimension1Panel/GalaxyPanel/D1_GalaxyVisualRoot/CommandCenterBack
17_outer_rim_selected	720	1280	Canvas/HUD/VerticalUIRoot/VerticalSafeAreaRoot/ContentSlot/Dimension1Panel/GalaxyPanel/D1_GalaxyVisualRoot/CommandCenterBack	4	109.87	1198.67	OK	Canvas/HUD/VerticalUIRoot/VerticalSafeAreaRoot/ContentSlot/Dimension1Panel/GalaxyPanel/D1_GalaxyVisualRoot/CommandCenterBack	Canvas/HUD/VerticalUIRoot/VerticalSafeAreaRoot/ContentSlot/Dimension1Panel/GalaxyPanel/D1_GalaxyVisualRoot/CommandCenterBack
17_outer_rim_selected	720	1280	Canvas/HUD/VerticalUIRoot/VerticalSafeAreaRoot/ContentSlot/Dimension1Panel/GalaxyPanel/D1_GalaxyVisualRoot/FullBleedGalaxyMap/Sector04	0	580.88	420.71	OK	Canvas/HUD/VerticalUIRoot/VerticalSafeAreaRoot/ContentSlot/Dimension1Panel/GalaxyPanel/D1_GalaxyVisualRoot/FullBleedGalaxyMap/Sector04	Canvas/HUD/VerticalUIRoot/VerticalSafeAreaRoot/ContentSlot/Dimension1Panel/GalaxyPanel/D1_GalaxyVisualRoot/FullBleedGalaxyMap/Sector04
17_outer_rim_selected	720	1280	Canvas/HUD/VerticalUIRoot/VerticalSafeAreaRoot/ContentSlot/Dimension1Panel/GalaxyPanel/D1_GalaxyVisualRoot/FullBleedGalaxyMap/Sector04	1	534.88	383.51	OK	Canvas/HUD/VerticalUIRoot/VerticalSafeAreaRoot/ContentSlot/Dimension1Panel/GalaxyPanel/D1_GalaxyVisualRoot/FullBleedGalaxyMap/Sector04	Canvas/HUD/VerticalUIRoot/VerticalSafeAreaRoot/ContentSlot/Dimension1Panel/GalaxyPanel/D1_GalaxyVisualRoot/FullBleedGalaxyMap/Sector04
17_outer_rim_selected	720	1280	Canvas/HUD/VerticalUIRoot/VerticalSafeAreaRoot/ContentSlot/Dimension1Panel/GalaxyPanel/D1_GalaxyVisualRoot/FullBleedGalaxyMap/Sector04	2	626.88	383.51	OK	Canvas/HUD/VerticalUIRoot/VerticalSafeAreaRoot/ContentSlot/Dimension1Panel/GalaxyPanel/D1_GalaxyVisualRoot/FullBleedGalaxyMap/Sector04	Canvas/HUD/VerticalUIRoot/VerticalSafeAreaRoot/ContentSlot/Dimension1Panel/GalaxyPanel/D1_GalaxyVisualRoot/FullBleedGalaxyMap/Sector04
17_outer_rim_selected	720	1280	Canvas/HUD/VerticalUIRoot/VerticalSafeAreaRoot/ContentSlot/Dimension1Panel/GalaxyPanel/D1_GalaxyVisualRoot/FullBleedGalaxyMap/Sector04	3	534.88	457.91	OK	Canvas/HUD/VerticalUIRoot/VerticalSafeAreaRoot/ContentSlot/Dimension1Panel/GalaxyPanel/D1_GalaxyVisualRoot/FullBleedGalaxyMap/Sector04	Canvas/HUD/VerticalUIRoot/VerticalSafeAreaRoot/ContentSlot/Dimension1Panel/GalaxyPanel/D1_GalaxyVisualRoot/FullBleedGalaxyMap/Sector04
17_outer_rim_selected	720	1280	Canvas/HUD/VerticalUIRoot/VerticalSafeAreaRoot/ContentSlot/Dimension1Panel/GalaxyPanel/D1_GalaxyVisualRoot/FullBleedGalaxyMap/Sector04	4	626.88	457.91	OK	Canvas/HUD/VerticalUIRoot/VerticalSafeAreaRoot/ContentSlot/Dimension1Panel/GalaxyPanel/D1_GalaxyVisualRoot/FullBleedGalaxyMap/Sector04	Canvas/HUD/VerticalUIRoot/VerticalSafeAreaRoot/ContentSlot/Dimension1Panel/GalaxyPanel/D1_GalaxyVisualRoot/FullBleedGalaxyMap/Sector04
17_outer_rim_selected	720	1280	Canvas/HUD/VerticalUIRoot/VerticalSafeAreaRoot/ContentSlot/Dimension1Panel/GalaxyPanel/D1_GalaxyVisualRoot/FullBleedGalaxyMap/Sector01	0	458.89	699.22	OK	Canvas/HUD/VerticalUIRoot/VerticalSafeAreaRoot/ContentSlot/Dimension1Panel/GalaxyPanel/D1_GalaxyVisualRoot/FullBleedGalaxyMap/Sector01	Canvas/HUD/VerticalUIRoot/VerticalSafeAreaRoot/ContentSlot/Dimension1Panel/GalaxyPanel/D1_GalaxyVisualRoot/FullBleedGalaxyMap/Sector01
17_outer_rim_selected	720	1280	Canvas/HUD/VerticalUIRoot/VerticalSafeAreaRoot/ContentSlot/Dimension1Panel/GalaxyPanel/D1_GalaxyVisualRoot/FullBleedGalaxyMap/Sector01	1	412.89	659.62	OK	Canvas/HUD/VerticalUIRoot/VerticalSafeAreaRoot/ContentSlot/Dimension1Panel/GalaxyPanel/D1_GalaxyVisualRoot/FullBleedGalaxyMap/Sector01	Canvas/HUD/VerticalUIRoot/VerticalSafeAreaRoot/ContentSlot/Dimension1Panel/GalaxyPanel/D1_GalaxyVisualRoot/FullBleedGalaxyMap/Sector01
17_outer_rim_selected	720	1280	Canvas/HUD/VerticalUIRoot/VerticalSafeAreaRoot/ContentSlot/Dimension1Panel/GalaxyPanel/D1_GalaxyVisualRoot/FullBleedGalaxyMap/Sector01	2	504.89	659.62	OK	Canvas/HUD/VerticalUIRoot/VerticalSafeAreaRoot/ContentSlot/Dimension1Panel/GalaxyPanel/D1_GalaxyVisualRoot/FullBleedGalaxyMap/Sector01	Canvas/HUD/VerticalUIRoot/VerticalSafeAreaRoot/ContentSlot/Dimension1Panel/GalaxyPanel/D1_GalaxyVisualRoot/FullBleedGalaxyMap/Sector01
17_outer_rim_selected	720	1280	Canvas/HUD/VerticalUIRoot/VerticalSafeAreaRoot/ContentSlot/Dimension1Panel/GalaxyPanel/D1_GalaxyVisualRoot/FullBleedGalaxyMap/Sector01	3	412.89	738.82	OK	Canvas/HUD/VerticalUIRoot/VerticalSafeAreaRoot/ContentSlot/Dimension1Panel/GalaxyPanel/D1_GalaxyVisualRoot/FullBleedGalaxyMap/Sector01	Canvas/HUD/VerticalUIRoot/VerticalSafeAreaRoot/ContentSlot/Dimension1Panel/GalaxyPanel/D1_GalaxyVisualRoot/FullBleedGalaxyMap/Sector01
17_outer_rim_selected	720	1280	Canvas/HUD/VerticalUIRoot/VerticalSafeAreaRoot/ContentSlot/Dimension1Panel/GalaxyPanel/D1_GalaxyVisualRoot/FullBleedGalaxyMap/Sector01	4	504.89	738.82	OK	Canvas/HUD/VerticalUIRoot/VerticalSafeAreaRoot/ContentSlot/Dimension1Panel/GalaxyPanel/D1_GalaxyVisualRoot/FullBleedGalaxyMap/Sector01	Canvas/HUD/VerticalUIRoot/VerticalSafeAreaRoot/ContentSlot/Dimension1Panel/GalaxyPanel/D1_GalaxyVisualRoot/FullBleedGalaxyMap/Sector01
17_outer_rim_selected	720	1280	Canvas/HUD/VerticalUIRoot/VerticalSafeAreaRoot/ContentSlot/Dimension1Panel/GalaxyPanel/D1_GalaxyVisualRoot/FullBleedGalaxyMap/Sector03	0	146.75	790.85	OK	Canvas/HUD/VerticalUIRoot/VerticalSafeAreaRoot/ContentSlot/Dimension1Panel/GalaxyPanel/D1_GalaxyVisualRoot/FullBleedGalaxyMap/Sector03	Canvas/HUD/VerticalUIRoot/VerticalSafeAreaRoot/ContentSlot/Dimension1Panel/GalaxyPanel/D1_GalaxyVisualRoot/FullBleedGalaxyMap/Sector03
17_outer_rim_selected	720	1280	Canvas/HUD/VerticalUIRoot/VerticalSafeAreaRoot/ContentSlot/Dimension1Panel/GalaxyPanel/D1_GalaxyVisualRoot/FullBleedGalaxyMap/Sector03	1	100.75	751.25	OK	Canvas/HUD/VerticalUIRoot/VerticalSafeAreaRoot/ContentSlot/Dimension1Panel/GalaxyPanel/D1_GalaxyVisualRoot/FullBleedGalaxyMap/Sector03	Canvas/HUD/VerticalUIRoot/VerticalSafeAreaRoot/ContentSlot/Dimension1Panel/GalaxyPanel/D1_GalaxyVisualRoot/FullBleedGalaxyMap/Sector03
17_outer_rim_selected	720	1280	Canvas/HUD/VerticalUIRoot/VerticalSafeAreaRoot/ContentSlot/Dimension1Panel/GalaxyPanel/D1_GalaxyVisualRoot/FullBleedGalaxyMap/Sector03	2	192.75	751.25	OK	Canvas/HUD/VerticalUIRoot/VerticalSafeAreaRoot/ContentSlot/Dimension1Panel/GalaxyPanel/D1_GalaxyVisualRoot/FullBleedGalaxyMap/Sector03	Canvas/HUD/VerticalUIRoot/VerticalSafeAreaRoot/ContentSlot/Dimension1Panel/GalaxyPanel/D1_GalaxyVisualRoot/FullBleedGalaxyMap/Sector03
17_outer_rim_selected	720	1280	Canvas/HUD/VerticalUIRoot/VerticalSafeAreaRoot/ContentSlot/Dimension1Panel/GalaxyPanel/D1_GalaxyVisualRoot/FullBleedGalaxyMap/Sector03	3	100.75	830.45	OK	Canvas/HUD/VerticalUIRoot/VerticalSafeAreaRoot/ContentSlot/Dimension1Panel/GalaxyPanel/D1_GalaxyVisualRoot/FullBleedGalaxyMap/Sector03	Canvas/HUD/VerticalUIRoot/VerticalSafeAreaRoot/ContentSlot/Dimension1Panel/GalaxyPanel/D1_GalaxyVisualRoot/FullBleedGalaxyMap/Sector03
17_outer_rim_selected	720	1280	Canvas/HUD/VerticalUIRoot/VerticalSafeAreaRoot/ContentSlot/Dimension1Panel/GalaxyPanel/D1_GalaxyVisualRoot/FullBleedGalaxyMap/Sector03	4	192.75	830.45	OK	Canvas/HUD/VerticalUIRoot/VerticalSafeAreaRoot/ContentSlot/Dimension1Panel/GalaxyPanel/D1_GalaxyVisualRoot/FullBleedGalaxyMap/Sector03	Canvas/HUD/VerticalUIRoot/VerticalSafeAreaRoot/ContentSlot/Dimension1Panel/GalaxyPanel/D1_GalaxyVisualRoot/FullBleedGalaxyMap/Sector03
17_outer_rim_selected	720	1280	Canvas/HUD/VerticalUIRoot/VerticalSafeAreaRoot/ContentSlot/Dimension1Panel/GalaxyPanel/D1_GalaxyVisualRoot/D1BottomNavigation/EXPLORARButton	0	220.00	73.33	OK	Canvas/HUD/VerticalUIRoot/VerticalSafeAreaRoot/ContentSlot/Dimension1Panel/GalaxyPanel/D1_GalaxyVisualRoot/D1BottomNavigation/EXPLORARButton	Canvas/HUD/VerticalUIRoot/VerticalSafeAreaRoot/ContentSlot/Dimension1Panel/GalaxyPanel/D1_GalaxyVisualRoot/D1BottomNavigation/EXPLORARButton
17_outer_rim_selected	720	1280	Canvas/HUD/VerticalUIRoot/VerticalSafeAreaRoot/ContentSlot/Dimension1Panel/GalaxyPanel/D1_GalaxyVisualRoot/D1BottomNavigation/EXPLORARButton	1	180.40	38.13	OK	Canvas/HUD/VerticalUIRoot/VerticalSafeAreaRoot/ContentSlot/Dimension1Panel/GalaxyPanel/D1_GalaxyVisualRoot/D1BottomNavigation/EXPLORARButton	Canvas/HUD/VerticalUIRoot/VerticalSafeAreaRoot/ContentSlot/Dimension1Panel/GalaxyPanel/D1_GalaxyVisualRoot/D1BottomNavigation/EXPLORARButton
17_outer_rim_selected	720	1280	Canvas/HUD/VerticalUIRoot/VerticalSafeAreaRoot/ContentSlot/Dimension1Panel/GalaxyPanel/D1_GalaxyVisualRoot/D1BottomNavigation/EXPLORARButton	2	259.60	38.13	OK	Canvas/HUD/VerticalUIRoot/VerticalSafeAreaRoot/ContentSlot/Dimension1Panel/GalaxyPanel/D1_GalaxyVisualRoot/D1BottomNavigation/EXPLORARButton	Canvas/HUD/VerticalUIRoot/VerticalSafeAreaRoot/ContentSlot/Dimension1Panel/GalaxyPanel/D1_GalaxyVisualRoot/D1BottomNavigation/EXPLORARButton
17_outer_rim_selected	720	1280	Canvas/HUD/VerticalUIRoot/VerticalSafeAreaRoot/ContentSlot/Dimension1Panel/GalaxyPanel/D1_GalaxyVisualRoot/D1BottomNavigation/EXPLORARButton	3	180.40	108.53	OK	Canvas/HUD/VerticalUIRoot/VerticalSafeAreaRoot/ContentSlot/Dimension1Panel/GalaxyPanel/D1_GalaxyVisualRoot/D1BottomNavigation/EXPLORARButton	Canvas/HUD/VerticalUIRoot/VerticalSafeAreaRoot/ContentSlot/Dimension1Panel/GalaxyPanel/D1_GalaxyVisualRoot/D1BottomNavigation/EXPLORARButton
17_outer_rim_selected	720	1280	Canvas/HUD/VerticalUIRoot/VerticalSafeAreaRoot/ContentSlot/Dimension1Panel/GalaxyPanel/D1_GalaxyVisualRoot/D1BottomNavigation/EXPLORARButton	4	259.60	108.53	OK	Canvas/HUD/VerticalUIRoot/VerticalSafeAreaRoot/ContentSlot/Dimension1Panel/GalaxyPanel/D1_GalaxyVisualRoot/D1BottomNavigation/EXPLORARButton	Canvas/HUD/VerticalUIRoot/VerticalSafeAreaRoot/ContentSlot/Dimension1Panel/GalaxyPanel/D1_GalaxyVisualRoot/D1BottomNavigation/EXPLORARButton
17_outer_rim_selected	720	1280	Canvas/HUD/VerticalUIRoot/VerticalSafeAreaRoot/ContentSlot/Dimension1Panel/GalaxyPanel/D1_GalaxyVisualRoot/D1BottomNavigation/ÁRBOLButton	0	634.00	73.33	OK	Canvas/HUD/VerticalUIRoot/VerticalSafeAreaRoot/ContentSlot/Dimension1Panel/GalaxyPanel/D1_GalaxyVisualRoot/D1BottomNavigation/ÁRBOLButton	Canvas/HUD/VerticalUIRoot/VerticalSafeAreaRoot/ContentSlot/Dimension1Panel/GalaxyPanel/D1_GalaxyVisualRoot/D1BottomNavigation/ÁRBOLButton
17_outer_rim_selected	720	1280	Canvas/HUD/VerticalUIRoot/VerticalSafeAreaRoot/ContentSlot/Dimension1Panel/GalaxyPanel/D1_GalaxyVisualRoot/D1BottomNavigation/ÁRBOLButton	1	594.40	38.13	OK	Canvas/HUD/VerticalUIRoot/VerticalSafeAreaRoot/ContentSlot/Dimension1Panel/GalaxyPanel/D1_GalaxyVisualRoot/D1BottomNavigation/ÁRBOLButton	Canvas/HUD/VerticalUIRoot/VerticalSafeAreaRoot/ContentSlot/Dimension1Panel/GalaxyPanel/D1_GalaxyVisualRoot/D1BottomNavigation/ÁRBOLButton
17_outer_rim_selected	720	1280	Canvas/HUD/VerticalUIRoot/VerticalSafeAreaRoot/ContentSlot/Dimension1Panel/GalaxyPanel/D1_GalaxyVisualRoot/D1BottomNavigation/ÁRBOLButton	2	673.60	38.13	OK	Canvas/HUD/VerticalUIRoot/VerticalSafeAreaRoot/ContentSlot/Dimension1Panel/GalaxyPanel/D1_GalaxyVisualRoot/D1BottomNavigation/ÁRBOLButton	Canvas/HUD/VerticalUIRoot/VerticalSafeAreaRoot/ContentSlot/Dimension1Panel/GalaxyPanel/D1_GalaxyVisualRoot/D1BottomNavigation/ÁRBOLButton
17_outer_rim_selected	720	1280	Canvas/HUD/VerticalUIRoot/VerticalSafeAreaRoot/ContentSlot/Dimension1Panel/GalaxyPanel/D1_GalaxyVisualRoot/D1BottomNavigation/ÁRBOLButton	3	594.40	108.53	OK	Canvas/HUD/VerticalUIRoot/VerticalSafeAreaRoot/ContentSlot/Dimension1Panel/GalaxyPanel/D1_GalaxyVisualRoot/D1BottomNavigation/ÁRBOLButton	Canvas/HUD/VerticalUIRoot/VerticalSafeAreaRoot/ContentSlot/Dimension1Panel/GalaxyPanel/D1_GalaxyVisualRoot/D1BottomNavigation/ÁRBOLButton
17_outer_rim_selected	720	1280	Canvas/HUD/VerticalUIRoot/VerticalSafeAreaRoot/ContentSlot/Dimension1Panel/GalaxyPanel/D1_GalaxyVisualRoot/D1BottomNavigation/ÁRBOLButton	4	673.60	108.53	OK	Canvas/HUD/VerticalUIRoot/VerticalSafeAreaRoot/ContentSlot/Dimension1Panel/GalaxyPanel/D1_GalaxyVisualRoot/D1BottomNavigation/ÁRBOLButton	Canvas/HUD/VerticalUIRoot/VerticalSafeAreaRoot/ContentSlot/Dimension1Panel/GalaxyPanel/D1_GalaxyVisualRoot/D1BottomNavigation/ÁRBOLButton
17_outer_rim	720	1280	Canvas/HUD/VerticalUIRoot/VerticalSafeAreaRoot/ContentSlot/Dimension1Panel/D1_OuterRimDetailVisualRoot/BottomNavigation/Nav_ÁRBOL	0	634.00	73.33	OK	Canvas/HUD/VerticalUIRoot/VerticalSafeAreaRoot/ContentSlot/Dimension1Panel/D1_OuterRimDetailVisualRoot/BottomNavigation/Nav_ÁRBOL	Canvas/HUD/VerticalUIRoot/VerticalSafeAreaRoot/ContentSlot/Dimension1Panel/D1_OuterRimDetailVisualRoot/BottomNavigation/Nav_ÁRBOL
17_outer_rim	720	1280	Canvas/HUD/VerticalUIRoot/VerticalSafeAreaRoot/ContentSlot/Dimension1Panel/D1_OuterRimDetailVisualRoot/BottomNavigation/Nav_ÁRBOL	1	594.40	38.13	OK	Canvas/HUD/VerticalUIRoot/VerticalSafeAreaRoot/ContentSlot/Dimension1Panel/D1_OuterRimDetailVisualRoot/BottomNavigation/Nav_ÁRBOL	Canvas/HUD/VerticalUIRoot/VerticalSafeAreaRoot/ContentSlot/Dimension1Panel/D1_OuterRimDetailVisualRoot/BottomNavigation/Nav_ÁRBOL
17_outer_rim	720	1280	Canvas/HUD/VerticalUIRoot/VerticalSafeAreaRoot/ContentSlot/Dimension1Panel/D1_OuterRimDetailVisualRoot/BottomNavigation/Nav_ÁRBOL	2	673.60	38.13	OK	Canvas/HUD/VerticalUIRoot/VerticalSafeAreaRoot/ContentSlot/Dimension1Panel/D1_OuterRimDetailVisualRoot/BottomNavigation/Nav_ÁRBOL	Canvas/HUD/VerticalUIRoot/VerticalSafeAreaRoot/ContentSlot/Dimension1Panel/D1_OuterRimDetailVisualRoot/BottomNavigation/Nav_ÁRBOL
17_outer_rim	720	1280	Canvas/HUD/VerticalUIRoot/VerticalSafeAreaRoot/ContentSlot/Dimension1Panel/D1_OuterRimDetailVisualRoot/BottomNavigation/Nav_ÁRBOL	3	594.40	108.53	OK	Canvas/HUD/VerticalUIRoot/VerticalSafeAreaRoot/ContentSlot/Dimension1Panel/D1_OuterRimDetailVisualRoot/BottomNavigation/Nav_ÁRBOL	Canvas/HUD/VerticalUIRoot/VerticalSafeAreaRoot/ContentSlot/Dimension1Panel/D1_OuterRimDetailVisualRoot/BottomNavigation/Nav_ÁRBOL
17_outer_rim	720	1280	Canvas/HUD/VerticalUIRoot/VerticalSafeAreaRoot/ContentSlot/Dimension1Panel/D1_OuterRimDetailVisualRoot/BottomNavigation/Nav_ÁRBOL	4	673.60	108.53	OK	Canvas/HUD/VerticalUIRoot/VerticalSafeAreaRoot/ContentSlot/Dimension1Panel/D1_OuterRimDetailVisualRoot/BottomNavigation/Nav_ÁRBOL	Canvas/HUD/VerticalUIRoot/VerticalSafeAreaRoot/ContentSlot/Dimension1Panel/D1_OuterRimDetailVisualRoot/BottomNavigation/Nav_ÁRBOL
17_outer_rim	720	1280	Canvas/HUD/VerticalUIRoot/VerticalSafeAreaRoot/ContentSlot/Dimension1Panel/D1_OuterRimDetailVisualRoot/BottomNavigation/Nav_RELIQUIAS	0	496.00	73.33	OK	Canvas/HUD/VerticalUIRoot/VerticalSafeAreaRoot/ContentSlot/Dimension1Panel/D1_OuterRimDetailVisualRoot/BottomNavigation/Nav_RELIQUIAS	Canvas/HUD/VerticalUIRoot/VerticalSafeAreaRoot/ContentSlot/Dimension1Panel/D1_OuterRimDetailVisualRoot/BottomNavigation/Nav_RELIQUIAS
17_outer_rim	720	1280	Canvas/HUD/VerticalUIRoot/VerticalSafeAreaRoot/ContentSlot/Dimension1Panel/D1_OuterRimDetailVisualRoot/BottomNavigation/Nav_RELIQUIAS	1	456.40	38.13	OK	Canvas/HUD/VerticalUIRoot/VerticalSafeAreaRoot/ContentSlot/Dimension1Panel/D1_OuterRimDetailVisualRoot/BottomNavigation/Nav_RELIQUIAS	Canvas/HUD/VerticalUIRoot/VerticalSafeAreaRoot/ContentSlot/Dimension1Panel/D1_OuterRimDetailVisualRoot/BottomNavigation/Nav_RELIQUIAS
17_outer_rim	720	1280	Canvas/HUD/VerticalUIRoot/VerticalSafeAreaRoot/ContentSlot/Dimension1Panel/D1_OuterRimDetailVisualRoot/BottomNavigation/Nav_RELIQUIAS	2	535.60	38.13	OK	Canvas/HUD/VerticalUIRoot/VerticalSafeAreaRoot/ContentSlot/Dimension1Panel/D1_OuterRimDetailVisualRoot/BottomNavigation/Nav_RELIQUIAS	Canvas/HUD/VerticalUIRoot/VerticalSafeAreaRoot/ContentSlot/Dimension1Panel/D1_OuterRimDetailVisualRoot/BottomNavigation/Nav_RELIQUIAS
17_outer_rim	720	1280	Canvas/HUD/VerticalUIRoot/VerticalSafeAreaRoot/ContentSlot/Dimension1Panel/D1_OuterRimDetailVisualRoot/BottomNavigation/Nav_RELIQUIAS	3	456.40	108.53	OK	Canvas/HUD/VerticalUIRoot/VerticalSafeAreaRoot/ContentSlot/Dimension1Panel/D1_OuterRimDetailVisualRoot/BottomNavigation/Nav_RELIQUIAS	Canvas/HUD/VerticalUIRoot/VerticalSafeAreaRoot/ContentSlot/Dimension1Panel/D1_OuterRimDetailVisualRoot/BottomNavigation/Nav_RELIQUIAS
17_outer_rim	720	1280	Canvas/HUD/VerticalUIRoot/VerticalSafeAreaRoot/ContentSlot/Dimension1Panel/D1_OuterRimDetailVisualRoot/BottomNavigation/Nav_RELIQUIAS	4	535.60	108.53	OK	Canvas/HUD/VerticalUIRoot/VerticalSafeAreaRoot/ContentSlot/Dimension1Panel/D1_OuterRimDetailVisualRoot/BottomNavigation/Nav_RELIQUIAS	Canvas/HUD/VerticalUIRoot/VerticalSafeAreaRoot/ContentSlot/Dimension1Panel/D1_OuterRimDetailVisualRoot/BottomNavigation/Nav_RELIQUIAS
17_outer_rim	720	1280	Canvas/HUD/VerticalUIRoot/VerticalSafeAreaRoot/ContentSlot/Dimension1Panel/D1_OuterRimDetailVisualRoot/Heading/BackButton	0	46.67	1206.67	OK	Canvas/HUD/VerticalUIRoot/VerticalSafeAreaRoot/ContentSlot/Dimension1Panel/D1_OuterRimDetailVisualRoot/Heading/BackButton	Canvas/HUD/VerticalUIRoot/VerticalSafeAreaRoot/ContentSlot/Dimension1Panel/D1_OuterRimDetailVisualRoot/Heading/BackButton
17_outer_rim	720	1280	Canvas/HUD/VerticalUIRoot/VerticalSafeAreaRoot/ContentSlot/Dimension1Panel/D1_OuterRimDetailVisualRoot/Heading/BackButton	1	29.87	1192.27	OK	Canvas/HUD/VerticalUIRoot/VerticalSafeAreaRoot/ContentSlot/Dimension1Panel/D1_OuterRimDetailVisualRoot/Heading/BackButton	Canvas/HUD/VerticalUIRoot/VerticalSafeAreaRoot/ContentSlot/Dimension1Panel/D1_OuterRimDetailVisualRoot/Heading/BackButton
17_outer_rim	720	1280	Canvas/HUD/VerticalUIRoot/VerticalSafeAreaRoot/ContentSlot/Dimension1Panel/D1_OuterRimDetailVisualRoot/Heading/BackButton	2	63.47	1192.27	OK	Canvas/HUD/VerticalUIRoot/VerticalSafeAreaRoot/ContentSlot/Dimension1Panel/D1_OuterRimDetailVisualRoot/Heading/BackButton	Canvas/HUD/VerticalUIRoot/VerticalSafeAreaRoot/ContentSlot/Dimension1Panel/D1_OuterRimDetailVisualRoot/Heading/BackButton
17_outer_rim	720	1280	Canvas/HUD/VerticalUIRoot/VerticalSafeAreaRoot/ContentSlot/Dimension1Panel/D1_OuterRimDetailVisualRoot/Heading/BackButton	3	29.87	1221.07	OK	Canvas/HUD/VerticalUIRoot/VerticalSafeAreaRoot/ContentSlot/Dimension1Panel/D1_OuterRimDetailVisualRoot/Heading/BackButton	Canvas/HUD/VerticalUIRoot/VerticalSafeAreaRoot/ContentSlot/Dimension1Panel/D1_OuterRimDetailVisualRoot/Heading/BackButton
17_outer_rim	720	1280	Canvas/HUD/VerticalUIRoot/VerticalSafeAreaRoot/ContentSlot/Dimension1Panel/D1_OuterRimDetailVisualRoot/Heading/BackButton	4	63.47	1221.07	OK	Canvas/HUD/VerticalUIRoot/VerticalSafeAreaRoot/ContentSlot/Dimension1Panel/D1_OuterRimDetailVisualRoot/Heading/BackButton	Canvas/HUD/VerticalUIRoot/VerticalSafeAreaRoot/ContentSlot/Dimension1Panel/D1_OuterRimDetailVisualRoot/Heading/BackButton
17_outer_rim	720	1280	Canvas/HUD/VerticalUIRoot/VerticalSafeAreaRoot/ContentSlot/Dimension1Panel/D1_OuterRimDetailVisualRoot/BackToGalaxyMap	0	360.00	362.67	OK	Canvas/HUD/VerticalUIRoot/VerticalSafeAreaRoot/ContentSlot/Dimension1Panel/D1_OuterRimDetailVisualRoot/BackToGalaxyMap	Canvas/HUD/VerticalUIRoot/VerticalSafeAreaRoot/ContentSlot/Dimension1Panel/D1_OuterRimDetailVisualRoot/BackToGalaxyMap
17_outer_rim	720	1280	Canvas/HUD/VerticalUIRoot/VerticalSafeAreaRoot/ContentSlot/Dimension1Panel/D1_OuterRimDetailVisualRoot/BackToGalaxyMap	1	240.00	344.27	OK	Canvas/HUD/VerticalUIRoot/VerticalSafeAreaRoot/ContentSlot/Dimension1Panel/D1_OuterRimDetailVisualRoot/BackToGalaxyMap	Canvas/HUD/VerticalUIRoot/VerticalSafeAreaRoot/ContentSlot/Dimension1Panel/D1_OuterRimDetailVisualRoot/BackToGalaxyMap
17_outer_rim	720	1280	Canvas/HUD/VerticalUIRoot/VerticalSafeAreaRoot/ContentSlot/Dimension1Panel/D1_OuterRimDetailVisualRoot/BackToGalaxyMap	2	480.00	344.27	OK	Canvas/HUD/VerticalUIRoot/VerticalSafeAreaRoot/ContentSlot/Dimension1Panel/D1_OuterRimDetailVisualRoot/BackToGalaxyMap	Canvas/HUD/VerticalUIRoot/VerticalSafeAreaRoot/ContentSlot/Dimension1Panel/D1_OuterRimDetailVisualRoot/BackToGalaxyMap
17_outer_rim	720	1280	Canvas/HUD/VerticalUIRoot/VerticalSafeAreaRoot/ContentSlot/Dimension1Panel/D1_OuterRimDetailVisualRoot/BackToGalaxyMap	3	240.00	381.07	OK	Canvas/HUD/VerticalUIRoot/VerticalSafeAreaRoot/ContentSlot/Dimension1Panel/D1_OuterRimDetailVisualRoot/BackToGalaxyMap	Canvas/HUD/VerticalUIRoot/VerticalSafeAreaRoot/ContentSlot/Dimension1Panel/D1_OuterRimDetailVisualRoot/BackToGalaxyMap
17_outer_rim	720	1280	Canvas/HUD/VerticalUIRoot/VerticalSafeAreaRoot/ContentSlot/Dimension1Panel/D1_OuterRimDetailVisualRoot/BackToGalaxyMap	4	480.00	381.07	OK	Canvas/HUD/VerticalUIRoot/VerticalSafeAreaRoot/ContentSlot/Dimension1Panel/D1_OuterRimDetailVisualRoot/BackToGalaxyMap	Canvas/HUD/VerticalUIRoot/VerticalSafeAreaRoot/ContentSlot/Dimension1Panel/D1_OuterRimDetailVisualRoot/BackToGalaxyMap
17_outer_rim	720	1280	Canvas/HUD/VerticalUIRoot/VerticalSafeAreaRoot/ContentSlot/Dimension1Panel/D1_OuterRimDetailVisualRoot/AllMetals	0	614.33	1178.67	OK	Canvas/HUD/VerticalUIRoot/VerticalSafeAreaRoot/ContentSlot/Dimension1Panel/D1_OuterRimDetailVisualRoot/AllMetals	Canvas/HUD/VerticalUIRoot/VerticalSafeAreaRoot/ContentSlot/Dimension1Panel/D1_OuterRimDetailVisualRoot/AllMetals
17_outer_rim	720	1280	Canvas/HUD/VerticalUIRoot/VerticalSafeAreaRoot/ContentSlot/Dimension1Panel/D1_OuterRimDetailVisualRoot/AllMetals	1	565.33	1158.67	OK	Canvas/HUD/VerticalUIRoot/VerticalSafeAreaRoot/ContentSlot/Dimension1Panel/D1_OuterRimDetailVisualRoot/AllMetals	Canvas/HUD/VerticalUIRoot/VerticalSafeAreaRoot/ContentSlot/Dimension1Panel/D1_OuterRimDetailVisualRoot/AllMetals
17_outer_rim	720	1280	Canvas/HUD/VerticalUIRoot/VerticalSafeAreaRoot/ContentSlot/Dimension1Panel/D1_OuterRimDetailVisualRoot/AllMetals	2	663.33	1158.67	OK	Canvas/HUD/VerticalUIRoot/VerticalSafeAreaRoot/ContentSlot/Dimension1Panel/D1_OuterRimDetailVisualRoot/AllMetals	Canvas/HUD/VerticalUIRoot/VerticalSafeAreaRoot/ContentSlot/Dimension1Panel/D1_OuterRimDetailVisualRoot/AllMetals
17_outer_rim	720	1280	Canvas/HUD/VerticalUIRoot/VerticalSafeAreaRoot/ContentSlot/Dimension1Panel/D1_OuterRimDetailVisualRoot/AllMetals	3	565.33	1198.67	OK	Canvas/HUD/VerticalUIRoot/VerticalSafeAreaRoot/ContentSlot/Dimension1Panel/D1_OuterRimDetailVisualRoot/AllMetals	Canvas/HUD/VerticalUIRoot/VerticalSafeAreaRoot/ContentSlot/Dimension1Panel/D1_OuterRimDetailVisualRoot/AllMetals
17_outer_rim	720	1280	Canvas/HUD/VerticalUIRoot/VerticalSafeAreaRoot/ContentSlot/Dimension1Panel/D1_OuterRimDetailVisualRoot/AllMetals	4	663.33	1198.67	OK	Canvas/HUD/VerticalUIRoot/VerticalSafeAreaRoot/ContentSlot/Dimension1Panel/D1_OuterRimDetailVisualRoot/AllMetals	Canvas/HUD/VerticalUIRoot/VerticalSafeAreaRoot/ContentSlot/Dimension1Panel/D1_OuterRimDetailVisualRoot/AllMetals
17_outer_rim	720	1280	Canvas/HUD/VerticalUIRoot/VerticalSafeAreaRoot/ContentSlot/Dimension1Panel/D1_OuterRimDetailVisualRoot/BottomNavigation/Nav_EXPLORAR	0	220.00	73.33	OK	Canvas/HUD/VerticalUIRoot/VerticalSafeAreaRoot/ContentSlot/Dimension1Panel/D1_OuterRimDetailVisualRoot/BottomNavigation/Nav_EXPLORAR	Canvas/HUD/VerticalUIRoot/VerticalSafeAreaRoot/ContentSlot/Dimension1Panel/D1_OuterRimDetailVisualRoot/BottomNavigation/Nav_EXPLORAR
17_outer_rim	720	1280	Canvas/HUD/VerticalUIRoot/VerticalSafeAreaRoot/ContentSlot/Dimension1Panel/D1_OuterRimDetailVisualRoot/BottomNavigation/Nav_EXPLORAR	1	180.40	38.13	OK	Canvas/HUD/VerticalUIRoot/VerticalSafeAreaRoot/ContentSlot/Dimension1Panel/D1_OuterRimDetailVisualRoot/BottomNavigation/Nav_EXPLORAR	Canvas/HUD/VerticalUIRoot/VerticalSafeAreaRoot/ContentSlot/Dimension1Panel/D1_OuterRimDetailVisualRoot/BottomNavigation/Nav_EXPLORAR
17_outer_rim	720	1280	Canvas/HUD/VerticalUIRoot/VerticalSafeAreaRoot/ContentSlot/Dimension1Panel/D1_OuterRimDetailVisualRoot/BottomNavigation/Nav_EXPLORAR	2	259.60	38.13	OK	Canvas/HUD/VerticalUIRoot/VerticalSafeAreaRoot/ContentSlot/Dimension1Panel/D1_OuterRimDetailVisualRoot/BottomNavigation/Nav_EXPLORAR	Canvas/HUD/VerticalUIRoot/VerticalSafeAreaRoot/ContentSlot/Dimension1Panel/D1_OuterRimDetailVisualRoot/BottomNavigation/Nav_EXPLORAR
17_outer_rim	720	1280	Canvas/HUD/VerticalUIRoot/VerticalSafeAreaRoot/ContentSlot/Dimension1Panel/D1_OuterRimDetailVisualRoot/BottomNavigation/Nav_EXPLORAR	3	180.40	108.53	OK	Canvas/HUD/VerticalUIRoot/VerticalSafeAreaRoot/ContentSlot/Dimension1Panel/D1_OuterRimDetailVisualRoot/BottomNavigation/Nav_EXPLORAR	Canvas/HUD/VerticalUIRoot/VerticalSafeAreaRoot/ContentSlot/Dimension1Panel/D1_OuterRimDetailVisualRoot/BottomNavigation/Nav_EXPLORAR
17_outer_rim	720	1280	Canvas/HUD/VerticalUIRoot/VerticalSafeAreaRoot/ContentSlot/Dimension1Panel/D1_OuterRimDetailVisualRoot/BottomNavigation/Nav_EXPLORAR	4	259.60	108.53	OK	Canvas/HUD/VerticalUIRoot/VerticalSafeAreaRoot/ContentSlot/Dimension1Panel/D1_OuterRimDetailVisualRoot/BottomNavigation/Nav_EXPLORAR	Canvas/HUD/VerticalUIRoot/VerticalSafeAreaRoot/ContentSlot/Dimension1Panel/D1_OuterRimDetailVisualRoot/BottomNavigation/Nav_EXPLORAR
17_outer_rim	720	1280	Canvas/HUD/VerticalUIRoot/VerticalSafeAreaRoot/ContentSlot/Dimension1Panel/D1_OuterRimDetailVisualRoot/BottomNavigation/Nav_HANGAR	0	358.00	73.33	OK	Canvas/HUD/VerticalUIRoot/VerticalSafeAreaRoot/ContentSlot/Dimension1Panel/D1_OuterRimDetailVisualRoot/BottomNavigation/Nav_HANGAR	Canvas/HUD/VerticalUIRoot/VerticalSafeAreaRoot/ContentSlot/Dimension1Panel/D1_OuterRimDetailVisualRoot/BottomNavigation/Nav_HANGAR
17_outer_rim	720	1280	Canvas/HUD/VerticalUIRoot/VerticalSafeAreaRoot/ContentSlot/Dimension1Panel/D1_OuterRimDetailVisualRoot/BottomNavigation/Nav_HANGAR	1	318.40	38.13	OK	Canvas/HUD/VerticalUIRoot/VerticalSafeAreaRoot/ContentSlot/Dimension1Panel/D1_OuterRimDetailVisualRoot/BottomNavigation/Nav_HANGAR	Canvas/HUD/VerticalUIRoot/VerticalSafeAreaRoot/ContentSlot/Dimension1Panel/D1_OuterRimDetailVisualRoot/BottomNavigation/Nav_HANGAR
17_outer_rim	720	1280	Canvas/HUD/VerticalUIRoot/VerticalSafeAreaRoot/ContentSlot/Dimension1Panel/D1_OuterRimDetailVisualRoot/BottomNavigation/Nav_HANGAR	2	397.60	38.13	OK	Canvas/HUD/VerticalUIRoot/VerticalSafeAreaRoot/ContentSlot/Dimension1Panel/D1_OuterRimDetailVisualRoot/BottomNavigation/Nav_HANGAR	Canvas/HUD/VerticalUIRoot/VerticalSafeAreaRoot/ContentSlot/Dimension1Panel/D1_OuterRimDetailVisualRoot/BottomNavigation/Nav_HANGAR
17_outer_rim	720	1280	Canvas/HUD/VerticalUIRoot/VerticalSafeAreaRoot/ContentSlot/Dimension1Panel/D1_OuterRimDetailVisualRoot/BottomNavigation/Nav_HANGAR	3	318.40	108.53	OK	Canvas/HUD/VerticalUIRoot/VerticalSafeAreaRoot/ContentSlot/Dimension1Panel/D1_OuterRimDetailVisualRoot/BottomNavigation/Nav_HANGAR	Canvas/HUD/VerticalUIRoot/VerticalSafeAreaRoot/ContentSlot/Dimension1Panel/D1_OuterRimDetailVisualRoot/BottomNavigation/Nav_HANGAR
17_outer_rim	720	1280	Canvas/HUD/VerticalUIRoot/VerticalSafeAreaRoot/ContentSlot/Dimension1Panel/D1_OuterRimDetailVisualRoot/BottomNavigation/Nav_HANGAR	4	397.60	108.53	OK	Canvas/HUD/VerticalUIRoot/VerticalSafeAreaRoot/ContentSlot/Dimension1Panel/D1_OuterRimDetailVisualRoot/BottomNavigation/Nav_HANGAR	Canvas/HUD/VerticalUIRoot/VerticalSafeAreaRoot/ContentSlot/Dimension1Panel/D1_OuterRimDetailVisualRoot/BottomNavigation/Nav_HANGAR
18_metals	720	1280	Canvas/HUD/VerticalUIRoot/VerticalSafeAreaRoot/ContentSlot/Dimension1Panel/D1_OuterRimDetailVisualRoot/BottomNavigation/Nav_ÁRBOL	0	634.00	73.33	INTERCEPTED	Canvas/HUD/VerticalUIRoot/VerticalSafeAreaRoot/ContentSlot/Dimension1Panel/D1_MetalsInventoryRoot/Background	<none>
18_metals	720	1280	Canvas/HUD/VerticalUIRoot/VerticalSafeAreaRoot/ContentSlot/Dimension1Panel/D1_OuterRimDetailVisualRoot/BottomNavigation/Nav_ÁRBOL	1	594.40	38.13	INTERCEPTED	Canvas/HUD/VerticalUIRoot/VerticalSafeAreaRoot/ContentSlot/Dimension1Panel/D1_MetalsInventoryRoot/Background	<none>
18_metals	720	1280	Canvas/HUD/VerticalUIRoot/VerticalSafeAreaRoot/ContentSlot/Dimension1Panel/D1_OuterRimDetailVisualRoot/BottomNavigation/Nav_ÁRBOL	2	673.60	38.13	INTERCEPTED	Canvas/HUD/VerticalUIRoot/VerticalSafeAreaRoot/ContentSlot/Dimension1Panel/D1_MetalsInventoryRoot/Background	<none>
18_metals	720	1280	Canvas/HUD/VerticalUIRoot/VerticalSafeAreaRoot/ContentSlot/Dimension1Panel/D1_OuterRimDetailVisualRoot/BottomNavigation/Nav_ÁRBOL	3	594.40	108.53	INTERCEPTED	Canvas/HUD/VerticalUIRoot/VerticalSafeAreaRoot/ContentSlot/Dimension1Panel/D1_MetalsInventoryRoot/Background	<none>
18_metals	720	1280	Canvas/HUD/VerticalUIRoot/VerticalSafeAreaRoot/ContentSlot/Dimension1Panel/D1_OuterRimDetailVisualRoot/BottomNavigation/Nav_ÁRBOL	4	673.60	108.53	INTERCEPTED	Canvas/HUD/VerticalUIRoot/VerticalSafeAreaRoot/ContentSlot/Dimension1Panel/D1_MetalsInventoryRoot/Background	<none>
18_metals	720	1280	Canvas/HUD/VerticalUIRoot/VerticalSafeAreaRoot/ContentSlot/Dimension1Panel/D1_OuterRimDetailVisualRoot/BottomNavigation/Nav_RELIQUIAS	0	496.00	73.33	INTERCEPTED	Canvas/HUD/VerticalUIRoot/VerticalSafeAreaRoot/ContentSlot/Dimension1Panel/D1_MetalsInventoryRoot/Background	<none>
18_metals	720	1280	Canvas/HUD/VerticalUIRoot/VerticalSafeAreaRoot/ContentSlot/Dimension1Panel/D1_OuterRimDetailVisualRoot/BottomNavigation/Nav_RELIQUIAS	1	456.40	38.13	INTERCEPTED	Canvas/HUD/VerticalUIRoot/VerticalSafeAreaRoot/ContentSlot/Dimension1Panel/D1_MetalsInventoryRoot/Background	<none>
18_metals	720	1280	Canvas/HUD/VerticalUIRoot/VerticalSafeAreaRoot/ContentSlot/Dimension1Panel/D1_OuterRimDetailVisualRoot/BottomNavigation/Nav_RELIQUIAS	2	535.60	38.13	INTERCEPTED	Canvas/HUD/VerticalUIRoot/VerticalSafeAreaRoot/ContentSlot/Dimension1Panel/D1_MetalsInventoryRoot/Background	<none>
18_metals	720	1280	Canvas/HUD/VerticalUIRoot/VerticalSafeAreaRoot/ContentSlot/Dimension1Panel/D1_OuterRimDetailVisualRoot/BottomNavigation/Nav_RELIQUIAS	3	456.40	108.53	INTERCEPTED	Canvas/HUD/VerticalUIRoot/VerticalSafeAreaRoot/ContentSlot/Dimension1Panel/D1_MetalsInventoryRoot/Background	<none>
18_metals	720	1280	Canvas/HUD/VerticalUIRoot/VerticalSafeAreaRoot/ContentSlot/Dimension1Panel/D1_OuterRimDetailVisualRoot/BottomNavigation/Nav_RELIQUIAS	4	535.60	108.53	INTERCEPTED	Canvas/HUD/VerticalUIRoot/VerticalSafeAreaRoot/ContentSlot/Dimension1Panel/D1_MetalsInventoryRoot/Background	<none>
18_metals	720	1280	Canvas/HUD/VerticalUIRoot/VerticalSafeAreaRoot/ContentSlot/Dimension1Panel/D1_OuterRimDetailVisualRoot/Heading/BackButton	0	46.67	1206.67	INTERCEPTED	Canvas/HUD/VerticalUIRoot/VerticalSafeAreaRoot/ContentSlot/Dimension1Panel/D1_MetalsInventoryRoot/BackButton	Canvas/HUD/VerticalUIRoot/VerticalSafeAreaRoot/ContentSlot/Dimension1Panel/D1_MetalsInventoryRoot/BackButton
18_metals	720	1280	Canvas/HUD/VerticalUIRoot/VerticalSafeAreaRoot/ContentSlot/Dimension1Panel/D1_OuterRimDetailVisualRoot/Heading/BackButton	1	29.87	1192.27	INTERCEPTED	Canvas/HUD/VerticalUIRoot/VerticalSafeAreaRoot/ContentSlot/Dimension1Panel/D1_MetalsInventoryRoot/Background	<none>
18_metals	720	1280	Canvas/HUD/VerticalUIRoot/VerticalSafeAreaRoot/ContentSlot/Dimension1Panel/D1_OuterRimDetailVisualRoot/Heading/BackButton	2	63.47	1192.27	INTERCEPTED	Canvas/HUD/VerticalUIRoot/VerticalSafeAreaRoot/ContentSlot/Dimension1Panel/D1_MetalsInventoryRoot/Background	<none>
18_metals	720	1280	Canvas/HUD/VerticalUIRoot/VerticalSafeAreaRoot/ContentSlot/Dimension1Panel/D1_OuterRimDetailVisualRoot/Heading/BackButton	3	29.87	1221.07	INTERCEPTED	Canvas/HUD/VerticalUIRoot/VerticalSafeAreaRoot/ContentSlot/Dimension1Panel/D1_MetalsInventoryRoot/BackButton	Canvas/HUD/VerticalUIRoot/VerticalSafeAreaRoot/ContentSlot/Dimension1Panel/D1_MetalsInventoryRoot/BackButton
18_metals	720	1280	Canvas/HUD/VerticalUIRoot/VerticalSafeAreaRoot/ContentSlot/Dimension1Panel/D1_OuterRimDetailVisualRoot/Heading/BackButton	4	63.47	1221.07	INTERCEPTED	Canvas/HUD/VerticalUIRoot/VerticalSafeAreaRoot/ContentSlot/Dimension1Panel/D1_MetalsInventoryRoot/BackButton	Canvas/HUD/VerticalUIRoot/VerticalSafeAreaRoot/ContentSlot/Dimension1Panel/D1_MetalsInventoryRoot/BackButton
18_metals	720	1280	Canvas/HUD/VerticalUIRoot/VerticalSafeAreaRoot/ContentSlot/Dimension1Panel/D1_MetalsInventoryRoot/Filter_0	0	120.00	1047.33	OK	Canvas/HUD/VerticalUIRoot/VerticalSafeAreaRoot/ContentSlot/Dimension1Panel/D1_MetalsInventoryRoot/Filter_0	Canvas/HUD/VerticalUIRoot/VerticalSafeAreaRoot/ContentSlot/Dimension1Panel/D1_MetalsInventoryRoot/Filter_0
18_metals	720	1280	Canvas/HUD/VerticalUIRoot/VerticalSafeAreaRoot/ContentSlot/Dimension1Panel/D1_MetalsInventoryRoot/Filter_0	1	58.40	1032.53	OK	Canvas/HUD/VerticalUIRoot/VerticalSafeAreaRoot/ContentSlot/Dimension1Panel/D1_MetalsInventoryRoot/Filter_0	Canvas/HUD/VerticalUIRoot/VerticalSafeAreaRoot/ContentSlot/Dimension1Panel/D1_MetalsInventoryRoot/Filter_0
18_metals	720	1280	Canvas/HUD/VerticalUIRoot/VerticalSafeAreaRoot/ContentSlot/Dimension1Panel/D1_MetalsInventoryRoot/Filter_0	2	181.60	1032.53	OK	Canvas/HUD/VerticalUIRoot/VerticalSafeAreaRoot/ContentSlot/Dimension1Panel/D1_MetalsInventoryRoot/Filter_0	Canvas/HUD/VerticalUIRoot/VerticalSafeAreaRoot/ContentSlot/Dimension1Panel/D1_MetalsInventoryRoot/Filter_0
18_metals	720	1280	Canvas/HUD/VerticalUIRoot/VerticalSafeAreaRoot/ContentSlot/Dimension1Panel/D1_MetalsInventoryRoot/Filter_0	3	58.40	1062.13	OK	Canvas/HUD/VerticalUIRoot/VerticalSafeAreaRoot/ContentSlot/Dimension1Panel/D1_MetalsInventoryRoot/Filter_0	Canvas/HUD/VerticalUIRoot/VerticalSafeAreaRoot/ContentSlot/Dimension1Panel/D1_MetalsInventoryRoot/Filter_0
18_metals	720	1280	Canvas/HUD/VerticalUIRoot/VerticalSafeAreaRoot/ContentSlot/Dimension1Panel/D1_MetalsInventoryRoot/Filter_0	4	181.60	1062.13	OK	Canvas/HUD/VerticalUIRoot/VerticalSafeAreaRoot/ContentSlot/Dimension1Panel/D1_MetalsInventoryRoot/Filter_0	Canvas/HUD/VerticalUIRoot/VerticalSafeAreaRoot/ContentSlot/Dimension1Panel/D1_MetalsInventoryRoot/Filter_0
18_metals	720	1280	Canvas/HUD/VerticalUIRoot/VerticalSafeAreaRoot/ContentSlot/Dimension1Panel/D1_OuterRimDetailVisualRoot/BackToGalaxyMap	0	360.00	362.67	INTERCEPTED	Canvas/HUD/VerticalUIRoot/VerticalSafeAreaRoot/ContentSlot/Dimension1Panel/D1_MetalsInventoryRoot/Background	<none>
18_metals	720	1280	Canvas/HUD/VerticalUIRoot/VerticalSafeAreaRoot/ContentSlot/Dimension1Panel/D1_OuterRimDetailVisualRoot/BackToGalaxyMap	1	240.00	344.27	INTERCEPTED	Canvas/HUD/VerticalUIRoot/VerticalSafeAreaRoot/ContentSlot/Dimension1Panel/D1_MetalsInventoryRoot/Background	<none>
18_metals	720	1280	Canvas/HUD/VerticalUIRoot/VerticalSafeAreaRoot/ContentSlot/Dimension1Panel/D1_OuterRimDetailVisualRoot/BackToGalaxyMap	2	480.00	344.27	INTERCEPTED	Canvas/HUD/VerticalUIRoot/VerticalSafeAreaRoot/ContentSlot/Dimension1Panel/D1_MetalsInventoryRoot/Background	<none>
18_metals	720	1280	Canvas/HUD/VerticalUIRoot/VerticalSafeAreaRoot/ContentSlot/Dimension1Panel/D1_OuterRimDetailVisualRoot/BackToGalaxyMap	3	240.00	381.07	INTERCEPTED	Canvas/HUD/VerticalUIRoot/VerticalSafeAreaRoot/ContentSlot/Dimension1Panel/D1_MetalsInventoryRoot/Background	<none>
18_metals	720	1280	Canvas/HUD/VerticalUIRoot/VerticalSafeAreaRoot/ContentSlot/Dimension1Panel/D1_OuterRimDetailVisualRoot/BackToGalaxyMap	4	480.00	381.07	INTERCEPTED	Canvas/HUD/VerticalUIRoot/VerticalSafeAreaRoot/ContentSlot/Dimension1Panel/D1_MetalsInventoryRoot/Background	<none>
18_metals	720	1280	Canvas/HUD/VerticalUIRoot/VerticalSafeAreaRoot/ContentSlot/Dimension1Panel/D1_MetalsInventoryRoot/Filter_1	0	346.67	1047.33	OK	Canvas/HUD/VerticalUIRoot/VerticalSafeAreaRoot/ContentSlot/Dimension1Panel/D1_MetalsInventoryRoot/Filter_1	Canvas/HUD/VerticalUIRoot/VerticalSafeAreaRoot/ContentSlot/Dimension1Panel/D1_MetalsInventoryRoot/Filter_1
18_metals	720	1280	Canvas/HUD/VerticalUIRoot/VerticalSafeAreaRoot/ContentSlot/Dimension1Panel/D1_MetalsInventoryRoot/Filter_1	1	278.67	1032.53	OK	Canvas/HUD/VerticalUIRoot/VerticalSafeAreaRoot/ContentSlot/Dimension1Panel/D1_MetalsInventoryRoot/Filter_1	Canvas/HUD/VerticalUIRoot/VerticalSafeAreaRoot/ContentSlot/Dimension1Panel/D1_MetalsInventoryRoot/Filter_1
18_metals	720	1280	Canvas/HUD/VerticalUIRoot/VerticalSafeAreaRoot/ContentSlot/Dimension1Panel/D1_MetalsInventoryRoot/Filter_1	2	414.67	1032.53	OK	Canvas/HUD/VerticalUIRoot/VerticalSafeAreaRoot/ContentSlot/Dimension1Panel/D1_MetalsInventoryRoot/Filter_1	Canvas/HUD/VerticalUIRoot/VerticalSafeAreaRoot/ContentSlot/Dimension1Panel/D1_MetalsInventoryRoot/Filter_1
18_metals	720	1280	Canvas/HUD/VerticalUIRoot/VerticalSafeAreaRoot/ContentSlot/Dimension1Panel/D1_MetalsInventoryRoot/Filter_1	3	278.67	1062.13	OK	Canvas/HUD/VerticalUIRoot/VerticalSafeAreaRoot/ContentSlot/Dimension1Panel/D1_MetalsInventoryRoot/Filter_1	Canvas/HUD/VerticalUIRoot/VerticalSafeAreaRoot/ContentSlot/Dimension1Panel/D1_MetalsInventoryRoot/Filter_1
18_metals	720	1280	Canvas/HUD/VerticalUIRoot/VerticalSafeAreaRoot/ContentSlot/Dimension1Panel/D1_MetalsInventoryRoot/Filter_1	4	414.67	1062.13	OK	Canvas/HUD/VerticalUIRoot/VerticalSafeAreaRoot/ContentSlot/Dimension1Panel/D1_MetalsInventoryRoot/Filter_1	Canvas/HUD/VerticalUIRoot/VerticalSafeAreaRoot/ContentSlot/Dimension1Panel/D1_MetalsInventoryRoot/Filter_1
18_metals	720	1280	Canvas/HUD/VerticalUIRoot/VerticalSafeAreaRoot/ContentSlot/Dimension1Panel/D1_OuterRimDetailVisualRoot/AllMetals	0	614.33	1178.67	INTERCEPTED	Canvas/HUD/VerticalUIRoot/VerticalSafeAreaRoot/ContentSlot/Dimension1Panel/D1_MetalsInventoryRoot/Background	<none>
18_metals	720	1280	Canvas/HUD/VerticalUIRoot/VerticalSafeAreaRoot/ContentSlot/Dimension1Panel/D1_OuterRimDetailVisualRoot/AllMetals	1	565.33	1158.67	INTERCEPTED	Canvas/HUD/VerticalUIRoot/VerticalSafeAreaRoot/ContentSlot/Dimension1Panel/D1_MetalsInventoryRoot/Background	<none>
18_metals	720	1280	Canvas/HUD/VerticalUIRoot/VerticalSafeAreaRoot/ContentSlot/Dimension1Panel/D1_OuterRimDetailVisualRoot/AllMetals	2	663.33	1158.67	INTERCEPTED	Canvas/HUD/VerticalUIRoot/VerticalSafeAreaRoot/ContentSlot/Dimension1Panel/D1_MetalsInventoryRoot/Background	<none>
18_metals	720	1280	Canvas/HUD/VerticalUIRoot/VerticalSafeAreaRoot/ContentSlot/Dimension1Panel/D1_OuterRimDetailVisualRoot/AllMetals	3	565.33	1198.67	INTERCEPTED	Canvas/HUD/VerticalUIRoot/VerticalSafeAreaRoot/ContentSlot/Dimension1Panel/D1_MetalsInventoryRoot/Background	<none>
18_metals	720	1280	Canvas/HUD/VerticalUIRoot/VerticalSafeAreaRoot/ContentSlot/Dimension1Panel/D1_OuterRimDetailVisualRoot/AllMetals	4	663.33	1198.67	INTERCEPTED	Canvas/HUD/VerticalUIRoot/VerticalSafeAreaRoot/ContentSlot/Dimension1Panel/D1_MetalsInventoryRoot/Background	<none>
18_metals	720	1280	Canvas/HUD/VerticalUIRoot/VerticalSafeAreaRoot/ContentSlot/Dimension1Panel/D1_OuterRimDetailVisualRoot/BottomNavigation/Nav_EXPLORAR	0	220.00	73.33	INTERCEPTED	Canvas/HUD/VerticalUIRoot/VerticalSafeAreaRoot/ContentSlot/Dimension1Panel/D1_MetalsInventoryRoot/Background	<none>
18_metals	720	1280	Canvas/HUD/VerticalUIRoot/VerticalSafeAreaRoot/ContentSlot/Dimension1Panel/D1_OuterRimDetailVisualRoot/BottomNavigation/Nav_EXPLORAR	1	180.40	38.13	INTERCEPTED	Canvas/HUD/VerticalUIRoot/VerticalSafeAreaRoot/ContentSlot/Dimension1Panel/D1_MetalsInventoryRoot/Background	<none>
18_metals	720	1280	Canvas/HUD/VerticalUIRoot/VerticalSafeAreaRoot/ContentSlot/Dimension1Panel/D1_OuterRimDetailVisualRoot/BottomNavigation/Nav_EXPLORAR	2	259.60	38.13	INTERCEPTED	Canvas/HUD/VerticalUIRoot/VerticalSafeAreaRoot/ContentSlot/Dimension1Panel/D1_MetalsInventoryRoot/Background	<none>
18_metals	720	1280	Canvas/HUD/VerticalUIRoot/VerticalSafeAreaRoot/ContentSlot/Dimension1Panel/D1_OuterRimDetailVisualRoot/BottomNavigation/Nav_EXPLORAR	3	180.40	108.53	INTERCEPTED	Canvas/HUD/VerticalUIRoot/VerticalSafeAreaRoot/ContentSlot/Dimension1Panel/D1_MetalsInventoryRoot/Background	<none>
18_metals	720	1280	Canvas/HUD/VerticalUIRoot/VerticalSafeAreaRoot/ContentSlot/Dimension1Panel/D1_OuterRimDetailVisualRoot/BottomNavigation/Nav_EXPLORAR	4	259.60	108.53	INTERCEPTED	Canvas/HUD/VerticalUIRoot/VerticalSafeAreaRoot/ContentSlot/Dimension1Panel/D1_MetalsInventoryRoot/Background	<none>
18_metals	720	1280	Canvas/HUD/VerticalUIRoot/VerticalSafeAreaRoot/ContentSlot/Dimension1Panel/D1_OuterRimDetailVisualRoot/BottomNavigation/Nav_HANGAR	0	358.00	73.33	INTERCEPTED	Canvas/HUD/VerticalUIRoot/VerticalSafeAreaRoot/ContentSlot/Dimension1Panel/D1_MetalsInventoryRoot/Background	<none>
18_metals	720	1280	Canvas/HUD/VerticalUIRoot/VerticalSafeAreaRoot/ContentSlot/Dimension1Panel/D1_OuterRimDetailVisualRoot/BottomNavigation/Nav_HANGAR	1	318.40	38.13	INTERCEPTED	Canvas/HUD/VerticalUIRoot/VerticalSafeAreaRoot/ContentSlot/Dimension1Panel/D1_MetalsInventoryRoot/Background	<none>
18_metals	720	1280	Canvas/HUD/VerticalUIRoot/VerticalSafeAreaRoot/ContentSlot/Dimension1Panel/D1_OuterRimDetailVisualRoot/BottomNavigation/Nav_HANGAR	2	397.60	38.13	INTERCEPTED	Canvas/HUD/VerticalUIRoot/VerticalSafeAreaRoot/ContentSlot/Dimension1Panel/D1_MetalsInventoryRoot/Background	<none>
18_metals	720	1280	Canvas/HUD/VerticalUIRoot/VerticalSafeAreaRoot/ContentSlot/Dimension1Panel/D1_OuterRimDetailVisualRoot/BottomNavigation/Nav_HANGAR	3	318.40	108.53	INTERCEPTED	Canvas/HUD/VerticalUIRoot/VerticalSafeAreaRoot/ContentSlot/Dimension1Panel/D1_MetalsInventoryRoot/Background	<none>
18_metals	720	1280	Canvas/HUD/VerticalUIRoot/VerticalSafeAreaRoot/ContentSlot/Dimension1Panel/D1_OuterRimDetailVisualRoot/BottomNavigation/Nav_HANGAR	4	397.60	108.53	INTERCEPTED	Canvas/HUD/VerticalUIRoot/VerticalSafeAreaRoot/ContentSlot/Dimension1Panel/D1_MetalsInventoryRoot/Background	<none>
18_metals	720	1280	Canvas/HUD/VerticalUIRoot/VerticalSafeAreaRoot/ContentSlot/Dimension1Panel/D1_MetalsInventoryRoot/BackButton	0	44.67	1228.67	OK	Canvas/HUD/VerticalUIRoot/VerticalSafeAreaRoot/ContentSlot/Dimension1Panel/D1_MetalsInventoryRoot/BackButton	Canvas/HUD/VerticalUIRoot/VerticalSafeAreaRoot/ContentSlot/Dimension1Panel/D1_MetalsInventoryRoot/BackButton
18_metals	720	1280	Canvas/HUD/VerticalUIRoot/VerticalSafeAreaRoot/ContentSlot/Dimension1Panel/D1_MetalsInventoryRoot/BackButton	1	29.07	1215.07	OK	Canvas/HUD/VerticalUIRoot/VerticalSafeAreaRoot/ContentSlot/Dimension1Panel/D1_MetalsInventoryRoot/BackButton	Canvas/HUD/VerticalUIRoot/VerticalSafeAreaRoot/ContentSlot/Dimension1Panel/D1_MetalsInventoryRoot/BackButton
18_metals	720	1280	Canvas/HUD/VerticalUIRoot/VerticalSafeAreaRoot/ContentSlot/Dimension1Panel/D1_MetalsInventoryRoot/BackButton	2	60.27	1215.07	OK	Canvas/HUD/VerticalUIRoot/VerticalSafeAreaRoot/ContentSlot/Dimension1Panel/D1_MetalsInventoryRoot/BackButton	Canvas/HUD/VerticalUIRoot/VerticalSafeAreaRoot/ContentSlot/Dimension1Panel/D1_MetalsInventoryRoot/BackButton
18_metals	720	1280	Canvas/HUD/VerticalUIRoot/VerticalSafeAreaRoot/ContentSlot/Dimension1Panel/D1_MetalsInventoryRoot/BackButton	3	29.07	1242.27	OK	Canvas/HUD/VerticalUIRoot/VerticalSafeAreaRoot/ContentSlot/Dimension1Panel/D1_MetalsInventoryRoot/BackButton	Canvas/HUD/VerticalUIRoot/VerticalSafeAreaRoot/ContentSlot/Dimension1Panel/D1_MetalsInventoryRoot/BackButton
18_metals	720	1280	Canvas/HUD/VerticalUIRoot/VerticalSafeAreaRoot/ContentSlot/Dimension1Panel/D1_MetalsInventoryRoot/BackButton	4	60.27	1242.27	OK	Canvas/HUD/VerticalUIRoot/VerticalSafeAreaRoot/ContentSlot/Dimension1Panel/D1_MetalsInventoryRoot/BackButton	Canvas/HUD/VerticalUIRoot/VerticalSafeAreaRoot/ContentSlot/Dimension1Panel/D1_MetalsInventoryRoot/BackButton
18_metals	720	1280	Canvas/HUD/VerticalUIRoot/VerticalSafeAreaRoot/ContentSlot/Dimension1Panel/D1_MetalsInventoryRoot/Filter_2	0	586.67	1047.33	OK	Canvas/HUD/VerticalUIRoot/VerticalSafeAreaRoot/ContentSlot/Dimension1Panel/D1_MetalsInventoryRoot/Filter_2	Canvas/HUD/VerticalUIRoot/VerticalSafeAreaRoot/ContentSlot/Dimension1Panel/D1_MetalsInventoryRoot/Filter_2
18_metals	720	1280	Canvas/HUD/VerticalUIRoot/VerticalSafeAreaRoot/ContentSlot/Dimension1Panel/D1_MetalsInventoryRoot/Filter_2	1	517.07	1032.53	OK	Canvas/HUD/VerticalUIRoot/VerticalSafeAreaRoot/ContentSlot/Dimension1Panel/D1_MetalsInventoryRoot/Filter_2	Canvas/HUD/VerticalUIRoot/VerticalSafeAreaRoot/ContentSlot/Dimension1Panel/D1_MetalsInventoryRoot/Filter_2
18_metals	720	1280	Canvas/HUD/VerticalUIRoot/VerticalSafeAreaRoot/ContentSlot/Dimension1Panel/D1_MetalsInventoryRoot/Filter_2	2	656.27	1032.53	OK	Canvas/HUD/VerticalUIRoot/VerticalSafeAreaRoot/ContentSlot/Dimension1Panel/D1_MetalsInventoryRoot/Filter_2	Canvas/HUD/VerticalUIRoot/VerticalSafeAreaRoot/ContentSlot/Dimension1Panel/D1_MetalsInventoryRoot/Filter_2
18_metals	720	1280	Canvas/HUD/VerticalUIRoot/VerticalSafeAreaRoot/ContentSlot/Dimension1Panel/D1_MetalsInventoryRoot/Filter_2	3	517.07	1062.13	OK	Canvas/HUD/VerticalUIRoot/VerticalSafeAreaRoot/ContentSlot/Dimension1Panel/D1_MetalsInventoryRoot/Filter_2	Canvas/HUD/VerticalUIRoot/VerticalSafeAreaRoot/ContentSlot/Dimension1Panel/D1_MetalsInventoryRoot/Filter_2
18_metals	720	1280	Canvas/HUD/VerticalUIRoot/VerticalSafeAreaRoot/ContentSlot/Dimension1Panel/D1_MetalsInventoryRoot/Filter_2	4	656.27	1062.13	OK	Canvas/HUD/VerticalUIRoot/VerticalSafeAreaRoot/ContentSlot/Dimension1Panel/D1_MetalsInventoryRoot/Filter_2	Canvas/HUD/VerticalUIRoot/VerticalSafeAreaRoot/ContentSlot/Dimension1Panel/D1_MetalsInventoryRoot/Filter_2
19_metals_return	720	1280	Canvas/HUD/VerticalUIRoot/VerticalSafeAreaRoot/ContentSlot/Dimension1Panel/D1_OuterRimDetailVisualRoot/BottomNavigation/Nav_ÁRBOL	0	634.00	73.33	OK	Canvas/HUD/VerticalUIRoot/VerticalSafeAreaRoot/ContentSlot/Dimension1Panel/D1_OuterRimDetailVisualRoot/BottomNavigation/Nav_ÁRBOL	Canvas/HUD/VerticalUIRoot/VerticalSafeAreaRoot/ContentSlot/Dimension1Panel/D1_OuterRimDetailVisualRoot/BottomNavigation/Nav_ÁRBOL
19_metals_return	720	1280	Canvas/HUD/VerticalUIRoot/VerticalSafeAreaRoot/ContentSlot/Dimension1Panel/D1_OuterRimDetailVisualRoot/BottomNavigation/Nav_ÁRBOL	1	594.40	38.13	OK	Canvas/HUD/VerticalUIRoot/VerticalSafeAreaRoot/ContentSlot/Dimension1Panel/D1_OuterRimDetailVisualRoot/BottomNavigation/Nav_ÁRBOL	Canvas/HUD/VerticalUIRoot/VerticalSafeAreaRoot/ContentSlot/Dimension1Panel/D1_OuterRimDetailVisualRoot/BottomNavigation/Nav_ÁRBOL
19_metals_return	720	1280	Canvas/HUD/VerticalUIRoot/VerticalSafeAreaRoot/ContentSlot/Dimension1Panel/D1_OuterRimDetailVisualRoot/BottomNavigation/Nav_ÁRBOL	2	673.60	38.13	OK	Canvas/HUD/VerticalUIRoot/VerticalSafeAreaRoot/ContentSlot/Dimension1Panel/D1_OuterRimDetailVisualRoot/BottomNavigation/Nav_ÁRBOL	Canvas/HUD/VerticalUIRoot/VerticalSafeAreaRoot/ContentSlot/Dimension1Panel/D1_OuterRimDetailVisualRoot/BottomNavigation/Nav_ÁRBOL
19_metals_return	720	1280	Canvas/HUD/VerticalUIRoot/VerticalSafeAreaRoot/ContentSlot/Dimension1Panel/D1_OuterRimDetailVisualRoot/BottomNavigation/Nav_ÁRBOL	3	594.40	108.53	OK	Canvas/HUD/VerticalUIRoot/VerticalSafeAreaRoot/ContentSlot/Dimension1Panel/D1_OuterRimDetailVisualRoot/BottomNavigation/Nav_ÁRBOL	Canvas/HUD/VerticalUIRoot/VerticalSafeAreaRoot/ContentSlot/Dimension1Panel/D1_OuterRimDetailVisualRoot/BottomNavigation/Nav_ÁRBOL
19_metals_return	720	1280	Canvas/HUD/VerticalUIRoot/VerticalSafeAreaRoot/ContentSlot/Dimension1Panel/D1_OuterRimDetailVisualRoot/BottomNavigation/Nav_ÁRBOL	4	673.60	108.53	OK	Canvas/HUD/VerticalUIRoot/VerticalSafeAreaRoot/ContentSlot/Dimension1Panel/D1_OuterRimDetailVisualRoot/BottomNavigation/Nav_ÁRBOL	Canvas/HUD/VerticalUIRoot/VerticalSafeAreaRoot/ContentSlot/Dimension1Panel/D1_OuterRimDetailVisualRoot/BottomNavigation/Nav_ÁRBOL
19_metals_return	720	1280	Canvas/HUD/VerticalUIRoot/VerticalSafeAreaRoot/ContentSlot/Dimension1Panel/D1_OuterRimDetailVisualRoot/BottomNavigation/Nav_RELIQUIAS	0	496.00	73.33	OK	Canvas/HUD/VerticalUIRoot/VerticalSafeAreaRoot/ContentSlot/Dimension1Panel/D1_OuterRimDetailVisualRoot/BottomNavigation/Nav_RELIQUIAS	Canvas/HUD/VerticalUIRoot/VerticalSafeAreaRoot/ContentSlot/Dimension1Panel/D1_OuterRimDetailVisualRoot/BottomNavigation/Nav_RELIQUIAS
19_metals_return	720	1280	Canvas/HUD/VerticalUIRoot/VerticalSafeAreaRoot/ContentSlot/Dimension1Panel/D1_OuterRimDetailVisualRoot/BottomNavigation/Nav_RELIQUIAS	1	456.40	38.13	OK	Canvas/HUD/VerticalUIRoot/VerticalSafeAreaRoot/ContentSlot/Dimension1Panel/D1_OuterRimDetailVisualRoot/BottomNavigation/Nav_RELIQUIAS	Canvas/HUD/VerticalUIRoot/VerticalSafeAreaRoot/ContentSlot/Dimension1Panel/D1_OuterRimDetailVisualRoot/BottomNavigation/Nav_RELIQUIAS
19_metals_return	720	1280	Canvas/HUD/VerticalUIRoot/VerticalSafeAreaRoot/ContentSlot/Dimension1Panel/D1_OuterRimDetailVisualRoot/BottomNavigation/Nav_RELIQUIAS	2	535.60	38.13	OK	Canvas/HUD/VerticalUIRoot/VerticalSafeAreaRoot/ContentSlot/Dimension1Panel/D1_OuterRimDetailVisualRoot/BottomNavigation/Nav_RELIQUIAS	Canvas/HUD/VerticalUIRoot/VerticalSafeAreaRoot/ContentSlot/Dimension1Panel/D1_OuterRimDetailVisualRoot/BottomNavigation/Nav_RELIQUIAS
19_metals_return	720	1280	Canvas/HUD/VerticalUIRoot/VerticalSafeAreaRoot/ContentSlot/Dimension1Panel/D1_OuterRimDetailVisualRoot/BottomNavigation/Nav_RELIQUIAS	3	456.40	108.53	OK	Canvas/HUD/VerticalUIRoot/VerticalSafeAreaRoot/ContentSlot/Dimension1Panel/D1_OuterRimDetailVisualRoot/BottomNavigation/Nav_RELIQUIAS	Canvas/HUD/VerticalUIRoot/VerticalSafeAreaRoot/ContentSlot/Dimension1Panel/D1_OuterRimDetailVisualRoot/BottomNavigation/Nav_RELIQUIAS
19_metals_return	720	1280	Canvas/HUD/VerticalUIRoot/VerticalSafeAreaRoot/ContentSlot/Dimension1Panel/D1_OuterRimDetailVisualRoot/BottomNavigation/Nav_RELIQUIAS	4	535.60	108.53	OK	Canvas/HUD/VerticalUIRoot/VerticalSafeAreaRoot/ContentSlot/Dimension1Panel/D1_OuterRimDetailVisualRoot/BottomNavigation/Nav_RELIQUIAS	Canvas/HUD/VerticalUIRoot/VerticalSafeAreaRoot/ContentSlot/Dimension1Panel/D1_OuterRimDetailVisualRoot/BottomNavigation/Nav_RELIQUIAS
19_metals_return	720	1280	Canvas/HUD/VerticalUIRoot/VerticalSafeAreaRoot/ContentSlot/Dimension1Panel/D1_OuterRimDetailVisualRoot/Heading/BackButton	0	46.67	1206.67	OK	Canvas/HUD/VerticalUIRoot/VerticalSafeAreaRoot/ContentSlot/Dimension1Panel/D1_OuterRimDetailVisualRoot/Heading/BackButton	Canvas/HUD/VerticalUIRoot/VerticalSafeAreaRoot/ContentSlot/Dimension1Panel/D1_OuterRimDetailVisualRoot/Heading/BackButton
19_metals_return	720	1280	Canvas/HUD/VerticalUIRoot/VerticalSafeAreaRoot/ContentSlot/Dimension1Panel/D1_OuterRimDetailVisualRoot/Heading/BackButton	1	29.87	1192.27	OK	Canvas/HUD/VerticalUIRoot/VerticalSafeAreaRoot/ContentSlot/Dimension1Panel/D1_OuterRimDetailVisualRoot/Heading/BackButton	Canvas/HUD/VerticalUIRoot/VerticalSafeAreaRoot/ContentSlot/Dimension1Panel/D1_OuterRimDetailVisualRoot/Heading/BackButton
19_metals_return	720	1280	Canvas/HUD/VerticalUIRoot/VerticalSafeAreaRoot/ContentSlot/Dimension1Panel/D1_OuterRimDetailVisualRoot/Heading/BackButton	2	63.47	1192.27	OK	Canvas/HUD/VerticalUIRoot/VerticalSafeAreaRoot/ContentSlot/Dimension1Panel/D1_OuterRimDetailVisualRoot/Heading/BackButton	Canvas/HUD/VerticalUIRoot/VerticalSafeAreaRoot/ContentSlot/Dimension1Panel/D1_OuterRimDetailVisualRoot/Heading/BackButton
19_metals_return	720	1280	Canvas/HUD/VerticalUIRoot/VerticalSafeAreaRoot/ContentSlot/Dimension1Panel/D1_OuterRimDetailVisualRoot/Heading/BackButton	3	29.87	1221.07	OK	Canvas/HUD/VerticalUIRoot/VerticalSafeAreaRoot/ContentSlot/Dimension1Panel/D1_OuterRimDetailVisualRoot/Heading/BackButton	Canvas/HUD/VerticalUIRoot/VerticalSafeAreaRoot/ContentSlot/Dimension1Panel/D1_OuterRimDetailVisualRoot/Heading/BackButton
19_metals_return	720	1280	Canvas/HUD/VerticalUIRoot/VerticalSafeAreaRoot/ContentSlot/Dimension1Panel/D1_OuterRimDetailVisualRoot/Heading/BackButton	4	63.47	1221.07	OK	Canvas/HUD/VerticalUIRoot/VerticalSafeAreaRoot/ContentSlot/Dimension1Panel/D1_OuterRimDetailVisualRoot/Heading/BackButton	Canvas/HUD/VerticalUIRoot/VerticalSafeAreaRoot/ContentSlot/Dimension1Panel/D1_OuterRimDetailVisualRoot/Heading/BackButton
19_metals_return	720	1280	Canvas/HUD/VerticalUIRoot/VerticalSafeAreaRoot/ContentSlot/Dimension1Panel/D1_OuterRimDetailVisualRoot/BackToGalaxyMap	0	360.00	362.67	OK	Canvas/HUD/VerticalUIRoot/VerticalSafeAreaRoot/ContentSlot/Dimension1Panel/D1_OuterRimDetailVisualRoot/BackToGalaxyMap	Canvas/HUD/VerticalUIRoot/VerticalSafeAreaRoot/ContentSlot/Dimension1Panel/D1_OuterRimDetailVisualRoot/BackToGalaxyMap
19_metals_return	720	1280	Canvas/HUD/VerticalUIRoot/VerticalSafeAreaRoot/ContentSlot/Dimension1Panel/D1_OuterRimDetailVisualRoot/BackToGalaxyMap	1	240.00	344.27	OK	Canvas/HUD/VerticalUIRoot/VerticalSafeAreaRoot/ContentSlot/Dimension1Panel/D1_OuterRimDetailVisualRoot/BackToGalaxyMap	Canvas/HUD/VerticalUIRoot/VerticalSafeAreaRoot/ContentSlot/Dimension1Panel/D1_OuterRimDetailVisualRoot/BackToGalaxyMap
19_metals_return	720	1280	Canvas/HUD/VerticalUIRoot/VerticalSafeAreaRoot/ContentSlot/Dimension1Panel/D1_OuterRimDetailVisualRoot/BackToGalaxyMap	2	480.00	344.27	OK	Canvas/HUD/VerticalUIRoot/VerticalSafeAreaRoot/ContentSlot/Dimension1Panel/D1_OuterRimDetailVisualRoot/BackToGalaxyMap	Canvas/HUD/VerticalUIRoot/VerticalSafeAreaRoot/ContentSlot/Dimension1Panel/D1_OuterRimDetailVisualRoot/BackToGalaxyMap
19_metals_return	720	1280	Canvas/HUD/VerticalUIRoot/VerticalSafeAreaRoot/ContentSlot/Dimension1Panel/D1_OuterRimDetailVisualRoot/BackToGalaxyMap	3	240.00	381.07	OK	Canvas/HUD/VerticalUIRoot/VerticalSafeAreaRoot/ContentSlot/Dimension1Panel/D1_OuterRimDetailVisualRoot/BackToGalaxyMap	Canvas/HUD/VerticalUIRoot/VerticalSafeAreaRoot/ContentSlot/Dimension1Panel/D1_OuterRimDetailVisualRoot/BackToGalaxyMap
19_metals_return	720	1280	Canvas/HUD/VerticalUIRoot/VerticalSafeAreaRoot/ContentSlot/Dimension1Panel/D1_OuterRimDetailVisualRoot/BackToGalaxyMap	4	480.00	381.07	OK	Canvas/HUD/VerticalUIRoot/VerticalSafeAreaRoot/ContentSlot/Dimension1Panel/D1_OuterRimDetailVisualRoot/BackToGalaxyMap	Canvas/HUD/VerticalUIRoot/VerticalSafeAreaRoot/ContentSlot/Dimension1Panel/D1_OuterRimDetailVisualRoot/BackToGalaxyMap
19_metals_return	720	1280	Canvas/HUD/VerticalUIRoot/VerticalSafeAreaRoot/ContentSlot/Dimension1Panel/D1_OuterRimDetailVisualRoot/AllMetals	0	614.33	1178.67	OK	Canvas/HUD/VerticalUIRoot/VerticalSafeAreaRoot/ContentSlot/Dimension1Panel/D1_OuterRimDetailVisualRoot/AllMetals	Canvas/HUD/VerticalUIRoot/VerticalSafeAreaRoot/ContentSlot/Dimension1Panel/D1_OuterRimDetailVisualRoot/AllMetals
19_metals_return	720	1280	Canvas/HUD/VerticalUIRoot/VerticalSafeAreaRoot/ContentSlot/Dimension1Panel/D1_OuterRimDetailVisualRoot/AllMetals	1	565.33	1158.67	OK	Canvas/HUD/VerticalUIRoot/VerticalSafeAreaRoot/ContentSlot/Dimension1Panel/D1_OuterRimDetailVisualRoot/AllMetals	Canvas/HUD/VerticalUIRoot/VerticalSafeAreaRoot/ContentSlot/Dimension1Panel/D1_OuterRimDetailVisualRoot/AllMetals
19_metals_return	720	1280	Canvas/HUD/VerticalUIRoot/VerticalSafeAreaRoot/ContentSlot/Dimension1Panel/D1_OuterRimDetailVisualRoot/AllMetals	2	663.33	1158.67	OK	Canvas/HUD/VerticalUIRoot/VerticalSafeAreaRoot/ContentSlot/Dimension1Panel/D1_OuterRimDetailVisualRoot/AllMetals	Canvas/HUD/VerticalUIRoot/VerticalSafeAreaRoot/ContentSlot/Dimension1Panel/D1_OuterRimDetailVisualRoot/AllMetals
19_metals_return	720	1280	Canvas/HUD/VerticalUIRoot/VerticalSafeAreaRoot/ContentSlot/Dimension1Panel/D1_OuterRimDetailVisualRoot/AllMetals	3	565.33	1198.67	OK	Canvas/HUD/VerticalUIRoot/VerticalSafeAreaRoot/ContentSlot/Dimension1Panel/D1_OuterRimDetailVisualRoot/AllMetals	Canvas/HUD/VerticalUIRoot/VerticalSafeAreaRoot/ContentSlot/Dimension1Panel/D1_OuterRimDetailVisualRoot/AllMetals
19_metals_return	720	1280	Canvas/HUD/VerticalUIRoot/VerticalSafeAreaRoot/ContentSlot/Dimension1Panel/D1_OuterRimDetailVisualRoot/AllMetals	4	663.33	1198.67	OK	Canvas/HUD/VerticalUIRoot/VerticalSafeAreaRoot/ContentSlot/Dimension1Panel/D1_OuterRimDetailVisualRoot/AllMetals	Canvas/HUD/VerticalUIRoot/VerticalSafeAreaRoot/ContentSlot/Dimension1Panel/D1_OuterRimDetailVisualRoot/AllMetals
19_metals_return	720	1280	Canvas/HUD/VerticalUIRoot/VerticalSafeAreaRoot/ContentSlot/Dimension1Panel/D1_OuterRimDetailVisualRoot/BottomNavigation/Nav_EXPLORAR	0	220.00	73.33	OK	Canvas/HUD/VerticalUIRoot/VerticalSafeAreaRoot/ContentSlot/Dimension1Panel/D1_OuterRimDetailVisualRoot/BottomNavigation/Nav_EXPLORAR	Canvas/HUD/VerticalUIRoot/VerticalSafeAreaRoot/ContentSlot/Dimension1Panel/D1_OuterRimDetailVisualRoot/BottomNavigation/Nav_EXPLORAR
19_metals_return	720	1280	Canvas/HUD/VerticalUIRoot/VerticalSafeAreaRoot/ContentSlot/Dimension1Panel/D1_OuterRimDetailVisualRoot/BottomNavigation/Nav_EXPLORAR	1	180.40	38.13	OK	Canvas/HUD/VerticalUIRoot/VerticalSafeAreaRoot/ContentSlot/Dimension1Panel/D1_OuterRimDetailVisualRoot/BottomNavigation/Nav_EXPLORAR	Canvas/HUD/VerticalUIRoot/VerticalSafeAreaRoot/ContentSlot/Dimension1Panel/D1_OuterRimDetailVisualRoot/BottomNavigation/Nav_EXPLORAR
19_metals_return	720	1280	Canvas/HUD/VerticalUIRoot/VerticalSafeAreaRoot/ContentSlot/Dimension1Panel/D1_OuterRimDetailVisualRoot/BottomNavigation/Nav_EXPLORAR	2	259.60	38.13	OK	Canvas/HUD/VerticalUIRoot/VerticalSafeAreaRoot/ContentSlot/Dimension1Panel/D1_OuterRimDetailVisualRoot/BottomNavigation/Nav_EXPLORAR	Canvas/HUD/VerticalUIRoot/VerticalSafeAreaRoot/ContentSlot/Dimension1Panel/D1_OuterRimDetailVisualRoot/BottomNavigation/Nav_EXPLORAR
19_metals_return	720	1280	Canvas/HUD/VerticalUIRoot/VerticalSafeAreaRoot/ContentSlot/Dimension1Panel/D1_OuterRimDetailVisualRoot/BottomNavigation/Nav_EXPLORAR	3	180.40	108.53	OK	Canvas/HUD/VerticalUIRoot/VerticalSafeAreaRoot/ContentSlot/Dimension1Panel/D1_OuterRimDetailVisualRoot/BottomNavigation/Nav_EXPLORAR	Canvas/HUD/VerticalUIRoot/VerticalSafeAreaRoot/ContentSlot/Dimension1Panel/D1_OuterRimDetailVisualRoot/BottomNavigation/Nav_EXPLORAR
19_metals_return	720	1280	Canvas/HUD/VerticalUIRoot/VerticalSafeAreaRoot/ContentSlot/Dimension1Panel/D1_OuterRimDetailVisualRoot/BottomNavigation/Nav_EXPLORAR	4	259.60	108.53	OK	Canvas/HUD/VerticalUIRoot/VerticalSafeAreaRoot/ContentSlot/Dimension1Panel/D1_OuterRimDetailVisualRoot/BottomNavigation/Nav_EXPLORAR	Canvas/HUD/VerticalUIRoot/VerticalSafeAreaRoot/ContentSlot/Dimension1Panel/D1_OuterRimDetailVisualRoot/BottomNavigation/Nav_EXPLORAR
19_metals_return	720	1280	Canvas/HUD/VerticalUIRoot/VerticalSafeAreaRoot/ContentSlot/Dimension1Panel/D1_OuterRimDetailVisualRoot/BottomNavigation/Nav_HANGAR	0	358.00	73.33	OK	Canvas/HUD/VerticalUIRoot/VerticalSafeAreaRoot/ContentSlot/Dimension1Panel/D1_OuterRimDetailVisualRoot/BottomNavigation/Nav_HANGAR	Canvas/HUD/VerticalUIRoot/VerticalSafeAreaRoot/ContentSlot/Dimension1Panel/D1_OuterRimDetailVisualRoot/BottomNavigation/Nav_HANGAR
19_metals_return	720	1280	Canvas/HUD/VerticalUIRoot/VerticalSafeAreaRoot/ContentSlot/Dimension1Panel/D1_OuterRimDetailVisualRoot/BottomNavigation/Nav_HANGAR	1	318.40	38.13	OK	Canvas/HUD/VerticalUIRoot/VerticalSafeAreaRoot/ContentSlot/Dimension1Panel/D1_OuterRimDetailVisualRoot/BottomNavigation/Nav_HANGAR	Canvas/HUD/VerticalUIRoot/VerticalSafeAreaRoot/ContentSlot/Dimension1Panel/D1_OuterRimDetailVisualRoot/BottomNavigation/Nav_HANGAR
19_metals_return	720	1280	Canvas/HUD/VerticalUIRoot/VerticalSafeAreaRoot/ContentSlot/Dimension1Panel/D1_OuterRimDetailVisualRoot/BottomNavigation/Nav_HANGAR	2	397.60	38.13	OK	Canvas/HUD/VerticalUIRoot/VerticalSafeAreaRoot/ContentSlot/Dimension1Panel/D1_OuterRimDetailVisualRoot/BottomNavigation/Nav_HANGAR	Canvas/HUD/VerticalUIRoot/VerticalSafeAreaRoot/ContentSlot/Dimension1Panel/D1_OuterRimDetailVisualRoot/BottomNavigation/Nav_HANGAR
19_metals_return	720	1280	Canvas/HUD/VerticalUIRoot/VerticalSafeAreaRoot/ContentSlot/Dimension1Panel/D1_OuterRimDetailVisualRoot/BottomNavigation/Nav_HANGAR	3	318.40	108.53	OK	Canvas/HUD/VerticalUIRoot/VerticalSafeAreaRoot/ContentSlot/Dimension1Panel/D1_OuterRimDetailVisualRoot/BottomNavigation/Nav_HANGAR	Canvas/HUD/VerticalUIRoot/VerticalSafeAreaRoot/ContentSlot/Dimension1Panel/D1_OuterRimDetailVisualRoot/BottomNavigation/Nav_HANGAR
19_metals_return	720	1280	Canvas/HUD/VerticalUIRoot/VerticalSafeAreaRoot/ContentSlot/Dimension1Panel/D1_OuterRimDetailVisualRoot/BottomNavigation/Nav_HANGAR	4	397.60	108.53	OK	Canvas/HUD/VerticalUIRoot/VerticalSafeAreaRoot/ContentSlot/Dimension1Panel/D1_OuterRimDetailVisualRoot/BottomNavigation/Nav_HANGAR	Canvas/HUD/VerticalUIRoot/VerticalSafeAreaRoot/ContentSlot/Dimension1Panel/D1_OuterRimDetailVisualRoot/BottomNavigation/Nav_HANGAR
20_debris_ring_selected	720	1280	Canvas/HUD/VerticalUIRoot/VerticalSafeAreaRoot/ContentSlot/Dimension1Panel/GalaxyPanel/D1_GalaxyVisualRoot/FullBleedGalaxyMap/Planet07Node	0	106.31	433.99	OK	Canvas/HUD/VerticalUIRoot/VerticalSafeAreaRoot/ContentSlot/Dimension1Panel/GalaxyPanel/D1_GalaxyVisualRoot/FullBleedGalaxyMap/Planet07Node	Canvas/HUD/VerticalUIRoot/VerticalSafeAreaRoot/ContentSlot/Dimension1Panel/GalaxyPanel/D1_GalaxyVisualRoot/FullBleedGalaxyMap/Planet07Node
20_debris_ring_selected	720	1280	Canvas/HUD/VerticalUIRoot/VerticalSafeAreaRoot/ContentSlot/Dimension1Panel/GalaxyPanel/D1_GalaxyVisualRoot/FullBleedGalaxyMap/Planet07Node	1	60.31	397.99	OK	Canvas/HUD/VerticalUIRoot/VerticalSafeAreaRoot/ContentSlot/Dimension1Panel/GalaxyPanel/D1_GalaxyVisualRoot/FullBleedGalaxyMap/Planet07Node	Canvas/HUD/VerticalUIRoot/VerticalSafeAreaRoot/ContentSlot/Dimension1Panel/GalaxyPanel/D1_GalaxyVisualRoot/FullBleedGalaxyMap/Planet07Node
20_debris_ring_selected	720	1280	Canvas/HUD/VerticalUIRoot/VerticalSafeAreaRoot/ContentSlot/Dimension1Panel/GalaxyPanel/D1_GalaxyVisualRoot/FullBleedGalaxyMap/Planet07Node	2	152.31	397.99	OK	Canvas/HUD/VerticalUIRoot/VerticalSafeAreaRoot/ContentSlot/Dimension1Panel/GalaxyPanel/D1_GalaxyVisualRoot/FullBleedGalaxyMap/Planet07Node	Canvas/HUD/VerticalUIRoot/VerticalSafeAreaRoot/ContentSlot/Dimension1Panel/GalaxyPanel/D1_GalaxyVisualRoot/FullBleedGalaxyMap/Planet07Node
20_debris_ring_selected	720	1280	Canvas/HUD/VerticalUIRoot/VerticalSafeAreaRoot/ContentSlot/Dimension1Panel/GalaxyPanel/D1_GalaxyVisualRoot/FullBleedGalaxyMap/Planet07Node	3	60.31	469.99	OK	Canvas/HUD/VerticalUIRoot/VerticalSafeAreaRoot/ContentSlot/Dimension1Panel/GalaxyPanel/D1_GalaxyVisualRoot/FullBleedGalaxyMap/Planet07Node	Canvas/HUD/VerticalUIRoot/VerticalSafeAreaRoot/ContentSlot/Dimension1Panel/GalaxyPanel/D1_GalaxyVisualRoot/FullBleedGalaxyMap/Planet07Node
20_debris_ring_selected	720	1280	Canvas/HUD/VerticalUIRoot/VerticalSafeAreaRoot/ContentSlot/Dimension1Panel/GalaxyPanel/D1_GalaxyVisualRoot/FullBleedGalaxyMap/Planet07Node	4	152.31	469.99	OK	Canvas/HUD/VerticalUIRoot/VerticalSafeAreaRoot/ContentSlot/Dimension1Panel/GalaxyPanel/D1_GalaxyVisualRoot/FullBleedGalaxyMap/Planet07Node	Canvas/HUD/VerticalUIRoot/VerticalSafeAreaRoot/ContentSlot/Dimension1Panel/GalaxyPanel/D1_GalaxyVisualRoot/FullBleedGalaxyMap/Planet07Node
20_debris_ring_selected	720	1280	Canvas/HUD/VerticalUIRoot/VerticalSafeAreaRoot/ContentSlot/Dimension1Panel/GalaxyPanel/D1_GalaxyVisualRoot/D1BottomNavigation/RELIQUIASButton	0	496.00	73.33	OK	Canvas/HUD/VerticalUIRoot/VerticalSafeAreaRoot/ContentSlot/Dimension1Panel/GalaxyPanel/D1_GalaxyVisualRoot/D1BottomNavigation/RELIQUIASButton	Canvas/HUD/VerticalUIRoot/VerticalSafeAreaRoot/ContentSlot/Dimension1Panel/GalaxyPanel/D1_GalaxyVisualRoot/D1BottomNavigation/RELIQUIASButton
20_debris_ring_selected	720	1280	Canvas/HUD/VerticalUIRoot/VerticalSafeAreaRoot/ContentSlot/Dimension1Panel/GalaxyPanel/D1_GalaxyVisualRoot/D1BottomNavigation/RELIQUIASButton	1	456.40	38.13	OK	Canvas/HUD/VerticalUIRoot/VerticalSafeAreaRoot/ContentSlot/Dimension1Panel/GalaxyPanel/D1_GalaxyVisualRoot/D1BottomNavigation/RELIQUIASButton	Canvas/HUD/VerticalUIRoot/VerticalSafeAreaRoot/ContentSlot/Dimension1Panel/GalaxyPanel/D1_GalaxyVisualRoot/D1BottomNavigation/RELIQUIASButton
20_debris_ring_selected	720	1280	Canvas/HUD/VerticalUIRoot/VerticalSafeAreaRoot/ContentSlot/Dimension1Panel/GalaxyPanel/D1_GalaxyVisualRoot/D1BottomNavigation/RELIQUIASButton	2	535.60	38.13	OK	Canvas/HUD/VerticalUIRoot/VerticalSafeAreaRoot/ContentSlot/Dimension1Panel/GalaxyPanel/D1_GalaxyVisualRoot/D1BottomNavigation/RELIQUIASButton	Canvas/HUD/VerticalUIRoot/VerticalSafeAreaRoot/ContentSlot/Dimension1Panel/GalaxyPanel/D1_GalaxyVisualRoot/D1BottomNavigation/RELIQUIASButton
20_debris_ring_selected	720	1280	Canvas/HUD/VerticalUIRoot/VerticalSafeAreaRoot/ContentSlot/Dimension1Panel/GalaxyPanel/D1_GalaxyVisualRoot/D1BottomNavigation/RELIQUIASButton	3	456.40	108.53	OK	Canvas/HUD/VerticalUIRoot/VerticalSafeAreaRoot/ContentSlot/Dimension1Panel/GalaxyPanel/D1_GalaxyVisualRoot/D1BottomNavigation/RELIQUIASButton	Canvas/HUD/VerticalUIRoot/VerticalSafeAreaRoot/ContentSlot/Dimension1Panel/GalaxyPanel/D1_GalaxyVisualRoot/D1BottomNavigation/RELIQUIASButton
20_debris_ring_selected	720	1280	Canvas/HUD/VerticalUIRoot/VerticalSafeAreaRoot/ContentSlot/Dimension1Panel/GalaxyPanel/D1_GalaxyVisualRoot/D1BottomNavigation/RELIQUIASButton	4	535.60	108.53	OK	Canvas/HUD/VerticalUIRoot/VerticalSafeAreaRoot/ContentSlot/Dimension1Panel/GalaxyPanel/D1_GalaxyVisualRoot/D1BottomNavigation/RELIQUIASButton	Canvas/HUD/VerticalUIRoot/VerticalSafeAreaRoot/ContentSlot/Dimension1Panel/GalaxyPanel/D1_GalaxyVisualRoot/D1BottomNavigation/RELIQUIASButton
20_debris_ring_selected	720	1280	Canvas/HUD/VerticalUIRoot/VerticalSafeAreaRoot/ContentSlot/Dimension1Panel/GalaxyPanel/D1_GalaxyVisualRoot/FullBleedGalaxyMap/GalacticCenter	0	360.00	672.00	OK	Canvas/HUD/VerticalUIRoot/VerticalSafeAreaRoot/ContentSlot/Dimension1Panel/GalaxyPanel/D1_GalaxyVisualRoot/FullBleedGalaxyMap/GalacticCenter	Canvas/HUD/VerticalUIRoot/VerticalSafeAreaRoot/ContentSlot/Dimension1Panel/GalaxyPanel/D1_GalaxyVisualRoot/FullBleedGalaxyMap/GalacticCenter
20_debris_ring_selected	720	1280	Canvas/HUD/VerticalUIRoot/VerticalSafeAreaRoot/ContentSlot/Dimension1Panel/GalaxyPanel/D1_GalaxyVisualRoot/FullBleedGalaxyMap/GalacticCenter	1	270.00	584.00	INTERCEPTED	Canvas/HUD/VerticalUIRoot/VerticalSafeAreaRoot/ContentSlot/Dimension1Panel/GalaxyPanel/D1_GalaxyVisualRoot/FullBleedGalaxyMap/Planet02Node	Canvas/HUD/VerticalUIRoot/VerticalSafeAreaRoot/ContentSlot/Dimension1Panel/GalaxyPanel/D1_GalaxyVisualRoot/FullBleedGalaxyMap/Planet02Node
20_debris_ring_selected	720	1280	Canvas/HUD/VerticalUIRoot/VerticalSafeAreaRoot/ContentSlot/Dimension1Panel/GalaxyPanel/D1_GalaxyVisualRoot/FullBleedGalaxyMap/GalacticCenter	2	450.00	584.00	OK	Canvas/HUD/VerticalUIRoot/VerticalSafeAreaRoot/ContentSlot/Dimension1Panel/GalaxyPanel/D1_GalaxyVisualRoot/FullBleedGalaxyMap/GalacticCenter	Canvas/HUD/VerticalUIRoot/VerticalSafeAreaRoot/ContentSlot/Dimension1Panel/GalaxyPanel/D1_GalaxyVisualRoot/FullBleedGalaxyMap/GalacticCenter
20_debris_ring_selected	720	1280	Canvas/HUD/VerticalUIRoot/VerticalSafeAreaRoot/ContentSlot/Dimension1Panel/GalaxyPanel/D1_GalaxyVisualRoot/FullBleedGalaxyMap/GalacticCenter	3	270.00	760.00	OK	Canvas/HUD/VerticalUIRoot/VerticalSafeAreaRoot/ContentSlot/Dimension1Panel/GalaxyPanel/D1_GalaxyVisualRoot/FullBleedGalaxyMap/GalacticCenter	Canvas/HUD/VerticalUIRoot/VerticalSafeAreaRoot/ContentSlot/Dimension1Panel/GalaxyPanel/D1_GalaxyVisualRoot/FullBleedGalaxyMap/GalacticCenter
20_debris_ring_selected	720	1280	Canvas/HUD/VerticalUIRoot/VerticalSafeAreaRoot/ContentSlot/Dimension1Panel/GalaxyPanel/D1_GalaxyVisualRoot/FullBleedGalaxyMap/GalacticCenter	4	450.00	760.00	INTERCEPTED	Canvas/HUD/VerticalUIRoot/VerticalSafeAreaRoot/ContentSlot/Dimension1Panel/GalaxyPanel/D1_GalaxyVisualRoot/FullBleedGalaxyMap/Sector01	Canvas/HUD/VerticalUIRoot/VerticalSafeAreaRoot/ContentSlot/Dimension1Panel/GalaxyPanel/D1_GalaxyVisualRoot/FullBleedGalaxyMap/Sector01
20_debris_ring_selected	720	1280	Canvas/HUD/VerticalUIRoot/VerticalSafeAreaRoot/ContentSlot/Dimension1Panel/GalaxyPanel/D1_GalaxyVisualRoot/D1BottomNavigation/HANGARButton	0	358.00	73.33	OK	Canvas/HUD/VerticalUIRoot/VerticalSafeAreaRoot/ContentSlot/Dimension1Panel/GalaxyPanel/D1_GalaxyVisualRoot/D1BottomNavigation/HANGARButton	Canvas/HUD/VerticalUIRoot/VerticalSafeAreaRoot/ContentSlot/Dimension1Panel/GalaxyPanel/D1_GalaxyVisualRoot/D1BottomNavigation/HANGARButton
20_debris_ring_selected	720	1280	Canvas/HUD/VerticalUIRoot/VerticalSafeAreaRoot/ContentSlot/Dimension1Panel/GalaxyPanel/D1_GalaxyVisualRoot/D1BottomNavigation/HANGARButton	1	318.40	38.13	OK	Canvas/HUD/VerticalUIRoot/VerticalSafeAreaRoot/ContentSlot/Dimension1Panel/GalaxyPanel/D1_GalaxyVisualRoot/D1BottomNavigation/HANGARButton	Canvas/HUD/VerticalUIRoot/VerticalSafeAreaRoot/ContentSlot/Dimension1Panel/GalaxyPanel/D1_GalaxyVisualRoot/D1BottomNavigation/HANGARButton
20_debris_ring_selected	720	1280	Canvas/HUD/VerticalUIRoot/VerticalSafeAreaRoot/ContentSlot/Dimension1Panel/GalaxyPanel/D1_GalaxyVisualRoot/D1BottomNavigation/HANGARButton	2	397.60	38.13	OK	Canvas/HUD/VerticalUIRoot/VerticalSafeAreaRoot/ContentSlot/Dimension1Panel/GalaxyPanel/D1_GalaxyVisualRoot/D1BottomNavigation/HANGARButton	Canvas/HUD/VerticalUIRoot/VerticalSafeAreaRoot/ContentSlot/Dimension1Panel/GalaxyPanel/D1_GalaxyVisualRoot/D1BottomNavigation/HANGARButton
20_debris_ring_selected	720	1280	Canvas/HUD/VerticalUIRoot/VerticalSafeAreaRoot/ContentSlot/Dimension1Panel/GalaxyPanel/D1_GalaxyVisualRoot/D1BottomNavigation/HANGARButton	3	318.40	108.53	OK	Canvas/HUD/VerticalUIRoot/VerticalSafeAreaRoot/ContentSlot/Dimension1Panel/GalaxyPanel/D1_GalaxyVisualRoot/D1BottomNavigation/HANGARButton	Canvas/HUD/VerticalUIRoot/VerticalSafeAreaRoot/ContentSlot/Dimension1Panel/GalaxyPanel/D1_GalaxyVisualRoot/D1BottomNavigation/HANGARButton
20_debris_ring_selected	720	1280	Canvas/HUD/VerticalUIRoot/VerticalSafeAreaRoot/ContentSlot/Dimension1Panel/GalaxyPanel/D1_GalaxyVisualRoot/D1BottomNavigation/HANGARButton	4	397.60	108.53	OK	Canvas/HUD/VerticalUIRoot/VerticalSafeAreaRoot/ContentSlot/Dimension1Panel/GalaxyPanel/D1_GalaxyVisualRoot/D1BottomNavigation/HANGARButton	Canvas/HUD/VerticalUIRoot/VerticalSafeAreaRoot/ContentSlot/Dimension1Panel/GalaxyPanel/D1_GalaxyVisualRoot/D1BottomNavigation/HANGARButton
20_debris_ring_selected	720	1280	Canvas/HUD/VerticalUIRoot/VerticalSafeAreaRoot/ContentSlot/Dimension1Panel/GalaxyPanel/D1_GalaxyVisualRoot/FullBleedGalaxyMap/Planet02Node	0	234.23	575.33	OK	Canvas/HUD/VerticalUIRoot/VerticalSafeAreaRoot/ContentSlot/Dimension1Panel/GalaxyPanel/D1_GalaxyVisualRoot/FullBleedGalaxyMap/Planet02Node	Canvas/HUD/VerticalUIRoot/VerticalSafeAreaRoot/ContentSlot/Dimension1Panel/GalaxyPanel/D1_GalaxyVisualRoot/FullBleedGalaxyMap/Planet02Node
20_debris_ring_selected	720	1280	Canvas/HUD/VerticalUIRoot/VerticalSafeAreaRoot/ContentSlot/Dimension1Panel/GalaxyPanel/D1_GalaxyVisualRoot/FullBleedGalaxyMap/Planet02Node	1	188.23	536.53	OK	Canvas/HUD/VerticalUIRoot/VerticalSafeAreaRoot/ContentSlot/Dimension1Panel/GalaxyPanel/D1_GalaxyVisualRoot/FullBleedGalaxyMap/Planet02Node	Canvas/HUD/VerticalUIRoot/VerticalSafeAreaRoot/ContentSlot/Dimension1Panel/GalaxyPanel/D1_GalaxyVisualRoot/FullBleedGalaxyMap/Planet02Node
20_debris_ring_selected	720	1280	Canvas/HUD/VerticalUIRoot/VerticalSafeAreaRoot/ContentSlot/Dimension1Panel/GalaxyPanel/D1_GalaxyVisualRoot/FullBleedGalaxyMap/Planet02Node	2	280.23	536.53	OK	Canvas/HUD/VerticalUIRoot/VerticalSafeAreaRoot/ContentSlot/Dimension1Panel/GalaxyPanel/D1_GalaxyVisualRoot/FullBleedGalaxyMap/Planet02Node	Canvas/HUD/VerticalUIRoot/VerticalSafeAreaRoot/ContentSlot/Dimension1Panel/GalaxyPanel/D1_GalaxyVisualRoot/FullBleedGalaxyMap/Planet02Node
20_debris_ring_selected	720	1280	Canvas/HUD/VerticalUIRoot/VerticalSafeAreaRoot/ContentSlot/Dimension1Panel/GalaxyPanel/D1_GalaxyVisualRoot/FullBleedGalaxyMap/Planet02Node	3	188.23	614.13	OK	Canvas/HUD/VerticalUIRoot/VerticalSafeAreaRoot/ContentSlot/Dimension1Panel/GalaxyPanel/D1_GalaxyVisualRoot/FullBleedGalaxyMap/Planet02Node	Canvas/HUD/VerticalUIRoot/VerticalSafeAreaRoot/ContentSlot/Dimension1Panel/GalaxyPanel/D1_GalaxyVisualRoot/FullBleedGalaxyMap/Planet02Node
20_debris_ring_selected	720	1280	Canvas/HUD/VerticalUIRoot/VerticalSafeAreaRoot/ContentSlot/Dimension1Panel/GalaxyPanel/D1_GalaxyVisualRoot/FullBleedGalaxyMap/Planet02Node	4	280.23	614.13	OK	Canvas/HUD/VerticalUIRoot/VerticalSafeAreaRoot/ContentSlot/Dimension1Panel/GalaxyPanel/D1_GalaxyVisualRoot/FullBleedGalaxyMap/Planet02Node	Canvas/HUD/VerticalUIRoot/VerticalSafeAreaRoot/ContentSlot/Dimension1Panel/GalaxyPanel/D1_GalaxyVisualRoot/FullBleedGalaxyMap/Planet02Node
20_debris_ring_selected	720	1280	Canvas/HUD/VerticalUIRoot/VerticalSafeAreaRoot/ContentSlot/Dimension1Panel/GalaxyPanel/D1_GalaxyVisualRoot/AllMetals	0	614.33	1178.67	OK	Canvas/HUD/VerticalUIRoot/VerticalSafeAreaRoot/ContentSlot/Dimension1Panel/GalaxyPanel/D1_GalaxyVisualRoot/AllMetals	Canvas/HUD/VerticalUIRoot/VerticalSafeAreaRoot/ContentSlot/Dimension1Panel/GalaxyPanel/D1_GalaxyVisualRoot/AllMetals
20_debris_ring_selected	720	1280	Canvas/HUD/VerticalUIRoot/VerticalSafeAreaRoot/ContentSlot/Dimension1Panel/GalaxyPanel/D1_GalaxyVisualRoot/AllMetals	1	565.33	1158.67	OK	Canvas/HUD/VerticalUIRoot/VerticalSafeAreaRoot/ContentSlot/Dimension1Panel/GalaxyPanel/D1_GalaxyVisualRoot/AllMetals	Canvas/HUD/VerticalUIRoot/VerticalSafeAreaRoot/ContentSlot/Dimension1Panel/GalaxyPanel/D1_GalaxyVisualRoot/AllMetals
20_debris_ring_selected	720	1280	Canvas/HUD/VerticalUIRoot/VerticalSafeAreaRoot/ContentSlot/Dimension1Panel/GalaxyPanel/D1_GalaxyVisualRoot/AllMetals	2	663.33	1158.67	OK	Canvas/HUD/VerticalUIRoot/VerticalSafeAreaRoot/ContentSlot/Dimension1Panel/GalaxyPanel/D1_GalaxyVisualRoot/AllMetals	Canvas/HUD/VerticalUIRoot/VerticalSafeAreaRoot/ContentSlot/Dimension1Panel/GalaxyPanel/D1_GalaxyVisualRoot/AllMetals
20_debris_ring_selected	720	1280	Canvas/HUD/VerticalUIRoot/VerticalSafeAreaRoot/ContentSlot/Dimension1Panel/GalaxyPanel/D1_GalaxyVisualRoot/AllMetals	3	565.33	1198.67	OK	Canvas/HUD/VerticalUIRoot/VerticalSafeAreaRoot/ContentSlot/Dimension1Panel/GalaxyPanel/D1_GalaxyVisualRoot/AllMetals	Canvas/HUD/VerticalUIRoot/VerticalSafeAreaRoot/ContentSlot/Dimension1Panel/GalaxyPanel/D1_GalaxyVisualRoot/AllMetals
20_debris_ring_selected	720	1280	Canvas/HUD/VerticalUIRoot/VerticalSafeAreaRoot/ContentSlot/Dimension1Panel/GalaxyPanel/D1_GalaxyVisualRoot/AllMetals	4	663.33	1198.67	OK	Canvas/HUD/VerticalUIRoot/VerticalSafeAreaRoot/ContentSlot/Dimension1Panel/GalaxyPanel/D1_GalaxyVisualRoot/AllMetals	Canvas/HUD/VerticalUIRoot/VerticalSafeAreaRoot/ContentSlot/Dimension1Panel/GalaxyPanel/D1_GalaxyVisualRoot/AllMetals
20_debris_ring_selected	720	1280	Canvas/HUD/VerticalUIRoot/VerticalSafeAreaRoot/ContentSlot/Dimension1Panel/GalaxyPanel/D1_GalaxyVisualRoot/SectorDetails/SelectedData/EnterSectorButton	0	129.00	178.00	OK	Canvas/HUD/VerticalUIRoot/VerticalSafeAreaRoot/ContentSlot/Dimension1Panel/GalaxyPanel/D1_GalaxyVisualRoot/SectorDetails/SelectedData/EnterSectorButton/Fill	Canvas/HUD/VerticalUIRoot/VerticalSafeAreaRoot/ContentSlot/Dimension1Panel/GalaxyPanel/D1_GalaxyVisualRoot/SectorDetails/SelectedData/EnterSectorButton
20_debris_ring_selected	720	1280	Canvas/HUD/VerticalUIRoot/VerticalSafeAreaRoot/ContentSlot/Dimension1Panel/GalaxyPanel/D1_GalaxyVisualRoot/SectorDetails/SelectedData/EnterSectorButton	1	82.00	165.60	OK	Canvas/HUD/VerticalUIRoot/VerticalSafeAreaRoot/ContentSlot/Dimension1Panel/GalaxyPanel/D1_GalaxyVisualRoot/SectorDetails/SelectedData/EnterSectorButton/Fill	Canvas/HUD/VerticalUIRoot/VerticalSafeAreaRoot/ContentSlot/Dimension1Panel/GalaxyPanel/D1_GalaxyVisualRoot/SectorDetails/SelectedData/EnterSectorButton
20_debris_ring_selected	720	1280	Canvas/HUD/VerticalUIRoot/VerticalSafeAreaRoot/ContentSlot/Dimension1Panel/GalaxyPanel/D1_GalaxyVisualRoot/SectorDetails/SelectedData/EnterSectorButton	2	176.00	165.60	OK	Canvas/HUD/VerticalUIRoot/VerticalSafeAreaRoot/ContentSlot/Dimension1Panel/GalaxyPanel/D1_GalaxyVisualRoot/SectorDetails/SelectedData/EnterSectorButton/Fill	Canvas/HUD/VerticalUIRoot/VerticalSafeAreaRoot/ContentSlot/Dimension1Panel/GalaxyPanel/D1_GalaxyVisualRoot/SectorDetails/SelectedData/EnterSectorButton
20_debris_ring_selected	720	1280	Canvas/HUD/VerticalUIRoot/VerticalSafeAreaRoot/ContentSlot/Dimension1Panel/GalaxyPanel/D1_GalaxyVisualRoot/SectorDetails/SelectedData/EnterSectorButton	3	82.00	190.40	OK	Canvas/HUD/VerticalUIRoot/VerticalSafeAreaRoot/ContentSlot/Dimension1Panel/GalaxyPanel/D1_GalaxyVisualRoot/SectorDetails/SelectedData/EnterSectorButton/Fill	Canvas/HUD/VerticalUIRoot/VerticalSafeAreaRoot/ContentSlot/Dimension1Panel/GalaxyPanel/D1_GalaxyVisualRoot/SectorDetails/SelectedData/EnterSectorButton
20_debris_ring_selected	720	1280	Canvas/HUD/VerticalUIRoot/VerticalSafeAreaRoot/ContentSlot/Dimension1Panel/GalaxyPanel/D1_GalaxyVisualRoot/SectorDetails/SelectedData/EnterSectorButton	4	176.00	190.40	OK	Canvas/HUD/VerticalUIRoot/VerticalSafeAreaRoot/ContentSlot/Dimension1Panel/GalaxyPanel/D1_GalaxyVisualRoot/SectorDetails/SelectedData/EnterSectorButton/Fill	Canvas/HUD/VerticalUIRoot/VerticalSafeAreaRoot/ContentSlot/Dimension1Panel/GalaxyPanel/D1_GalaxyVisualRoot/SectorDetails/SelectedData/EnterSectorButton
20_debris_ring_selected	720	1280	Canvas/HUD/VerticalUIRoot/VerticalSafeAreaRoot/ContentSlot/Dimension1Panel/GalaxyPanel/D1_GalaxyVisualRoot/FullBleedGalaxyMap/Planet05Node	0	484.82	828.24	OK	Canvas/HUD/VerticalUIRoot/VerticalSafeAreaRoot/ContentSlot/Dimension1Panel/GalaxyPanel/D1_GalaxyVisualRoot/FullBleedGalaxyMap/Planet05Node	Canvas/HUD/VerticalUIRoot/VerticalSafeAreaRoot/ContentSlot/Dimension1Panel/GalaxyPanel/D1_GalaxyVisualRoot/FullBleedGalaxyMap/Planet05Node
20_debris_ring_selected	720	1280	Canvas/HUD/VerticalUIRoot/VerticalSafeAreaRoot/ContentSlot/Dimension1Panel/GalaxyPanel/D1_GalaxyVisualRoot/FullBleedGalaxyMap/Planet05Node	1	438.82	790.24	OK	Canvas/HUD/VerticalUIRoot/VerticalSafeAreaRoot/ContentSlot/Dimension1Panel/GalaxyPanel/D1_GalaxyVisualRoot/FullBleedGalaxyMap/Planet05Node	Canvas/HUD/VerticalUIRoot/VerticalSafeAreaRoot/ContentSlot/Dimension1Panel/GalaxyPanel/D1_GalaxyVisualRoot/FullBleedGalaxyMap/Planet05Node
20_debris_ring_selected	720	1280	Canvas/HUD/VerticalUIRoot/VerticalSafeAreaRoot/ContentSlot/Dimension1Panel/GalaxyPanel/D1_GalaxyVisualRoot/FullBleedGalaxyMap/Planet05Node	2	530.82	790.24	OK	Canvas/HUD/VerticalUIRoot/VerticalSafeAreaRoot/ContentSlot/Dimension1Panel/GalaxyPanel/D1_GalaxyVisualRoot/FullBleedGalaxyMap/Planet05Node	Canvas/HUD/VerticalUIRoot/VerticalSafeAreaRoot/ContentSlot/Dimension1Panel/GalaxyPanel/D1_GalaxyVisualRoot/FullBleedGalaxyMap/Planet05Node
20_debris_ring_selected	720	1280	Canvas/HUD/VerticalUIRoot/VerticalSafeAreaRoot/ContentSlot/Dimension1Panel/GalaxyPanel/D1_GalaxyVisualRoot/FullBleedGalaxyMap/Planet05Node	3	438.82	866.24	OK	Canvas/HUD/VerticalUIRoot/VerticalSafeAreaRoot/ContentSlot/Dimension1Panel/GalaxyPanel/D1_GalaxyVisualRoot/FullBleedGalaxyMap/Planet05Node	Canvas/HUD/VerticalUIRoot/VerticalSafeAreaRoot/ContentSlot/Dimension1Panel/GalaxyPanel/D1_GalaxyVisualRoot/FullBleedGalaxyMap/Planet05Node
20_debris_ring_selected	720	1280	Canvas/HUD/VerticalUIRoot/VerticalSafeAreaRoot/ContentSlot/Dimension1Panel/GalaxyPanel/D1_GalaxyVisualRoot/FullBleedGalaxyMap/Planet05Node	4	530.82	866.24	OK	Canvas/HUD/VerticalUIRoot/VerticalSafeAreaRoot/ContentSlot/Dimension1Panel/GalaxyPanel/D1_GalaxyVisualRoot/FullBleedGalaxyMap/Planet05Node	Canvas/HUD/VerticalUIRoot/VerticalSafeAreaRoot/ContentSlot/Dimension1Panel/GalaxyPanel/D1_GalaxyVisualRoot/FullBleedGalaxyMap/Planet05Node
20_debris_ring_selected	720	1280	Canvas/HUD/VerticalUIRoot/VerticalSafeAreaRoot/ContentSlot/Dimension1Panel/GalaxyPanel/D1_GalaxyVisualRoot/FullBleedGalaxyMap/Sector02	0	611.11	632.61	OK	Canvas/HUD/VerticalUIRoot/VerticalSafeAreaRoot/ContentSlot/Dimension1Panel/GalaxyPanel/D1_GalaxyVisualRoot/FullBleedGalaxyMap/Sector02	Canvas/HUD/VerticalUIRoot/VerticalSafeAreaRoot/ContentSlot/Dimension1Panel/GalaxyPanel/D1_GalaxyVisualRoot/FullBleedGalaxyMap/Sector02
20_debris_ring_selected	720	1280	Canvas/HUD/VerticalUIRoot/VerticalSafeAreaRoot/ContentSlot/Dimension1Panel/GalaxyPanel/D1_GalaxyVisualRoot/FullBleedGalaxyMap/Sector02	1	551.11	585.41	OK	Canvas/HUD/VerticalUIRoot/VerticalSafeAreaRoot/ContentSlot/Dimension1Panel/GalaxyPanel/D1_GalaxyVisualRoot/FullBleedGalaxyMap/Sector02	Canvas/HUD/VerticalUIRoot/VerticalSafeAreaRoot/ContentSlot/Dimension1Panel/GalaxyPanel/D1_GalaxyVisualRoot/FullBleedGalaxyMap/Sector02
20_debris_ring_selected	720	1280	Canvas/HUD/VerticalUIRoot/VerticalSafeAreaRoot/ContentSlot/Dimension1Panel/GalaxyPanel/D1_GalaxyVisualRoot/FullBleedGalaxyMap/Sector02	2	671.11	585.41	OK	Canvas/HUD/VerticalUIRoot/VerticalSafeAreaRoot/ContentSlot/Dimension1Panel/GalaxyPanel/D1_GalaxyVisualRoot/FullBleedGalaxyMap/Sector02	Canvas/HUD/VerticalUIRoot/VerticalSafeAreaRoot/ContentSlot/Dimension1Panel/GalaxyPanel/D1_GalaxyVisualRoot/FullBleedGalaxyMap/Sector02
20_debris_ring_selected	720	1280	Canvas/HUD/VerticalUIRoot/VerticalSafeAreaRoot/ContentSlot/Dimension1Panel/GalaxyPanel/D1_GalaxyVisualRoot/FullBleedGalaxyMap/Sector02	3	551.11	679.81	OK	Canvas/HUD/VerticalUIRoot/VerticalSafeAreaRoot/ContentSlot/Dimension1Panel/GalaxyPanel/D1_GalaxyVisualRoot/FullBleedGalaxyMap/Sector02	Canvas/HUD/VerticalUIRoot/VerticalSafeAreaRoot/ContentSlot/Dimension1Panel/GalaxyPanel/D1_GalaxyVisualRoot/FullBleedGalaxyMap/Sector02
20_debris_ring_selected	720	1280	Canvas/HUD/VerticalUIRoot/VerticalSafeAreaRoot/ContentSlot/Dimension1Panel/GalaxyPanel/D1_GalaxyVisualRoot/FullBleedGalaxyMap/Sector02	4	671.11	679.81	OK	Canvas/HUD/VerticalUIRoot/VerticalSafeAreaRoot/ContentSlot/Dimension1Panel/GalaxyPanel/D1_GalaxyVisualRoot/FullBleedGalaxyMap/Sector02	Canvas/HUD/VerticalUIRoot/VerticalSafeAreaRoot/ContentSlot/Dimension1Panel/GalaxyPanel/D1_GalaxyVisualRoot/FullBleedGalaxyMap/Sector02
20_debris_ring_selected	720	1280	Canvas/HUD/VerticalUIRoot/VerticalSafeAreaRoot/ContentSlot/Dimension1Panel/GalaxyPanel/D1_GalaxyVisualRoot/CommandCenterBack	0	74.67	1178.67	OK	Canvas/HUD/VerticalUIRoot/VerticalSafeAreaRoot/ContentSlot/Dimension1Panel/GalaxyPanel/D1_GalaxyVisualRoot/CommandCenterBack	Canvas/HUD/VerticalUIRoot/VerticalSafeAreaRoot/ContentSlot/Dimension1Panel/GalaxyPanel/D1_GalaxyVisualRoot/CommandCenterBack
20_debris_ring_selected	720	1280	Canvas/HUD/VerticalUIRoot/VerticalSafeAreaRoot/ContentSlot/Dimension1Panel/GalaxyPanel/D1_GalaxyVisualRoot/CommandCenterBack	1	39.47	1158.67	OK	Canvas/HUD/VerticalUIRoot/VerticalSafeAreaRoot/ContentSlot/Dimension1Panel/GalaxyPanel/D1_GalaxyVisualRoot/CommandCenterBack	Canvas/HUD/VerticalUIRoot/VerticalSafeAreaRoot/ContentSlot/Dimension1Panel/GalaxyPanel/D1_GalaxyVisualRoot/CommandCenterBack
20_debris_ring_selected	720	1280	Canvas/HUD/VerticalUIRoot/VerticalSafeAreaRoot/ContentSlot/Dimension1Panel/GalaxyPanel/D1_GalaxyVisualRoot/CommandCenterBack	2	109.87	1158.67	OK	Canvas/HUD/VerticalUIRoot/VerticalSafeAreaRoot/ContentSlot/Dimension1Panel/GalaxyPanel/D1_GalaxyVisualRoot/CommandCenterBack	Canvas/HUD/VerticalUIRoot/VerticalSafeAreaRoot/ContentSlot/Dimension1Panel/GalaxyPanel/D1_GalaxyVisualRoot/CommandCenterBack
20_debris_ring_selected	720	1280	Canvas/HUD/VerticalUIRoot/VerticalSafeAreaRoot/ContentSlot/Dimension1Panel/GalaxyPanel/D1_GalaxyVisualRoot/CommandCenterBack	3	39.47	1198.67	OK	Canvas/HUD/VerticalUIRoot/VerticalSafeAreaRoot/ContentSlot/Dimension1Panel/GalaxyPanel/D1_GalaxyVisualRoot/CommandCenterBack	Canvas/HUD/VerticalUIRoot/VerticalSafeAreaRoot/ContentSlot/Dimension1Panel/GalaxyPanel/D1_GalaxyVisualRoot/CommandCenterBack
20_debris_ring_selected	720	1280	Canvas/HUD/VerticalUIRoot/VerticalSafeAreaRoot/ContentSlot/Dimension1Panel/GalaxyPanel/D1_GalaxyVisualRoot/CommandCenterBack	4	109.87	1198.67	OK	Canvas/HUD/VerticalUIRoot/VerticalSafeAreaRoot/ContentSlot/Dimension1Panel/GalaxyPanel/D1_GalaxyVisualRoot/CommandCenterBack	Canvas/HUD/VerticalUIRoot/VerticalSafeAreaRoot/ContentSlot/Dimension1Panel/GalaxyPanel/D1_GalaxyVisualRoot/CommandCenterBack
20_debris_ring_selected	720	1280	Canvas/HUD/VerticalUIRoot/VerticalSafeAreaRoot/ContentSlot/Dimension1Panel/GalaxyPanel/D1_GalaxyVisualRoot/FullBleedGalaxyMap/Sector04	0	580.88	420.71	OK	Canvas/HUD/VerticalUIRoot/VerticalSafeAreaRoot/ContentSlot/Dimension1Panel/GalaxyPanel/D1_GalaxyVisualRoot/FullBleedGalaxyMap/Sector04	Canvas/HUD/VerticalUIRoot/VerticalSafeAreaRoot/ContentSlot/Dimension1Panel/GalaxyPanel/D1_GalaxyVisualRoot/FullBleedGalaxyMap/Sector04
20_debris_ring_selected	720	1280	Canvas/HUD/VerticalUIRoot/VerticalSafeAreaRoot/ContentSlot/Dimension1Panel/GalaxyPanel/D1_GalaxyVisualRoot/FullBleedGalaxyMap/Sector04	1	534.88	383.51	OK	Canvas/HUD/VerticalUIRoot/VerticalSafeAreaRoot/ContentSlot/Dimension1Panel/GalaxyPanel/D1_GalaxyVisualRoot/FullBleedGalaxyMap/Sector04	Canvas/HUD/VerticalUIRoot/VerticalSafeAreaRoot/ContentSlot/Dimension1Panel/GalaxyPanel/D1_GalaxyVisualRoot/FullBleedGalaxyMap/Sector04
20_debris_ring_selected	720	1280	Canvas/HUD/VerticalUIRoot/VerticalSafeAreaRoot/ContentSlot/Dimension1Panel/GalaxyPanel/D1_GalaxyVisualRoot/FullBleedGalaxyMap/Sector04	2	626.88	383.51	OK	Canvas/HUD/VerticalUIRoot/VerticalSafeAreaRoot/ContentSlot/Dimension1Panel/GalaxyPanel/D1_GalaxyVisualRoot/FullBleedGalaxyMap/Sector04	Canvas/HUD/VerticalUIRoot/VerticalSafeAreaRoot/ContentSlot/Dimension1Panel/GalaxyPanel/D1_GalaxyVisualRoot/FullBleedGalaxyMap/Sector04
20_debris_ring_selected	720	1280	Canvas/HUD/VerticalUIRoot/VerticalSafeAreaRoot/ContentSlot/Dimension1Panel/GalaxyPanel/D1_GalaxyVisualRoot/FullBleedGalaxyMap/Sector04	3	534.88	457.91	OK	Canvas/HUD/VerticalUIRoot/VerticalSafeAreaRoot/ContentSlot/Dimension1Panel/GalaxyPanel/D1_GalaxyVisualRoot/FullBleedGalaxyMap/Sector04	Canvas/HUD/VerticalUIRoot/VerticalSafeAreaRoot/ContentSlot/Dimension1Panel/GalaxyPanel/D1_GalaxyVisualRoot/FullBleedGalaxyMap/Sector04
20_debris_ring_selected	720	1280	Canvas/HUD/VerticalUIRoot/VerticalSafeAreaRoot/ContentSlot/Dimension1Panel/GalaxyPanel/D1_GalaxyVisualRoot/FullBleedGalaxyMap/Sector04	4	626.88	457.91	OK	Canvas/HUD/VerticalUIRoot/VerticalSafeAreaRoot/ContentSlot/Dimension1Panel/GalaxyPanel/D1_GalaxyVisualRoot/FullBleedGalaxyMap/Sector04	Canvas/HUD/VerticalUIRoot/VerticalSafeAreaRoot/ContentSlot/Dimension1Panel/GalaxyPanel/D1_GalaxyVisualRoot/FullBleedGalaxyMap/Sector04
20_debris_ring_selected	720	1280	Canvas/HUD/VerticalUIRoot/VerticalSafeAreaRoot/ContentSlot/Dimension1Panel/GalaxyPanel/D1_GalaxyVisualRoot/FullBleedGalaxyMap/Sector01	0	458.89	699.22	OK	Canvas/HUD/VerticalUIRoot/VerticalSafeAreaRoot/ContentSlot/Dimension1Panel/GalaxyPanel/D1_GalaxyVisualRoot/FullBleedGalaxyMap/Sector01	Canvas/HUD/VerticalUIRoot/VerticalSafeAreaRoot/ContentSlot/Dimension1Panel/GalaxyPanel/D1_GalaxyVisualRoot/FullBleedGalaxyMap/Sector01
20_debris_ring_selected	720	1280	Canvas/HUD/VerticalUIRoot/VerticalSafeAreaRoot/ContentSlot/Dimension1Panel/GalaxyPanel/D1_GalaxyVisualRoot/FullBleedGalaxyMap/Sector01	1	412.89	659.62	OK	Canvas/HUD/VerticalUIRoot/VerticalSafeAreaRoot/ContentSlot/Dimension1Panel/GalaxyPanel/D1_GalaxyVisualRoot/FullBleedGalaxyMap/Sector01	Canvas/HUD/VerticalUIRoot/VerticalSafeAreaRoot/ContentSlot/Dimension1Panel/GalaxyPanel/D1_GalaxyVisualRoot/FullBleedGalaxyMap/Sector01
20_debris_ring_selected	720	1280	Canvas/HUD/VerticalUIRoot/VerticalSafeAreaRoot/ContentSlot/Dimension1Panel/GalaxyPanel/D1_GalaxyVisualRoot/FullBleedGalaxyMap/Sector01	2	504.89	659.62	OK	Canvas/HUD/VerticalUIRoot/VerticalSafeAreaRoot/ContentSlot/Dimension1Panel/GalaxyPanel/D1_GalaxyVisualRoot/FullBleedGalaxyMap/Sector01	Canvas/HUD/VerticalUIRoot/VerticalSafeAreaRoot/ContentSlot/Dimension1Panel/GalaxyPanel/D1_GalaxyVisualRoot/FullBleedGalaxyMap/Sector01
20_debris_ring_selected	720	1280	Canvas/HUD/VerticalUIRoot/VerticalSafeAreaRoot/ContentSlot/Dimension1Panel/GalaxyPanel/D1_GalaxyVisualRoot/FullBleedGalaxyMap/Sector01	3	412.89	738.82	OK	Canvas/HUD/VerticalUIRoot/VerticalSafeAreaRoot/ContentSlot/Dimension1Panel/GalaxyPanel/D1_GalaxyVisualRoot/FullBleedGalaxyMap/Sector01	Canvas/HUD/VerticalUIRoot/VerticalSafeAreaRoot/ContentSlot/Dimension1Panel/GalaxyPanel/D1_GalaxyVisualRoot/FullBleedGalaxyMap/Sector01
20_debris_ring_selected	720	1280	Canvas/HUD/VerticalUIRoot/VerticalSafeAreaRoot/ContentSlot/Dimension1Panel/GalaxyPanel/D1_GalaxyVisualRoot/FullBleedGalaxyMap/Sector01	4	504.89	738.82	OK	Canvas/HUD/VerticalUIRoot/VerticalSafeAreaRoot/ContentSlot/Dimension1Panel/GalaxyPanel/D1_GalaxyVisualRoot/FullBleedGalaxyMap/Sector01	Canvas/HUD/VerticalUIRoot/VerticalSafeAreaRoot/ContentSlot/Dimension1Panel/GalaxyPanel/D1_GalaxyVisualRoot/FullBleedGalaxyMap/Sector01
20_debris_ring_selected	720	1280	Canvas/HUD/VerticalUIRoot/VerticalSafeAreaRoot/ContentSlot/Dimension1Panel/GalaxyPanel/D1_GalaxyVisualRoot/FullBleedGalaxyMap/Sector03	0	146.75	790.85	OK	Canvas/HUD/VerticalUIRoot/VerticalSafeAreaRoot/ContentSlot/Dimension1Panel/GalaxyPanel/D1_GalaxyVisualRoot/FullBleedGalaxyMap/Sector03	Canvas/HUD/VerticalUIRoot/VerticalSafeAreaRoot/ContentSlot/Dimension1Panel/GalaxyPanel/D1_GalaxyVisualRoot/FullBleedGalaxyMap/Sector03
20_debris_ring_selected	720	1280	Canvas/HUD/VerticalUIRoot/VerticalSafeAreaRoot/ContentSlot/Dimension1Panel/GalaxyPanel/D1_GalaxyVisualRoot/FullBleedGalaxyMap/Sector03	1	100.75	751.25	OK	Canvas/HUD/VerticalUIRoot/VerticalSafeAreaRoot/ContentSlot/Dimension1Panel/GalaxyPanel/D1_GalaxyVisualRoot/FullBleedGalaxyMap/Sector03	Canvas/HUD/VerticalUIRoot/VerticalSafeAreaRoot/ContentSlot/Dimension1Panel/GalaxyPanel/D1_GalaxyVisualRoot/FullBleedGalaxyMap/Sector03
20_debris_ring_selected	720	1280	Canvas/HUD/VerticalUIRoot/VerticalSafeAreaRoot/ContentSlot/Dimension1Panel/GalaxyPanel/D1_GalaxyVisualRoot/FullBleedGalaxyMap/Sector03	2	192.75	751.25	OK	Canvas/HUD/VerticalUIRoot/VerticalSafeAreaRoot/ContentSlot/Dimension1Panel/GalaxyPanel/D1_GalaxyVisualRoot/FullBleedGalaxyMap/Sector03	Canvas/HUD/VerticalUIRoot/VerticalSafeAreaRoot/ContentSlot/Dimension1Panel/GalaxyPanel/D1_GalaxyVisualRoot/FullBleedGalaxyMap/Sector03
20_debris_ring_selected	720	1280	Canvas/HUD/VerticalUIRoot/VerticalSafeAreaRoot/ContentSlot/Dimension1Panel/GalaxyPanel/D1_GalaxyVisualRoot/FullBleedGalaxyMap/Sector03	3	100.75	830.45	OK	Canvas/HUD/VerticalUIRoot/VerticalSafeAreaRoot/ContentSlot/Dimension1Panel/GalaxyPanel/D1_GalaxyVisualRoot/FullBleedGalaxyMap/Sector03	Canvas/HUD/VerticalUIRoot/VerticalSafeAreaRoot/ContentSlot/Dimension1Panel/GalaxyPanel/D1_GalaxyVisualRoot/FullBleedGalaxyMap/Sector03
20_debris_ring_selected	720	1280	Canvas/HUD/VerticalUIRoot/VerticalSafeAreaRoot/ContentSlot/Dimension1Panel/GalaxyPanel/D1_GalaxyVisualRoot/FullBleedGalaxyMap/Sector03	4	192.75	830.45	OK	Canvas/HUD/VerticalUIRoot/VerticalSafeAreaRoot/ContentSlot/Dimension1Panel/GalaxyPanel/D1_GalaxyVisualRoot/FullBleedGalaxyMap/Sector03	Canvas/HUD/VerticalUIRoot/VerticalSafeAreaRoot/ContentSlot/Dimension1Panel/GalaxyPanel/D1_GalaxyVisualRoot/FullBleedGalaxyMap/Sector03
20_debris_ring_selected	720	1280	Canvas/HUD/VerticalUIRoot/VerticalSafeAreaRoot/ContentSlot/Dimension1Panel/GalaxyPanel/D1_GalaxyVisualRoot/D1BottomNavigation/EXPLORARButton	0	220.00	73.33	OK	Canvas/HUD/VerticalUIRoot/VerticalSafeAreaRoot/ContentSlot/Dimension1Panel/GalaxyPanel/D1_GalaxyVisualRoot/D1BottomNavigation/EXPLORARButton	Canvas/HUD/VerticalUIRoot/VerticalSafeAreaRoot/ContentSlot/Dimension1Panel/GalaxyPanel/D1_GalaxyVisualRoot/D1BottomNavigation/EXPLORARButton
20_debris_ring_selected	720	1280	Canvas/HUD/VerticalUIRoot/VerticalSafeAreaRoot/ContentSlot/Dimension1Panel/GalaxyPanel/D1_GalaxyVisualRoot/D1BottomNavigation/EXPLORARButton	1	180.40	38.13	OK	Canvas/HUD/VerticalUIRoot/VerticalSafeAreaRoot/ContentSlot/Dimension1Panel/GalaxyPanel/D1_GalaxyVisualRoot/D1BottomNavigation/EXPLORARButton	Canvas/HUD/VerticalUIRoot/VerticalSafeAreaRoot/ContentSlot/Dimension1Panel/GalaxyPanel/D1_GalaxyVisualRoot/D1BottomNavigation/EXPLORARButton
20_debris_ring_selected	720	1280	Canvas/HUD/VerticalUIRoot/VerticalSafeAreaRoot/ContentSlot/Dimension1Panel/GalaxyPanel/D1_GalaxyVisualRoot/D1BottomNavigation/EXPLORARButton	2	259.60	38.13	OK	Canvas/HUD/VerticalUIRoot/VerticalSafeAreaRoot/ContentSlot/Dimension1Panel/GalaxyPanel/D1_GalaxyVisualRoot/D1BottomNavigation/EXPLORARButton	Canvas/HUD/VerticalUIRoot/VerticalSafeAreaRoot/ContentSlot/Dimension1Panel/GalaxyPanel/D1_GalaxyVisualRoot/D1BottomNavigation/EXPLORARButton
20_debris_ring_selected	720	1280	Canvas/HUD/VerticalUIRoot/VerticalSafeAreaRoot/ContentSlot/Dimension1Panel/GalaxyPanel/D1_GalaxyVisualRoot/D1BottomNavigation/EXPLORARButton	3	180.40	108.53	OK	Canvas/HUD/VerticalUIRoot/VerticalSafeAreaRoot/ContentSlot/Dimension1Panel/GalaxyPanel/D1_GalaxyVisualRoot/D1BottomNavigation/EXPLORARButton	Canvas/HUD/VerticalUIRoot/VerticalSafeAreaRoot/ContentSlot/Dimension1Panel/GalaxyPanel/D1_GalaxyVisualRoot/D1BottomNavigation/EXPLORARButton
20_debris_ring_selected	720	1280	Canvas/HUD/VerticalUIRoot/VerticalSafeAreaRoot/ContentSlot/Dimension1Panel/GalaxyPanel/D1_GalaxyVisualRoot/D1BottomNavigation/EXPLORARButton	4	259.60	108.53	OK	Canvas/HUD/VerticalUIRoot/VerticalSafeAreaRoot/ContentSlot/Dimension1Panel/GalaxyPanel/D1_GalaxyVisualRoot/D1BottomNavigation/EXPLORARButton	Canvas/HUD/VerticalUIRoot/VerticalSafeAreaRoot/ContentSlot/Dimension1Panel/GalaxyPanel/D1_GalaxyVisualRoot/D1BottomNavigation/EXPLORARButton
20_debris_ring_selected	720	1280	Canvas/HUD/VerticalUIRoot/VerticalSafeAreaRoot/ContentSlot/Dimension1Panel/GalaxyPanel/D1_GalaxyVisualRoot/D1BottomNavigation/ÁRBOLButton	0	634.00	73.33	OK	Canvas/HUD/VerticalUIRoot/VerticalSafeAreaRoot/ContentSlot/Dimension1Panel/GalaxyPanel/D1_GalaxyVisualRoot/D1BottomNavigation/ÁRBOLButton	Canvas/HUD/VerticalUIRoot/VerticalSafeAreaRoot/ContentSlot/Dimension1Panel/GalaxyPanel/D1_GalaxyVisualRoot/D1BottomNavigation/ÁRBOLButton
20_debris_ring_selected	720	1280	Canvas/HUD/VerticalUIRoot/VerticalSafeAreaRoot/ContentSlot/Dimension1Panel/GalaxyPanel/D1_GalaxyVisualRoot/D1BottomNavigation/ÁRBOLButton	1	594.40	38.13	OK	Canvas/HUD/VerticalUIRoot/VerticalSafeAreaRoot/ContentSlot/Dimension1Panel/GalaxyPanel/D1_GalaxyVisualRoot/D1BottomNavigation/ÁRBOLButton	Canvas/HUD/VerticalUIRoot/VerticalSafeAreaRoot/ContentSlot/Dimension1Panel/GalaxyPanel/D1_GalaxyVisualRoot/D1BottomNavigation/ÁRBOLButton
20_debris_ring_selected	720	1280	Canvas/HUD/VerticalUIRoot/VerticalSafeAreaRoot/ContentSlot/Dimension1Panel/GalaxyPanel/D1_GalaxyVisualRoot/D1BottomNavigation/ÁRBOLButton	2	673.60	38.13	OK	Canvas/HUD/VerticalUIRoot/VerticalSafeAreaRoot/ContentSlot/Dimension1Panel/GalaxyPanel/D1_GalaxyVisualRoot/D1BottomNavigation/ÁRBOLButton	Canvas/HUD/VerticalUIRoot/VerticalSafeAreaRoot/ContentSlot/Dimension1Panel/GalaxyPanel/D1_GalaxyVisualRoot/D1BottomNavigation/ÁRBOLButton
20_debris_ring_selected	720	1280	Canvas/HUD/VerticalUIRoot/VerticalSafeAreaRoot/ContentSlot/Dimension1Panel/GalaxyPanel/D1_GalaxyVisualRoot/D1BottomNavigation/ÁRBOLButton	3	594.40	108.53	OK	Canvas/HUD/VerticalUIRoot/VerticalSafeAreaRoot/ContentSlot/Dimension1Panel/GalaxyPanel/D1_GalaxyVisualRoot/D1BottomNavigation/ÁRBOLButton	Canvas/HUD/VerticalUIRoot/VerticalSafeAreaRoot/ContentSlot/Dimension1Panel/GalaxyPanel/D1_GalaxyVisualRoot/D1BottomNavigation/ÁRBOLButton
20_debris_ring_selected	720	1280	Canvas/HUD/VerticalUIRoot/VerticalSafeAreaRoot/ContentSlot/Dimension1Panel/GalaxyPanel/D1_GalaxyVisualRoot/D1BottomNavigation/ÁRBOLButton	4	673.60	108.53	OK	Canvas/HUD/VerticalUIRoot/VerticalSafeAreaRoot/ContentSlot/Dimension1Panel/GalaxyPanel/D1_GalaxyVisualRoot/D1BottomNavigation/ÁRBOLButton	Canvas/HUD/VerticalUIRoot/VerticalSafeAreaRoot/ContentSlot/Dimension1Panel/GalaxyPanel/D1_GalaxyVisualRoot/D1BottomNavigation/ÁRBOLButton
20_debris_ring	720	1280	Canvas/HUD/VerticalUIRoot/VerticalSafeAreaRoot/ContentSlot/Dimension1Panel/D1_DebrisRingDetailVisualRoot/BottomNavigation/Nav_RELIQUIAS	0	496.00	73.33	OK	Canvas/HUD/VerticalUIRoot/VerticalSafeAreaRoot/ContentSlot/Dimension1Panel/D1_DebrisRingDetailVisualRoot/BottomNavigation/Nav_RELIQUIAS	Canvas/HUD/VerticalUIRoot/VerticalSafeAreaRoot/ContentSlot/Dimension1Panel/D1_DebrisRingDetailVisualRoot/BottomNavigation/Nav_RELIQUIAS
20_debris_ring	720	1280	Canvas/HUD/VerticalUIRoot/VerticalSafeAreaRoot/ContentSlot/Dimension1Panel/D1_DebrisRingDetailVisualRoot/BottomNavigation/Nav_RELIQUIAS	1	456.40	38.13	OK	Canvas/HUD/VerticalUIRoot/VerticalSafeAreaRoot/ContentSlot/Dimension1Panel/D1_DebrisRingDetailVisualRoot/BottomNavigation/Nav_RELIQUIAS	Canvas/HUD/VerticalUIRoot/VerticalSafeAreaRoot/ContentSlot/Dimension1Panel/D1_DebrisRingDetailVisualRoot/BottomNavigation/Nav_RELIQUIAS
20_debris_ring	720	1280	Canvas/HUD/VerticalUIRoot/VerticalSafeAreaRoot/ContentSlot/Dimension1Panel/D1_DebrisRingDetailVisualRoot/BottomNavigation/Nav_RELIQUIAS	2	535.60	38.13	OK	Canvas/HUD/VerticalUIRoot/VerticalSafeAreaRoot/ContentSlot/Dimension1Panel/D1_DebrisRingDetailVisualRoot/BottomNavigation/Nav_RELIQUIAS	Canvas/HUD/VerticalUIRoot/VerticalSafeAreaRoot/ContentSlot/Dimension1Panel/D1_DebrisRingDetailVisualRoot/BottomNavigation/Nav_RELIQUIAS
20_debris_ring	720	1280	Canvas/HUD/VerticalUIRoot/VerticalSafeAreaRoot/ContentSlot/Dimension1Panel/D1_DebrisRingDetailVisualRoot/BottomNavigation/Nav_RELIQUIAS	3	456.40	108.53	OK	Canvas/HUD/VerticalUIRoot/VerticalSafeAreaRoot/ContentSlot/Dimension1Panel/D1_DebrisRingDetailVisualRoot/BottomNavigation/Nav_RELIQUIAS	Canvas/HUD/VerticalUIRoot/VerticalSafeAreaRoot/ContentSlot/Dimension1Panel/D1_DebrisRingDetailVisualRoot/BottomNavigation/Nav_RELIQUIAS
20_debris_ring	720	1280	Canvas/HUD/VerticalUIRoot/VerticalSafeAreaRoot/ContentSlot/Dimension1Panel/D1_DebrisRingDetailVisualRoot/BottomNavigation/Nav_RELIQUIAS	4	535.60	108.53	OK	Canvas/HUD/VerticalUIRoot/VerticalSafeAreaRoot/ContentSlot/Dimension1Panel/D1_DebrisRingDetailVisualRoot/BottomNavigation/Nav_RELIQUIAS	Canvas/HUD/VerticalUIRoot/VerticalSafeAreaRoot/ContentSlot/Dimension1Panel/D1_DebrisRingDetailVisualRoot/BottomNavigation/Nav_RELIQUIAS
20_debris_ring	720	1280	Canvas/HUD/VerticalUIRoot/VerticalSafeAreaRoot/ContentSlot/Dimension1Panel/D1_DebrisRingDetailVisualRoot/Heading/BackButton	0	46.67	1206.67	OK	Canvas/HUD/VerticalUIRoot/VerticalSafeAreaRoot/ContentSlot/Dimension1Panel/D1_DebrisRingDetailVisualRoot/Heading/BackButton	Canvas/HUD/VerticalUIRoot/VerticalSafeAreaRoot/ContentSlot/Dimension1Panel/D1_DebrisRingDetailVisualRoot/Heading/BackButton
20_debris_ring	720	1280	Canvas/HUD/VerticalUIRoot/VerticalSafeAreaRoot/ContentSlot/Dimension1Panel/D1_DebrisRingDetailVisualRoot/Heading/BackButton	1	29.87	1192.27	OK	Canvas/HUD/VerticalUIRoot/VerticalSafeAreaRoot/ContentSlot/Dimension1Panel/D1_DebrisRingDetailVisualRoot/Heading/BackButton	Canvas/HUD/VerticalUIRoot/VerticalSafeAreaRoot/ContentSlot/Dimension1Panel/D1_DebrisRingDetailVisualRoot/Heading/BackButton
20_debris_ring	720	1280	Canvas/HUD/VerticalUIRoot/VerticalSafeAreaRoot/ContentSlot/Dimension1Panel/D1_DebrisRingDetailVisualRoot/Heading/BackButton	2	63.47	1192.27	OK	Canvas/HUD/VerticalUIRoot/VerticalSafeAreaRoot/ContentSlot/Dimension1Panel/D1_DebrisRingDetailVisualRoot/Heading/BackButton	Canvas/HUD/VerticalUIRoot/VerticalSafeAreaRoot/ContentSlot/Dimension1Panel/D1_DebrisRingDetailVisualRoot/Heading/BackButton
20_debris_ring	720	1280	Canvas/HUD/VerticalUIRoot/VerticalSafeAreaRoot/ContentSlot/Dimension1Panel/D1_DebrisRingDetailVisualRoot/Heading/BackButton	3	29.87	1221.07	OK	Canvas/HUD/VerticalUIRoot/VerticalSafeAreaRoot/ContentSlot/Dimension1Panel/D1_DebrisRingDetailVisualRoot/Heading/BackButton	Canvas/HUD/VerticalUIRoot/VerticalSafeAreaRoot/ContentSlot/Dimension1Panel/D1_DebrisRingDetailVisualRoot/Heading/BackButton
20_debris_ring	720	1280	Canvas/HUD/VerticalUIRoot/VerticalSafeAreaRoot/ContentSlot/Dimension1Panel/D1_DebrisRingDetailVisualRoot/Heading/BackButton	4	63.47	1221.07	OK	Canvas/HUD/VerticalUIRoot/VerticalSafeAreaRoot/ContentSlot/Dimension1Panel/D1_DebrisRingDetailVisualRoot/Heading/BackButton	Canvas/HUD/VerticalUIRoot/VerticalSafeAreaRoot/ContentSlot/Dimension1Panel/D1_DebrisRingDetailVisualRoot/Heading/BackButton
20_debris_ring	720	1280	Canvas/HUD/VerticalUIRoot/VerticalSafeAreaRoot/ContentSlot/Dimension1Panel/D1_DebrisRingDetailVisualRoot/BackToGalaxyMap	0	360.00	532.00	OK	Canvas/HUD/VerticalUIRoot/VerticalSafeAreaRoot/ContentSlot/Dimension1Panel/D1_DebrisRingDetailVisualRoot/BackToGalaxyMap	Canvas/HUD/VerticalUIRoot/VerticalSafeAreaRoot/ContentSlot/Dimension1Panel/D1_DebrisRingDetailVisualRoot/BackToGalaxyMap
20_debris_ring	720	1280	Canvas/HUD/VerticalUIRoot/VerticalSafeAreaRoot/ContentSlot/Dimension1Panel/D1_DebrisRingDetailVisualRoot/BackToGalaxyMap	1	240.00	513.60	OK	Canvas/HUD/VerticalUIRoot/VerticalSafeAreaRoot/ContentSlot/Dimension1Panel/D1_DebrisRingDetailVisualRoot/BackToGalaxyMap	Canvas/HUD/VerticalUIRoot/VerticalSafeAreaRoot/ContentSlot/Dimension1Panel/D1_DebrisRingDetailVisualRoot/BackToGalaxyMap
20_debris_ring	720	1280	Canvas/HUD/VerticalUIRoot/VerticalSafeAreaRoot/ContentSlot/Dimension1Panel/D1_DebrisRingDetailVisualRoot/BackToGalaxyMap	2	480.00	513.60	OK	Canvas/HUD/VerticalUIRoot/VerticalSafeAreaRoot/ContentSlot/Dimension1Panel/D1_DebrisRingDetailVisualRoot/BackToGalaxyMap	Canvas/HUD/VerticalUIRoot/VerticalSafeAreaRoot/ContentSlot/Dimension1Panel/D1_DebrisRingDetailVisualRoot/BackToGalaxyMap
20_debris_ring	720	1280	Canvas/HUD/VerticalUIRoot/VerticalSafeAreaRoot/ContentSlot/Dimension1Panel/D1_DebrisRingDetailVisualRoot/BackToGalaxyMap	3	240.00	550.40	OK	Canvas/HUD/VerticalUIRoot/VerticalSafeAreaRoot/ContentSlot/Dimension1Panel/D1_DebrisRingDetailVisualRoot/BackToGalaxyMap	Canvas/HUD/VerticalUIRoot/VerticalSafeAreaRoot/ContentSlot/Dimension1Panel/D1_DebrisRingDetailVisualRoot/BackToGalaxyMap
20_debris_ring	720	1280	Canvas/HUD/VerticalUIRoot/VerticalSafeAreaRoot/ContentSlot/Dimension1Panel/D1_DebrisRingDetailVisualRoot/BackToGalaxyMap	4	480.00	550.40	OK	Canvas/HUD/VerticalUIRoot/VerticalSafeAreaRoot/ContentSlot/Dimension1Panel/D1_DebrisRingDetailVisualRoot/BackToGalaxyMap	Canvas/HUD/VerticalUIRoot/VerticalSafeAreaRoot/ContentSlot/Dimension1Panel/D1_DebrisRingDetailVisualRoot/BackToGalaxyMap
20_debris_ring	720	1280	Canvas/HUD/VerticalUIRoot/VerticalSafeAreaRoot/ContentSlot/Dimension1Panel/D1_DebrisRingDetailVisualRoot/BottomNavigation/Nav_HANGAR	0	358.00	73.33	OK	Canvas/HUD/VerticalUIRoot/VerticalSafeAreaRoot/ContentSlot/Dimension1Panel/D1_DebrisRingDetailVisualRoot/BottomNavigation/Nav_HANGAR	Canvas/HUD/VerticalUIRoot/VerticalSafeAreaRoot/ContentSlot/Dimension1Panel/D1_DebrisRingDetailVisualRoot/BottomNavigation/Nav_HANGAR
20_debris_ring	720	1280	Canvas/HUD/VerticalUIRoot/VerticalSafeAreaRoot/ContentSlot/Dimension1Panel/D1_DebrisRingDetailVisualRoot/BottomNavigation/Nav_HANGAR	1	318.40	38.13	OK	Canvas/HUD/VerticalUIRoot/VerticalSafeAreaRoot/ContentSlot/Dimension1Panel/D1_DebrisRingDetailVisualRoot/BottomNavigation/Nav_HANGAR	Canvas/HUD/VerticalUIRoot/VerticalSafeAreaRoot/ContentSlot/Dimension1Panel/D1_DebrisRingDetailVisualRoot/BottomNavigation/Nav_HANGAR
20_debris_ring	720	1280	Canvas/HUD/VerticalUIRoot/VerticalSafeAreaRoot/ContentSlot/Dimension1Panel/D1_DebrisRingDetailVisualRoot/BottomNavigation/Nav_HANGAR	2	397.60	38.13	OK	Canvas/HUD/VerticalUIRoot/VerticalSafeAreaRoot/ContentSlot/Dimension1Panel/D1_DebrisRingDetailVisualRoot/BottomNavigation/Nav_HANGAR	Canvas/HUD/VerticalUIRoot/VerticalSafeAreaRoot/ContentSlot/Dimension1Panel/D1_DebrisRingDetailVisualRoot/BottomNavigation/Nav_HANGAR
20_debris_ring	720	1280	Canvas/HUD/VerticalUIRoot/VerticalSafeAreaRoot/ContentSlot/Dimension1Panel/D1_DebrisRingDetailVisualRoot/BottomNavigation/Nav_HANGAR	3	318.40	108.53	OK	Canvas/HUD/VerticalUIRoot/VerticalSafeAreaRoot/ContentSlot/Dimension1Panel/D1_DebrisRingDetailVisualRoot/BottomNavigation/Nav_HANGAR	Canvas/HUD/VerticalUIRoot/VerticalSafeAreaRoot/ContentSlot/Dimension1Panel/D1_DebrisRingDetailVisualRoot/BottomNavigation/Nav_HANGAR
20_debris_ring	720	1280	Canvas/HUD/VerticalUIRoot/VerticalSafeAreaRoot/ContentSlot/Dimension1Panel/D1_DebrisRingDetailVisualRoot/BottomNavigation/Nav_HANGAR	4	397.60	108.53	OK	Canvas/HUD/VerticalUIRoot/VerticalSafeAreaRoot/ContentSlot/Dimension1Panel/D1_DebrisRingDetailVisualRoot/BottomNavigation/Nav_HANGAR	Canvas/HUD/VerticalUIRoot/VerticalSafeAreaRoot/ContentSlot/Dimension1Panel/D1_DebrisRingDetailVisualRoot/BottomNavigation/Nav_HANGAR
20_debris_ring	720	1280	Canvas/HUD/VerticalUIRoot/VerticalSafeAreaRoot/ContentSlot/Dimension1Panel/D1_DebrisRingDetailVisualRoot/AllMetals	0	614.33	1178.67	OK	Canvas/HUD/VerticalUIRoot/VerticalSafeAreaRoot/ContentSlot/Dimension1Panel/D1_DebrisRingDetailVisualRoot/AllMetals	Canvas/HUD/VerticalUIRoot/VerticalSafeAreaRoot/ContentSlot/Dimension1Panel/D1_DebrisRingDetailVisualRoot/AllMetals
20_debris_ring	720	1280	Canvas/HUD/VerticalUIRoot/VerticalSafeAreaRoot/ContentSlot/Dimension1Panel/D1_DebrisRingDetailVisualRoot/AllMetals	1	565.33	1158.67	OK	Canvas/HUD/VerticalUIRoot/VerticalSafeAreaRoot/ContentSlot/Dimension1Panel/D1_DebrisRingDetailVisualRoot/AllMetals	Canvas/HUD/VerticalUIRoot/VerticalSafeAreaRoot/ContentSlot/Dimension1Panel/D1_DebrisRingDetailVisualRoot/AllMetals
20_debris_ring	720	1280	Canvas/HUD/VerticalUIRoot/VerticalSafeAreaRoot/ContentSlot/Dimension1Panel/D1_DebrisRingDetailVisualRoot/AllMetals	2	663.33	1158.67	OK	Canvas/HUD/VerticalUIRoot/VerticalSafeAreaRoot/ContentSlot/Dimension1Panel/D1_DebrisRingDetailVisualRoot/AllMetals	Canvas/HUD/VerticalUIRoot/VerticalSafeAreaRoot/ContentSlot/Dimension1Panel/D1_DebrisRingDetailVisualRoot/AllMetals
20_debris_ring	720	1280	Canvas/HUD/VerticalUIRoot/VerticalSafeAreaRoot/ContentSlot/Dimension1Panel/D1_DebrisRingDetailVisualRoot/AllMetals	3	565.33	1198.67	OK	Canvas/HUD/VerticalUIRoot/VerticalSafeAreaRoot/ContentSlot/Dimension1Panel/D1_DebrisRingDetailVisualRoot/AllMetals	Canvas/HUD/VerticalUIRoot/VerticalSafeAreaRoot/ContentSlot/Dimension1Panel/D1_DebrisRingDetailVisualRoot/AllMetals
20_debris_ring	720	1280	Canvas/HUD/VerticalUIRoot/VerticalSafeAreaRoot/ContentSlot/Dimension1Panel/D1_DebrisRingDetailVisualRoot/AllMetals	4	663.33	1198.67	OK	Canvas/HUD/VerticalUIRoot/VerticalSafeAreaRoot/ContentSlot/Dimension1Panel/D1_DebrisRingDetailVisualRoot/AllMetals	Canvas/HUD/VerticalUIRoot/VerticalSafeAreaRoot/ContentSlot/Dimension1Panel/D1_DebrisRingDetailVisualRoot/AllMetals
20_debris_ring	720	1280	Canvas/HUD/VerticalUIRoot/VerticalSafeAreaRoot/ContentSlot/Dimension1Panel/D1_DebrisRingDetailVisualRoot/BottomNavigation/Nav_EXPLORAR	0	220.00	73.33	OK	Canvas/HUD/VerticalUIRoot/VerticalSafeAreaRoot/ContentSlot/Dimension1Panel/D1_DebrisRingDetailVisualRoot/BottomNavigation/Nav_EXPLORAR	Canvas/HUD/VerticalUIRoot/VerticalSafeAreaRoot/ContentSlot/Dimension1Panel/D1_DebrisRingDetailVisualRoot/BottomNavigation/Nav_EXPLORAR
20_debris_ring	720	1280	Canvas/HUD/VerticalUIRoot/VerticalSafeAreaRoot/ContentSlot/Dimension1Panel/D1_DebrisRingDetailVisualRoot/BottomNavigation/Nav_EXPLORAR	1	180.40	38.13	OK	Canvas/HUD/VerticalUIRoot/VerticalSafeAreaRoot/ContentSlot/Dimension1Panel/D1_DebrisRingDetailVisualRoot/BottomNavigation/Nav_EXPLORAR	Canvas/HUD/VerticalUIRoot/VerticalSafeAreaRoot/ContentSlot/Dimension1Panel/D1_DebrisRingDetailVisualRoot/BottomNavigation/Nav_EXPLORAR
20_debris_ring	720	1280	Canvas/HUD/VerticalUIRoot/VerticalSafeAreaRoot/ContentSlot/Dimension1Panel/D1_DebrisRingDetailVisualRoot/BottomNavigation/Nav_EXPLORAR	2	259.60	38.13	OK	Canvas/HUD/VerticalUIRoot/VerticalSafeAreaRoot/ContentSlot/Dimension1Panel/D1_DebrisRingDetailVisualRoot/BottomNavigation/Nav_EXPLORAR	Canvas/HUD/VerticalUIRoot/VerticalSafeAreaRoot/ContentSlot/Dimension1Panel/D1_DebrisRingDetailVisualRoot/BottomNavigation/Nav_EXPLORAR
20_debris_ring	720	1280	Canvas/HUD/VerticalUIRoot/VerticalSafeAreaRoot/ContentSlot/Dimension1Panel/D1_DebrisRingDetailVisualRoot/BottomNavigation/Nav_EXPLORAR	3	180.40	108.53	OK	Canvas/HUD/VerticalUIRoot/VerticalSafeAreaRoot/ContentSlot/Dimension1Panel/D1_DebrisRingDetailVisualRoot/BottomNavigation/Nav_EXPLORAR	Canvas/HUD/VerticalUIRoot/VerticalSafeAreaRoot/ContentSlot/Dimension1Panel/D1_DebrisRingDetailVisualRoot/BottomNavigation/Nav_EXPLORAR
20_debris_ring	720	1280	Canvas/HUD/VerticalUIRoot/VerticalSafeAreaRoot/ContentSlot/Dimension1Panel/D1_DebrisRingDetailVisualRoot/BottomNavigation/Nav_EXPLORAR	4	259.60	108.53	OK	Canvas/HUD/VerticalUIRoot/VerticalSafeAreaRoot/ContentSlot/Dimension1Panel/D1_DebrisRingDetailVisualRoot/BottomNavigation/Nav_EXPLORAR	Canvas/HUD/VerticalUIRoot/VerticalSafeAreaRoot/ContentSlot/Dimension1Panel/D1_DebrisRingDetailVisualRoot/BottomNavigation/Nav_EXPLORAR
20_debris_ring	720	1280	Canvas/HUD/VerticalUIRoot/VerticalSafeAreaRoot/ContentSlot/Dimension1Panel/D1_DebrisRingDetailVisualRoot/BottomNavigation/Nav_ÁRBOL	0	634.00	73.33	OK	Canvas/HUD/VerticalUIRoot/VerticalSafeAreaRoot/ContentSlot/Dimension1Panel/D1_DebrisRingDetailVisualRoot/BottomNavigation/Nav_ÁRBOL	Canvas/HUD/VerticalUIRoot/VerticalSafeAreaRoot/ContentSlot/Dimension1Panel/D1_DebrisRingDetailVisualRoot/BottomNavigation/Nav_ÁRBOL
20_debris_ring	720	1280	Canvas/HUD/VerticalUIRoot/VerticalSafeAreaRoot/ContentSlot/Dimension1Panel/D1_DebrisRingDetailVisualRoot/BottomNavigation/Nav_ÁRBOL	1	594.40	38.13	OK	Canvas/HUD/VerticalUIRoot/VerticalSafeAreaRoot/ContentSlot/Dimension1Panel/D1_DebrisRingDetailVisualRoot/BottomNavigation/Nav_ÁRBOL	Canvas/HUD/VerticalUIRoot/VerticalSafeAreaRoot/ContentSlot/Dimension1Panel/D1_DebrisRingDetailVisualRoot/BottomNavigation/Nav_ÁRBOL
20_debris_ring	720	1280	Canvas/HUD/VerticalUIRoot/VerticalSafeAreaRoot/ContentSlot/Dimension1Panel/D1_DebrisRingDetailVisualRoot/BottomNavigation/Nav_ÁRBOL	2	673.60	38.13	OK	Canvas/HUD/VerticalUIRoot/VerticalSafeAreaRoot/ContentSlot/Dimension1Panel/D1_DebrisRingDetailVisualRoot/BottomNavigation/Nav_ÁRBOL	Canvas/HUD/VerticalUIRoot/VerticalSafeAreaRoot/ContentSlot/Dimension1Panel/D1_DebrisRingDetailVisualRoot/BottomNavigation/Nav_ÁRBOL
20_debris_ring	720	1280	Canvas/HUD/VerticalUIRoot/VerticalSafeAreaRoot/ContentSlot/Dimension1Panel/D1_DebrisRingDetailVisualRoot/BottomNavigation/Nav_ÁRBOL	3	594.40	108.53	OK	Canvas/HUD/VerticalUIRoot/VerticalSafeAreaRoot/ContentSlot/Dimension1Panel/D1_DebrisRingDetailVisualRoot/BottomNavigation/Nav_ÁRBOL	Canvas/HUD/VerticalUIRoot/VerticalSafeAreaRoot/ContentSlot/Dimension1Panel/D1_DebrisRingDetailVisualRoot/BottomNavigation/Nav_ÁRBOL
20_debris_ring	720	1280	Canvas/HUD/VerticalUIRoot/VerticalSafeAreaRoot/ContentSlot/Dimension1Panel/D1_DebrisRingDetailVisualRoot/BottomNavigation/Nav_ÁRBOL	4	673.60	108.53	OK	Canvas/HUD/VerticalUIRoot/VerticalSafeAreaRoot/ContentSlot/Dimension1Panel/D1_DebrisRingDetailVisualRoot/BottomNavigation/Nav_ÁRBOL	Canvas/HUD/VerticalUIRoot/VerticalSafeAreaRoot/ContentSlot/Dimension1Panel/D1_DebrisRingDetailVisualRoot/BottomNavigation/Nav_ÁRBOL
22_ancient_orbits_selected	720	1280	Canvas/HUD/VerticalUIRoot/VerticalSafeAreaRoot/ContentSlot/Dimension1Panel/GalaxyPanel/D1_GalaxyVisualRoot/FullBleedGalaxyMap/Planet07Node	0	106.31	433.99	OK	Canvas/HUD/VerticalUIRoot/VerticalSafeAreaRoot/ContentSlot/Dimension1Panel/GalaxyPanel/D1_GalaxyVisualRoot/FullBleedGalaxyMap/Planet07Node	Canvas/HUD/VerticalUIRoot/VerticalSafeAreaRoot/ContentSlot/Dimension1Panel/GalaxyPanel/D1_GalaxyVisualRoot/FullBleedGalaxyMap/Planet07Node
22_ancient_orbits_selected	720	1280	Canvas/HUD/VerticalUIRoot/VerticalSafeAreaRoot/ContentSlot/Dimension1Panel/GalaxyPanel/D1_GalaxyVisualRoot/FullBleedGalaxyMap/Planet07Node	1	60.31	397.99	OK	Canvas/HUD/VerticalUIRoot/VerticalSafeAreaRoot/ContentSlot/Dimension1Panel/GalaxyPanel/D1_GalaxyVisualRoot/FullBleedGalaxyMap/Planet07Node	Canvas/HUD/VerticalUIRoot/VerticalSafeAreaRoot/ContentSlot/Dimension1Panel/GalaxyPanel/D1_GalaxyVisualRoot/FullBleedGalaxyMap/Planet07Node
22_ancient_orbits_selected	720	1280	Canvas/HUD/VerticalUIRoot/VerticalSafeAreaRoot/ContentSlot/Dimension1Panel/GalaxyPanel/D1_GalaxyVisualRoot/FullBleedGalaxyMap/Planet07Node	2	152.31	397.99	OK	Canvas/HUD/VerticalUIRoot/VerticalSafeAreaRoot/ContentSlot/Dimension1Panel/GalaxyPanel/D1_GalaxyVisualRoot/FullBleedGalaxyMap/Planet07Node	Canvas/HUD/VerticalUIRoot/VerticalSafeAreaRoot/ContentSlot/Dimension1Panel/GalaxyPanel/D1_GalaxyVisualRoot/FullBleedGalaxyMap/Planet07Node
22_ancient_orbits_selected	720	1280	Canvas/HUD/VerticalUIRoot/VerticalSafeAreaRoot/ContentSlot/Dimension1Panel/GalaxyPanel/D1_GalaxyVisualRoot/FullBleedGalaxyMap/Planet07Node	3	60.31	469.99	OK	Canvas/HUD/VerticalUIRoot/VerticalSafeAreaRoot/ContentSlot/Dimension1Panel/GalaxyPanel/D1_GalaxyVisualRoot/FullBleedGalaxyMap/Planet07Node	Canvas/HUD/VerticalUIRoot/VerticalSafeAreaRoot/ContentSlot/Dimension1Panel/GalaxyPanel/D1_GalaxyVisualRoot/FullBleedGalaxyMap/Planet07Node
22_ancient_orbits_selected	720	1280	Canvas/HUD/VerticalUIRoot/VerticalSafeAreaRoot/ContentSlot/Dimension1Panel/GalaxyPanel/D1_GalaxyVisualRoot/FullBleedGalaxyMap/Planet07Node	4	152.31	469.99	OK	Canvas/HUD/VerticalUIRoot/VerticalSafeAreaRoot/ContentSlot/Dimension1Panel/GalaxyPanel/D1_GalaxyVisualRoot/FullBleedGalaxyMap/Planet07Node	Canvas/HUD/VerticalUIRoot/VerticalSafeAreaRoot/ContentSlot/Dimension1Panel/GalaxyPanel/D1_GalaxyVisualRoot/FullBleedGalaxyMap/Planet07Node
22_ancient_orbits_selected	720	1280	Canvas/HUD/VerticalUIRoot/VerticalSafeAreaRoot/ContentSlot/Dimension1Panel/GalaxyPanel/D1_GalaxyVisualRoot/D1BottomNavigation/RELIQUIASButton	0	496.00	73.33	OK	Canvas/HUD/VerticalUIRoot/VerticalSafeAreaRoot/ContentSlot/Dimension1Panel/GalaxyPanel/D1_GalaxyVisualRoot/D1BottomNavigation/RELIQUIASButton	Canvas/HUD/VerticalUIRoot/VerticalSafeAreaRoot/ContentSlot/Dimension1Panel/GalaxyPanel/D1_GalaxyVisualRoot/D1BottomNavigation/RELIQUIASButton
22_ancient_orbits_selected	720	1280	Canvas/HUD/VerticalUIRoot/VerticalSafeAreaRoot/ContentSlot/Dimension1Panel/GalaxyPanel/D1_GalaxyVisualRoot/D1BottomNavigation/RELIQUIASButton	1	456.40	38.13	OK	Canvas/HUD/VerticalUIRoot/VerticalSafeAreaRoot/ContentSlot/Dimension1Panel/GalaxyPanel/D1_GalaxyVisualRoot/D1BottomNavigation/RELIQUIASButton	Canvas/HUD/VerticalUIRoot/VerticalSafeAreaRoot/ContentSlot/Dimension1Panel/GalaxyPanel/D1_GalaxyVisualRoot/D1BottomNavigation/RELIQUIASButton
22_ancient_orbits_selected	720	1280	Canvas/HUD/VerticalUIRoot/VerticalSafeAreaRoot/ContentSlot/Dimension1Panel/GalaxyPanel/D1_GalaxyVisualRoot/D1BottomNavigation/RELIQUIASButton	2	535.60	38.13	OK	Canvas/HUD/VerticalUIRoot/VerticalSafeAreaRoot/ContentSlot/Dimension1Panel/GalaxyPanel/D1_GalaxyVisualRoot/D1BottomNavigation/RELIQUIASButton	Canvas/HUD/VerticalUIRoot/VerticalSafeAreaRoot/ContentSlot/Dimension1Panel/GalaxyPanel/D1_GalaxyVisualRoot/D1BottomNavigation/RELIQUIASButton
22_ancient_orbits_selected	720	1280	Canvas/HUD/VerticalUIRoot/VerticalSafeAreaRoot/ContentSlot/Dimension1Panel/GalaxyPanel/D1_GalaxyVisualRoot/D1BottomNavigation/RELIQUIASButton	3	456.40	108.53	OK	Canvas/HUD/VerticalUIRoot/VerticalSafeAreaRoot/ContentSlot/Dimension1Panel/GalaxyPanel/D1_GalaxyVisualRoot/D1BottomNavigation/RELIQUIASButton	Canvas/HUD/VerticalUIRoot/VerticalSafeAreaRoot/ContentSlot/Dimension1Panel/GalaxyPanel/D1_GalaxyVisualRoot/D1BottomNavigation/RELIQUIASButton
22_ancient_orbits_selected	720	1280	Canvas/HUD/VerticalUIRoot/VerticalSafeAreaRoot/ContentSlot/Dimension1Panel/GalaxyPanel/D1_GalaxyVisualRoot/D1BottomNavigation/RELIQUIASButton	4	535.60	108.53	OK	Canvas/HUD/VerticalUIRoot/VerticalSafeAreaRoot/ContentSlot/Dimension1Panel/GalaxyPanel/D1_GalaxyVisualRoot/D1BottomNavigation/RELIQUIASButton	Canvas/HUD/VerticalUIRoot/VerticalSafeAreaRoot/ContentSlot/Dimension1Panel/GalaxyPanel/D1_GalaxyVisualRoot/D1BottomNavigation/RELIQUIASButton
22_ancient_orbits_selected	720	1280	Canvas/HUD/VerticalUIRoot/VerticalSafeAreaRoot/ContentSlot/Dimension1Panel/GalaxyPanel/D1_GalaxyVisualRoot/FullBleedGalaxyMap/GalacticCenter	0	360.00	672.00	OK	Canvas/HUD/VerticalUIRoot/VerticalSafeAreaRoot/ContentSlot/Dimension1Panel/GalaxyPanel/D1_GalaxyVisualRoot/FullBleedGalaxyMap/GalacticCenter	Canvas/HUD/VerticalUIRoot/VerticalSafeAreaRoot/ContentSlot/Dimension1Panel/GalaxyPanel/D1_GalaxyVisualRoot/FullBleedGalaxyMap/GalacticCenter
22_ancient_orbits_selected	720	1280	Canvas/HUD/VerticalUIRoot/VerticalSafeAreaRoot/ContentSlot/Dimension1Panel/GalaxyPanel/D1_GalaxyVisualRoot/FullBleedGalaxyMap/GalacticCenter	1	270.00	584.00	INTERCEPTED	Canvas/HUD/VerticalUIRoot/VerticalSafeAreaRoot/ContentSlot/Dimension1Panel/GalaxyPanel/D1_GalaxyVisualRoot/FullBleedGalaxyMap/Planet02Node	Canvas/HUD/VerticalUIRoot/VerticalSafeAreaRoot/ContentSlot/Dimension1Panel/GalaxyPanel/D1_GalaxyVisualRoot/FullBleedGalaxyMap/Planet02Node
22_ancient_orbits_selected	720	1280	Canvas/HUD/VerticalUIRoot/VerticalSafeAreaRoot/ContentSlot/Dimension1Panel/GalaxyPanel/D1_GalaxyVisualRoot/FullBleedGalaxyMap/GalacticCenter	2	450.00	584.00	OK	Canvas/HUD/VerticalUIRoot/VerticalSafeAreaRoot/ContentSlot/Dimension1Panel/GalaxyPanel/D1_GalaxyVisualRoot/FullBleedGalaxyMap/GalacticCenter	Canvas/HUD/VerticalUIRoot/VerticalSafeAreaRoot/ContentSlot/Dimension1Panel/GalaxyPanel/D1_GalaxyVisualRoot/FullBleedGalaxyMap/GalacticCenter
22_ancient_orbits_selected	720	1280	Canvas/HUD/VerticalUIRoot/VerticalSafeAreaRoot/ContentSlot/Dimension1Panel/GalaxyPanel/D1_GalaxyVisualRoot/FullBleedGalaxyMap/GalacticCenter	3	270.00	760.00	OK	Canvas/HUD/VerticalUIRoot/VerticalSafeAreaRoot/ContentSlot/Dimension1Panel/GalaxyPanel/D1_GalaxyVisualRoot/FullBleedGalaxyMap/GalacticCenter	Canvas/HUD/VerticalUIRoot/VerticalSafeAreaRoot/ContentSlot/Dimension1Panel/GalaxyPanel/D1_GalaxyVisualRoot/FullBleedGalaxyMap/GalacticCenter
22_ancient_orbits_selected	720	1280	Canvas/HUD/VerticalUIRoot/VerticalSafeAreaRoot/ContentSlot/Dimension1Panel/GalaxyPanel/D1_GalaxyVisualRoot/FullBleedGalaxyMap/GalacticCenter	4	450.00	760.00	INTERCEPTED	Canvas/HUD/VerticalUIRoot/VerticalSafeAreaRoot/ContentSlot/Dimension1Panel/GalaxyPanel/D1_GalaxyVisualRoot/FullBleedGalaxyMap/Sector01	Canvas/HUD/VerticalUIRoot/VerticalSafeAreaRoot/ContentSlot/Dimension1Panel/GalaxyPanel/D1_GalaxyVisualRoot/FullBleedGalaxyMap/Sector01
22_ancient_orbits_selected	720	1280	Canvas/HUD/VerticalUIRoot/VerticalSafeAreaRoot/ContentSlot/Dimension1Panel/GalaxyPanel/D1_GalaxyVisualRoot/D1BottomNavigation/HANGARButton	0	358.00	73.33	OK	Canvas/HUD/VerticalUIRoot/VerticalSafeAreaRoot/ContentSlot/Dimension1Panel/GalaxyPanel/D1_GalaxyVisualRoot/D1BottomNavigation/HANGARButton	Canvas/HUD/VerticalUIRoot/VerticalSafeAreaRoot/ContentSlot/Dimension1Panel/GalaxyPanel/D1_GalaxyVisualRoot/D1BottomNavigation/HANGARButton
22_ancient_orbits_selected	720	1280	Canvas/HUD/VerticalUIRoot/VerticalSafeAreaRoot/ContentSlot/Dimension1Panel/GalaxyPanel/D1_GalaxyVisualRoot/D1BottomNavigation/HANGARButton	1	318.40	38.13	OK	Canvas/HUD/VerticalUIRoot/VerticalSafeAreaRoot/ContentSlot/Dimension1Panel/GalaxyPanel/D1_GalaxyVisualRoot/D1BottomNavigation/HANGARButton	Canvas/HUD/VerticalUIRoot/VerticalSafeAreaRoot/ContentSlot/Dimension1Panel/GalaxyPanel/D1_GalaxyVisualRoot/D1BottomNavigation/HANGARButton
22_ancient_orbits_selected	720	1280	Canvas/HUD/VerticalUIRoot/VerticalSafeAreaRoot/ContentSlot/Dimension1Panel/GalaxyPanel/D1_GalaxyVisualRoot/D1BottomNavigation/HANGARButton	2	397.60	38.13	OK	Canvas/HUD/VerticalUIRoot/VerticalSafeAreaRoot/ContentSlot/Dimension1Panel/GalaxyPanel/D1_GalaxyVisualRoot/D1BottomNavigation/HANGARButton	Canvas/HUD/VerticalUIRoot/VerticalSafeAreaRoot/ContentSlot/Dimension1Panel/GalaxyPanel/D1_GalaxyVisualRoot/D1BottomNavigation/HANGARButton
22_ancient_orbits_selected	720	1280	Canvas/HUD/VerticalUIRoot/VerticalSafeAreaRoot/ContentSlot/Dimension1Panel/GalaxyPanel/D1_GalaxyVisualRoot/D1BottomNavigation/HANGARButton	3	318.40	108.53	OK	Canvas/HUD/VerticalUIRoot/VerticalSafeAreaRoot/ContentSlot/Dimension1Panel/GalaxyPanel/D1_GalaxyVisualRoot/D1BottomNavigation/HANGARButton	Canvas/HUD/VerticalUIRoot/VerticalSafeAreaRoot/ContentSlot/Dimension1Panel/GalaxyPanel/D1_GalaxyVisualRoot/D1BottomNavigation/HANGARButton
22_ancient_orbits_selected	720	1280	Canvas/HUD/VerticalUIRoot/VerticalSafeAreaRoot/ContentSlot/Dimension1Panel/GalaxyPanel/D1_GalaxyVisualRoot/D1BottomNavigation/HANGARButton	4	397.60	108.53	OK	Canvas/HUD/VerticalUIRoot/VerticalSafeAreaRoot/ContentSlot/Dimension1Panel/GalaxyPanel/D1_GalaxyVisualRoot/D1BottomNavigation/HANGARButton	Canvas/HUD/VerticalUIRoot/VerticalSafeAreaRoot/ContentSlot/Dimension1Panel/GalaxyPanel/D1_GalaxyVisualRoot/D1BottomNavigation/HANGARButton
22_ancient_orbits_selected	720	1280	Canvas/HUD/VerticalUIRoot/VerticalSafeAreaRoot/ContentSlot/Dimension1Panel/GalaxyPanel/D1_GalaxyVisualRoot/FullBleedGalaxyMap/Planet02Node	0	234.23	575.33	OK	Canvas/HUD/VerticalUIRoot/VerticalSafeAreaRoot/ContentSlot/Dimension1Panel/GalaxyPanel/D1_GalaxyVisualRoot/FullBleedGalaxyMap/Planet02Node	Canvas/HUD/VerticalUIRoot/VerticalSafeAreaRoot/ContentSlot/Dimension1Panel/GalaxyPanel/D1_GalaxyVisualRoot/FullBleedGalaxyMap/Planet02Node
22_ancient_orbits_selected	720	1280	Canvas/HUD/VerticalUIRoot/VerticalSafeAreaRoot/ContentSlot/Dimension1Panel/GalaxyPanel/D1_GalaxyVisualRoot/FullBleedGalaxyMap/Planet02Node	1	188.23	536.53	OK	Canvas/HUD/VerticalUIRoot/VerticalSafeAreaRoot/ContentSlot/Dimension1Panel/GalaxyPanel/D1_GalaxyVisualRoot/FullBleedGalaxyMap/Planet02Node	Canvas/HUD/VerticalUIRoot/VerticalSafeAreaRoot/ContentSlot/Dimension1Panel/GalaxyPanel/D1_GalaxyVisualRoot/FullBleedGalaxyMap/Planet02Node
22_ancient_orbits_selected	720	1280	Canvas/HUD/VerticalUIRoot/VerticalSafeAreaRoot/ContentSlot/Dimension1Panel/GalaxyPanel/D1_GalaxyVisualRoot/FullBleedGalaxyMap/Planet02Node	2	280.23	536.53	OK	Canvas/HUD/VerticalUIRoot/VerticalSafeAreaRoot/ContentSlot/Dimension1Panel/GalaxyPanel/D1_GalaxyVisualRoot/FullBleedGalaxyMap/Planet02Node	Canvas/HUD/VerticalUIRoot/VerticalSafeAreaRoot/ContentSlot/Dimension1Panel/GalaxyPanel/D1_GalaxyVisualRoot/FullBleedGalaxyMap/Planet02Node
22_ancient_orbits_selected	720	1280	Canvas/HUD/VerticalUIRoot/VerticalSafeAreaRoot/ContentSlot/Dimension1Panel/GalaxyPanel/D1_GalaxyVisualRoot/FullBleedGalaxyMap/Planet02Node	3	188.23	614.13	OK	Canvas/HUD/VerticalUIRoot/VerticalSafeAreaRoot/ContentSlot/Dimension1Panel/GalaxyPanel/D1_GalaxyVisualRoot/FullBleedGalaxyMap/Planet02Node	Canvas/HUD/VerticalUIRoot/VerticalSafeAreaRoot/ContentSlot/Dimension1Panel/GalaxyPanel/D1_GalaxyVisualRoot/FullBleedGalaxyMap/Planet02Node
22_ancient_orbits_selected	720	1280	Canvas/HUD/VerticalUIRoot/VerticalSafeAreaRoot/ContentSlot/Dimension1Panel/GalaxyPanel/D1_GalaxyVisualRoot/FullBleedGalaxyMap/Planet02Node	4	280.23	614.13	OK	Canvas/HUD/VerticalUIRoot/VerticalSafeAreaRoot/ContentSlot/Dimension1Panel/GalaxyPanel/D1_GalaxyVisualRoot/FullBleedGalaxyMap/Planet02Node	Canvas/HUD/VerticalUIRoot/VerticalSafeAreaRoot/ContentSlot/Dimension1Panel/GalaxyPanel/D1_GalaxyVisualRoot/FullBleedGalaxyMap/Planet02Node
22_ancient_orbits_selected	720	1280	Canvas/HUD/VerticalUIRoot/VerticalSafeAreaRoot/ContentSlot/Dimension1Panel/GalaxyPanel/D1_GalaxyVisualRoot/AllMetals	0	614.33	1178.67	OK	Canvas/HUD/VerticalUIRoot/VerticalSafeAreaRoot/ContentSlot/Dimension1Panel/GalaxyPanel/D1_GalaxyVisualRoot/AllMetals	Canvas/HUD/VerticalUIRoot/VerticalSafeAreaRoot/ContentSlot/Dimension1Panel/GalaxyPanel/D1_GalaxyVisualRoot/AllMetals
22_ancient_orbits_selected	720	1280	Canvas/HUD/VerticalUIRoot/VerticalSafeAreaRoot/ContentSlot/Dimension1Panel/GalaxyPanel/D1_GalaxyVisualRoot/AllMetals	1	565.33	1158.67	OK	Canvas/HUD/VerticalUIRoot/VerticalSafeAreaRoot/ContentSlot/Dimension1Panel/GalaxyPanel/D1_GalaxyVisualRoot/AllMetals	Canvas/HUD/VerticalUIRoot/VerticalSafeAreaRoot/ContentSlot/Dimension1Panel/GalaxyPanel/D1_GalaxyVisualRoot/AllMetals
22_ancient_orbits_selected	720	1280	Canvas/HUD/VerticalUIRoot/VerticalSafeAreaRoot/ContentSlot/Dimension1Panel/GalaxyPanel/D1_GalaxyVisualRoot/AllMetals	2	663.33	1158.67	OK	Canvas/HUD/VerticalUIRoot/VerticalSafeAreaRoot/ContentSlot/Dimension1Panel/GalaxyPanel/D1_GalaxyVisualRoot/AllMetals	Canvas/HUD/VerticalUIRoot/VerticalSafeAreaRoot/ContentSlot/Dimension1Panel/GalaxyPanel/D1_GalaxyVisualRoot/AllMetals
22_ancient_orbits_selected	720	1280	Canvas/HUD/VerticalUIRoot/VerticalSafeAreaRoot/ContentSlot/Dimension1Panel/GalaxyPanel/D1_GalaxyVisualRoot/AllMetals	3	565.33	1198.67	OK	Canvas/HUD/VerticalUIRoot/VerticalSafeAreaRoot/ContentSlot/Dimension1Panel/GalaxyPanel/D1_GalaxyVisualRoot/AllMetals	Canvas/HUD/VerticalUIRoot/VerticalSafeAreaRoot/ContentSlot/Dimension1Panel/GalaxyPanel/D1_GalaxyVisualRoot/AllMetals
22_ancient_orbits_selected	720	1280	Canvas/HUD/VerticalUIRoot/VerticalSafeAreaRoot/ContentSlot/Dimension1Panel/GalaxyPanel/D1_GalaxyVisualRoot/AllMetals	4	663.33	1198.67	OK	Canvas/HUD/VerticalUIRoot/VerticalSafeAreaRoot/ContentSlot/Dimension1Panel/GalaxyPanel/D1_GalaxyVisualRoot/AllMetals	Canvas/HUD/VerticalUIRoot/VerticalSafeAreaRoot/ContentSlot/Dimension1Panel/GalaxyPanel/D1_GalaxyVisualRoot/AllMetals
22_ancient_orbits_selected	720	1280	Canvas/HUD/VerticalUIRoot/VerticalSafeAreaRoot/ContentSlot/Dimension1Panel/GalaxyPanel/D1_GalaxyVisualRoot/SectorDetails/SelectedData/EnterSectorButton	0	129.00	178.00	OK	Canvas/HUD/VerticalUIRoot/VerticalSafeAreaRoot/ContentSlot/Dimension1Panel/GalaxyPanel/D1_GalaxyVisualRoot/SectorDetails/SelectedData/EnterSectorButton/Fill	Canvas/HUD/VerticalUIRoot/VerticalSafeAreaRoot/ContentSlot/Dimension1Panel/GalaxyPanel/D1_GalaxyVisualRoot/SectorDetails/SelectedData/EnterSectorButton
22_ancient_orbits_selected	720	1280	Canvas/HUD/VerticalUIRoot/VerticalSafeAreaRoot/ContentSlot/Dimension1Panel/GalaxyPanel/D1_GalaxyVisualRoot/SectorDetails/SelectedData/EnterSectorButton	1	82.00	165.60	OK	Canvas/HUD/VerticalUIRoot/VerticalSafeAreaRoot/ContentSlot/Dimension1Panel/GalaxyPanel/D1_GalaxyVisualRoot/SectorDetails/SelectedData/EnterSectorButton/Fill	Canvas/HUD/VerticalUIRoot/VerticalSafeAreaRoot/ContentSlot/Dimension1Panel/GalaxyPanel/D1_GalaxyVisualRoot/SectorDetails/SelectedData/EnterSectorButton
22_ancient_orbits_selected	720	1280	Canvas/HUD/VerticalUIRoot/VerticalSafeAreaRoot/ContentSlot/Dimension1Panel/GalaxyPanel/D1_GalaxyVisualRoot/SectorDetails/SelectedData/EnterSectorButton	2	176.00	165.60	OK	Canvas/HUD/VerticalUIRoot/VerticalSafeAreaRoot/ContentSlot/Dimension1Panel/GalaxyPanel/D1_GalaxyVisualRoot/SectorDetails/SelectedData/EnterSectorButton/Fill	Canvas/HUD/VerticalUIRoot/VerticalSafeAreaRoot/ContentSlot/Dimension1Panel/GalaxyPanel/D1_GalaxyVisualRoot/SectorDetails/SelectedData/EnterSectorButton
22_ancient_orbits_selected	720	1280	Canvas/HUD/VerticalUIRoot/VerticalSafeAreaRoot/ContentSlot/Dimension1Panel/GalaxyPanel/D1_GalaxyVisualRoot/SectorDetails/SelectedData/EnterSectorButton	3	82.00	190.40	OK	Canvas/HUD/VerticalUIRoot/VerticalSafeAreaRoot/ContentSlot/Dimension1Panel/GalaxyPanel/D1_GalaxyVisualRoot/SectorDetails/SelectedData/EnterSectorButton/Fill	Canvas/HUD/VerticalUIRoot/VerticalSafeAreaRoot/ContentSlot/Dimension1Panel/GalaxyPanel/D1_GalaxyVisualRoot/SectorDetails/SelectedData/EnterSectorButton
22_ancient_orbits_selected	720	1280	Canvas/HUD/VerticalUIRoot/VerticalSafeAreaRoot/ContentSlot/Dimension1Panel/GalaxyPanel/D1_GalaxyVisualRoot/SectorDetails/SelectedData/EnterSectorButton	4	176.00	190.40	OK	Canvas/HUD/VerticalUIRoot/VerticalSafeAreaRoot/ContentSlot/Dimension1Panel/GalaxyPanel/D1_GalaxyVisualRoot/SectorDetails/SelectedData/EnterSectorButton/Fill	Canvas/HUD/VerticalUIRoot/VerticalSafeAreaRoot/ContentSlot/Dimension1Panel/GalaxyPanel/D1_GalaxyVisualRoot/SectorDetails/SelectedData/EnterSectorButton
22_ancient_orbits_selected	720	1280	Canvas/HUD/VerticalUIRoot/VerticalSafeAreaRoot/ContentSlot/Dimension1Panel/GalaxyPanel/D1_GalaxyVisualRoot/FullBleedGalaxyMap/Planet05Node	0	484.82	828.24	OK	Canvas/HUD/VerticalUIRoot/VerticalSafeAreaRoot/ContentSlot/Dimension1Panel/GalaxyPanel/D1_GalaxyVisualRoot/FullBleedGalaxyMap/Planet05Node	Canvas/HUD/VerticalUIRoot/VerticalSafeAreaRoot/ContentSlot/Dimension1Panel/GalaxyPanel/D1_GalaxyVisualRoot/FullBleedGalaxyMap/Planet05Node
22_ancient_orbits_selected	720	1280	Canvas/HUD/VerticalUIRoot/VerticalSafeAreaRoot/ContentSlot/Dimension1Panel/GalaxyPanel/D1_GalaxyVisualRoot/FullBleedGalaxyMap/Planet05Node	1	438.82	790.24	OK	Canvas/HUD/VerticalUIRoot/VerticalSafeAreaRoot/ContentSlot/Dimension1Panel/GalaxyPanel/D1_GalaxyVisualRoot/FullBleedGalaxyMap/Planet05Node	Canvas/HUD/VerticalUIRoot/VerticalSafeAreaRoot/ContentSlot/Dimension1Panel/GalaxyPanel/D1_GalaxyVisualRoot/FullBleedGalaxyMap/Planet05Node
22_ancient_orbits_selected	720	1280	Canvas/HUD/VerticalUIRoot/VerticalSafeAreaRoot/ContentSlot/Dimension1Panel/GalaxyPanel/D1_GalaxyVisualRoot/FullBleedGalaxyMap/Planet05Node	2	530.82	790.24	OK	Canvas/HUD/VerticalUIRoot/VerticalSafeAreaRoot/ContentSlot/Dimension1Panel/GalaxyPanel/D1_GalaxyVisualRoot/FullBleedGalaxyMap/Planet05Node	Canvas/HUD/VerticalUIRoot/VerticalSafeAreaRoot/ContentSlot/Dimension1Panel/GalaxyPanel/D1_GalaxyVisualRoot/FullBleedGalaxyMap/Planet05Node
22_ancient_orbits_selected	720	1280	Canvas/HUD/VerticalUIRoot/VerticalSafeAreaRoot/ContentSlot/Dimension1Panel/GalaxyPanel/D1_GalaxyVisualRoot/FullBleedGalaxyMap/Planet05Node	3	438.82	866.24	OK	Canvas/HUD/VerticalUIRoot/VerticalSafeAreaRoot/ContentSlot/Dimension1Panel/GalaxyPanel/D1_GalaxyVisualRoot/FullBleedGalaxyMap/Planet05Node	Canvas/HUD/VerticalUIRoot/VerticalSafeAreaRoot/ContentSlot/Dimension1Panel/GalaxyPanel/D1_GalaxyVisualRoot/FullBleedGalaxyMap/Planet05Node
22_ancient_orbits_selected	720	1280	Canvas/HUD/VerticalUIRoot/VerticalSafeAreaRoot/ContentSlot/Dimension1Panel/GalaxyPanel/D1_GalaxyVisualRoot/FullBleedGalaxyMap/Planet05Node	4	530.82	866.24	OK	Canvas/HUD/VerticalUIRoot/VerticalSafeAreaRoot/ContentSlot/Dimension1Panel/GalaxyPanel/D1_GalaxyVisualRoot/FullBleedGalaxyMap/Planet05Node	Canvas/HUD/VerticalUIRoot/VerticalSafeAreaRoot/ContentSlot/Dimension1Panel/GalaxyPanel/D1_GalaxyVisualRoot/FullBleedGalaxyMap/Planet05Node
22_ancient_orbits_selected	720	1280	Canvas/HUD/VerticalUIRoot/VerticalSafeAreaRoot/ContentSlot/Dimension1Panel/GalaxyPanel/D1_GalaxyVisualRoot/FullBleedGalaxyMap/Sector02	0	611.11	632.61	OK	Canvas/HUD/VerticalUIRoot/VerticalSafeAreaRoot/ContentSlot/Dimension1Panel/GalaxyPanel/D1_GalaxyVisualRoot/FullBleedGalaxyMap/Sector02	Canvas/HUD/VerticalUIRoot/VerticalSafeAreaRoot/ContentSlot/Dimension1Panel/GalaxyPanel/D1_GalaxyVisualRoot/FullBleedGalaxyMap/Sector02
22_ancient_orbits_selected	720	1280	Canvas/HUD/VerticalUIRoot/VerticalSafeAreaRoot/ContentSlot/Dimension1Panel/GalaxyPanel/D1_GalaxyVisualRoot/FullBleedGalaxyMap/Sector02	1	551.11	585.41	OK	Canvas/HUD/VerticalUIRoot/VerticalSafeAreaRoot/ContentSlot/Dimension1Panel/GalaxyPanel/D1_GalaxyVisualRoot/FullBleedGalaxyMap/Sector02	Canvas/HUD/VerticalUIRoot/VerticalSafeAreaRoot/ContentSlot/Dimension1Panel/GalaxyPanel/D1_GalaxyVisualRoot/FullBleedGalaxyMap/Sector02
22_ancient_orbits_selected	720	1280	Canvas/HUD/VerticalUIRoot/VerticalSafeAreaRoot/ContentSlot/Dimension1Panel/GalaxyPanel/D1_GalaxyVisualRoot/FullBleedGalaxyMap/Sector02	2	671.11	585.41	OK	Canvas/HUD/VerticalUIRoot/VerticalSafeAreaRoot/ContentSlot/Dimension1Panel/GalaxyPanel/D1_GalaxyVisualRoot/FullBleedGalaxyMap/Sector02	Canvas/HUD/VerticalUIRoot/VerticalSafeAreaRoot/ContentSlot/Dimension1Panel/GalaxyPanel/D1_GalaxyVisualRoot/FullBleedGalaxyMap/Sector02
22_ancient_orbits_selected	720	1280	Canvas/HUD/VerticalUIRoot/VerticalSafeAreaRoot/ContentSlot/Dimension1Panel/GalaxyPanel/D1_GalaxyVisualRoot/FullBleedGalaxyMap/Sector02	3	551.11	679.81	OK	Canvas/HUD/VerticalUIRoot/VerticalSafeAreaRoot/ContentSlot/Dimension1Panel/GalaxyPanel/D1_GalaxyVisualRoot/FullBleedGalaxyMap/Sector02	Canvas/HUD/VerticalUIRoot/VerticalSafeAreaRoot/ContentSlot/Dimension1Panel/GalaxyPanel/D1_GalaxyVisualRoot/FullBleedGalaxyMap/Sector02
22_ancient_orbits_selected	720	1280	Canvas/HUD/VerticalUIRoot/VerticalSafeAreaRoot/ContentSlot/Dimension1Panel/GalaxyPanel/D1_GalaxyVisualRoot/FullBleedGalaxyMap/Sector02	4	671.11	679.81	OK	Canvas/HUD/VerticalUIRoot/VerticalSafeAreaRoot/ContentSlot/Dimension1Panel/GalaxyPanel/D1_GalaxyVisualRoot/FullBleedGalaxyMap/Sector02	Canvas/HUD/VerticalUIRoot/VerticalSafeAreaRoot/ContentSlot/Dimension1Panel/GalaxyPanel/D1_GalaxyVisualRoot/FullBleedGalaxyMap/Sector02
22_ancient_orbits_selected	720	1280	Canvas/HUD/VerticalUIRoot/VerticalSafeAreaRoot/ContentSlot/Dimension1Panel/GalaxyPanel/D1_GalaxyVisualRoot/CommandCenterBack	0	74.67	1178.67	OK	Canvas/HUD/VerticalUIRoot/VerticalSafeAreaRoot/ContentSlot/Dimension1Panel/GalaxyPanel/D1_GalaxyVisualRoot/CommandCenterBack	Canvas/HUD/VerticalUIRoot/VerticalSafeAreaRoot/ContentSlot/Dimension1Panel/GalaxyPanel/D1_GalaxyVisualRoot/CommandCenterBack
22_ancient_orbits_selected	720	1280	Canvas/HUD/VerticalUIRoot/VerticalSafeAreaRoot/ContentSlot/Dimension1Panel/GalaxyPanel/D1_GalaxyVisualRoot/CommandCenterBack	1	39.47	1158.67	OK	Canvas/HUD/VerticalUIRoot/VerticalSafeAreaRoot/ContentSlot/Dimension1Panel/GalaxyPanel/D1_GalaxyVisualRoot/CommandCenterBack	Canvas/HUD/VerticalUIRoot/VerticalSafeAreaRoot/ContentSlot/Dimension1Panel/GalaxyPanel/D1_GalaxyVisualRoot/CommandCenterBack
22_ancient_orbits_selected	720	1280	Canvas/HUD/VerticalUIRoot/VerticalSafeAreaRoot/ContentSlot/Dimension1Panel/GalaxyPanel/D1_GalaxyVisualRoot/CommandCenterBack	2	109.87	1158.67	OK	Canvas/HUD/VerticalUIRoot/VerticalSafeAreaRoot/ContentSlot/Dimension1Panel/GalaxyPanel/D1_GalaxyVisualRoot/CommandCenterBack	Canvas/HUD/VerticalUIRoot/VerticalSafeAreaRoot/ContentSlot/Dimension1Panel/GalaxyPanel/D1_GalaxyVisualRoot/CommandCenterBack
22_ancient_orbits_selected	720	1280	Canvas/HUD/VerticalUIRoot/VerticalSafeAreaRoot/ContentSlot/Dimension1Panel/GalaxyPanel/D1_GalaxyVisualRoot/CommandCenterBack	3	39.47	1198.67	OK	Canvas/HUD/VerticalUIRoot/VerticalSafeAreaRoot/ContentSlot/Dimension1Panel/GalaxyPanel/D1_GalaxyVisualRoot/CommandCenterBack	Canvas/HUD/VerticalUIRoot/VerticalSafeAreaRoot/ContentSlot/Dimension1Panel/GalaxyPanel/D1_GalaxyVisualRoot/CommandCenterBack
22_ancient_orbits_selected	720	1280	Canvas/HUD/VerticalUIRoot/VerticalSafeAreaRoot/ContentSlot/Dimension1Panel/GalaxyPanel/D1_GalaxyVisualRoot/CommandCenterBack	4	109.87	1198.67	OK	Canvas/HUD/VerticalUIRoot/VerticalSafeAreaRoot/ContentSlot/Dimension1Panel/GalaxyPanel/D1_GalaxyVisualRoot/CommandCenterBack	Canvas/HUD/VerticalUIRoot/VerticalSafeAreaRoot/ContentSlot/Dimension1Panel/GalaxyPanel/D1_GalaxyVisualRoot/CommandCenterBack
22_ancient_orbits_selected	720	1280	Canvas/HUD/VerticalUIRoot/VerticalSafeAreaRoot/ContentSlot/Dimension1Panel/GalaxyPanel/D1_GalaxyVisualRoot/FullBleedGalaxyMap/Sector04	0	580.88	420.71	OK	Canvas/HUD/VerticalUIRoot/VerticalSafeAreaRoot/ContentSlot/Dimension1Panel/GalaxyPanel/D1_GalaxyVisualRoot/FullBleedGalaxyMap/Sector04	Canvas/HUD/VerticalUIRoot/VerticalSafeAreaRoot/ContentSlot/Dimension1Panel/GalaxyPanel/D1_GalaxyVisualRoot/FullBleedGalaxyMap/Sector04
22_ancient_orbits_selected	720	1280	Canvas/HUD/VerticalUIRoot/VerticalSafeAreaRoot/ContentSlot/Dimension1Panel/GalaxyPanel/D1_GalaxyVisualRoot/FullBleedGalaxyMap/Sector04	1	534.88	383.51	OK	Canvas/HUD/VerticalUIRoot/VerticalSafeAreaRoot/ContentSlot/Dimension1Panel/GalaxyPanel/D1_GalaxyVisualRoot/FullBleedGalaxyMap/Sector04	Canvas/HUD/VerticalUIRoot/VerticalSafeAreaRoot/ContentSlot/Dimension1Panel/GalaxyPanel/D1_GalaxyVisualRoot/FullBleedGalaxyMap/Sector04
22_ancient_orbits_selected	720	1280	Canvas/HUD/VerticalUIRoot/VerticalSafeAreaRoot/ContentSlot/Dimension1Panel/GalaxyPanel/D1_GalaxyVisualRoot/FullBleedGalaxyMap/Sector04	2	626.88	383.51	OK	Canvas/HUD/VerticalUIRoot/VerticalSafeAreaRoot/ContentSlot/Dimension1Panel/GalaxyPanel/D1_GalaxyVisualRoot/FullBleedGalaxyMap/Sector04	Canvas/HUD/VerticalUIRoot/VerticalSafeAreaRoot/ContentSlot/Dimension1Panel/GalaxyPanel/D1_GalaxyVisualRoot/FullBleedGalaxyMap/Sector04
22_ancient_orbits_selected	720	1280	Canvas/HUD/VerticalUIRoot/VerticalSafeAreaRoot/ContentSlot/Dimension1Panel/GalaxyPanel/D1_GalaxyVisualRoot/FullBleedGalaxyMap/Sector04	3	534.88	457.91	OK	Canvas/HUD/VerticalUIRoot/VerticalSafeAreaRoot/ContentSlot/Dimension1Panel/GalaxyPanel/D1_GalaxyVisualRoot/FullBleedGalaxyMap/Sector04	Canvas/HUD/VerticalUIRoot/VerticalSafeAreaRoot/ContentSlot/Dimension1Panel/GalaxyPanel/D1_GalaxyVisualRoot/FullBleedGalaxyMap/Sector04
22_ancient_orbits_selected	720	1280	Canvas/HUD/VerticalUIRoot/VerticalSafeAreaRoot/ContentSlot/Dimension1Panel/GalaxyPanel/D1_GalaxyVisualRoot/FullBleedGalaxyMap/Sector04	4	626.88	457.91	OK	Canvas/HUD/VerticalUIRoot/VerticalSafeAreaRoot/ContentSlot/Dimension1Panel/GalaxyPanel/D1_GalaxyVisualRoot/FullBleedGalaxyMap/Sector04	Canvas/HUD/VerticalUIRoot/VerticalSafeAreaRoot/ContentSlot/Dimension1Panel/GalaxyPanel/D1_GalaxyVisualRoot/FullBleedGalaxyMap/Sector04
22_ancient_orbits_selected	720	1280	Canvas/HUD/VerticalUIRoot/VerticalSafeAreaRoot/ContentSlot/Dimension1Panel/GalaxyPanel/D1_GalaxyVisualRoot/FullBleedGalaxyMap/Sector01	0	458.89	699.22	OK	Canvas/HUD/VerticalUIRoot/VerticalSafeAreaRoot/ContentSlot/Dimension1Panel/GalaxyPanel/D1_GalaxyVisualRoot/FullBleedGalaxyMap/Sector01	Canvas/HUD/VerticalUIRoot/VerticalSafeAreaRoot/ContentSlot/Dimension1Panel/GalaxyPanel/D1_GalaxyVisualRoot/FullBleedGalaxyMap/Sector01
22_ancient_orbits_selected	720	1280	Canvas/HUD/VerticalUIRoot/VerticalSafeAreaRoot/ContentSlot/Dimension1Panel/GalaxyPanel/D1_GalaxyVisualRoot/FullBleedGalaxyMap/Sector01	1	412.89	659.62	OK	Canvas/HUD/VerticalUIRoot/VerticalSafeAreaRoot/ContentSlot/Dimension1Panel/GalaxyPanel/D1_GalaxyVisualRoot/FullBleedGalaxyMap/Sector01	Canvas/HUD/VerticalUIRoot/VerticalSafeAreaRoot/ContentSlot/Dimension1Panel/GalaxyPanel/D1_GalaxyVisualRoot/FullBleedGalaxyMap/Sector01
22_ancient_orbits_selected	720	1280	Canvas/HUD/VerticalUIRoot/VerticalSafeAreaRoot/ContentSlot/Dimension1Panel/GalaxyPanel/D1_GalaxyVisualRoot/FullBleedGalaxyMap/Sector01	2	504.89	659.62	OK	Canvas/HUD/VerticalUIRoot/VerticalSafeAreaRoot/ContentSlot/Dimension1Panel/GalaxyPanel/D1_GalaxyVisualRoot/FullBleedGalaxyMap/Sector01	Canvas/HUD/VerticalUIRoot/VerticalSafeAreaRoot/ContentSlot/Dimension1Panel/GalaxyPanel/D1_GalaxyVisualRoot/FullBleedGalaxyMap/Sector01
22_ancient_orbits_selected	720	1280	Canvas/HUD/VerticalUIRoot/VerticalSafeAreaRoot/ContentSlot/Dimension1Panel/GalaxyPanel/D1_GalaxyVisualRoot/FullBleedGalaxyMap/Sector01	3	412.89	738.82	OK	Canvas/HUD/VerticalUIRoot/VerticalSafeAreaRoot/ContentSlot/Dimension1Panel/GalaxyPanel/D1_GalaxyVisualRoot/FullBleedGalaxyMap/Sector01	Canvas/HUD/VerticalUIRoot/VerticalSafeAreaRoot/ContentSlot/Dimension1Panel/GalaxyPanel/D1_GalaxyVisualRoot/FullBleedGalaxyMap/Sector01
22_ancient_orbits_selected	720	1280	Canvas/HUD/VerticalUIRoot/VerticalSafeAreaRoot/ContentSlot/Dimension1Panel/GalaxyPanel/D1_GalaxyVisualRoot/FullBleedGalaxyMap/Sector01	4	504.89	738.82	OK	Canvas/HUD/VerticalUIRoot/VerticalSafeAreaRoot/ContentSlot/Dimension1Panel/GalaxyPanel/D1_GalaxyVisualRoot/FullBleedGalaxyMap/Sector01	Canvas/HUD/VerticalUIRoot/VerticalSafeAreaRoot/ContentSlot/Dimension1Panel/GalaxyPanel/D1_GalaxyVisualRoot/FullBleedGalaxyMap/Sector01
22_ancient_orbits_selected	720	1280	Canvas/HUD/VerticalUIRoot/VerticalSafeAreaRoot/ContentSlot/Dimension1Panel/GalaxyPanel/D1_GalaxyVisualRoot/FullBleedGalaxyMap/Sector03	0	146.75	790.85	OK	Canvas/HUD/VerticalUIRoot/VerticalSafeAreaRoot/ContentSlot/Dimension1Panel/GalaxyPanel/D1_GalaxyVisualRoot/FullBleedGalaxyMap/Sector03	Canvas/HUD/VerticalUIRoot/VerticalSafeAreaRoot/ContentSlot/Dimension1Panel/GalaxyPanel/D1_GalaxyVisualRoot/FullBleedGalaxyMap/Sector03
22_ancient_orbits_selected	720	1280	Canvas/HUD/VerticalUIRoot/VerticalSafeAreaRoot/ContentSlot/Dimension1Panel/GalaxyPanel/D1_GalaxyVisualRoot/FullBleedGalaxyMap/Sector03	1	100.75	751.25	OK	Canvas/HUD/VerticalUIRoot/VerticalSafeAreaRoot/ContentSlot/Dimension1Panel/GalaxyPanel/D1_GalaxyVisualRoot/FullBleedGalaxyMap/Sector03	Canvas/HUD/VerticalUIRoot/VerticalSafeAreaRoot/ContentSlot/Dimension1Panel/GalaxyPanel/D1_GalaxyVisualRoot/FullBleedGalaxyMap/Sector03
22_ancient_orbits_selected	720	1280	Canvas/HUD/VerticalUIRoot/VerticalSafeAreaRoot/ContentSlot/Dimension1Panel/GalaxyPanel/D1_GalaxyVisualRoot/FullBleedGalaxyMap/Sector03	2	192.75	751.25	OK	Canvas/HUD/VerticalUIRoot/VerticalSafeAreaRoot/ContentSlot/Dimension1Panel/GalaxyPanel/D1_GalaxyVisualRoot/FullBleedGalaxyMap/Sector03	Canvas/HUD/VerticalUIRoot/VerticalSafeAreaRoot/ContentSlot/Dimension1Panel/GalaxyPanel/D1_GalaxyVisualRoot/FullBleedGalaxyMap/Sector03
22_ancient_orbits_selected	720	1280	Canvas/HUD/VerticalUIRoot/VerticalSafeAreaRoot/ContentSlot/Dimension1Panel/GalaxyPanel/D1_GalaxyVisualRoot/FullBleedGalaxyMap/Sector03	3	100.75	830.45	OK	Canvas/HUD/VerticalUIRoot/VerticalSafeAreaRoot/ContentSlot/Dimension1Panel/GalaxyPanel/D1_GalaxyVisualRoot/FullBleedGalaxyMap/Sector03	Canvas/HUD/VerticalUIRoot/VerticalSafeAreaRoot/ContentSlot/Dimension1Panel/GalaxyPanel/D1_GalaxyVisualRoot/FullBleedGalaxyMap/Sector03
22_ancient_orbits_selected	720	1280	Canvas/HUD/VerticalUIRoot/VerticalSafeAreaRoot/ContentSlot/Dimension1Panel/GalaxyPanel/D1_GalaxyVisualRoot/FullBleedGalaxyMap/Sector03	4	192.75	830.45	OK	Canvas/HUD/VerticalUIRoot/VerticalSafeAreaRoot/ContentSlot/Dimension1Panel/GalaxyPanel/D1_GalaxyVisualRoot/FullBleedGalaxyMap/Sector03	Canvas/HUD/VerticalUIRoot/VerticalSafeAreaRoot/ContentSlot/Dimension1Panel/GalaxyPanel/D1_GalaxyVisualRoot/FullBleedGalaxyMap/Sector03
22_ancient_orbits_selected	720	1280	Canvas/HUD/VerticalUIRoot/VerticalSafeAreaRoot/ContentSlot/Dimension1Panel/GalaxyPanel/D1_GalaxyVisualRoot/D1BottomNavigation/EXPLORARButton	0	220.00	73.33	OK	Canvas/HUD/VerticalUIRoot/VerticalSafeAreaRoot/ContentSlot/Dimension1Panel/GalaxyPanel/D1_GalaxyVisualRoot/D1BottomNavigation/EXPLORARButton	Canvas/HUD/VerticalUIRoot/VerticalSafeAreaRoot/ContentSlot/Dimension1Panel/GalaxyPanel/D1_GalaxyVisualRoot/D1BottomNavigation/EXPLORARButton
22_ancient_orbits_selected	720	1280	Canvas/HUD/VerticalUIRoot/VerticalSafeAreaRoot/ContentSlot/Dimension1Panel/GalaxyPanel/D1_GalaxyVisualRoot/D1BottomNavigation/EXPLORARButton	1	180.40	38.13	OK	Canvas/HUD/VerticalUIRoot/VerticalSafeAreaRoot/ContentSlot/Dimension1Panel/GalaxyPanel/D1_GalaxyVisualRoot/D1BottomNavigation/EXPLORARButton	Canvas/HUD/VerticalUIRoot/VerticalSafeAreaRoot/ContentSlot/Dimension1Panel/GalaxyPanel/D1_GalaxyVisualRoot/D1BottomNavigation/EXPLORARButton
22_ancient_orbits_selected	720	1280	Canvas/HUD/VerticalUIRoot/VerticalSafeAreaRoot/ContentSlot/Dimension1Panel/GalaxyPanel/D1_GalaxyVisualRoot/D1BottomNavigation/EXPLORARButton	2	259.60	38.13	OK	Canvas/HUD/VerticalUIRoot/VerticalSafeAreaRoot/ContentSlot/Dimension1Panel/GalaxyPanel/D1_GalaxyVisualRoot/D1BottomNavigation/EXPLORARButton	Canvas/HUD/VerticalUIRoot/VerticalSafeAreaRoot/ContentSlot/Dimension1Panel/GalaxyPanel/D1_GalaxyVisualRoot/D1BottomNavigation/EXPLORARButton
22_ancient_orbits_selected	720	1280	Canvas/HUD/VerticalUIRoot/VerticalSafeAreaRoot/ContentSlot/Dimension1Panel/GalaxyPanel/D1_GalaxyVisualRoot/D1BottomNavigation/EXPLORARButton	3	180.40	108.53	OK	Canvas/HUD/VerticalUIRoot/VerticalSafeAreaRoot/ContentSlot/Dimension1Panel/GalaxyPanel/D1_GalaxyVisualRoot/D1BottomNavigation/EXPLORARButton	Canvas/HUD/VerticalUIRoot/VerticalSafeAreaRoot/ContentSlot/Dimension1Panel/GalaxyPanel/D1_GalaxyVisualRoot/D1BottomNavigation/EXPLORARButton
22_ancient_orbits_selected	720	1280	Canvas/HUD/VerticalUIRoot/VerticalSafeAreaRoot/ContentSlot/Dimension1Panel/GalaxyPanel/D1_GalaxyVisualRoot/D1BottomNavigation/EXPLORARButton	4	259.60	108.53	OK	Canvas/HUD/VerticalUIRoot/VerticalSafeAreaRoot/ContentSlot/Dimension1Panel/GalaxyPanel/D1_GalaxyVisualRoot/D1BottomNavigation/EXPLORARButton	Canvas/HUD/VerticalUIRoot/VerticalSafeAreaRoot/ContentSlot/Dimension1Panel/GalaxyPanel/D1_GalaxyVisualRoot/D1BottomNavigation/EXPLORARButton
22_ancient_orbits_selected	720	1280	Canvas/HUD/VerticalUIRoot/VerticalSafeAreaRoot/ContentSlot/Dimension1Panel/GalaxyPanel/D1_GalaxyVisualRoot/D1BottomNavigation/ÁRBOLButton	0	634.00	73.33	OK	Canvas/HUD/VerticalUIRoot/VerticalSafeAreaRoot/ContentSlot/Dimension1Panel/GalaxyPanel/D1_GalaxyVisualRoot/D1BottomNavigation/ÁRBOLButton	Canvas/HUD/VerticalUIRoot/VerticalSafeAreaRoot/ContentSlot/Dimension1Panel/GalaxyPanel/D1_GalaxyVisualRoot/D1BottomNavigation/ÁRBOLButton
22_ancient_orbits_selected	720	1280	Canvas/HUD/VerticalUIRoot/VerticalSafeAreaRoot/ContentSlot/Dimension1Panel/GalaxyPanel/D1_GalaxyVisualRoot/D1BottomNavigation/ÁRBOLButton	1	594.40	38.13	OK	Canvas/HUD/VerticalUIRoot/VerticalSafeAreaRoot/ContentSlot/Dimension1Panel/GalaxyPanel/D1_GalaxyVisualRoot/D1BottomNavigation/ÁRBOLButton	Canvas/HUD/VerticalUIRoot/VerticalSafeAreaRoot/ContentSlot/Dimension1Panel/GalaxyPanel/D1_GalaxyVisualRoot/D1BottomNavigation/ÁRBOLButton
22_ancient_orbits_selected	720	1280	Canvas/HUD/VerticalUIRoot/VerticalSafeAreaRoot/ContentSlot/Dimension1Panel/GalaxyPanel/D1_GalaxyVisualRoot/D1BottomNavigation/ÁRBOLButton	2	673.60	38.13	OK	Canvas/HUD/VerticalUIRoot/VerticalSafeAreaRoot/ContentSlot/Dimension1Panel/GalaxyPanel/D1_GalaxyVisualRoot/D1BottomNavigation/ÁRBOLButton	Canvas/HUD/VerticalUIRoot/VerticalSafeAreaRoot/ContentSlot/Dimension1Panel/GalaxyPanel/D1_GalaxyVisualRoot/D1BottomNavigation/ÁRBOLButton
22_ancient_orbits_selected	720	1280	Canvas/HUD/VerticalUIRoot/VerticalSafeAreaRoot/ContentSlot/Dimension1Panel/GalaxyPanel/D1_GalaxyVisualRoot/D1BottomNavigation/ÁRBOLButton	3	594.40	108.53	OK	Canvas/HUD/VerticalUIRoot/VerticalSafeAreaRoot/ContentSlot/Dimension1Panel/GalaxyPanel/D1_GalaxyVisualRoot/D1BottomNavigation/ÁRBOLButton	Canvas/HUD/VerticalUIRoot/VerticalSafeAreaRoot/ContentSlot/Dimension1Panel/GalaxyPanel/D1_GalaxyVisualRoot/D1BottomNavigation/ÁRBOLButton
22_ancient_orbits_selected	720	1280	Canvas/HUD/VerticalUIRoot/VerticalSafeAreaRoot/ContentSlot/Dimension1Panel/GalaxyPanel/D1_GalaxyVisualRoot/D1BottomNavigation/ÁRBOLButton	4	673.60	108.53	OK	Canvas/HUD/VerticalUIRoot/VerticalSafeAreaRoot/ContentSlot/Dimension1Panel/GalaxyPanel/D1_GalaxyVisualRoot/D1BottomNavigation/ÁRBOLButton	Canvas/HUD/VerticalUIRoot/VerticalSafeAreaRoot/ContentSlot/Dimension1Panel/GalaxyPanel/D1_GalaxyVisualRoot/D1BottomNavigation/ÁRBOLButton
22_ancient_orbits	720	1280	Canvas/HUD/VerticalUIRoot/VerticalSafeAreaRoot/ContentSlot/Dimension1Panel/D1_AncientOrbitsVisualRoot/BottomNavigation/Nav_HANGAR	0	358.00	73.33	OK	Canvas/HUD/VerticalUIRoot/VerticalSafeAreaRoot/ContentSlot/Dimension1Panel/D1_AncientOrbitsVisualRoot/BottomNavigation/Nav_HANGAR	Canvas/HUD/VerticalUIRoot/VerticalSafeAreaRoot/ContentSlot/Dimension1Panel/D1_AncientOrbitsVisualRoot/BottomNavigation/Nav_HANGAR
22_ancient_orbits	720	1280	Canvas/HUD/VerticalUIRoot/VerticalSafeAreaRoot/ContentSlot/Dimension1Panel/D1_AncientOrbitsVisualRoot/BottomNavigation/Nav_HANGAR	1	318.40	38.13	OK	Canvas/HUD/VerticalUIRoot/VerticalSafeAreaRoot/ContentSlot/Dimension1Panel/D1_AncientOrbitsVisualRoot/BottomNavigation/Nav_HANGAR	Canvas/HUD/VerticalUIRoot/VerticalSafeAreaRoot/ContentSlot/Dimension1Panel/D1_AncientOrbitsVisualRoot/BottomNavigation/Nav_HANGAR
22_ancient_orbits	720	1280	Canvas/HUD/VerticalUIRoot/VerticalSafeAreaRoot/ContentSlot/Dimension1Panel/D1_AncientOrbitsVisualRoot/BottomNavigation/Nav_HANGAR	2	397.60	38.13	OK	Canvas/HUD/VerticalUIRoot/VerticalSafeAreaRoot/ContentSlot/Dimension1Panel/D1_AncientOrbitsVisualRoot/BottomNavigation/Nav_HANGAR	Canvas/HUD/VerticalUIRoot/VerticalSafeAreaRoot/ContentSlot/Dimension1Panel/D1_AncientOrbitsVisualRoot/BottomNavigation/Nav_HANGAR
22_ancient_orbits	720	1280	Canvas/HUD/VerticalUIRoot/VerticalSafeAreaRoot/ContentSlot/Dimension1Panel/D1_AncientOrbitsVisualRoot/BottomNavigation/Nav_HANGAR	3	318.40	108.53	OK	Canvas/HUD/VerticalUIRoot/VerticalSafeAreaRoot/ContentSlot/Dimension1Panel/D1_AncientOrbitsVisualRoot/BottomNavigation/Nav_HANGAR	Canvas/HUD/VerticalUIRoot/VerticalSafeAreaRoot/ContentSlot/Dimension1Panel/D1_AncientOrbitsVisualRoot/BottomNavigation/Nav_HANGAR
22_ancient_orbits	720	1280	Canvas/HUD/VerticalUIRoot/VerticalSafeAreaRoot/ContentSlot/Dimension1Panel/D1_AncientOrbitsVisualRoot/BottomNavigation/Nav_HANGAR	4	397.60	108.53	OK	Canvas/HUD/VerticalUIRoot/VerticalSafeAreaRoot/ContentSlot/Dimension1Panel/D1_AncientOrbitsVisualRoot/BottomNavigation/Nav_HANGAR	Canvas/HUD/VerticalUIRoot/VerticalSafeAreaRoot/ContentSlot/Dimension1Panel/D1_AncientOrbitsVisualRoot/BottomNavigation/Nav_HANGAR
22_ancient_orbits	720	1280	Canvas/HUD/VerticalUIRoot/VerticalSafeAreaRoot/ContentSlot/Dimension1Panel/D1_AncientOrbitsVisualRoot/BackToGalaxyMap	0	360.00	362.67	OK	Canvas/HUD/VerticalUIRoot/VerticalSafeAreaRoot/ContentSlot/Dimension1Panel/D1_AncientOrbitsVisualRoot/BackToGalaxyMap	Canvas/HUD/VerticalUIRoot/VerticalSafeAreaRoot/ContentSlot/Dimension1Panel/D1_AncientOrbitsVisualRoot/BackToGalaxyMap
22_ancient_orbits	720	1280	Canvas/HUD/VerticalUIRoot/VerticalSafeAreaRoot/ContentSlot/Dimension1Panel/D1_AncientOrbitsVisualRoot/BackToGalaxyMap	1	240.00	344.27	OK	Canvas/HUD/VerticalUIRoot/VerticalSafeAreaRoot/ContentSlot/Dimension1Panel/D1_AncientOrbitsVisualRoot/BackToGalaxyMap	Canvas/HUD/VerticalUIRoot/VerticalSafeAreaRoot/ContentSlot/Dimension1Panel/D1_AncientOrbitsVisualRoot/BackToGalaxyMap
22_ancient_orbits	720	1280	Canvas/HUD/VerticalUIRoot/VerticalSafeAreaRoot/ContentSlot/Dimension1Panel/D1_AncientOrbitsVisualRoot/BackToGalaxyMap	2	480.00	344.27	OK	Canvas/HUD/VerticalUIRoot/VerticalSafeAreaRoot/ContentSlot/Dimension1Panel/D1_AncientOrbitsVisualRoot/BackToGalaxyMap	Canvas/HUD/VerticalUIRoot/VerticalSafeAreaRoot/ContentSlot/Dimension1Panel/D1_AncientOrbitsVisualRoot/BackToGalaxyMap
22_ancient_orbits	720	1280	Canvas/HUD/VerticalUIRoot/VerticalSafeAreaRoot/ContentSlot/Dimension1Panel/D1_AncientOrbitsVisualRoot/BackToGalaxyMap	3	240.00	381.07	OK	Canvas/HUD/VerticalUIRoot/VerticalSafeAreaRoot/ContentSlot/Dimension1Panel/D1_AncientOrbitsVisualRoot/BackToGalaxyMap	Canvas/HUD/VerticalUIRoot/VerticalSafeAreaRoot/ContentSlot/Dimension1Panel/D1_AncientOrbitsVisualRoot/BackToGalaxyMap
22_ancient_orbits	720	1280	Canvas/HUD/VerticalUIRoot/VerticalSafeAreaRoot/ContentSlot/Dimension1Panel/D1_AncientOrbitsVisualRoot/BackToGalaxyMap	4	480.00	381.07	OK	Canvas/HUD/VerticalUIRoot/VerticalSafeAreaRoot/ContentSlot/Dimension1Panel/D1_AncientOrbitsVisualRoot/BackToGalaxyMap	Canvas/HUD/VerticalUIRoot/VerticalSafeAreaRoot/ContentSlot/Dimension1Panel/D1_AncientOrbitsVisualRoot/BackToGalaxyMap
22_ancient_orbits	720	1280	Canvas/HUD/VerticalUIRoot/VerticalSafeAreaRoot/ContentSlot/Dimension1Panel/D1_AncientOrbitsVisualRoot/Heading/BackButton	0	46.67	1206.67	OK	Canvas/HUD/VerticalUIRoot/VerticalSafeAreaRoot/ContentSlot/Dimension1Panel/D1_AncientOrbitsVisualRoot/Heading/BackButton	Canvas/HUD/VerticalUIRoot/VerticalSafeAreaRoot/ContentSlot/Dimension1Panel/D1_AncientOrbitsVisualRoot/Heading/BackButton
22_ancient_orbits	720	1280	Canvas/HUD/VerticalUIRoot/VerticalSafeAreaRoot/ContentSlot/Dimension1Panel/D1_AncientOrbitsVisualRoot/Heading/BackButton	1	29.87	1192.27	OK	Canvas/HUD/VerticalUIRoot/VerticalSafeAreaRoot/ContentSlot/Dimension1Panel/D1_AncientOrbitsVisualRoot/Heading/BackButton	Canvas/HUD/VerticalUIRoot/VerticalSafeAreaRoot/ContentSlot/Dimension1Panel/D1_AncientOrbitsVisualRoot/Heading/BackButton
22_ancient_orbits	720	1280	Canvas/HUD/VerticalUIRoot/VerticalSafeAreaRoot/ContentSlot/Dimension1Panel/D1_AncientOrbitsVisualRoot/Heading/BackButton	2	63.47	1192.27	OK	Canvas/HUD/VerticalUIRoot/VerticalSafeAreaRoot/ContentSlot/Dimension1Panel/D1_AncientOrbitsVisualRoot/Heading/BackButton	Canvas/HUD/VerticalUIRoot/VerticalSafeAreaRoot/ContentSlot/Dimension1Panel/D1_AncientOrbitsVisualRoot/Heading/BackButton
22_ancient_orbits	720	1280	Canvas/HUD/VerticalUIRoot/VerticalSafeAreaRoot/ContentSlot/Dimension1Panel/D1_AncientOrbitsVisualRoot/Heading/BackButton	3	29.87	1221.07	OK	Canvas/HUD/VerticalUIRoot/VerticalSafeAreaRoot/ContentSlot/Dimension1Panel/D1_AncientOrbitsVisualRoot/Heading/BackButton	Canvas/HUD/VerticalUIRoot/VerticalSafeAreaRoot/ContentSlot/Dimension1Panel/D1_AncientOrbitsVisualRoot/Heading/BackButton
22_ancient_orbits	720	1280	Canvas/HUD/VerticalUIRoot/VerticalSafeAreaRoot/ContentSlot/Dimension1Panel/D1_AncientOrbitsVisualRoot/Heading/BackButton	4	63.47	1221.07	OK	Canvas/HUD/VerticalUIRoot/VerticalSafeAreaRoot/ContentSlot/Dimension1Panel/D1_AncientOrbitsVisualRoot/Heading/BackButton	Canvas/HUD/VerticalUIRoot/VerticalSafeAreaRoot/ContentSlot/Dimension1Panel/D1_AncientOrbitsVisualRoot/Heading/BackButton
22_ancient_orbits	720	1280	Canvas/HUD/VerticalUIRoot/VerticalSafeAreaRoot/ContentSlot/Dimension1Panel/D1_AncientOrbitsVisualRoot/AllMetals	0	614.33	1178.67	OK	Canvas/HUD/VerticalUIRoot/VerticalSafeAreaRoot/ContentSlot/Dimension1Panel/D1_AncientOrbitsVisualRoot/AllMetals	Canvas/HUD/VerticalUIRoot/VerticalSafeAreaRoot/ContentSlot/Dimension1Panel/D1_AncientOrbitsVisualRoot/AllMetals
22_ancient_orbits	720	1280	Canvas/HUD/VerticalUIRoot/VerticalSafeAreaRoot/ContentSlot/Dimension1Panel/D1_AncientOrbitsVisualRoot/AllMetals	1	565.33	1158.67	OK	Canvas/HUD/VerticalUIRoot/VerticalSafeAreaRoot/ContentSlot/Dimension1Panel/D1_AncientOrbitsVisualRoot/AllMetals	Canvas/HUD/VerticalUIRoot/VerticalSafeAreaRoot/ContentSlot/Dimension1Panel/D1_AncientOrbitsVisualRoot/AllMetals
22_ancient_orbits	720	1280	Canvas/HUD/VerticalUIRoot/VerticalSafeAreaRoot/ContentSlot/Dimension1Panel/D1_AncientOrbitsVisualRoot/AllMetals	2	663.33	1158.67	OK	Canvas/HUD/VerticalUIRoot/VerticalSafeAreaRoot/ContentSlot/Dimension1Panel/D1_AncientOrbitsVisualRoot/AllMetals	Canvas/HUD/VerticalUIRoot/VerticalSafeAreaRoot/ContentSlot/Dimension1Panel/D1_AncientOrbitsVisualRoot/AllMetals
22_ancient_orbits	720	1280	Canvas/HUD/VerticalUIRoot/VerticalSafeAreaRoot/ContentSlot/Dimension1Panel/D1_AncientOrbitsVisualRoot/AllMetals	3	565.33	1198.67	OK	Canvas/HUD/VerticalUIRoot/VerticalSafeAreaRoot/ContentSlot/Dimension1Panel/D1_AncientOrbitsVisualRoot/AllMetals	Canvas/HUD/VerticalUIRoot/VerticalSafeAreaRoot/ContentSlot/Dimension1Panel/D1_AncientOrbitsVisualRoot/AllMetals
22_ancient_orbits	720	1280	Canvas/HUD/VerticalUIRoot/VerticalSafeAreaRoot/ContentSlot/Dimension1Panel/D1_AncientOrbitsVisualRoot/AllMetals	4	663.33	1198.67	OK	Canvas/HUD/VerticalUIRoot/VerticalSafeAreaRoot/ContentSlot/Dimension1Panel/D1_AncientOrbitsVisualRoot/AllMetals	Canvas/HUD/VerticalUIRoot/VerticalSafeAreaRoot/ContentSlot/Dimension1Panel/D1_AncientOrbitsVisualRoot/AllMetals
22_ancient_orbits	720	1280	Canvas/HUD/VerticalUIRoot/VerticalSafeAreaRoot/ContentSlot/Dimension1Panel/D1_AncientOrbitsVisualRoot/BottomNavigation/Nav_RELIQUIAS	0	496.00	73.33	OK	Canvas/HUD/VerticalUIRoot/VerticalSafeAreaRoot/ContentSlot/Dimension1Panel/D1_AncientOrbitsVisualRoot/BottomNavigation/Nav_RELIQUIAS	Canvas/HUD/VerticalUIRoot/VerticalSafeAreaRoot/ContentSlot/Dimension1Panel/D1_AncientOrbitsVisualRoot/BottomNavigation/Nav_RELIQUIAS
22_ancient_orbits	720	1280	Canvas/HUD/VerticalUIRoot/VerticalSafeAreaRoot/ContentSlot/Dimension1Panel/D1_AncientOrbitsVisualRoot/BottomNavigation/Nav_RELIQUIAS	1	456.40	38.13	OK	Canvas/HUD/VerticalUIRoot/VerticalSafeAreaRoot/ContentSlot/Dimension1Panel/D1_AncientOrbitsVisualRoot/BottomNavigation/Nav_RELIQUIAS	Canvas/HUD/VerticalUIRoot/VerticalSafeAreaRoot/ContentSlot/Dimension1Panel/D1_AncientOrbitsVisualRoot/BottomNavigation/Nav_RELIQUIAS
22_ancient_orbits	720	1280	Canvas/HUD/VerticalUIRoot/VerticalSafeAreaRoot/ContentSlot/Dimension1Panel/D1_AncientOrbitsVisualRoot/BottomNavigation/Nav_RELIQUIAS	2	535.60	38.13	OK	Canvas/HUD/VerticalUIRoot/VerticalSafeAreaRoot/ContentSlot/Dimension1Panel/D1_AncientOrbitsVisualRoot/BottomNavigation/Nav_RELIQUIAS	Canvas/HUD/VerticalUIRoot/VerticalSafeAreaRoot/ContentSlot/Dimension1Panel/D1_AncientOrbitsVisualRoot/BottomNavigation/Nav_RELIQUIAS
22_ancient_orbits	720	1280	Canvas/HUD/VerticalUIRoot/VerticalSafeAreaRoot/ContentSlot/Dimension1Panel/D1_AncientOrbitsVisualRoot/BottomNavigation/Nav_RELIQUIAS	3	456.40	108.53	OK	Canvas/HUD/VerticalUIRoot/VerticalSafeAreaRoot/ContentSlot/Dimension1Panel/D1_AncientOrbitsVisualRoot/BottomNavigation/Nav_RELIQUIAS	Canvas/HUD/VerticalUIRoot/VerticalSafeAreaRoot/ContentSlot/Dimension1Panel/D1_AncientOrbitsVisualRoot/BottomNavigation/Nav_RELIQUIAS
22_ancient_orbits	720	1280	Canvas/HUD/VerticalUIRoot/VerticalSafeAreaRoot/ContentSlot/Dimension1Panel/D1_AncientOrbitsVisualRoot/BottomNavigation/Nav_RELIQUIAS	4	535.60	108.53	OK	Canvas/HUD/VerticalUIRoot/VerticalSafeAreaRoot/ContentSlot/Dimension1Panel/D1_AncientOrbitsVisualRoot/BottomNavigation/Nav_RELIQUIAS	Canvas/HUD/VerticalUIRoot/VerticalSafeAreaRoot/ContentSlot/Dimension1Panel/D1_AncientOrbitsVisualRoot/BottomNavigation/Nav_RELIQUIAS
22_ancient_orbits	720	1280	Canvas/HUD/VerticalUIRoot/VerticalSafeAreaRoot/ContentSlot/Dimension1Panel/D1_AncientOrbitsVisualRoot/BottomNavigation/Nav_EXPLORAR	0	220.00	73.33	OK	Canvas/HUD/VerticalUIRoot/VerticalSafeAreaRoot/ContentSlot/Dimension1Panel/D1_AncientOrbitsVisualRoot/BottomNavigation/Nav_EXPLORAR	Canvas/HUD/VerticalUIRoot/VerticalSafeAreaRoot/ContentSlot/Dimension1Panel/D1_AncientOrbitsVisualRoot/BottomNavigation/Nav_EXPLORAR
22_ancient_orbits	720	1280	Canvas/HUD/VerticalUIRoot/VerticalSafeAreaRoot/ContentSlot/Dimension1Panel/D1_AncientOrbitsVisualRoot/BottomNavigation/Nav_EXPLORAR	1	180.40	38.13	OK	Canvas/HUD/VerticalUIRoot/VerticalSafeAreaRoot/ContentSlot/Dimension1Panel/D1_AncientOrbitsVisualRoot/BottomNavigation/Nav_EXPLORAR	Canvas/HUD/VerticalUIRoot/VerticalSafeAreaRoot/ContentSlot/Dimension1Panel/D1_AncientOrbitsVisualRoot/BottomNavigation/Nav_EXPLORAR
22_ancient_orbits	720	1280	Canvas/HUD/VerticalUIRoot/VerticalSafeAreaRoot/ContentSlot/Dimension1Panel/D1_AncientOrbitsVisualRoot/BottomNavigation/Nav_EXPLORAR	2	259.60	38.13	OK	Canvas/HUD/VerticalUIRoot/VerticalSafeAreaRoot/ContentSlot/Dimension1Panel/D1_AncientOrbitsVisualRoot/BottomNavigation/Nav_EXPLORAR	Canvas/HUD/VerticalUIRoot/VerticalSafeAreaRoot/ContentSlot/Dimension1Panel/D1_AncientOrbitsVisualRoot/BottomNavigation/Nav_EXPLORAR
22_ancient_orbits	720	1280	Canvas/HUD/VerticalUIRoot/VerticalSafeAreaRoot/ContentSlot/Dimension1Panel/D1_AncientOrbitsVisualRoot/BottomNavigation/Nav_EXPLORAR	3	180.40	108.53	OK	Canvas/HUD/VerticalUIRoot/VerticalSafeAreaRoot/ContentSlot/Dimension1Panel/D1_AncientOrbitsVisualRoot/BottomNavigation/Nav_EXPLORAR	Canvas/HUD/VerticalUIRoot/VerticalSafeAreaRoot/ContentSlot/Dimension1Panel/D1_AncientOrbitsVisualRoot/BottomNavigation/Nav_EXPLORAR
22_ancient_orbits	720	1280	Canvas/HUD/VerticalUIRoot/VerticalSafeAreaRoot/ContentSlot/Dimension1Panel/D1_AncientOrbitsVisualRoot/BottomNavigation/Nav_EXPLORAR	4	259.60	108.53	OK	Canvas/HUD/VerticalUIRoot/VerticalSafeAreaRoot/ContentSlot/Dimension1Panel/D1_AncientOrbitsVisualRoot/BottomNavigation/Nav_EXPLORAR	Canvas/HUD/VerticalUIRoot/VerticalSafeAreaRoot/ContentSlot/Dimension1Panel/D1_AncientOrbitsVisualRoot/BottomNavigation/Nav_EXPLORAR
22_ancient_orbits	720	1280	Canvas/HUD/VerticalUIRoot/VerticalSafeAreaRoot/ContentSlot/Dimension1Panel/D1_AncientOrbitsVisualRoot/BottomNavigation/Nav_ÁRBOL	0	634.00	73.33	OK	Canvas/HUD/VerticalUIRoot/VerticalSafeAreaRoot/ContentSlot/Dimension1Panel/D1_AncientOrbitsVisualRoot/BottomNavigation/Nav_ÁRBOL	Canvas/HUD/VerticalUIRoot/VerticalSafeAreaRoot/ContentSlot/Dimension1Panel/D1_AncientOrbitsVisualRoot/BottomNavigation/Nav_ÁRBOL
22_ancient_orbits	720	1280	Canvas/HUD/VerticalUIRoot/VerticalSafeAreaRoot/ContentSlot/Dimension1Panel/D1_AncientOrbitsVisualRoot/BottomNavigation/Nav_ÁRBOL	1	594.40	38.13	OK	Canvas/HUD/VerticalUIRoot/VerticalSafeAreaRoot/ContentSlot/Dimension1Panel/D1_AncientOrbitsVisualRoot/BottomNavigation/Nav_ÁRBOL	Canvas/HUD/VerticalUIRoot/VerticalSafeAreaRoot/ContentSlot/Dimension1Panel/D1_AncientOrbitsVisualRoot/BottomNavigation/Nav_ÁRBOL
22_ancient_orbits	720	1280	Canvas/HUD/VerticalUIRoot/VerticalSafeAreaRoot/ContentSlot/Dimension1Panel/D1_AncientOrbitsVisualRoot/BottomNavigation/Nav_ÁRBOL	2	673.60	38.13	OK	Canvas/HUD/VerticalUIRoot/VerticalSafeAreaRoot/ContentSlot/Dimension1Panel/D1_AncientOrbitsVisualRoot/BottomNavigation/Nav_ÁRBOL	Canvas/HUD/VerticalUIRoot/VerticalSafeAreaRoot/ContentSlot/Dimension1Panel/D1_AncientOrbitsVisualRoot/BottomNavigation/Nav_ÁRBOL
22_ancient_orbits	720	1280	Canvas/HUD/VerticalUIRoot/VerticalSafeAreaRoot/ContentSlot/Dimension1Panel/D1_AncientOrbitsVisualRoot/BottomNavigation/Nav_ÁRBOL	3	594.40	108.53	OK	Canvas/HUD/VerticalUIRoot/VerticalSafeAreaRoot/ContentSlot/Dimension1Panel/D1_AncientOrbitsVisualRoot/BottomNavigation/Nav_ÁRBOL	Canvas/HUD/VerticalUIRoot/VerticalSafeAreaRoot/ContentSlot/Dimension1Panel/D1_AncientOrbitsVisualRoot/BottomNavigation/Nav_ÁRBOL
22_ancient_orbits	720	1280	Canvas/HUD/VerticalUIRoot/VerticalSafeAreaRoot/ContentSlot/Dimension1Panel/D1_AncientOrbitsVisualRoot/BottomNavigation/Nav_ÁRBOL	4	673.60	108.53	OK	Canvas/HUD/VerticalUIRoot/VerticalSafeAreaRoot/ContentSlot/Dimension1Panel/D1_AncientOrbitsVisualRoot/BottomNavigation/Nav_ÁRBOL	Canvas/HUD/VerticalUIRoot/VerticalSafeAreaRoot/ContentSlot/Dimension1Panel/D1_AncientOrbitsVisualRoot/BottomNavigation/Nav_ÁRBOL
24_silent_frontier_selected	720	1280	Canvas/HUD/VerticalUIRoot/VerticalSafeAreaRoot/ContentSlot/Dimension1Panel/GalaxyPanel/D1_GalaxyVisualRoot/FullBleedGalaxyMap/Planet07Node	0	106.31	433.99	OK	Canvas/HUD/VerticalUIRoot/VerticalSafeAreaRoot/ContentSlot/Dimension1Panel/GalaxyPanel/D1_GalaxyVisualRoot/FullBleedGalaxyMap/Planet07Node	Canvas/HUD/VerticalUIRoot/VerticalSafeAreaRoot/ContentSlot/Dimension1Panel/GalaxyPanel/D1_GalaxyVisualRoot/FullBleedGalaxyMap/Planet07Node
24_silent_frontier_selected	720	1280	Canvas/HUD/VerticalUIRoot/VerticalSafeAreaRoot/ContentSlot/Dimension1Panel/GalaxyPanel/D1_GalaxyVisualRoot/FullBleedGalaxyMap/Planet07Node	1	60.31	397.99	OK	Canvas/HUD/VerticalUIRoot/VerticalSafeAreaRoot/ContentSlot/Dimension1Panel/GalaxyPanel/D1_GalaxyVisualRoot/FullBleedGalaxyMap/Planet07Node	Canvas/HUD/VerticalUIRoot/VerticalSafeAreaRoot/ContentSlot/Dimension1Panel/GalaxyPanel/D1_GalaxyVisualRoot/FullBleedGalaxyMap/Planet07Node
24_silent_frontier_selected	720	1280	Canvas/HUD/VerticalUIRoot/VerticalSafeAreaRoot/ContentSlot/Dimension1Panel/GalaxyPanel/D1_GalaxyVisualRoot/FullBleedGalaxyMap/Planet07Node	2	152.31	397.99	OK	Canvas/HUD/VerticalUIRoot/VerticalSafeAreaRoot/ContentSlot/Dimension1Panel/GalaxyPanel/D1_GalaxyVisualRoot/FullBleedGalaxyMap/Planet07Node	Canvas/HUD/VerticalUIRoot/VerticalSafeAreaRoot/ContentSlot/Dimension1Panel/GalaxyPanel/D1_GalaxyVisualRoot/FullBleedGalaxyMap/Planet07Node
24_silent_frontier_selected	720	1280	Canvas/HUD/VerticalUIRoot/VerticalSafeAreaRoot/ContentSlot/Dimension1Panel/GalaxyPanel/D1_GalaxyVisualRoot/FullBleedGalaxyMap/Planet07Node	3	60.31	469.99	OK	Canvas/HUD/VerticalUIRoot/VerticalSafeAreaRoot/ContentSlot/Dimension1Panel/GalaxyPanel/D1_GalaxyVisualRoot/FullBleedGalaxyMap/Planet07Node	Canvas/HUD/VerticalUIRoot/VerticalSafeAreaRoot/ContentSlot/Dimension1Panel/GalaxyPanel/D1_GalaxyVisualRoot/FullBleedGalaxyMap/Planet07Node
24_silent_frontier_selected	720	1280	Canvas/HUD/VerticalUIRoot/VerticalSafeAreaRoot/ContentSlot/Dimension1Panel/GalaxyPanel/D1_GalaxyVisualRoot/FullBleedGalaxyMap/Planet07Node	4	152.31	469.99	OK	Canvas/HUD/VerticalUIRoot/VerticalSafeAreaRoot/ContentSlot/Dimension1Panel/GalaxyPanel/D1_GalaxyVisualRoot/FullBleedGalaxyMap/Planet07Node	Canvas/HUD/VerticalUIRoot/VerticalSafeAreaRoot/ContentSlot/Dimension1Panel/GalaxyPanel/D1_GalaxyVisualRoot/FullBleedGalaxyMap/Planet07Node
24_silent_frontier_selected	720	1280	Canvas/HUD/VerticalUIRoot/VerticalSafeAreaRoot/ContentSlot/Dimension1Panel/GalaxyPanel/D1_GalaxyVisualRoot/D1BottomNavigation/RELIQUIASButton	0	496.00	73.33	OK	Canvas/HUD/VerticalUIRoot/VerticalSafeAreaRoot/ContentSlot/Dimension1Panel/GalaxyPanel/D1_GalaxyVisualRoot/D1BottomNavigation/RELIQUIASButton	Canvas/HUD/VerticalUIRoot/VerticalSafeAreaRoot/ContentSlot/Dimension1Panel/GalaxyPanel/D1_GalaxyVisualRoot/D1BottomNavigation/RELIQUIASButton
24_silent_frontier_selected	720	1280	Canvas/HUD/VerticalUIRoot/VerticalSafeAreaRoot/ContentSlot/Dimension1Panel/GalaxyPanel/D1_GalaxyVisualRoot/D1BottomNavigation/RELIQUIASButton	1	456.40	38.13	OK	Canvas/HUD/VerticalUIRoot/VerticalSafeAreaRoot/ContentSlot/Dimension1Panel/GalaxyPanel/D1_GalaxyVisualRoot/D1BottomNavigation/RELIQUIASButton	Canvas/HUD/VerticalUIRoot/VerticalSafeAreaRoot/ContentSlot/Dimension1Panel/GalaxyPanel/D1_GalaxyVisualRoot/D1BottomNavigation/RELIQUIASButton
24_silent_frontier_selected	720	1280	Canvas/HUD/VerticalUIRoot/VerticalSafeAreaRoot/ContentSlot/Dimension1Panel/GalaxyPanel/D1_GalaxyVisualRoot/D1BottomNavigation/RELIQUIASButton	2	535.60	38.13	OK	Canvas/HUD/VerticalUIRoot/VerticalSafeAreaRoot/ContentSlot/Dimension1Panel/GalaxyPanel/D1_GalaxyVisualRoot/D1BottomNavigation/RELIQUIASButton	Canvas/HUD/VerticalUIRoot/VerticalSafeAreaRoot/ContentSlot/Dimension1Panel/GalaxyPanel/D1_GalaxyVisualRoot/D1BottomNavigation/RELIQUIASButton
24_silent_frontier_selected	720	1280	Canvas/HUD/VerticalUIRoot/VerticalSafeAreaRoot/ContentSlot/Dimension1Panel/GalaxyPanel/D1_GalaxyVisualRoot/D1BottomNavigation/RELIQUIASButton	3	456.40	108.53	OK	Canvas/HUD/VerticalUIRoot/VerticalSafeAreaRoot/ContentSlot/Dimension1Panel/GalaxyPanel/D1_GalaxyVisualRoot/D1BottomNavigation/RELIQUIASButton	Canvas/HUD/VerticalUIRoot/VerticalSafeAreaRoot/ContentSlot/Dimension1Panel/GalaxyPanel/D1_GalaxyVisualRoot/D1BottomNavigation/RELIQUIASButton
24_silent_frontier_selected	720	1280	Canvas/HUD/VerticalUIRoot/VerticalSafeAreaRoot/ContentSlot/Dimension1Panel/GalaxyPanel/D1_GalaxyVisualRoot/D1BottomNavigation/RELIQUIASButton	4	535.60	108.53	OK	Canvas/HUD/VerticalUIRoot/VerticalSafeAreaRoot/ContentSlot/Dimension1Panel/GalaxyPanel/D1_GalaxyVisualRoot/D1BottomNavigation/RELIQUIASButton	Canvas/HUD/VerticalUIRoot/VerticalSafeAreaRoot/ContentSlot/Dimension1Panel/GalaxyPanel/D1_GalaxyVisualRoot/D1BottomNavigation/RELIQUIASButton
24_silent_frontier_selected	720	1280	Canvas/HUD/VerticalUIRoot/VerticalSafeAreaRoot/ContentSlot/Dimension1Panel/GalaxyPanel/D1_GalaxyVisualRoot/FullBleedGalaxyMap/GalacticCenter	0	360.00	672.00	OK	Canvas/HUD/VerticalUIRoot/VerticalSafeAreaRoot/ContentSlot/Dimension1Panel/GalaxyPanel/D1_GalaxyVisualRoot/FullBleedGalaxyMap/GalacticCenter	Canvas/HUD/VerticalUIRoot/VerticalSafeAreaRoot/ContentSlot/Dimension1Panel/GalaxyPanel/D1_GalaxyVisualRoot/FullBleedGalaxyMap/GalacticCenter
24_silent_frontier_selected	720	1280	Canvas/HUD/VerticalUIRoot/VerticalSafeAreaRoot/ContentSlot/Dimension1Panel/GalaxyPanel/D1_GalaxyVisualRoot/FullBleedGalaxyMap/GalacticCenter	1	270.00	584.00	INTERCEPTED	Canvas/HUD/VerticalUIRoot/VerticalSafeAreaRoot/ContentSlot/Dimension1Panel/GalaxyPanel/D1_GalaxyVisualRoot/FullBleedGalaxyMap/Planet02Node	Canvas/HUD/VerticalUIRoot/VerticalSafeAreaRoot/ContentSlot/Dimension1Panel/GalaxyPanel/D1_GalaxyVisualRoot/FullBleedGalaxyMap/Planet02Node
24_silent_frontier_selected	720	1280	Canvas/HUD/VerticalUIRoot/VerticalSafeAreaRoot/ContentSlot/Dimension1Panel/GalaxyPanel/D1_GalaxyVisualRoot/FullBleedGalaxyMap/GalacticCenter	2	450.00	584.00	OK	Canvas/HUD/VerticalUIRoot/VerticalSafeAreaRoot/ContentSlot/Dimension1Panel/GalaxyPanel/D1_GalaxyVisualRoot/FullBleedGalaxyMap/GalacticCenter	Canvas/HUD/VerticalUIRoot/VerticalSafeAreaRoot/ContentSlot/Dimension1Panel/GalaxyPanel/D1_GalaxyVisualRoot/FullBleedGalaxyMap/GalacticCenter
24_silent_frontier_selected	720	1280	Canvas/HUD/VerticalUIRoot/VerticalSafeAreaRoot/ContentSlot/Dimension1Panel/GalaxyPanel/D1_GalaxyVisualRoot/FullBleedGalaxyMap/GalacticCenter	3	270.00	760.00	OK	Canvas/HUD/VerticalUIRoot/VerticalSafeAreaRoot/ContentSlot/Dimension1Panel/GalaxyPanel/D1_GalaxyVisualRoot/FullBleedGalaxyMap/GalacticCenter	Canvas/HUD/VerticalUIRoot/VerticalSafeAreaRoot/ContentSlot/Dimension1Panel/GalaxyPanel/D1_GalaxyVisualRoot/FullBleedGalaxyMap/GalacticCenter
24_silent_frontier_selected	720	1280	Canvas/HUD/VerticalUIRoot/VerticalSafeAreaRoot/ContentSlot/Dimension1Panel/GalaxyPanel/D1_GalaxyVisualRoot/FullBleedGalaxyMap/GalacticCenter	4	450.00	760.00	INTERCEPTED	Canvas/HUD/VerticalUIRoot/VerticalSafeAreaRoot/ContentSlot/Dimension1Panel/GalaxyPanel/D1_GalaxyVisualRoot/FullBleedGalaxyMap/Sector01	Canvas/HUD/VerticalUIRoot/VerticalSafeAreaRoot/ContentSlot/Dimension1Panel/GalaxyPanel/D1_GalaxyVisualRoot/FullBleedGalaxyMap/Sector01
24_silent_frontier_selected	720	1280	Canvas/HUD/VerticalUIRoot/VerticalSafeAreaRoot/ContentSlot/Dimension1Panel/GalaxyPanel/D1_GalaxyVisualRoot/D1BottomNavigation/HANGARButton	0	358.00	73.33	OK	Canvas/HUD/VerticalUIRoot/VerticalSafeAreaRoot/ContentSlot/Dimension1Panel/GalaxyPanel/D1_GalaxyVisualRoot/D1BottomNavigation/HANGARButton	Canvas/HUD/VerticalUIRoot/VerticalSafeAreaRoot/ContentSlot/Dimension1Panel/GalaxyPanel/D1_GalaxyVisualRoot/D1BottomNavigation/HANGARButton
24_silent_frontier_selected	720	1280	Canvas/HUD/VerticalUIRoot/VerticalSafeAreaRoot/ContentSlot/Dimension1Panel/GalaxyPanel/D1_GalaxyVisualRoot/D1BottomNavigation/HANGARButton	1	318.40	38.13	OK	Canvas/HUD/VerticalUIRoot/VerticalSafeAreaRoot/ContentSlot/Dimension1Panel/GalaxyPanel/D1_GalaxyVisualRoot/D1BottomNavigation/HANGARButton	Canvas/HUD/VerticalUIRoot/VerticalSafeAreaRoot/ContentSlot/Dimension1Panel/GalaxyPanel/D1_GalaxyVisualRoot/D1BottomNavigation/HANGARButton
24_silent_frontier_selected	720	1280	Canvas/HUD/VerticalUIRoot/VerticalSafeAreaRoot/ContentSlot/Dimension1Panel/GalaxyPanel/D1_GalaxyVisualRoot/D1BottomNavigation/HANGARButton	2	397.60	38.13	OK	Canvas/HUD/VerticalUIRoot/VerticalSafeAreaRoot/ContentSlot/Dimension1Panel/GalaxyPanel/D1_GalaxyVisualRoot/D1BottomNavigation/HANGARButton	Canvas/HUD/VerticalUIRoot/VerticalSafeAreaRoot/ContentSlot/Dimension1Panel/GalaxyPanel/D1_GalaxyVisualRoot/D1BottomNavigation/HANGARButton
24_silent_frontier_selected	720	1280	Canvas/HUD/VerticalUIRoot/VerticalSafeAreaRoot/ContentSlot/Dimension1Panel/GalaxyPanel/D1_GalaxyVisualRoot/D1BottomNavigation/HANGARButton	3	318.40	108.53	OK	Canvas/HUD/VerticalUIRoot/VerticalSafeAreaRoot/ContentSlot/Dimension1Panel/GalaxyPanel/D1_GalaxyVisualRoot/D1BottomNavigation/HANGARButton	Canvas/HUD/VerticalUIRoot/VerticalSafeAreaRoot/ContentSlot/Dimension1Panel/GalaxyPanel/D1_GalaxyVisualRoot/D1BottomNavigation/HANGARButton
24_silent_frontier_selected	720	1280	Canvas/HUD/VerticalUIRoot/VerticalSafeAreaRoot/ContentSlot/Dimension1Panel/GalaxyPanel/D1_GalaxyVisualRoot/D1BottomNavigation/HANGARButton	4	397.60	108.53	OK	Canvas/HUD/VerticalUIRoot/VerticalSafeAreaRoot/ContentSlot/Dimension1Panel/GalaxyPanel/D1_GalaxyVisualRoot/D1BottomNavigation/HANGARButton	Canvas/HUD/VerticalUIRoot/VerticalSafeAreaRoot/ContentSlot/Dimension1Panel/GalaxyPanel/D1_GalaxyVisualRoot/D1BottomNavigation/HANGARButton
24_silent_frontier_selected	720	1280	Canvas/HUD/VerticalUIRoot/VerticalSafeAreaRoot/ContentSlot/Dimension1Panel/GalaxyPanel/D1_GalaxyVisualRoot/FullBleedGalaxyMap/Planet02Node	0	234.23	575.33	OK	Canvas/HUD/VerticalUIRoot/VerticalSafeAreaRoot/ContentSlot/Dimension1Panel/GalaxyPanel/D1_GalaxyVisualRoot/FullBleedGalaxyMap/Planet02Node	Canvas/HUD/VerticalUIRoot/VerticalSafeAreaRoot/ContentSlot/Dimension1Panel/GalaxyPanel/D1_GalaxyVisualRoot/FullBleedGalaxyMap/Planet02Node
24_silent_frontier_selected	720	1280	Canvas/HUD/VerticalUIRoot/VerticalSafeAreaRoot/ContentSlot/Dimension1Panel/GalaxyPanel/D1_GalaxyVisualRoot/FullBleedGalaxyMap/Planet02Node	1	188.23	536.53	OK	Canvas/HUD/VerticalUIRoot/VerticalSafeAreaRoot/ContentSlot/Dimension1Panel/GalaxyPanel/D1_GalaxyVisualRoot/FullBleedGalaxyMap/Planet02Node	Canvas/HUD/VerticalUIRoot/VerticalSafeAreaRoot/ContentSlot/Dimension1Panel/GalaxyPanel/D1_GalaxyVisualRoot/FullBleedGalaxyMap/Planet02Node
24_silent_frontier_selected	720	1280	Canvas/HUD/VerticalUIRoot/VerticalSafeAreaRoot/ContentSlot/Dimension1Panel/GalaxyPanel/D1_GalaxyVisualRoot/FullBleedGalaxyMap/Planet02Node	2	280.23	536.53	OK	Canvas/HUD/VerticalUIRoot/VerticalSafeAreaRoot/ContentSlot/Dimension1Panel/GalaxyPanel/D1_GalaxyVisualRoot/FullBleedGalaxyMap/Planet02Node	Canvas/HUD/VerticalUIRoot/VerticalSafeAreaRoot/ContentSlot/Dimension1Panel/GalaxyPanel/D1_GalaxyVisualRoot/FullBleedGalaxyMap/Planet02Node
24_silent_frontier_selected	720	1280	Canvas/HUD/VerticalUIRoot/VerticalSafeAreaRoot/ContentSlot/Dimension1Panel/GalaxyPanel/D1_GalaxyVisualRoot/FullBleedGalaxyMap/Planet02Node	3	188.23	614.13	OK	Canvas/HUD/VerticalUIRoot/VerticalSafeAreaRoot/ContentSlot/Dimension1Panel/GalaxyPanel/D1_GalaxyVisualRoot/FullBleedGalaxyMap/Planet02Node	Canvas/HUD/VerticalUIRoot/VerticalSafeAreaRoot/ContentSlot/Dimension1Panel/GalaxyPanel/D1_GalaxyVisualRoot/FullBleedGalaxyMap/Planet02Node
24_silent_frontier_selected	720	1280	Canvas/HUD/VerticalUIRoot/VerticalSafeAreaRoot/ContentSlot/Dimension1Panel/GalaxyPanel/D1_GalaxyVisualRoot/FullBleedGalaxyMap/Planet02Node	4	280.23	614.13	OK	Canvas/HUD/VerticalUIRoot/VerticalSafeAreaRoot/ContentSlot/Dimension1Panel/GalaxyPanel/D1_GalaxyVisualRoot/FullBleedGalaxyMap/Planet02Node	Canvas/HUD/VerticalUIRoot/VerticalSafeAreaRoot/ContentSlot/Dimension1Panel/GalaxyPanel/D1_GalaxyVisualRoot/FullBleedGalaxyMap/Planet02Node
24_silent_frontier_selected	720	1280	Canvas/HUD/VerticalUIRoot/VerticalSafeAreaRoot/ContentSlot/Dimension1Panel/GalaxyPanel/D1_GalaxyVisualRoot/AllMetals	0	614.33	1178.67	OK	Canvas/HUD/VerticalUIRoot/VerticalSafeAreaRoot/ContentSlot/Dimension1Panel/GalaxyPanel/D1_GalaxyVisualRoot/AllMetals	Canvas/HUD/VerticalUIRoot/VerticalSafeAreaRoot/ContentSlot/Dimension1Panel/GalaxyPanel/D1_GalaxyVisualRoot/AllMetals
24_silent_frontier_selected	720	1280	Canvas/HUD/VerticalUIRoot/VerticalSafeAreaRoot/ContentSlot/Dimension1Panel/GalaxyPanel/D1_GalaxyVisualRoot/AllMetals	1	565.33	1158.67	OK	Canvas/HUD/VerticalUIRoot/VerticalSafeAreaRoot/ContentSlot/Dimension1Panel/GalaxyPanel/D1_GalaxyVisualRoot/AllMetals	Canvas/HUD/VerticalUIRoot/VerticalSafeAreaRoot/ContentSlot/Dimension1Panel/GalaxyPanel/D1_GalaxyVisualRoot/AllMetals
24_silent_frontier_selected	720	1280	Canvas/HUD/VerticalUIRoot/VerticalSafeAreaRoot/ContentSlot/Dimension1Panel/GalaxyPanel/D1_GalaxyVisualRoot/AllMetals	2	663.33	1158.67	OK	Canvas/HUD/VerticalUIRoot/VerticalSafeAreaRoot/ContentSlot/Dimension1Panel/GalaxyPanel/D1_GalaxyVisualRoot/AllMetals	Canvas/HUD/VerticalUIRoot/VerticalSafeAreaRoot/ContentSlot/Dimension1Panel/GalaxyPanel/D1_GalaxyVisualRoot/AllMetals
24_silent_frontier_selected	720	1280	Canvas/HUD/VerticalUIRoot/VerticalSafeAreaRoot/ContentSlot/Dimension1Panel/GalaxyPanel/D1_GalaxyVisualRoot/AllMetals	3	565.33	1198.67	OK	Canvas/HUD/VerticalUIRoot/VerticalSafeAreaRoot/ContentSlot/Dimension1Panel/GalaxyPanel/D1_GalaxyVisualRoot/AllMetals	Canvas/HUD/VerticalUIRoot/VerticalSafeAreaRoot/ContentSlot/Dimension1Panel/GalaxyPanel/D1_GalaxyVisualRoot/AllMetals
24_silent_frontier_selected	720	1280	Canvas/HUD/VerticalUIRoot/VerticalSafeAreaRoot/ContentSlot/Dimension1Panel/GalaxyPanel/D1_GalaxyVisualRoot/AllMetals	4	663.33	1198.67	OK	Canvas/HUD/VerticalUIRoot/VerticalSafeAreaRoot/ContentSlot/Dimension1Panel/GalaxyPanel/D1_GalaxyVisualRoot/AllMetals	Canvas/HUD/VerticalUIRoot/VerticalSafeAreaRoot/ContentSlot/Dimension1Panel/GalaxyPanel/D1_GalaxyVisualRoot/AllMetals
24_silent_frontier_selected	720	1280	Canvas/HUD/VerticalUIRoot/VerticalSafeAreaRoot/ContentSlot/Dimension1Panel/GalaxyPanel/D1_GalaxyVisualRoot/SectorDetails/SelectedData/EnterSectorButton	0	129.00	178.00	OK	Canvas/HUD/VerticalUIRoot/VerticalSafeAreaRoot/ContentSlot/Dimension1Panel/GalaxyPanel/D1_GalaxyVisualRoot/SectorDetails/SelectedData/EnterSectorButton/Fill	Canvas/HUD/VerticalUIRoot/VerticalSafeAreaRoot/ContentSlot/Dimension1Panel/GalaxyPanel/D1_GalaxyVisualRoot/SectorDetails/SelectedData/EnterSectorButton
24_silent_frontier_selected	720	1280	Canvas/HUD/VerticalUIRoot/VerticalSafeAreaRoot/ContentSlot/Dimension1Panel/GalaxyPanel/D1_GalaxyVisualRoot/SectorDetails/SelectedData/EnterSectorButton	1	82.00	165.60	OK	Canvas/HUD/VerticalUIRoot/VerticalSafeAreaRoot/ContentSlot/Dimension1Panel/GalaxyPanel/D1_GalaxyVisualRoot/SectorDetails/SelectedData/EnterSectorButton/Fill	Canvas/HUD/VerticalUIRoot/VerticalSafeAreaRoot/ContentSlot/Dimension1Panel/GalaxyPanel/D1_GalaxyVisualRoot/SectorDetails/SelectedData/EnterSectorButton
24_silent_frontier_selected	720	1280	Canvas/HUD/VerticalUIRoot/VerticalSafeAreaRoot/ContentSlot/Dimension1Panel/GalaxyPanel/D1_GalaxyVisualRoot/SectorDetails/SelectedData/EnterSectorButton	2	176.00	165.60	OK	Canvas/HUD/VerticalUIRoot/VerticalSafeAreaRoot/ContentSlot/Dimension1Panel/GalaxyPanel/D1_GalaxyVisualRoot/SectorDetails/SelectedData/EnterSectorButton/Fill	Canvas/HUD/VerticalUIRoot/VerticalSafeAreaRoot/ContentSlot/Dimension1Panel/GalaxyPanel/D1_GalaxyVisualRoot/SectorDetails/SelectedData/EnterSectorButton
24_silent_frontier_selected	720	1280	Canvas/HUD/VerticalUIRoot/VerticalSafeAreaRoot/ContentSlot/Dimension1Panel/GalaxyPanel/D1_GalaxyVisualRoot/SectorDetails/SelectedData/EnterSectorButton	3	82.00	190.40	OK	Canvas/HUD/VerticalUIRoot/VerticalSafeAreaRoot/ContentSlot/Dimension1Panel/GalaxyPanel/D1_GalaxyVisualRoot/SectorDetails/SelectedData/EnterSectorButton/Fill	Canvas/HUD/VerticalUIRoot/VerticalSafeAreaRoot/ContentSlot/Dimension1Panel/GalaxyPanel/D1_GalaxyVisualRoot/SectorDetails/SelectedData/EnterSectorButton
24_silent_frontier_selected	720	1280	Canvas/HUD/VerticalUIRoot/VerticalSafeAreaRoot/ContentSlot/Dimension1Panel/GalaxyPanel/D1_GalaxyVisualRoot/SectorDetails/SelectedData/EnterSectorButton	4	176.00	190.40	OK	Canvas/HUD/VerticalUIRoot/VerticalSafeAreaRoot/ContentSlot/Dimension1Panel/GalaxyPanel/D1_GalaxyVisualRoot/SectorDetails/SelectedData/EnterSectorButton/Fill	Canvas/HUD/VerticalUIRoot/VerticalSafeAreaRoot/ContentSlot/Dimension1Panel/GalaxyPanel/D1_GalaxyVisualRoot/SectorDetails/SelectedData/EnterSectorButton
24_silent_frontier_selected	720	1280	Canvas/HUD/VerticalUIRoot/VerticalSafeAreaRoot/ContentSlot/Dimension1Panel/GalaxyPanel/D1_GalaxyVisualRoot/FullBleedGalaxyMap/Planet05Node	0	484.82	828.24	OK	Canvas/HUD/VerticalUIRoot/VerticalSafeAreaRoot/ContentSlot/Dimension1Panel/GalaxyPanel/D1_GalaxyVisualRoot/FullBleedGalaxyMap/Planet05Node	Canvas/HUD/VerticalUIRoot/VerticalSafeAreaRoot/ContentSlot/Dimension1Panel/GalaxyPanel/D1_GalaxyVisualRoot/FullBleedGalaxyMap/Planet05Node
24_silent_frontier_selected	720	1280	Canvas/HUD/VerticalUIRoot/VerticalSafeAreaRoot/ContentSlot/Dimension1Panel/GalaxyPanel/D1_GalaxyVisualRoot/FullBleedGalaxyMap/Planet05Node	1	438.82	790.24	OK	Canvas/HUD/VerticalUIRoot/VerticalSafeAreaRoot/ContentSlot/Dimension1Panel/GalaxyPanel/D1_GalaxyVisualRoot/FullBleedGalaxyMap/Planet05Node	Canvas/HUD/VerticalUIRoot/VerticalSafeAreaRoot/ContentSlot/Dimension1Panel/GalaxyPanel/D1_GalaxyVisualRoot/FullBleedGalaxyMap/Planet05Node
24_silent_frontier_selected	720	1280	Canvas/HUD/VerticalUIRoot/VerticalSafeAreaRoot/ContentSlot/Dimension1Panel/GalaxyPanel/D1_GalaxyVisualRoot/FullBleedGalaxyMap/Planet05Node	2	530.82	790.24	OK	Canvas/HUD/VerticalUIRoot/VerticalSafeAreaRoot/ContentSlot/Dimension1Panel/GalaxyPanel/D1_GalaxyVisualRoot/FullBleedGalaxyMap/Planet05Node	Canvas/HUD/VerticalUIRoot/VerticalSafeAreaRoot/ContentSlot/Dimension1Panel/GalaxyPanel/D1_GalaxyVisualRoot/FullBleedGalaxyMap/Planet05Node
24_silent_frontier_selected	720	1280	Canvas/HUD/VerticalUIRoot/VerticalSafeAreaRoot/ContentSlot/Dimension1Panel/GalaxyPanel/D1_GalaxyVisualRoot/FullBleedGalaxyMap/Planet05Node	3	438.82	866.24	OK	Canvas/HUD/VerticalUIRoot/VerticalSafeAreaRoot/ContentSlot/Dimension1Panel/GalaxyPanel/D1_GalaxyVisualRoot/FullBleedGalaxyMap/Planet05Node	Canvas/HUD/VerticalUIRoot/VerticalSafeAreaRoot/ContentSlot/Dimension1Panel/GalaxyPanel/D1_GalaxyVisualRoot/FullBleedGalaxyMap/Planet05Node
24_silent_frontier_selected	720	1280	Canvas/HUD/VerticalUIRoot/VerticalSafeAreaRoot/ContentSlot/Dimension1Panel/GalaxyPanel/D1_GalaxyVisualRoot/FullBleedGalaxyMap/Planet05Node	4	530.82	866.24	OK	Canvas/HUD/VerticalUIRoot/VerticalSafeAreaRoot/ContentSlot/Dimension1Panel/GalaxyPanel/D1_GalaxyVisualRoot/FullBleedGalaxyMap/Planet05Node	Canvas/HUD/VerticalUIRoot/VerticalSafeAreaRoot/ContentSlot/Dimension1Panel/GalaxyPanel/D1_GalaxyVisualRoot/FullBleedGalaxyMap/Planet05Node
24_silent_frontier_selected	720	1280	Canvas/HUD/VerticalUIRoot/VerticalSafeAreaRoot/ContentSlot/Dimension1Panel/GalaxyPanel/D1_GalaxyVisualRoot/FullBleedGalaxyMap/Sector02	0	611.11	632.61	OK	Canvas/HUD/VerticalUIRoot/VerticalSafeAreaRoot/ContentSlot/Dimension1Panel/GalaxyPanel/D1_GalaxyVisualRoot/FullBleedGalaxyMap/Sector02	Canvas/HUD/VerticalUIRoot/VerticalSafeAreaRoot/ContentSlot/Dimension1Panel/GalaxyPanel/D1_GalaxyVisualRoot/FullBleedGalaxyMap/Sector02
24_silent_frontier_selected	720	1280	Canvas/HUD/VerticalUIRoot/VerticalSafeAreaRoot/ContentSlot/Dimension1Panel/GalaxyPanel/D1_GalaxyVisualRoot/FullBleedGalaxyMap/Sector02	1	551.11	585.41	OK	Canvas/HUD/VerticalUIRoot/VerticalSafeAreaRoot/ContentSlot/Dimension1Panel/GalaxyPanel/D1_GalaxyVisualRoot/FullBleedGalaxyMap/Sector02	Canvas/HUD/VerticalUIRoot/VerticalSafeAreaRoot/ContentSlot/Dimension1Panel/GalaxyPanel/D1_GalaxyVisualRoot/FullBleedGalaxyMap/Sector02
24_silent_frontier_selected	720	1280	Canvas/HUD/VerticalUIRoot/VerticalSafeAreaRoot/ContentSlot/Dimension1Panel/GalaxyPanel/D1_GalaxyVisualRoot/FullBleedGalaxyMap/Sector02	2	671.11	585.41	OK	Canvas/HUD/VerticalUIRoot/VerticalSafeAreaRoot/ContentSlot/Dimension1Panel/GalaxyPanel/D1_GalaxyVisualRoot/FullBleedGalaxyMap/Sector02	Canvas/HUD/VerticalUIRoot/VerticalSafeAreaRoot/ContentSlot/Dimension1Panel/GalaxyPanel/D1_GalaxyVisualRoot/FullBleedGalaxyMap/Sector02
24_silent_frontier_selected	720	1280	Canvas/HUD/VerticalUIRoot/VerticalSafeAreaRoot/ContentSlot/Dimension1Panel/GalaxyPanel/D1_GalaxyVisualRoot/FullBleedGalaxyMap/Sector02	3	551.11	679.81	OK	Canvas/HUD/VerticalUIRoot/VerticalSafeAreaRoot/ContentSlot/Dimension1Panel/GalaxyPanel/D1_GalaxyVisualRoot/FullBleedGalaxyMap/Sector02	Canvas/HUD/VerticalUIRoot/VerticalSafeAreaRoot/ContentSlot/Dimension1Panel/GalaxyPanel/D1_GalaxyVisualRoot/FullBleedGalaxyMap/Sector02
24_silent_frontier_selected	720	1280	Canvas/HUD/VerticalUIRoot/VerticalSafeAreaRoot/ContentSlot/Dimension1Panel/GalaxyPanel/D1_GalaxyVisualRoot/FullBleedGalaxyMap/Sector02	4	671.11	679.81	OK	Canvas/HUD/VerticalUIRoot/VerticalSafeAreaRoot/ContentSlot/Dimension1Panel/GalaxyPanel/D1_GalaxyVisualRoot/FullBleedGalaxyMap/Sector02	Canvas/HUD/VerticalUIRoot/VerticalSafeAreaRoot/ContentSlot/Dimension1Panel/GalaxyPanel/D1_GalaxyVisualRoot/FullBleedGalaxyMap/Sector02
24_silent_frontier_selected	720	1280	Canvas/HUD/VerticalUIRoot/VerticalSafeAreaRoot/ContentSlot/Dimension1Panel/GalaxyPanel/D1_GalaxyVisualRoot/CommandCenterBack	0	74.67	1178.67	OK	Canvas/HUD/VerticalUIRoot/VerticalSafeAreaRoot/ContentSlot/Dimension1Panel/GalaxyPanel/D1_GalaxyVisualRoot/CommandCenterBack	Canvas/HUD/VerticalUIRoot/VerticalSafeAreaRoot/ContentSlot/Dimension1Panel/GalaxyPanel/D1_GalaxyVisualRoot/CommandCenterBack
24_silent_frontier_selected	720	1280	Canvas/HUD/VerticalUIRoot/VerticalSafeAreaRoot/ContentSlot/Dimension1Panel/GalaxyPanel/D1_GalaxyVisualRoot/CommandCenterBack	1	39.47	1158.67	OK	Canvas/HUD/VerticalUIRoot/VerticalSafeAreaRoot/ContentSlot/Dimension1Panel/GalaxyPanel/D1_GalaxyVisualRoot/CommandCenterBack	Canvas/HUD/VerticalUIRoot/VerticalSafeAreaRoot/ContentSlot/Dimension1Panel/GalaxyPanel/D1_GalaxyVisualRoot/CommandCenterBack
24_silent_frontier_selected	720	1280	Canvas/HUD/VerticalUIRoot/VerticalSafeAreaRoot/ContentSlot/Dimension1Panel/GalaxyPanel/D1_GalaxyVisualRoot/CommandCenterBack	2	109.87	1158.67	OK	Canvas/HUD/VerticalUIRoot/VerticalSafeAreaRoot/ContentSlot/Dimension1Panel/GalaxyPanel/D1_GalaxyVisualRoot/CommandCenterBack	Canvas/HUD/VerticalUIRoot/VerticalSafeAreaRoot/ContentSlot/Dimension1Panel/GalaxyPanel/D1_GalaxyVisualRoot/CommandCenterBack
24_silent_frontier_selected	720	1280	Canvas/HUD/VerticalUIRoot/VerticalSafeAreaRoot/ContentSlot/Dimension1Panel/GalaxyPanel/D1_GalaxyVisualRoot/CommandCenterBack	3	39.47	1198.67	OK	Canvas/HUD/VerticalUIRoot/VerticalSafeAreaRoot/ContentSlot/Dimension1Panel/GalaxyPanel/D1_GalaxyVisualRoot/CommandCenterBack	Canvas/HUD/VerticalUIRoot/VerticalSafeAreaRoot/ContentSlot/Dimension1Panel/GalaxyPanel/D1_GalaxyVisualRoot/CommandCenterBack
24_silent_frontier_selected	720	1280	Canvas/HUD/VerticalUIRoot/VerticalSafeAreaRoot/ContentSlot/Dimension1Panel/GalaxyPanel/D1_GalaxyVisualRoot/CommandCenterBack	4	109.87	1198.67	OK	Canvas/HUD/VerticalUIRoot/VerticalSafeAreaRoot/ContentSlot/Dimension1Panel/GalaxyPanel/D1_GalaxyVisualRoot/CommandCenterBack	Canvas/HUD/VerticalUIRoot/VerticalSafeAreaRoot/ContentSlot/Dimension1Panel/GalaxyPanel/D1_GalaxyVisualRoot/CommandCenterBack
24_silent_frontier_selected	720	1280	Canvas/HUD/VerticalUIRoot/VerticalSafeAreaRoot/ContentSlot/Dimension1Panel/GalaxyPanel/D1_GalaxyVisualRoot/FullBleedGalaxyMap/Sector04	0	580.88	420.71	OK	Canvas/HUD/VerticalUIRoot/VerticalSafeAreaRoot/ContentSlot/Dimension1Panel/GalaxyPanel/D1_GalaxyVisualRoot/FullBleedGalaxyMap/Sector04	Canvas/HUD/VerticalUIRoot/VerticalSafeAreaRoot/ContentSlot/Dimension1Panel/GalaxyPanel/D1_GalaxyVisualRoot/FullBleedGalaxyMap/Sector04
24_silent_frontier_selected	720	1280	Canvas/HUD/VerticalUIRoot/VerticalSafeAreaRoot/ContentSlot/Dimension1Panel/GalaxyPanel/D1_GalaxyVisualRoot/FullBleedGalaxyMap/Sector04	1	534.88	383.51	OK	Canvas/HUD/VerticalUIRoot/VerticalSafeAreaRoot/ContentSlot/Dimension1Panel/GalaxyPanel/D1_GalaxyVisualRoot/FullBleedGalaxyMap/Sector04	Canvas/HUD/VerticalUIRoot/VerticalSafeAreaRoot/ContentSlot/Dimension1Panel/GalaxyPanel/D1_GalaxyVisualRoot/FullBleedGalaxyMap/Sector04
24_silent_frontier_selected	720	1280	Canvas/HUD/VerticalUIRoot/VerticalSafeAreaRoot/ContentSlot/Dimension1Panel/GalaxyPanel/D1_GalaxyVisualRoot/FullBleedGalaxyMap/Sector04	2	626.88	383.51	OK	Canvas/HUD/VerticalUIRoot/VerticalSafeAreaRoot/ContentSlot/Dimension1Panel/GalaxyPanel/D1_GalaxyVisualRoot/FullBleedGalaxyMap/Sector04	Canvas/HUD/VerticalUIRoot/VerticalSafeAreaRoot/ContentSlot/Dimension1Panel/GalaxyPanel/D1_GalaxyVisualRoot/FullBleedGalaxyMap/Sector04
24_silent_frontier_selected	720	1280	Canvas/HUD/VerticalUIRoot/VerticalSafeAreaRoot/ContentSlot/Dimension1Panel/GalaxyPanel/D1_GalaxyVisualRoot/FullBleedGalaxyMap/Sector04	3	534.88	457.91	OK	Canvas/HUD/VerticalUIRoot/VerticalSafeAreaRoot/ContentSlot/Dimension1Panel/GalaxyPanel/D1_GalaxyVisualRoot/FullBleedGalaxyMap/Sector04	Canvas/HUD/VerticalUIRoot/VerticalSafeAreaRoot/ContentSlot/Dimension1Panel/GalaxyPanel/D1_GalaxyVisualRoot/FullBleedGalaxyMap/Sector04
24_silent_frontier_selected	720	1280	Canvas/HUD/VerticalUIRoot/VerticalSafeAreaRoot/ContentSlot/Dimension1Panel/GalaxyPanel/D1_GalaxyVisualRoot/FullBleedGalaxyMap/Sector04	4	626.88	457.91	OK	Canvas/HUD/VerticalUIRoot/VerticalSafeAreaRoot/ContentSlot/Dimension1Panel/GalaxyPanel/D1_GalaxyVisualRoot/FullBleedGalaxyMap/Sector04	Canvas/HUD/VerticalUIRoot/VerticalSafeAreaRoot/ContentSlot/Dimension1Panel/GalaxyPanel/D1_GalaxyVisualRoot/FullBleedGalaxyMap/Sector04
24_silent_frontier_selected	720	1280	Canvas/HUD/VerticalUIRoot/VerticalSafeAreaRoot/ContentSlot/Dimension1Panel/GalaxyPanel/D1_GalaxyVisualRoot/FullBleedGalaxyMap/Sector01	0	458.89	699.22	OK	Canvas/HUD/VerticalUIRoot/VerticalSafeAreaRoot/ContentSlot/Dimension1Panel/GalaxyPanel/D1_GalaxyVisualRoot/FullBleedGalaxyMap/Sector01	Canvas/HUD/VerticalUIRoot/VerticalSafeAreaRoot/ContentSlot/Dimension1Panel/GalaxyPanel/D1_GalaxyVisualRoot/FullBleedGalaxyMap/Sector01
24_silent_frontier_selected	720	1280	Canvas/HUD/VerticalUIRoot/VerticalSafeAreaRoot/ContentSlot/Dimension1Panel/GalaxyPanel/D1_GalaxyVisualRoot/FullBleedGalaxyMap/Sector01	1	412.89	659.62	OK	Canvas/HUD/VerticalUIRoot/VerticalSafeAreaRoot/ContentSlot/Dimension1Panel/GalaxyPanel/D1_GalaxyVisualRoot/FullBleedGalaxyMap/Sector01	Canvas/HUD/VerticalUIRoot/VerticalSafeAreaRoot/ContentSlot/Dimension1Panel/GalaxyPanel/D1_GalaxyVisualRoot/FullBleedGalaxyMap/Sector01
24_silent_frontier_selected	720	1280	Canvas/HUD/VerticalUIRoot/VerticalSafeAreaRoot/ContentSlot/Dimension1Panel/GalaxyPanel/D1_GalaxyVisualRoot/FullBleedGalaxyMap/Sector01	2	504.89	659.62	OK	Canvas/HUD/VerticalUIRoot/VerticalSafeAreaRoot/ContentSlot/Dimension1Panel/GalaxyPanel/D1_GalaxyVisualRoot/FullBleedGalaxyMap/Sector01	Canvas/HUD/VerticalUIRoot/VerticalSafeAreaRoot/ContentSlot/Dimension1Panel/GalaxyPanel/D1_GalaxyVisualRoot/FullBleedGalaxyMap/Sector01
24_silent_frontier_selected	720	1280	Canvas/HUD/VerticalUIRoot/VerticalSafeAreaRoot/ContentSlot/Dimension1Panel/GalaxyPanel/D1_GalaxyVisualRoot/FullBleedGalaxyMap/Sector01	3	412.89	738.82	OK	Canvas/HUD/VerticalUIRoot/VerticalSafeAreaRoot/ContentSlot/Dimension1Panel/GalaxyPanel/D1_GalaxyVisualRoot/FullBleedGalaxyMap/Sector01	Canvas/HUD/VerticalUIRoot/VerticalSafeAreaRoot/ContentSlot/Dimension1Panel/GalaxyPanel/D1_GalaxyVisualRoot/FullBleedGalaxyMap/Sector01
24_silent_frontier_selected	720	1280	Canvas/HUD/VerticalUIRoot/VerticalSafeAreaRoot/ContentSlot/Dimension1Panel/GalaxyPanel/D1_GalaxyVisualRoot/FullBleedGalaxyMap/Sector01	4	504.89	738.82	OK	Canvas/HUD/VerticalUIRoot/VerticalSafeAreaRoot/ContentSlot/Dimension1Panel/GalaxyPanel/D1_GalaxyVisualRoot/FullBleedGalaxyMap/Sector01	Canvas/HUD/VerticalUIRoot/VerticalSafeAreaRoot/ContentSlot/Dimension1Panel/GalaxyPanel/D1_GalaxyVisualRoot/FullBleedGalaxyMap/Sector01
24_silent_frontier_selected	720	1280	Canvas/HUD/VerticalUIRoot/VerticalSafeAreaRoot/ContentSlot/Dimension1Panel/GalaxyPanel/D1_GalaxyVisualRoot/FullBleedGalaxyMap/Sector03	0	146.75	790.85	OK	Canvas/HUD/VerticalUIRoot/VerticalSafeAreaRoot/ContentSlot/Dimension1Panel/GalaxyPanel/D1_GalaxyVisualRoot/FullBleedGalaxyMap/Sector03	Canvas/HUD/VerticalUIRoot/VerticalSafeAreaRoot/ContentSlot/Dimension1Panel/GalaxyPanel/D1_GalaxyVisualRoot/FullBleedGalaxyMap/Sector03
24_silent_frontier_selected	720	1280	Canvas/HUD/VerticalUIRoot/VerticalSafeAreaRoot/ContentSlot/Dimension1Panel/GalaxyPanel/D1_GalaxyVisualRoot/FullBleedGalaxyMap/Sector03	1	100.75	751.25	OK	Canvas/HUD/VerticalUIRoot/VerticalSafeAreaRoot/ContentSlot/Dimension1Panel/GalaxyPanel/D1_GalaxyVisualRoot/FullBleedGalaxyMap/Sector03	Canvas/HUD/VerticalUIRoot/VerticalSafeAreaRoot/ContentSlot/Dimension1Panel/GalaxyPanel/D1_GalaxyVisualRoot/FullBleedGalaxyMap/Sector03
24_silent_frontier_selected	720	1280	Canvas/HUD/VerticalUIRoot/VerticalSafeAreaRoot/ContentSlot/Dimension1Panel/GalaxyPanel/D1_GalaxyVisualRoot/FullBleedGalaxyMap/Sector03	2	192.75	751.25	OK	Canvas/HUD/VerticalUIRoot/VerticalSafeAreaRoot/ContentSlot/Dimension1Panel/GalaxyPanel/D1_GalaxyVisualRoot/FullBleedGalaxyMap/Sector03	Canvas/HUD/VerticalUIRoot/VerticalSafeAreaRoot/ContentSlot/Dimension1Panel/GalaxyPanel/D1_GalaxyVisualRoot/FullBleedGalaxyMap/Sector03
24_silent_frontier_selected	720	1280	Canvas/HUD/VerticalUIRoot/VerticalSafeAreaRoot/ContentSlot/Dimension1Panel/GalaxyPanel/D1_GalaxyVisualRoot/FullBleedGalaxyMap/Sector03	3	100.75	830.45	OK	Canvas/HUD/VerticalUIRoot/VerticalSafeAreaRoot/ContentSlot/Dimension1Panel/GalaxyPanel/D1_GalaxyVisualRoot/FullBleedGalaxyMap/Sector03	Canvas/HUD/VerticalUIRoot/VerticalSafeAreaRoot/ContentSlot/Dimension1Panel/GalaxyPanel/D1_GalaxyVisualRoot/FullBleedGalaxyMap/Sector03
24_silent_frontier_selected	720	1280	Canvas/HUD/VerticalUIRoot/VerticalSafeAreaRoot/ContentSlot/Dimension1Panel/GalaxyPanel/D1_GalaxyVisualRoot/FullBleedGalaxyMap/Sector03	4	192.75	830.45	OK	Canvas/HUD/VerticalUIRoot/VerticalSafeAreaRoot/ContentSlot/Dimension1Panel/GalaxyPanel/D1_GalaxyVisualRoot/FullBleedGalaxyMap/Sector03	Canvas/HUD/VerticalUIRoot/VerticalSafeAreaRoot/ContentSlot/Dimension1Panel/GalaxyPanel/D1_GalaxyVisualRoot/FullBleedGalaxyMap/Sector03
24_silent_frontier_selected	720	1280	Canvas/HUD/VerticalUIRoot/VerticalSafeAreaRoot/ContentSlot/Dimension1Panel/GalaxyPanel/D1_GalaxyVisualRoot/D1BottomNavigation/EXPLORARButton	0	220.00	73.33	OK	Canvas/HUD/VerticalUIRoot/VerticalSafeAreaRoot/ContentSlot/Dimension1Panel/GalaxyPanel/D1_GalaxyVisualRoot/D1BottomNavigation/EXPLORARButton	Canvas/HUD/VerticalUIRoot/VerticalSafeAreaRoot/ContentSlot/Dimension1Panel/GalaxyPanel/D1_GalaxyVisualRoot/D1BottomNavigation/EXPLORARButton
24_silent_frontier_selected	720	1280	Canvas/HUD/VerticalUIRoot/VerticalSafeAreaRoot/ContentSlot/Dimension1Panel/GalaxyPanel/D1_GalaxyVisualRoot/D1BottomNavigation/EXPLORARButton	1	180.40	38.13	OK	Canvas/HUD/VerticalUIRoot/VerticalSafeAreaRoot/ContentSlot/Dimension1Panel/GalaxyPanel/D1_GalaxyVisualRoot/D1BottomNavigation/EXPLORARButton	Canvas/HUD/VerticalUIRoot/VerticalSafeAreaRoot/ContentSlot/Dimension1Panel/GalaxyPanel/D1_GalaxyVisualRoot/D1BottomNavigation/EXPLORARButton
24_silent_frontier_selected	720	1280	Canvas/HUD/VerticalUIRoot/VerticalSafeAreaRoot/ContentSlot/Dimension1Panel/GalaxyPanel/D1_GalaxyVisualRoot/D1BottomNavigation/EXPLORARButton	2	259.60	38.13	OK	Canvas/HUD/VerticalUIRoot/VerticalSafeAreaRoot/ContentSlot/Dimension1Panel/GalaxyPanel/D1_GalaxyVisualRoot/D1BottomNavigation/EXPLORARButton	Canvas/HUD/VerticalUIRoot/VerticalSafeAreaRoot/ContentSlot/Dimension1Panel/GalaxyPanel/D1_GalaxyVisualRoot/D1BottomNavigation/EXPLORARButton
24_silent_frontier_selected	720	1280	Canvas/HUD/VerticalUIRoot/VerticalSafeAreaRoot/ContentSlot/Dimension1Panel/GalaxyPanel/D1_GalaxyVisualRoot/D1BottomNavigation/EXPLORARButton	3	180.40	108.53	OK	Canvas/HUD/VerticalUIRoot/VerticalSafeAreaRoot/ContentSlot/Dimension1Panel/GalaxyPanel/D1_GalaxyVisualRoot/D1BottomNavigation/EXPLORARButton	Canvas/HUD/VerticalUIRoot/VerticalSafeAreaRoot/ContentSlot/Dimension1Panel/GalaxyPanel/D1_GalaxyVisualRoot/D1BottomNavigation/EXPLORARButton
24_silent_frontier_selected	720	1280	Canvas/HUD/VerticalUIRoot/VerticalSafeAreaRoot/ContentSlot/Dimension1Panel/GalaxyPanel/D1_GalaxyVisualRoot/D1BottomNavigation/EXPLORARButton	4	259.60	108.53	OK	Canvas/HUD/VerticalUIRoot/VerticalSafeAreaRoot/ContentSlot/Dimension1Panel/GalaxyPanel/D1_GalaxyVisualRoot/D1BottomNavigation/EXPLORARButton	Canvas/HUD/VerticalUIRoot/VerticalSafeAreaRoot/ContentSlot/Dimension1Panel/GalaxyPanel/D1_GalaxyVisualRoot/D1BottomNavigation/EXPLORARButton
24_silent_frontier_selected	720	1280	Canvas/HUD/VerticalUIRoot/VerticalSafeAreaRoot/ContentSlot/Dimension1Panel/GalaxyPanel/D1_GalaxyVisualRoot/D1BottomNavigation/ÁRBOLButton	0	634.00	73.33	OK	Canvas/HUD/VerticalUIRoot/VerticalSafeAreaRoot/ContentSlot/Dimension1Panel/GalaxyPanel/D1_GalaxyVisualRoot/D1BottomNavigation/ÁRBOLButton	Canvas/HUD/VerticalUIRoot/VerticalSafeAreaRoot/ContentSlot/Dimension1Panel/GalaxyPanel/D1_GalaxyVisualRoot/D1BottomNavigation/ÁRBOLButton
24_silent_frontier_selected	720	1280	Canvas/HUD/VerticalUIRoot/VerticalSafeAreaRoot/ContentSlot/Dimension1Panel/GalaxyPanel/D1_GalaxyVisualRoot/D1BottomNavigation/ÁRBOLButton	1	594.40	38.13	OK	Canvas/HUD/VerticalUIRoot/VerticalSafeAreaRoot/ContentSlot/Dimension1Panel/GalaxyPanel/D1_GalaxyVisualRoot/D1BottomNavigation/ÁRBOLButton	Canvas/HUD/VerticalUIRoot/VerticalSafeAreaRoot/ContentSlot/Dimension1Panel/GalaxyPanel/D1_GalaxyVisualRoot/D1BottomNavigation/ÁRBOLButton
24_silent_frontier_selected	720	1280	Canvas/HUD/VerticalUIRoot/VerticalSafeAreaRoot/ContentSlot/Dimension1Panel/GalaxyPanel/D1_GalaxyVisualRoot/D1BottomNavigation/ÁRBOLButton	2	673.60	38.13	OK	Canvas/HUD/VerticalUIRoot/VerticalSafeAreaRoot/ContentSlot/Dimension1Panel/GalaxyPanel/D1_GalaxyVisualRoot/D1BottomNavigation/ÁRBOLButton	Canvas/HUD/VerticalUIRoot/VerticalSafeAreaRoot/ContentSlot/Dimension1Panel/GalaxyPanel/D1_GalaxyVisualRoot/D1BottomNavigation/ÁRBOLButton
24_silent_frontier_selected	720	1280	Canvas/HUD/VerticalUIRoot/VerticalSafeAreaRoot/ContentSlot/Dimension1Panel/GalaxyPanel/D1_GalaxyVisualRoot/D1BottomNavigation/ÁRBOLButton	3	594.40	108.53	OK	Canvas/HUD/VerticalUIRoot/VerticalSafeAreaRoot/ContentSlot/Dimension1Panel/GalaxyPanel/D1_GalaxyVisualRoot/D1BottomNavigation/ÁRBOLButton	Canvas/HUD/VerticalUIRoot/VerticalSafeAreaRoot/ContentSlot/Dimension1Panel/GalaxyPanel/D1_GalaxyVisualRoot/D1BottomNavigation/ÁRBOLButton
24_silent_frontier_selected	720	1280	Canvas/HUD/VerticalUIRoot/VerticalSafeAreaRoot/ContentSlot/Dimension1Panel/GalaxyPanel/D1_GalaxyVisualRoot/D1BottomNavigation/ÁRBOLButton	4	673.60	108.53	OK	Canvas/HUD/VerticalUIRoot/VerticalSafeAreaRoot/ContentSlot/Dimension1Panel/GalaxyPanel/D1_GalaxyVisualRoot/D1BottomNavigation/ÁRBOLButton	Canvas/HUD/VerticalUIRoot/VerticalSafeAreaRoot/ContentSlot/Dimension1Panel/GalaxyPanel/D1_GalaxyVisualRoot/D1BottomNavigation/ÁRBOLButton
24_silent_frontier	720	1280	Canvas/HUD/VerticalUIRoot/VerticalSafeAreaRoot/ContentSlot/Dimension1Panel/D1_SilentFrontierDetailVisualRoot/Heading/BackButton	0	46.67	1206.67	OK	Canvas/HUD/VerticalUIRoot/VerticalSafeAreaRoot/ContentSlot/Dimension1Panel/D1_SilentFrontierDetailVisualRoot/Heading/BackButton	Canvas/HUD/VerticalUIRoot/VerticalSafeAreaRoot/ContentSlot/Dimension1Panel/D1_SilentFrontierDetailVisualRoot/Heading/BackButton
24_silent_frontier	720	1280	Canvas/HUD/VerticalUIRoot/VerticalSafeAreaRoot/ContentSlot/Dimension1Panel/D1_SilentFrontierDetailVisualRoot/Heading/BackButton	1	29.87	1192.27	OK	Canvas/HUD/VerticalUIRoot/VerticalSafeAreaRoot/ContentSlot/Dimension1Panel/D1_SilentFrontierDetailVisualRoot/Heading/BackButton	Canvas/HUD/VerticalUIRoot/VerticalSafeAreaRoot/ContentSlot/Dimension1Panel/D1_SilentFrontierDetailVisualRoot/Heading/BackButton
24_silent_frontier	720	1280	Canvas/HUD/VerticalUIRoot/VerticalSafeAreaRoot/ContentSlot/Dimension1Panel/D1_SilentFrontierDetailVisualRoot/Heading/BackButton	2	63.47	1192.27	OK	Canvas/HUD/VerticalUIRoot/VerticalSafeAreaRoot/ContentSlot/Dimension1Panel/D1_SilentFrontierDetailVisualRoot/Heading/BackButton	Canvas/HUD/VerticalUIRoot/VerticalSafeAreaRoot/ContentSlot/Dimension1Panel/D1_SilentFrontierDetailVisualRoot/Heading/BackButton
24_silent_frontier	720	1280	Canvas/HUD/VerticalUIRoot/VerticalSafeAreaRoot/ContentSlot/Dimension1Panel/D1_SilentFrontierDetailVisualRoot/Heading/BackButton	3	29.87	1221.07	OK	Canvas/HUD/VerticalUIRoot/VerticalSafeAreaRoot/ContentSlot/Dimension1Panel/D1_SilentFrontierDetailVisualRoot/Heading/BackButton	Canvas/HUD/VerticalUIRoot/VerticalSafeAreaRoot/ContentSlot/Dimension1Panel/D1_SilentFrontierDetailVisualRoot/Heading/BackButton
24_silent_frontier	720	1280	Canvas/HUD/VerticalUIRoot/VerticalSafeAreaRoot/ContentSlot/Dimension1Panel/D1_SilentFrontierDetailVisualRoot/Heading/BackButton	4	63.47	1221.07	OK	Canvas/HUD/VerticalUIRoot/VerticalSafeAreaRoot/ContentSlot/Dimension1Panel/D1_SilentFrontierDetailVisualRoot/Heading/BackButton	Canvas/HUD/VerticalUIRoot/VerticalSafeAreaRoot/ContentSlot/Dimension1Panel/D1_SilentFrontierDetailVisualRoot/Heading/BackButton
24_silent_frontier	720	1280	Canvas/HUD/VerticalUIRoot/VerticalSafeAreaRoot/ContentSlot/Dimension1Panel/D1_SilentFrontierDetailVisualRoot/BottomNavigation/Nav_HANGAR	0	358.00	73.33	OK	Canvas/HUD/VerticalUIRoot/VerticalSafeAreaRoot/ContentSlot/Dimension1Panel/D1_SilentFrontierDetailVisualRoot/BottomNavigation/Nav_HANGAR	Canvas/HUD/VerticalUIRoot/VerticalSafeAreaRoot/ContentSlot/Dimension1Panel/D1_SilentFrontierDetailVisualRoot/BottomNavigation/Nav_HANGAR
24_silent_frontier	720	1280	Canvas/HUD/VerticalUIRoot/VerticalSafeAreaRoot/ContentSlot/Dimension1Panel/D1_SilentFrontierDetailVisualRoot/BottomNavigation/Nav_HANGAR	1	318.40	38.13	OK	Canvas/HUD/VerticalUIRoot/VerticalSafeAreaRoot/ContentSlot/Dimension1Panel/D1_SilentFrontierDetailVisualRoot/BottomNavigation/Nav_HANGAR	Canvas/HUD/VerticalUIRoot/VerticalSafeAreaRoot/ContentSlot/Dimension1Panel/D1_SilentFrontierDetailVisualRoot/BottomNavigation/Nav_HANGAR
24_silent_frontier	720	1280	Canvas/HUD/VerticalUIRoot/VerticalSafeAreaRoot/ContentSlot/Dimension1Panel/D1_SilentFrontierDetailVisualRoot/BottomNavigation/Nav_HANGAR	2	397.60	38.13	OK	Canvas/HUD/VerticalUIRoot/VerticalSafeAreaRoot/ContentSlot/Dimension1Panel/D1_SilentFrontierDetailVisualRoot/BottomNavigation/Nav_HANGAR	Canvas/HUD/VerticalUIRoot/VerticalSafeAreaRoot/ContentSlot/Dimension1Panel/D1_SilentFrontierDetailVisualRoot/BottomNavigation/Nav_HANGAR
24_silent_frontier	720	1280	Canvas/HUD/VerticalUIRoot/VerticalSafeAreaRoot/ContentSlot/Dimension1Panel/D1_SilentFrontierDetailVisualRoot/BottomNavigation/Nav_HANGAR	3	318.40	108.53	OK	Canvas/HUD/VerticalUIRoot/VerticalSafeAreaRoot/ContentSlot/Dimension1Panel/D1_SilentFrontierDetailVisualRoot/BottomNavigation/Nav_HANGAR	Canvas/HUD/VerticalUIRoot/VerticalSafeAreaRoot/ContentSlot/Dimension1Panel/D1_SilentFrontierDetailVisualRoot/BottomNavigation/Nav_HANGAR
24_silent_frontier	720	1280	Canvas/HUD/VerticalUIRoot/VerticalSafeAreaRoot/ContentSlot/Dimension1Panel/D1_SilentFrontierDetailVisualRoot/BottomNavigation/Nav_HANGAR	4	397.60	108.53	OK	Canvas/HUD/VerticalUIRoot/VerticalSafeAreaRoot/ContentSlot/Dimension1Panel/D1_SilentFrontierDetailVisualRoot/BottomNavigation/Nav_HANGAR	Canvas/HUD/VerticalUIRoot/VerticalSafeAreaRoot/ContentSlot/Dimension1Panel/D1_SilentFrontierDetailVisualRoot/BottomNavigation/Nav_HANGAR
24_silent_frontier	720	1280	Canvas/HUD/VerticalUIRoot/VerticalSafeAreaRoot/ContentSlot/Dimension1Panel/D1_SilentFrontierDetailVisualRoot/BottomNavigation/Nav_ÁRBOL	0	634.00	73.33	OK	Canvas/HUD/VerticalUIRoot/VerticalSafeAreaRoot/ContentSlot/Dimension1Panel/D1_SilentFrontierDetailVisualRoot/BottomNavigation/Nav_ÁRBOL	Canvas/HUD/VerticalUIRoot/VerticalSafeAreaRoot/ContentSlot/Dimension1Panel/D1_SilentFrontierDetailVisualRoot/BottomNavigation/Nav_ÁRBOL
24_silent_frontier	720	1280	Canvas/HUD/VerticalUIRoot/VerticalSafeAreaRoot/ContentSlot/Dimension1Panel/D1_SilentFrontierDetailVisualRoot/BottomNavigation/Nav_ÁRBOL	1	594.40	38.13	OK	Canvas/HUD/VerticalUIRoot/VerticalSafeAreaRoot/ContentSlot/Dimension1Panel/D1_SilentFrontierDetailVisualRoot/BottomNavigation/Nav_ÁRBOL	Canvas/HUD/VerticalUIRoot/VerticalSafeAreaRoot/ContentSlot/Dimension1Panel/D1_SilentFrontierDetailVisualRoot/BottomNavigation/Nav_ÁRBOL
24_silent_frontier	720	1280	Canvas/HUD/VerticalUIRoot/VerticalSafeAreaRoot/ContentSlot/Dimension1Panel/D1_SilentFrontierDetailVisualRoot/BottomNavigation/Nav_ÁRBOL	2	673.60	38.13	OK	Canvas/HUD/VerticalUIRoot/VerticalSafeAreaRoot/ContentSlot/Dimension1Panel/D1_SilentFrontierDetailVisualRoot/BottomNavigation/Nav_ÁRBOL	Canvas/HUD/VerticalUIRoot/VerticalSafeAreaRoot/ContentSlot/Dimension1Panel/D1_SilentFrontierDetailVisualRoot/BottomNavigation/Nav_ÁRBOL
24_silent_frontier	720	1280	Canvas/HUD/VerticalUIRoot/VerticalSafeAreaRoot/ContentSlot/Dimension1Panel/D1_SilentFrontierDetailVisualRoot/BottomNavigation/Nav_ÁRBOL	3	594.40	108.53	OK	Canvas/HUD/VerticalUIRoot/VerticalSafeAreaRoot/ContentSlot/Dimension1Panel/D1_SilentFrontierDetailVisualRoot/BottomNavigation/Nav_ÁRBOL	Canvas/HUD/VerticalUIRoot/VerticalSafeAreaRoot/ContentSlot/Dimension1Panel/D1_SilentFrontierDetailVisualRoot/BottomNavigation/Nav_ÁRBOL
24_silent_frontier	720	1280	Canvas/HUD/VerticalUIRoot/VerticalSafeAreaRoot/ContentSlot/Dimension1Panel/D1_SilentFrontierDetailVisualRoot/BottomNavigation/Nav_ÁRBOL	4	673.60	108.53	OK	Canvas/HUD/VerticalUIRoot/VerticalSafeAreaRoot/ContentSlot/Dimension1Panel/D1_SilentFrontierDetailVisualRoot/BottomNavigation/Nav_ÁRBOL	Canvas/HUD/VerticalUIRoot/VerticalSafeAreaRoot/ContentSlot/Dimension1Panel/D1_SilentFrontierDetailVisualRoot/BottomNavigation/Nav_ÁRBOL
24_silent_frontier	720	1280	Canvas/HUD/VerticalUIRoot/VerticalSafeAreaRoot/ContentSlot/Dimension1Panel/D1_SilentFrontierDetailVisualRoot/AllMetals	0	614.33	1178.67	OK	Canvas/HUD/VerticalUIRoot/VerticalSafeAreaRoot/ContentSlot/Dimension1Panel/D1_SilentFrontierDetailVisualRoot/AllMetals	Canvas/HUD/VerticalUIRoot/VerticalSafeAreaRoot/ContentSlot/Dimension1Panel/D1_SilentFrontierDetailVisualRoot/AllMetals
24_silent_frontier	720	1280	Canvas/HUD/VerticalUIRoot/VerticalSafeAreaRoot/ContentSlot/Dimension1Panel/D1_SilentFrontierDetailVisualRoot/AllMetals	1	565.33	1158.67	OK	Canvas/HUD/VerticalUIRoot/VerticalSafeAreaRoot/ContentSlot/Dimension1Panel/D1_SilentFrontierDetailVisualRoot/AllMetals	Canvas/HUD/VerticalUIRoot/VerticalSafeAreaRoot/ContentSlot/Dimension1Panel/D1_SilentFrontierDetailVisualRoot/AllMetals
24_silent_frontier	720	1280	Canvas/HUD/VerticalUIRoot/VerticalSafeAreaRoot/ContentSlot/Dimension1Panel/D1_SilentFrontierDetailVisualRoot/AllMetals	2	663.33	1158.67	OK	Canvas/HUD/VerticalUIRoot/VerticalSafeAreaRoot/ContentSlot/Dimension1Panel/D1_SilentFrontierDetailVisualRoot/AllMetals	Canvas/HUD/VerticalUIRoot/VerticalSafeAreaRoot/ContentSlot/Dimension1Panel/D1_SilentFrontierDetailVisualRoot/AllMetals
24_silent_frontier	720	1280	Canvas/HUD/VerticalUIRoot/VerticalSafeAreaRoot/ContentSlot/Dimension1Panel/D1_SilentFrontierDetailVisualRoot/AllMetals	3	565.33	1198.67	OK	Canvas/HUD/VerticalUIRoot/VerticalSafeAreaRoot/ContentSlot/Dimension1Panel/D1_SilentFrontierDetailVisualRoot/AllMetals	Canvas/HUD/VerticalUIRoot/VerticalSafeAreaRoot/ContentSlot/Dimension1Panel/D1_SilentFrontierDetailVisualRoot/AllMetals
24_silent_frontier	720	1280	Canvas/HUD/VerticalUIRoot/VerticalSafeAreaRoot/ContentSlot/Dimension1Panel/D1_SilentFrontierDetailVisualRoot/AllMetals	4	663.33	1198.67	OK	Canvas/HUD/VerticalUIRoot/VerticalSafeAreaRoot/ContentSlot/Dimension1Panel/D1_SilentFrontierDetailVisualRoot/AllMetals	Canvas/HUD/VerticalUIRoot/VerticalSafeAreaRoot/ContentSlot/Dimension1Panel/D1_SilentFrontierDetailVisualRoot/AllMetals
24_silent_frontier	720	1280	Canvas/HUD/VerticalUIRoot/VerticalSafeAreaRoot/ContentSlot/Dimension1Panel/D1_SilentFrontierDetailVisualRoot/BackToGalaxyMap	0	360.00	362.67	OK	Canvas/HUD/VerticalUIRoot/VerticalSafeAreaRoot/ContentSlot/Dimension1Panel/D1_SilentFrontierDetailVisualRoot/BackToGalaxyMap	Canvas/HUD/VerticalUIRoot/VerticalSafeAreaRoot/ContentSlot/Dimension1Panel/D1_SilentFrontierDetailVisualRoot/BackToGalaxyMap
24_silent_frontier	720	1280	Canvas/HUD/VerticalUIRoot/VerticalSafeAreaRoot/ContentSlot/Dimension1Panel/D1_SilentFrontierDetailVisualRoot/BackToGalaxyMap	1	240.00	344.27	OK	Canvas/HUD/VerticalUIRoot/VerticalSafeAreaRoot/ContentSlot/Dimension1Panel/D1_SilentFrontierDetailVisualRoot/BackToGalaxyMap	Canvas/HUD/VerticalUIRoot/VerticalSafeAreaRoot/ContentSlot/Dimension1Panel/D1_SilentFrontierDetailVisualRoot/BackToGalaxyMap
24_silent_frontier	720	1280	Canvas/HUD/VerticalUIRoot/VerticalSafeAreaRoot/ContentSlot/Dimension1Panel/D1_SilentFrontierDetailVisualRoot/BackToGalaxyMap	2	480.00	344.27	OK	Canvas/HUD/VerticalUIRoot/VerticalSafeAreaRoot/ContentSlot/Dimension1Panel/D1_SilentFrontierDetailVisualRoot/BackToGalaxyMap	Canvas/HUD/VerticalUIRoot/VerticalSafeAreaRoot/ContentSlot/Dimension1Panel/D1_SilentFrontierDetailVisualRoot/BackToGalaxyMap
24_silent_frontier	720	1280	Canvas/HUD/VerticalUIRoot/VerticalSafeAreaRoot/ContentSlot/Dimension1Panel/D1_SilentFrontierDetailVisualRoot/BackToGalaxyMap	3	240.00	381.07	OK	Canvas/HUD/VerticalUIRoot/VerticalSafeAreaRoot/ContentSlot/Dimension1Panel/D1_SilentFrontierDetailVisualRoot/BackToGalaxyMap	Canvas/HUD/VerticalUIRoot/VerticalSafeAreaRoot/ContentSlot/Dimension1Panel/D1_SilentFrontierDetailVisualRoot/BackToGalaxyMap
24_silent_frontier	720	1280	Canvas/HUD/VerticalUIRoot/VerticalSafeAreaRoot/ContentSlot/Dimension1Panel/D1_SilentFrontierDetailVisualRoot/BackToGalaxyMap	4	480.00	381.07	OK	Canvas/HUD/VerticalUIRoot/VerticalSafeAreaRoot/ContentSlot/Dimension1Panel/D1_SilentFrontierDetailVisualRoot/BackToGalaxyMap	Canvas/HUD/VerticalUIRoot/VerticalSafeAreaRoot/ContentSlot/Dimension1Panel/D1_SilentFrontierDetailVisualRoot/BackToGalaxyMap
24_silent_frontier	720	1280	Canvas/HUD/VerticalUIRoot/VerticalSafeAreaRoot/ContentSlot/Dimension1Panel/D1_SilentFrontierDetailVisualRoot/BottomNavigation/Nav_EXPLORAR	0	220.00	73.33	OK	Canvas/HUD/VerticalUIRoot/VerticalSafeAreaRoot/ContentSlot/Dimension1Panel/D1_SilentFrontierDetailVisualRoot/BottomNavigation/Nav_EXPLORAR	Canvas/HUD/VerticalUIRoot/VerticalSafeAreaRoot/ContentSlot/Dimension1Panel/D1_SilentFrontierDetailVisualRoot/BottomNavigation/Nav_EXPLORAR
24_silent_frontier	720	1280	Canvas/HUD/VerticalUIRoot/VerticalSafeAreaRoot/ContentSlot/Dimension1Panel/D1_SilentFrontierDetailVisualRoot/BottomNavigation/Nav_EXPLORAR	1	180.40	38.13	OK	Canvas/HUD/VerticalUIRoot/VerticalSafeAreaRoot/ContentSlot/Dimension1Panel/D1_SilentFrontierDetailVisualRoot/BottomNavigation/Nav_EXPLORAR	Canvas/HUD/VerticalUIRoot/VerticalSafeAreaRoot/ContentSlot/Dimension1Panel/D1_SilentFrontierDetailVisualRoot/BottomNavigation/Nav_EXPLORAR
24_silent_frontier	720	1280	Canvas/HUD/VerticalUIRoot/VerticalSafeAreaRoot/ContentSlot/Dimension1Panel/D1_SilentFrontierDetailVisualRoot/BottomNavigation/Nav_EXPLORAR	2	259.60	38.13	OK	Canvas/HUD/VerticalUIRoot/VerticalSafeAreaRoot/ContentSlot/Dimension1Panel/D1_SilentFrontierDetailVisualRoot/BottomNavigation/Nav_EXPLORAR	Canvas/HUD/VerticalUIRoot/VerticalSafeAreaRoot/ContentSlot/Dimension1Panel/D1_SilentFrontierDetailVisualRoot/BottomNavigation/Nav_EXPLORAR
24_silent_frontier	720	1280	Canvas/HUD/VerticalUIRoot/VerticalSafeAreaRoot/ContentSlot/Dimension1Panel/D1_SilentFrontierDetailVisualRoot/BottomNavigation/Nav_EXPLORAR	3	180.40	108.53	OK	Canvas/HUD/VerticalUIRoot/VerticalSafeAreaRoot/ContentSlot/Dimension1Panel/D1_SilentFrontierDetailVisualRoot/BottomNavigation/Nav_EXPLORAR	Canvas/HUD/VerticalUIRoot/VerticalSafeAreaRoot/ContentSlot/Dimension1Panel/D1_SilentFrontierDetailVisualRoot/BottomNavigation/Nav_EXPLORAR
24_silent_frontier	720	1280	Canvas/HUD/VerticalUIRoot/VerticalSafeAreaRoot/ContentSlot/Dimension1Panel/D1_SilentFrontierDetailVisualRoot/BottomNavigation/Nav_EXPLORAR	4	259.60	108.53	OK	Canvas/HUD/VerticalUIRoot/VerticalSafeAreaRoot/ContentSlot/Dimension1Panel/D1_SilentFrontierDetailVisualRoot/BottomNavigation/Nav_EXPLORAR	Canvas/HUD/VerticalUIRoot/VerticalSafeAreaRoot/ContentSlot/Dimension1Panel/D1_SilentFrontierDetailVisualRoot/BottomNavigation/Nav_EXPLORAR
24_silent_frontier	720	1280	Canvas/HUD/VerticalUIRoot/VerticalSafeAreaRoot/ContentSlot/Dimension1Panel/D1_SilentFrontierDetailVisualRoot/BottomNavigation/Nav_RELIQUIAS	0	496.00	73.33	OK	Canvas/HUD/VerticalUIRoot/VerticalSafeAreaRoot/ContentSlot/Dimension1Panel/D1_SilentFrontierDetailVisualRoot/BottomNavigation/Nav_RELIQUIAS	Canvas/HUD/VerticalUIRoot/VerticalSafeAreaRoot/ContentSlot/Dimension1Panel/D1_SilentFrontierDetailVisualRoot/BottomNavigation/Nav_RELIQUIAS
24_silent_frontier	720	1280	Canvas/HUD/VerticalUIRoot/VerticalSafeAreaRoot/ContentSlot/Dimension1Panel/D1_SilentFrontierDetailVisualRoot/BottomNavigation/Nav_RELIQUIAS	1	456.40	38.13	OK	Canvas/HUD/VerticalUIRoot/VerticalSafeAreaRoot/ContentSlot/Dimension1Panel/D1_SilentFrontierDetailVisualRoot/BottomNavigation/Nav_RELIQUIAS	Canvas/HUD/VerticalUIRoot/VerticalSafeAreaRoot/ContentSlot/Dimension1Panel/D1_SilentFrontierDetailVisualRoot/BottomNavigation/Nav_RELIQUIAS
24_silent_frontier	720	1280	Canvas/HUD/VerticalUIRoot/VerticalSafeAreaRoot/ContentSlot/Dimension1Panel/D1_SilentFrontierDetailVisualRoot/BottomNavigation/Nav_RELIQUIAS	2	535.60	38.13	OK	Canvas/HUD/VerticalUIRoot/VerticalSafeAreaRoot/ContentSlot/Dimension1Panel/D1_SilentFrontierDetailVisualRoot/BottomNavigation/Nav_RELIQUIAS	Canvas/HUD/VerticalUIRoot/VerticalSafeAreaRoot/ContentSlot/Dimension1Panel/D1_SilentFrontierDetailVisualRoot/BottomNavigation/Nav_RELIQUIAS
24_silent_frontier	720	1280	Canvas/HUD/VerticalUIRoot/VerticalSafeAreaRoot/ContentSlot/Dimension1Panel/D1_SilentFrontierDetailVisualRoot/BottomNavigation/Nav_RELIQUIAS	3	456.40	108.53	OK	Canvas/HUD/VerticalUIRoot/VerticalSafeAreaRoot/ContentSlot/Dimension1Panel/D1_SilentFrontierDetailVisualRoot/BottomNavigation/Nav_RELIQUIAS	Canvas/HUD/VerticalUIRoot/VerticalSafeAreaRoot/ContentSlot/Dimension1Panel/D1_SilentFrontierDetailVisualRoot/BottomNavigation/Nav_RELIQUIAS
24_silent_frontier	720	1280	Canvas/HUD/VerticalUIRoot/VerticalSafeAreaRoot/ContentSlot/Dimension1Panel/D1_SilentFrontierDetailVisualRoot/BottomNavigation/Nav_RELIQUIAS	4	535.60	108.53	OK	Canvas/HUD/VerticalUIRoot/VerticalSafeAreaRoot/ContentSlot/Dimension1Panel/D1_SilentFrontierDetailVisualRoot/BottomNavigation/Nav_RELIQUIAS	Canvas/HUD/VerticalUIRoot/VerticalSafeAreaRoot/ContentSlot/Dimension1Panel/D1_SilentFrontierDetailVisualRoot/BottomNavigation/Nav_RELIQUIAS
26_galaxy_ark_selected	720	1280	Canvas/HUD/VerticalUIRoot/VerticalSafeAreaRoot/ContentSlot/Dimension1Panel/GalaxyPanel/D1_GalaxyVisualRoot/FullBleedGalaxyMap/Planet07Node	0	106.31	433.99	OK	Canvas/HUD/VerticalUIRoot/VerticalSafeAreaRoot/ContentSlot/Dimension1Panel/GalaxyPanel/D1_GalaxyVisualRoot/FullBleedGalaxyMap/Planet07Node	Canvas/HUD/VerticalUIRoot/VerticalSafeAreaRoot/ContentSlot/Dimension1Panel/GalaxyPanel/D1_GalaxyVisualRoot/FullBleedGalaxyMap/Planet07Node
26_galaxy_ark_selected	720	1280	Canvas/HUD/VerticalUIRoot/VerticalSafeAreaRoot/ContentSlot/Dimension1Panel/GalaxyPanel/D1_GalaxyVisualRoot/FullBleedGalaxyMap/Planet07Node	1	60.31	397.99	OK	Canvas/HUD/VerticalUIRoot/VerticalSafeAreaRoot/ContentSlot/Dimension1Panel/GalaxyPanel/D1_GalaxyVisualRoot/FullBleedGalaxyMap/Planet07Node	Canvas/HUD/VerticalUIRoot/VerticalSafeAreaRoot/ContentSlot/Dimension1Panel/GalaxyPanel/D1_GalaxyVisualRoot/FullBleedGalaxyMap/Planet07Node
26_galaxy_ark_selected	720	1280	Canvas/HUD/VerticalUIRoot/VerticalSafeAreaRoot/ContentSlot/Dimension1Panel/GalaxyPanel/D1_GalaxyVisualRoot/FullBleedGalaxyMap/Planet07Node	2	152.31	397.99	OK	Canvas/HUD/VerticalUIRoot/VerticalSafeAreaRoot/ContentSlot/Dimension1Panel/GalaxyPanel/D1_GalaxyVisualRoot/FullBleedGalaxyMap/Planet07Node	Canvas/HUD/VerticalUIRoot/VerticalSafeAreaRoot/ContentSlot/Dimension1Panel/GalaxyPanel/D1_GalaxyVisualRoot/FullBleedGalaxyMap/Planet07Node
26_galaxy_ark_selected	720	1280	Canvas/HUD/VerticalUIRoot/VerticalSafeAreaRoot/ContentSlot/Dimension1Panel/GalaxyPanel/D1_GalaxyVisualRoot/FullBleedGalaxyMap/Planet07Node	3	60.31	469.99	OK	Canvas/HUD/VerticalUIRoot/VerticalSafeAreaRoot/ContentSlot/Dimension1Panel/GalaxyPanel/D1_GalaxyVisualRoot/FullBleedGalaxyMap/Planet07Node	Canvas/HUD/VerticalUIRoot/VerticalSafeAreaRoot/ContentSlot/Dimension1Panel/GalaxyPanel/D1_GalaxyVisualRoot/FullBleedGalaxyMap/Planet07Node
26_galaxy_ark_selected	720	1280	Canvas/HUD/VerticalUIRoot/VerticalSafeAreaRoot/ContentSlot/Dimension1Panel/GalaxyPanel/D1_GalaxyVisualRoot/FullBleedGalaxyMap/Planet07Node	4	152.31	469.99	OK	Canvas/HUD/VerticalUIRoot/VerticalSafeAreaRoot/ContentSlot/Dimension1Panel/GalaxyPanel/D1_GalaxyVisualRoot/FullBleedGalaxyMap/Planet07Node	Canvas/HUD/VerticalUIRoot/VerticalSafeAreaRoot/ContentSlot/Dimension1Panel/GalaxyPanel/D1_GalaxyVisualRoot/FullBleedGalaxyMap/Planet07Node
26_galaxy_ark_selected	720	1280	Canvas/HUD/VerticalUIRoot/VerticalSafeAreaRoot/ContentSlot/Dimension1Panel/GalaxyPanel/D1_GalaxyVisualRoot/D1BottomNavigation/RELIQUIASButton	0	496.00	73.33	OK	Canvas/HUD/VerticalUIRoot/VerticalSafeAreaRoot/ContentSlot/Dimension1Panel/GalaxyPanel/D1_GalaxyVisualRoot/D1BottomNavigation/RELIQUIASButton	Canvas/HUD/VerticalUIRoot/VerticalSafeAreaRoot/ContentSlot/Dimension1Panel/GalaxyPanel/D1_GalaxyVisualRoot/D1BottomNavigation/RELIQUIASButton
26_galaxy_ark_selected	720	1280	Canvas/HUD/VerticalUIRoot/VerticalSafeAreaRoot/ContentSlot/Dimension1Panel/GalaxyPanel/D1_GalaxyVisualRoot/D1BottomNavigation/RELIQUIASButton	1	456.40	38.13	OK	Canvas/HUD/VerticalUIRoot/VerticalSafeAreaRoot/ContentSlot/Dimension1Panel/GalaxyPanel/D1_GalaxyVisualRoot/D1BottomNavigation/RELIQUIASButton	Canvas/HUD/VerticalUIRoot/VerticalSafeAreaRoot/ContentSlot/Dimension1Panel/GalaxyPanel/D1_GalaxyVisualRoot/D1BottomNavigation/RELIQUIASButton
26_galaxy_ark_selected	720	1280	Canvas/HUD/VerticalUIRoot/VerticalSafeAreaRoot/ContentSlot/Dimension1Panel/GalaxyPanel/D1_GalaxyVisualRoot/D1BottomNavigation/RELIQUIASButton	2	535.60	38.13	OK	Canvas/HUD/VerticalUIRoot/VerticalSafeAreaRoot/ContentSlot/Dimension1Panel/GalaxyPanel/D1_GalaxyVisualRoot/D1BottomNavigation/RELIQUIASButton	Canvas/HUD/VerticalUIRoot/VerticalSafeAreaRoot/ContentSlot/Dimension1Panel/GalaxyPanel/D1_GalaxyVisualRoot/D1BottomNavigation/RELIQUIASButton
26_galaxy_ark_selected	720	1280	Canvas/HUD/VerticalUIRoot/VerticalSafeAreaRoot/ContentSlot/Dimension1Panel/GalaxyPanel/D1_GalaxyVisualRoot/D1BottomNavigation/RELIQUIASButton	3	456.40	108.53	OK	Canvas/HUD/VerticalUIRoot/VerticalSafeAreaRoot/ContentSlot/Dimension1Panel/GalaxyPanel/D1_GalaxyVisualRoot/D1BottomNavigation/RELIQUIASButton	Canvas/HUD/VerticalUIRoot/VerticalSafeAreaRoot/ContentSlot/Dimension1Panel/GalaxyPanel/D1_GalaxyVisualRoot/D1BottomNavigation/RELIQUIASButton
26_galaxy_ark_selected	720	1280	Canvas/HUD/VerticalUIRoot/VerticalSafeAreaRoot/ContentSlot/Dimension1Panel/GalaxyPanel/D1_GalaxyVisualRoot/D1BottomNavigation/RELIQUIASButton	4	535.60	108.53	OK	Canvas/HUD/VerticalUIRoot/VerticalSafeAreaRoot/ContentSlot/Dimension1Panel/GalaxyPanel/D1_GalaxyVisualRoot/D1BottomNavigation/RELIQUIASButton	Canvas/HUD/VerticalUIRoot/VerticalSafeAreaRoot/ContentSlot/Dimension1Panel/GalaxyPanel/D1_GalaxyVisualRoot/D1BottomNavigation/RELIQUIASButton
26_galaxy_ark_selected	720	1280	Canvas/HUD/VerticalUIRoot/VerticalSafeAreaRoot/ContentSlot/Dimension1Panel/GalaxyPanel/D1_GalaxyVisualRoot/FullBleedGalaxyMap/GalacticCenter	0	360.00	672.00	OK	Canvas/HUD/VerticalUIRoot/VerticalSafeAreaRoot/ContentSlot/Dimension1Panel/GalaxyPanel/D1_GalaxyVisualRoot/FullBleedGalaxyMap/GalacticCenter	Canvas/HUD/VerticalUIRoot/VerticalSafeAreaRoot/ContentSlot/Dimension1Panel/GalaxyPanel/D1_GalaxyVisualRoot/FullBleedGalaxyMap/GalacticCenter
26_galaxy_ark_selected	720	1280	Canvas/HUD/VerticalUIRoot/VerticalSafeAreaRoot/ContentSlot/Dimension1Panel/GalaxyPanel/D1_GalaxyVisualRoot/FullBleedGalaxyMap/GalacticCenter	1	270.00	584.00	INTERCEPTED	Canvas/HUD/VerticalUIRoot/VerticalSafeAreaRoot/ContentSlot/Dimension1Panel/GalaxyPanel/D1_GalaxyVisualRoot/FullBleedGalaxyMap/Planet02Node	Canvas/HUD/VerticalUIRoot/VerticalSafeAreaRoot/ContentSlot/Dimension1Panel/GalaxyPanel/D1_GalaxyVisualRoot/FullBleedGalaxyMap/Planet02Node
26_galaxy_ark_selected	720	1280	Canvas/HUD/VerticalUIRoot/VerticalSafeAreaRoot/ContentSlot/Dimension1Panel/GalaxyPanel/D1_GalaxyVisualRoot/FullBleedGalaxyMap/GalacticCenter	2	450.00	584.00	OK	Canvas/HUD/VerticalUIRoot/VerticalSafeAreaRoot/ContentSlot/Dimension1Panel/GalaxyPanel/D1_GalaxyVisualRoot/FullBleedGalaxyMap/GalacticCenter	Canvas/HUD/VerticalUIRoot/VerticalSafeAreaRoot/ContentSlot/Dimension1Panel/GalaxyPanel/D1_GalaxyVisualRoot/FullBleedGalaxyMap/GalacticCenter
26_galaxy_ark_selected	720	1280	Canvas/HUD/VerticalUIRoot/VerticalSafeAreaRoot/ContentSlot/Dimension1Panel/GalaxyPanel/D1_GalaxyVisualRoot/FullBleedGalaxyMap/GalacticCenter	3	270.00	760.00	OK	Canvas/HUD/VerticalUIRoot/VerticalSafeAreaRoot/ContentSlot/Dimension1Panel/GalaxyPanel/D1_GalaxyVisualRoot/FullBleedGalaxyMap/GalacticCenter	Canvas/HUD/VerticalUIRoot/VerticalSafeAreaRoot/ContentSlot/Dimension1Panel/GalaxyPanel/D1_GalaxyVisualRoot/FullBleedGalaxyMap/GalacticCenter
26_galaxy_ark_selected	720	1280	Canvas/HUD/VerticalUIRoot/VerticalSafeAreaRoot/ContentSlot/Dimension1Panel/GalaxyPanel/D1_GalaxyVisualRoot/FullBleedGalaxyMap/GalacticCenter	4	450.00	760.00	INTERCEPTED	Canvas/HUD/VerticalUIRoot/VerticalSafeAreaRoot/ContentSlot/Dimension1Panel/GalaxyPanel/D1_GalaxyVisualRoot/FullBleedGalaxyMap/Sector01	Canvas/HUD/VerticalUIRoot/VerticalSafeAreaRoot/ContentSlot/Dimension1Panel/GalaxyPanel/D1_GalaxyVisualRoot/FullBleedGalaxyMap/Sector01
26_galaxy_ark_selected	720	1280	Canvas/HUD/VerticalUIRoot/VerticalSafeAreaRoot/ContentSlot/Dimension1Panel/GalaxyPanel/D1_GalaxyVisualRoot/D1BottomNavigation/HANGARButton	0	358.00	73.33	OK	Canvas/HUD/VerticalUIRoot/VerticalSafeAreaRoot/ContentSlot/Dimension1Panel/GalaxyPanel/D1_GalaxyVisualRoot/D1BottomNavigation/HANGARButton	Canvas/HUD/VerticalUIRoot/VerticalSafeAreaRoot/ContentSlot/Dimension1Panel/GalaxyPanel/D1_GalaxyVisualRoot/D1BottomNavigation/HANGARButton
26_galaxy_ark_selected	720	1280	Canvas/HUD/VerticalUIRoot/VerticalSafeAreaRoot/ContentSlot/Dimension1Panel/GalaxyPanel/D1_GalaxyVisualRoot/D1BottomNavigation/HANGARButton	1	318.40	38.13	OK	Canvas/HUD/VerticalUIRoot/VerticalSafeAreaRoot/ContentSlot/Dimension1Panel/GalaxyPanel/D1_GalaxyVisualRoot/D1BottomNavigation/HANGARButton	Canvas/HUD/VerticalUIRoot/VerticalSafeAreaRoot/ContentSlot/Dimension1Panel/GalaxyPanel/D1_GalaxyVisualRoot/D1BottomNavigation/HANGARButton
26_galaxy_ark_selected	720	1280	Canvas/HUD/VerticalUIRoot/VerticalSafeAreaRoot/ContentSlot/Dimension1Panel/GalaxyPanel/D1_GalaxyVisualRoot/D1BottomNavigation/HANGARButton	2	397.60	38.13	OK	Canvas/HUD/VerticalUIRoot/VerticalSafeAreaRoot/ContentSlot/Dimension1Panel/GalaxyPanel/D1_GalaxyVisualRoot/D1BottomNavigation/HANGARButton	Canvas/HUD/VerticalUIRoot/VerticalSafeAreaRoot/ContentSlot/Dimension1Panel/GalaxyPanel/D1_GalaxyVisualRoot/D1BottomNavigation/HANGARButton
26_galaxy_ark_selected	720	1280	Canvas/HUD/VerticalUIRoot/VerticalSafeAreaRoot/ContentSlot/Dimension1Panel/GalaxyPanel/D1_GalaxyVisualRoot/D1BottomNavigation/HANGARButton	3	318.40	108.53	OK	Canvas/HUD/VerticalUIRoot/VerticalSafeAreaRoot/ContentSlot/Dimension1Panel/GalaxyPanel/D1_GalaxyVisualRoot/D1BottomNavigation/HANGARButton	Canvas/HUD/VerticalUIRoot/VerticalSafeAreaRoot/ContentSlot/Dimension1Panel/GalaxyPanel/D1_GalaxyVisualRoot/D1BottomNavigation/HANGARButton
26_galaxy_ark_selected	720	1280	Canvas/HUD/VerticalUIRoot/VerticalSafeAreaRoot/ContentSlot/Dimension1Panel/GalaxyPanel/D1_GalaxyVisualRoot/D1BottomNavigation/HANGARButton	4	397.60	108.53	OK	Canvas/HUD/VerticalUIRoot/VerticalSafeAreaRoot/ContentSlot/Dimension1Panel/GalaxyPanel/D1_GalaxyVisualRoot/D1BottomNavigation/HANGARButton	Canvas/HUD/VerticalUIRoot/VerticalSafeAreaRoot/ContentSlot/Dimension1Panel/GalaxyPanel/D1_GalaxyVisualRoot/D1BottomNavigation/HANGARButton
26_galaxy_ark_selected	720	1280	Canvas/HUD/VerticalUIRoot/VerticalSafeAreaRoot/ContentSlot/Dimension1Panel/GalaxyPanel/D1_GalaxyVisualRoot/FullBleedGalaxyMap/Planet02Node	0	234.23	575.33	OK	Canvas/HUD/VerticalUIRoot/VerticalSafeAreaRoot/ContentSlot/Dimension1Panel/GalaxyPanel/D1_GalaxyVisualRoot/FullBleedGalaxyMap/Planet02Node	Canvas/HUD/VerticalUIRoot/VerticalSafeAreaRoot/ContentSlot/Dimension1Panel/GalaxyPanel/D1_GalaxyVisualRoot/FullBleedGalaxyMap/Planet02Node
26_galaxy_ark_selected	720	1280	Canvas/HUD/VerticalUIRoot/VerticalSafeAreaRoot/ContentSlot/Dimension1Panel/GalaxyPanel/D1_GalaxyVisualRoot/FullBleedGalaxyMap/Planet02Node	1	188.23	536.53	OK	Canvas/HUD/VerticalUIRoot/VerticalSafeAreaRoot/ContentSlot/Dimension1Panel/GalaxyPanel/D1_GalaxyVisualRoot/FullBleedGalaxyMap/Planet02Node	Canvas/HUD/VerticalUIRoot/VerticalSafeAreaRoot/ContentSlot/Dimension1Panel/GalaxyPanel/D1_GalaxyVisualRoot/FullBleedGalaxyMap/Planet02Node
26_galaxy_ark_selected	720	1280	Canvas/HUD/VerticalUIRoot/VerticalSafeAreaRoot/ContentSlot/Dimension1Panel/GalaxyPanel/D1_GalaxyVisualRoot/FullBleedGalaxyMap/Planet02Node	2	280.23	536.53	OK	Canvas/HUD/VerticalUIRoot/VerticalSafeAreaRoot/ContentSlot/Dimension1Panel/GalaxyPanel/D1_GalaxyVisualRoot/FullBleedGalaxyMap/Planet02Node	Canvas/HUD/VerticalUIRoot/VerticalSafeAreaRoot/ContentSlot/Dimension1Panel/GalaxyPanel/D1_GalaxyVisualRoot/FullBleedGalaxyMap/Planet02Node
26_galaxy_ark_selected	720	1280	Canvas/HUD/VerticalUIRoot/VerticalSafeAreaRoot/ContentSlot/Dimension1Panel/GalaxyPanel/D1_GalaxyVisualRoot/FullBleedGalaxyMap/Planet02Node	3	188.23	614.13	OK	Canvas/HUD/VerticalUIRoot/VerticalSafeAreaRoot/ContentSlot/Dimension1Panel/GalaxyPanel/D1_GalaxyVisualRoot/FullBleedGalaxyMap/Planet02Node	Canvas/HUD/VerticalUIRoot/VerticalSafeAreaRoot/ContentSlot/Dimension1Panel/GalaxyPanel/D1_GalaxyVisualRoot/FullBleedGalaxyMap/Planet02Node
26_galaxy_ark_selected	720	1280	Canvas/HUD/VerticalUIRoot/VerticalSafeAreaRoot/ContentSlot/Dimension1Panel/GalaxyPanel/D1_GalaxyVisualRoot/FullBleedGalaxyMap/Planet02Node	4	280.23	614.13	OK	Canvas/HUD/VerticalUIRoot/VerticalSafeAreaRoot/ContentSlot/Dimension1Panel/GalaxyPanel/D1_GalaxyVisualRoot/FullBleedGalaxyMap/Planet02Node	Canvas/HUD/VerticalUIRoot/VerticalSafeAreaRoot/ContentSlot/Dimension1Panel/GalaxyPanel/D1_GalaxyVisualRoot/FullBleedGalaxyMap/Planet02Node
26_galaxy_ark_selected	720	1280	Canvas/HUD/VerticalUIRoot/VerticalSafeAreaRoot/ContentSlot/Dimension1Panel/GalaxyPanel/D1_GalaxyVisualRoot/AllMetals	0	614.33	1178.67	OK	Canvas/HUD/VerticalUIRoot/VerticalSafeAreaRoot/ContentSlot/Dimension1Panel/GalaxyPanel/D1_GalaxyVisualRoot/AllMetals	Canvas/HUD/VerticalUIRoot/VerticalSafeAreaRoot/ContentSlot/Dimension1Panel/GalaxyPanel/D1_GalaxyVisualRoot/AllMetals
26_galaxy_ark_selected	720	1280	Canvas/HUD/VerticalUIRoot/VerticalSafeAreaRoot/ContentSlot/Dimension1Panel/GalaxyPanel/D1_GalaxyVisualRoot/AllMetals	1	565.33	1158.67	OK	Canvas/HUD/VerticalUIRoot/VerticalSafeAreaRoot/ContentSlot/Dimension1Panel/GalaxyPanel/D1_GalaxyVisualRoot/AllMetals	Canvas/HUD/VerticalUIRoot/VerticalSafeAreaRoot/ContentSlot/Dimension1Panel/GalaxyPanel/D1_GalaxyVisualRoot/AllMetals
26_galaxy_ark_selected	720	1280	Canvas/HUD/VerticalUIRoot/VerticalSafeAreaRoot/ContentSlot/Dimension1Panel/GalaxyPanel/D1_GalaxyVisualRoot/AllMetals	2	663.33	1158.67	OK	Canvas/HUD/VerticalUIRoot/VerticalSafeAreaRoot/ContentSlot/Dimension1Panel/GalaxyPanel/D1_GalaxyVisualRoot/AllMetals	Canvas/HUD/VerticalUIRoot/VerticalSafeAreaRoot/ContentSlot/Dimension1Panel/GalaxyPanel/D1_GalaxyVisualRoot/AllMetals
26_galaxy_ark_selected	720	1280	Canvas/HUD/VerticalUIRoot/VerticalSafeAreaRoot/ContentSlot/Dimension1Panel/GalaxyPanel/D1_GalaxyVisualRoot/AllMetals	3	565.33	1198.67	OK	Canvas/HUD/VerticalUIRoot/VerticalSafeAreaRoot/ContentSlot/Dimension1Panel/GalaxyPanel/D1_GalaxyVisualRoot/AllMetals	Canvas/HUD/VerticalUIRoot/VerticalSafeAreaRoot/ContentSlot/Dimension1Panel/GalaxyPanel/D1_GalaxyVisualRoot/AllMetals
26_galaxy_ark_selected	720	1280	Canvas/HUD/VerticalUIRoot/VerticalSafeAreaRoot/ContentSlot/Dimension1Panel/GalaxyPanel/D1_GalaxyVisualRoot/AllMetals	4	663.33	1198.67	OK	Canvas/HUD/VerticalUIRoot/VerticalSafeAreaRoot/ContentSlot/Dimension1Panel/GalaxyPanel/D1_GalaxyVisualRoot/AllMetals	Canvas/HUD/VerticalUIRoot/VerticalSafeAreaRoot/ContentSlot/Dimension1Panel/GalaxyPanel/D1_GalaxyVisualRoot/AllMetals
26_galaxy_ark_selected	720	1280	Canvas/HUD/VerticalUIRoot/VerticalSafeAreaRoot/ContentSlot/Dimension1Panel/GalaxyPanel/D1_GalaxyVisualRoot/SectorDetails/SelectedData/EnterSectorButton	0	129.00	178.00	OK	Canvas/HUD/VerticalUIRoot/VerticalSafeAreaRoot/ContentSlot/Dimension1Panel/GalaxyPanel/D1_GalaxyVisualRoot/SectorDetails/SelectedData/EnterSectorButton/Fill	Canvas/HUD/VerticalUIRoot/VerticalSafeAreaRoot/ContentSlot/Dimension1Panel/GalaxyPanel/D1_GalaxyVisualRoot/SectorDetails/SelectedData/EnterSectorButton
26_galaxy_ark_selected	720	1280	Canvas/HUD/VerticalUIRoot/VerticalSafeAreaRoot/ContentSlot/Dimension1Panel/GalaxyPanel/D1_GalaxyVisualRoot/SectorDetails/SelectedData/EnterSectorButton	1	82.00	165.60	OK	Canvas/HUD/VerticalUIRoot/VerticalSafeAreaRoot/ContentSlot/Dimension1Panel/GalaxyPanel/D1_GalaxyVisualRoot/SectorDetails/SelectedData/EnterSectorButton/Fill	Canvas/HUD/VerticalUIRoot/VerticalSafeAreaRoot/ContentSlot/Dimension1Panel/GalaxyPanel/D1_GalaxyVisualRoot/SectorDetails/SelectedData/EnterSectorButton
26_galaxy_ark_selected	720	1280	Canvas/HUD/VerticalUIRoot/VerticalSafeAreaRoot/ContentSlot/Dimension1Panel/GalaxyPanel/D1_GalaxyVisualRoot/SectorDetails/SelectedData/EnterSectorButton	2	176.00	165.60	OK	Canvas/HUD/VerticalUIRoot/VerticalSafeAreaRoot/ContentSlot/Dimension1Panel/GalaxyPanel/D1_GalaxyVisualRoot/SectorDetails/SelectedData/EnterSectorButton/Fill	Canvas/HUD/VerticalUIRoot/VerticalSafeAreaRoot/ContentSlot/Dimension1Panel/GalaxyPanel/D1_GalaxyVisualRoot/SectorDetails/SelectedData/EnterSectorButton
26_galaxy_ark_selected	720	1280	Canvas/HUD/VerticalUIRoot/VerticalSafeAreaRoot/ContentSlot/Dimension1Panel/GalaxyPanel/D1_GalaxyVisualRoot/SectorDetails/SelectedData/EnterSectorButton	3	82.00	190.40	OK	Canvas/HUD/VerticalUIRoot/VerticalSafeAreaRoot/ContentSlot/Dimension1Panel/GalaxyPanel/D1_GalaxyVisualRoot/SectorDetails/SelectedData/EnterSectorButton/Fill	Canvas/HUD/VerticalUIRoot/VerticalSafeAreaRoot/ContentSlot/Dimension1Panel/GalaxyPanel/D1_GalaxyVisualRoot/SectorDetails/SelectedData/EnterSectorButton
26_galaxy_ark_selected	720	1280	Canvas/HUD/VerticalUIRoot/VerticalSafeAreaRoot/ContentSlot/Dimension1Panel/GalaxyPanel/D1_GalaxyVisualRoot/SectorDetails/SelectedData/EnterSectorButton	4	176.00	190.40	OK	Canvas/HUD/VerticalUIRoot/VerticalSafeAreaRoot/ContentSlot/Dimension1Panel/GalaxyPanel/D1_GalaxyVisualRoot/SectorDetails/SelectedData/EnterSectorButton/Fill	Canvas/HUD/VerticalUIRoot/VerticalSafeAreaRoot/ContentSlot/Dimension1Panel/GalaxyPanel/D1_GalaxyVisualRoot/SectorDetails/SelectedData/EnterSectorButton
26_galaxy_ark_selected	720	1280	Canvas/HUD/VerticalUIRoot/VerticalSafeAreaRoot/ContentSlot/Dimension1Panel/GalaxyPanel/D1_GalaxyVisualRoot/FullBleedGalaxyMap/Planet05Node	0	484.82	828.24	OK	Canvas/HUD/VerticalUIRoot/VerticalSafeAreaRoot/ContentSlot/Dimension1Panel/GalaxyPanel/D1_GalaxyVisualRoot/FullBleedGalaxyMap/Planet05Node	Canvas/HUD/VerticalUIRoot/VerticalSafeAreaRoot/ContentSlot/Dimension1Panel/GalaxyPanel/D1_GalaxyVisualRoot/FullBleedGalaxyMap/Planet05Node
26_galaxy_ark_selected	720	1280	Canvas/HUD/VerticalUIRoot/VerticalSafeAreaRoot/ContentSlot/Dimension1Panel/GalaxyPanel/D1_GalaxyVisualRoot/FullBleedGalaxyMap/Planet05Node	1	438.82	790.24	OK	Canvas/HUD/VerticalUIRoot/VerticalSafeAreaRoot/ContentSlot/Dimension1Panel/GalaxyPanel/D1_GalaxyVisualRoot/FullBleedGalaxyMap/Planet05Node	Canvas/HUD/VerticalUIRoot/VerticalSafeAreaRoot/ContentSlot/Dimension1Panel/GalaxyPanel/D1_GalaxyVisualRoot/FullBleedGalaxyMap/Planet05Node
26_galaxy_ark_selected	720	1280	Canvas/HUD/VerticalUIRoot/VerticalSafeAreaRoot/ContentSlot/Dimension1Panel/GalaxyPanel/D1_GalaxyVisualRoot/FullBleedGalaxyMap/Planet05Node	2	530.82	790.24	OK	Canvas/HUD/VerticalUIRoot/VerticalSafeAreaRoot/ContentSlot/Dimension1Panel/GalaxyPanel/D1_GalaxyVisualRoot/FullBleedGalaxyMap/Planet05Node	Canvas/HUD/VerticalUIRoot/VerticalSafeAreaRoot/ContentSlot/Dimension1Panel/GalaxyPanel/D1_GalaxyVisualRoot/FullBleedGalaxyMap/Planet05Node
26_galaxy_ark_selected	720	1280	Canvas/HUD/VerticalUIRoot/VerticalSafeAreaRoot/ContentSlot/Dimension1Panel/GalaxyPanel/D1_GalaxyVisualRoot/FullBleedGalaxyMap/Planet05Node	3	438.82	866.24	OK	Canvas/HUD/VerticalUIRoot/VerticalSafeAreaRoot/ContentSlot/Dimension1Panel/GalaxyPanel/D1_GalaxyVisualRoot/FullBleedGalaxyMap/Planet05Node	Canvas/HUD/VerticalUIRoot/VerticalSafeAreaRoot/ContentSlot/Dimension1Panel/GalaxyPanel/D1_GalaxyVisualRoot/FullBleedGalaxyMap/Planet05Node
26_galaxy_ark_selected	720	1280	Canvas/HUD/VerticalUIRoot/VerticalSafeAreaRoot/ContentSlot/Dimension1Panel/GalaxyPanel/D1_GalaxyVisualRoot/FullBleedGalaxyMap/Planet05Node	4	530.82	866.24	OK	Canvas/HUD/VerticalUIRoot/VerticalSafeAreaRoot/ContentSlot/Dimension1Panel/GalaxyPanel/D1_GalaxyVisualRoot/FullBleedGalaxyMap/Planet05Node	Canvas/HUD/VerticalUIRoot/VerticalSafeAreaRoot/ContentSlot/Dimension1Panel/GalaxyPanel/D1_GalaxyVisualRoot/FullBleedGalaxyMap/Planet05Node
26_galaxy_ark_selected	720	1280	Canvas/HUD/VerticalUIRoot/VerticalSafeAreaRoot/ContentSlot/Dimension1Panel/GalaxyPanel/D1_GalaxyVisualRoot/FullBleedGalaxyMap/Sector02	0	611.11	632.61	OK	Canvas/HUD/VerticalUIRoot/VerticalSafeAreaRoot/ContentSlot/Dimension1Panel/GalaxyPanel/D1_GalaxyVisualRoot/FullBleedGalaxyMap/Sector02	Canvas/HUD/VerticalUIRoot/VerticalSafeAreaRoot/ContentSlot/Dimension1Panel/GalaxyPanel/D1_GalaxyVisualRoot/FullBleedGalaxyMap/Sector02
26_galaxy_ark_selected	720	1280	Canvas/HUD/VerticalUIRoot/VerticalSafeAreaRoot/ContentSlot/Dimension1Panel/GalaxyPanel/D1_GalaxyVisualRoot/FullBleedGalaxyMap/Sector02	1	551.11	585.41	OK	Canvas/HUD/VerticalUIRoot/VerticalSafeAreaRoot/ContentSlot/Dimension1Panel/GalaxyPanel/D1_GalaxyVisualRoot/FullBleedGalaxyMap/Sector02	Canvas/HUD/VerticalUIRoot/VerticalSafeAreaRoot/ContentSlot/Dimension1Panel/GalaxyPanel/D1_GalaxyVisualRoot/FullBleedGalaxyMap/Sector02
26_galaxy_ark_selected	720	1280	Canvas/HUD/VerticalUIRoot/VerticalSafeAreaRoot/ContentSlot/Dimension1Panel/GalaxyPanel/D1_GalaxyVisualRoot/FullBleedGalaxyMap/Sector02	2	671.11	585.41	OK	Canvas/HUD/VerticalUIRoot/VerticalSafeAreaRoot/ContentSlot/Dimension1Panel/GalaxyPanel/D1_GalaxyVisualRoot/FullBleedGalaxyMap/Sector02	Canvas/HUD/VerticalUIRoot/VerticalSafeAreaRoot/ContentSlot/Dimension1Panel/GalaxyPanel/D1_GalaxyVisualRoot/FullBleedGalaxyMap/Sector02
26_galaxy_ark_selected	720	1280	Canvas/HUD/VerticalUIRoot/VerticalSafeAreaRoot/ContentSlot/Dimension1Panel/GalaxyPanel/D1_GalaxyVisualRoot/FullBleedGalaxyMap/Sector02	3	551.11	679.81	OK	Canvas/HUD/VerticalUIRoot/VerticalSafeAreaRoot/ContentSlot/Dimension1Panel/GalaxyPanel/D1_GalaxyVisualRoot/FullBleedGalaxyMap/Sector02	Canvas/HUD/VerticalUIRoot/VerticalSafeAreaRoot/ContentSlot/Dimension1Panel/GalaxyPanel/D1_GalaxyVisualRoot/FullBleedGalaxyMap/Sector02
26_galaxy_ark_selected	720	1280	Canvas/HUD/VerticalUIRoot/VerticalSafeAreaRoot/ContentSlot/Dimension1Panel/GalaxyPanel/D1_GalaxyVisualRoot/FullBleedGalaxyMap/Sector02	4	671.11	679.81	OK	Canvas/HUD/VerticalUIRoot/VerticalSafeAreaRoot/ContentSlot/Dimension1Panel/GalaxyPanel/D1_GalaxyVisualRoot/FullBleedGalaxyMap/Sector02	Canvas/HUD/VerticalUIRoot/VerticalSafeAreaRoot/ContentSlot/Dimension1Panel/GalaxyPanel/D1_GalaxyVisualRoot/FullBleedGalaxyMap/Sector02
26_galaxy_ark_selected	720	1280	Canvas/HUD/VerticalUIRoot/VerticalSafeAreaRoot/ContentSlot/Dimension1Panel/GalaxyPanel/D1_GalaxyVisualRoot/CommandCenterBack	0	74.67	1178.67	OK	Canvas/HUD/VerticalUIRoot/VerticalSafeAreaRoot/ContentSlot/Dimension1Panel/GalaxyPanel/D1_GalaxyVisualRoot/CommandCenterBack	Canvas/HUD/VerticalUIRoot/VerticalSafeAreaRoot/ContentSlot/Dimension1Panel/GalaxyPanel/D1_GalaxyVisualRoot/CommandCenterBack
26_galaxy_ark_selected	720	1280	Canvas/HUD/VerticalUIRoot/VerticalSafeAreaRoot/ContentSlot/Dimension1Panel/GalaxyPanel/D1_GalaxyVisualRoot/CommandCenterBack	1	39.47	1158.67	OK	Canvas/HUD/VerticalUIRoot/VerticalSafeAreaRoot/ContentSlot/Dimension1Panel/GalaxyPanel/D1_GalaxyVisualRoot/CommandCenterBack	Canvas/HUD/VerticalUIRoot/VerticalSafeAreaRoot/ContentSlot/Dimension1Panel/GalaxyPanel/D1_GalaxyVisualRoot/CommandCenterBack
26_galaxy_ark_selected	720	1280	Canvas/HUD/VerticalUIRoot/VerticalSafeAreaRoot/ContentSlot/Dimension1Panel/GalaxyPanel/D1_GalaxyVisualRoot/CommandCenterBack	2	109.87	1158.67	OK	Canvas/HUD/VerticalUIRoot/VerticalSafeAreaRoot/ContentSlot/Dimension1Panel/GalaxyPanel/D1_GalaxyVisualRoot/CommandCenterBack	Canvas/HUD/VerticalUIRoot/VerticalSafeAreaRoot/ContentSlot/Dimension1Panel/GalaxyPanel/D1_GalaxyVisualRoot/CommandCenterBack
26_galaxy_ark_selected	720	1280	Canvas/HUD/VerticalUIRoot/VerticalSafeAreaRoot/ContentSlot/Dimension1Panel/GalaxyPanel/D1_GalaxyVisualRoot/CommandCenterBack	3	39.47	1198.67	OK	Canvas/HUD/VerticalUIRoot/VerticalSafeAreaRoot/ContentSlot/Dimension1Panel/GalaxyPanel/D1_GalaxyVisualRoot/CommandCenterBack	Canvas/HUD/VerticalUIRoot/VerticalSafeAreaRoot/ContentSlot/Dimension1Panel/GalaxyPanel/D1_GalaxyVisualRoot/CommandCenterBack
26_galaxy_ark_selected	720	1280	Canvas/HUD/VerticalUIRoot/VerticalSafeAreaRoot/ContentSlot/Dimension1Panel/GalaxyPanel/D1_GalaxyVisualRoot/CommandCenterBack	4	109.87	1198.67	OK	Canvas/HUD/VerticalUIRoot/VerticalSafeAreaRoot/ContentSlot/Dimension1Panel/GalaxyPanel/D1_GalaxyVisualRoot/CommandCenterBack	Canvas/HUD/VerticalUIRoot/VerticalSafeAreaRoot/ContentSlot/Dimension1Panel/GalaxyPanel/D1_GalaxyVisualRoot/CommandCenterBack
26_galaxy_ark_selected	720	1280	Canvas/HUD/VerticalUIRoot/VerticalSafeAreaRoot/ContentSlot/Dimension1Panel/GalaxyPanel/D1_GalaxyVisualRoot/FullBleedGalaxyMap/Sector04	0	580.88	420.71	OK	Canvas/HUD/VerticalUIRoot/VerticalSafeAreaRoot/ContentSlot/Dimension1Panel/GalaxyPanel/D1_GalaxyVisualRoot/FullBleedGalaxyMap/Sector04	Canvas/HUD/VerticalUIRoot/VerticalSafeAreaRoot/ContentSlot/Dimension1Panel/GalaxyPanel/D1_GalaxyVisualRoot/FullBleedGalaxyMap/Sector04
26_galaxy_ark_selected	720	1280	Canvas/HUD/VerticalUIRoot/VerticalSafeAreaRoot/ContentSlot/Dimension1Panel/GalaxyPanel/D1_GalaxyVisualRoot/FullBleedGalaxyMap/Sector04	1	534.88	383.51	OK	Canvas/HUD/VerticalUIRoot/VerticalSafeAreaRoot/ContentSlot/Dimension1Panel/GalaxyPanel/D1_GalaxyVisualRoot/FullBleedGalaxyMap/Sector04	Canvas/HUD/VerticalUIRoot/VerticalSafeAreaRoot/ContentSlot/Dimension1Panel/GalaxyPanel/D1_GalaxyVisualRoot/FullBleedGalaxyMap/Sector04
26_galaxy_ark_selected	720	1280	Canvas/HUD/VerticalUIRoot/VerticalSafeAreaRoot/ContentSlot/Dimension1Panel/GalaxyPanel/D1_GalaxyVisualRoot/FullBleedGalaxyMap/Sector04	2	626.88	383.51	OK	Canvas/HUD/VerticalUIRoot/VerticalSafeAreaRoot/ContentSlot/Dimension1Panel/GalaxyPanel/D1_GalaxyVisualRoot/FullBleedGalaxyMap/Sector04	Canvas/HUD/VerticalUIRoot/VerticalSafeAreaRoot/ContentSlot/Dimension1Panel/GalaxyPanel/D1_GalaxyVisualRoot/FullBleedGalaxyMap/Sector04
26_galaxy_ark_selected	720	1280	Canvas/HUD/VerticalUIRoot/VerticalSafeAreaRoot/ContentSlot/Dimension1Panel/GalaxyPanel/D1_GalaxyVisualRoot/FullBleedGalaxyMap/Sector04	3	534.88	457.91	OK	Canvas/HUD/VerticalUIRoot/VerticalSafeAreaRoot/ContentSlot/Dimension1Panel/GalaxyPanel/D1_GalaxyVisualRoot/FullBleedGalaxyMap/Sector04	Canvas/HUD/VerticalUIRoot/VerticalSafeAreaRoot/ContentSlot/Dimension1Panel/GalaxyPanel/D1_GalaxyVisualRoot/FullBleedGalaxyMap/Sector04
26_galaxy_ark_selected	720	1280	Canvas/HUD/VerticalUIRoot/VerticalSafeAreaRoot/ContentSlot/Dimension1Panel/GalaxyPanel/D1_GalaxyVisualRoot/FullBleedGalaxyMap/Sector04	4	626.88	457.91	OK	Canvas/HUD/VerticalUIRoot/VerticalSafeAreaRoot/ContentSlot/Dimension1Panel/GalaxyPanel/D1_GalaxyVisualRoot/FullBleedGalaxyMap/Sector04	Canvas/HUD/VerticalUIRoot/VerticalSafeAreaRoot/ContentSlot/Dimension1Panel/GalaxyPanel/D1_GalaxyVisualRoot/FullBleedGalaxyMap/Sector04
26_galaxy_ark_selected	720	1280	Canvas/HUD/VerticalUIRoot/VerticalSafeAreaRoot/ContentSlot/Dimension1Panel/GalaxyPanel/D1_GalaxyVisualRoot/FullBleedGalaxyMap/Sector01	0	458.89	699.22	OK	Canvas/HUD/VerticalUIRoot/VerticalSafeAreaRoot/ContentSlot/Dimension1Panel/GalaxyPanel/D1_GalaxyVisualRoot/FullBleedGalaxyMap/Sector01	Canvas/HUD/VerticalUIRoot/VerticalSafeAreaRoot/ContentSlot/Dimension1Panel/GalaxyPanel/D1_GalaxyVisualRoot/FullBleedGalaxyMap/Sector01
26_galaxy_ark_selected	720	1280	Canvas/HUD/VerticalUIRoot/VerticalSafeAreaRoot/ContentSlot/Dimension1Panel/GalaxyPanel/D1_GalaxyVisualRoot/FullBleedGalaxyMap/Sector01	1	412.89	659.62	OK	Canvas/HUD/VerticalUIRoot/VerticalSafeAreaRoot/ContentSlot/Dimension1Panel/GalaxyPanel/D1_GalaxyVisualRoot/FullBleedGalaxyMap/Sector01	Canvas/HUD/VerticalUIRoot/VerticalSafeAreaRoot/ContentSlot/Dimension1Panel/GalaxyPanel/D1_GalaxyVisualRoot/FullBleedGalaxyMap/Sector01
26_galaxy_ark_selected	720	1280	Canvas/HUD/VerticalUIRoot/VerticalSafeAreaRoot/ContentSlot/Dimension1Panel/GalaxyPanel/D1_GalaxyVisualRoot/FullBleedGalaxyMap/Sector01	2	504.89	659.62	OK	Canvas/HUD/VerticalUIRoot/VerticalSafeAreaRoot/ContentSlot/Dimension1Panel/GalaxyPanel/D1_GalaxyVisualRoot/FullBleedGalaxyMap/Sector01	Canvas/HUD/VerticalUIRoot/VerticalSafeAreaRoot/ContentSlot/Dimension1Panel/GalaxyPanel/D1_GalaxyVisualRoot/FullBleedGalaxyMap/Sector01
26_galaxy_ark_selected	720	1280	Canvas/HUD/VerticalUIRoot/VerticalSafeAreaRoot/ContentSlot/Dimension1Panel/GalaxyPanel/D1_GalaxyVisualRoot/FullBleedGalaxyMap/Sector01	3	412.89	738.82	OK	Canvas/HUD/VerticalUIRoot/VerticalSafeAreaRoot/ContentSlot/Dimension1Panel/GalaxyPanel/D1_GalaxyVisualRoot/FullBleedGalaxyMap/Sector01	Canvas/HUD/VerticalUIRoot/VerticalSafeAreaRoot/ContentSlot/Dimension1Panel/GalaxyPanel/D1_GalaxyVisualRoot/FullBleedGalaxyMap/Sector01
26_galaxy_ark_selected	720	1280	Canvas/HUD/VerticalUIRoot/VerticalSafeAreaRoot/ContentSlot/Dimension1Panel/GalaxyPanel/D1_GalaxyVisualRoot/FullBleedGalaxyMap/Sector01	4	504.89	738.82	OK	Canvas/HUD/VerticalUIRoot/VerticalSafeAreaRoot/ContentSlot/Dimension1Panel/GalaxyPanel/D1_GalaxyVisualRoot/FullBleedGalaxyMap/Sector01	Canvas/HUD/VerticalUIRoot/VerticalSafeAreaRoot/ContentSlot/Dimension1Panel/GalaxyPanel/D1_GalaxyVisualRoot/FullBleedGalaxyMap/Sector01
26_galaxy_ark_selected	720	1280	Canvas/HUD/VerticalUIRoot/VerticalSafeAreaRoot/ContentSlot/Dimension1Panel/GalaxyPanel/D1_GalaxyVisualRoot/FullBleedGalaxyMap/Sector03	0	146.75	790.85	OK	Canvas/HUD/VerticalUIRoot/VerticalSafeAreaRoot/ContentSlot/Dimension1Panel/GalaxyPanel/D1_GalaxyVisualRoot/FullBleedGalaxyMap/Sector03	Canvas/HUD/VerticalUIRoot/VerticalSafeAreaRoot/ContentSlot/Dimension1Panel/GalaxyPanel/D1_GalaxyVisualRoot/FullBleedGalaxyMap/Sector03
26_galaxy_ark_selected	720	1280	Canvas/HUD/VerticalUIRoot/VerticalSafeAreaRoot/ContentSlot/Dimension1Panel/GalaxyPanel/D1_GalaxyVisualRoot/FullBleedGalaxyMap/Sector03	1	100.75	751.25	OK	Canvas/HUD/VerticalUIRoot/VerticalSafeAreaRoot/ContentSlot/Dimension1Panel/GalaxyPanel/D1_GalaxyVisualRoot/FullBleedGalaxyMap/Sector03	Canvas/HUD/VerticalUIRoot/VerticalSafeAreaRoot/ContentSlot/Dimension1Panel/GalaxyPanel/D1_GalaxyVisualRoot/FullBleedGalaxyMap/Sector03
26_galaxy_ark_selected	720	1280	Canvas/HUD/VerticalUIRoot/VerticalSafeAreaRoot/ContentSlot/Dimension1Panel/GalaxyPanel/D1_GalaxyVisualRoot/FullBleedGalaxyMap/Sector03	2	192.75	751.25	OK	Canvas/HUD/VerticalUIRoot/VerticalSafeAreaRoot/ContentSlot/Dimension1Panel/GalaxyPanel/D1_GalaxyVisualRoot/FullBleedGalaxyMap/Sector03	Canvas/HUD/VerticalUIRoot/VerticalSafeAreaRoot/ContentSlot/Dimension1Panel/GalaxyPanel/D1_GalaxyVisualRoot/FullBleedGalaxyMap/Sector03
26_galaxy_ark_selected	720	1280	Canvas/HUD/VerticalUIRoot/VerticalSafeAreaRoot/ContentSlot/Dimension1Panel/GalaxyPanel/D1_GalaxyVisualRoot/FullBleedGalaxyMap/Sector03	3	100.75	830.45	OK	Canvas/HUD/VerticalUIRoot/VerticalSafeAreaRoot/ContentSlot/Dimension1Panel/GalaxyPanel/D1_GalaxyVisualRoot/FullBleedGalaxyMap/Sector03	Canvas/HUD/VerticalUIRoot/VerticalSafeAreaRoot/ContentSlot/Dimension1Panel/GalaxyPanel/D1_GalaxyVisualRoot/FullBleedGalaxyMap/Sector03
26_galaxy_ark_selected	720	1280	Canvas/HUD/VerticalUIRoot/VerticalSafeAreaRoot/ContentSlot/Dimension1Panel/GalaxyPanel/D1_GalaxyVisualRoot/FullBleedGalaxyMap/Sector03	4	192.75	830.45	OK	Canvas/HUD/VerticalUIRoot/VerticalSafeAreaRoot/ContentSlot/Dimension1Panel/GalaxyPanel/D1_GalaxyVisualRoot/FullBleedGalaxyMap/Sector03	Canvas/HUD/VerticalUIRoot/VerticalSafeAreaRoot/ContentSlot/Dimension1Panel/GalaxyPanel/D1_GalaxyVisualRoot/FullBleedGalaxyMap/Sector03
26_galaxy_ark_selected	720	1280	Canvas/HUD/VerticalUIRoot/VerticalSafeAreaRoot/ContentSlot/Dimension1Panel/GalaxyPanel/D1_GalaxyVisualRoot/D1BottomNavigation/EXPLORARButton	0	220.00	73.33	OK	Canvas/HUD/VerticalUIRoot/VerticalSafeAreaRoot/ContentSlot/Dimension1Panel/GalaxyPanel/D1_GalaxyVisualRoot/D1BottomNavigation/EXPLORARButton	Canvas/HUD/VerticalUIRoot/VerticalSafeAreaRoot/ContentSlot/Dimension1Panel/GalaxyPanel/D1_GalaxyVisualRoot/D1BottomNavigation/EXPLORARButton
26_galaxy_ark_selected	720	1280	Canvas/HUD/VerticalUIRoot/VerticalSafeAreaRoot/ContentSlot/Dimension1Panel/GalaxyPanel/D1_GalaxyVisualRoot/D1BottomNavigation/EXPLORARButton	1	180.40	38.13	OK	Canvas/HUD/VerticalUIRoot/VerticalSafeAreaRoot/ContentSlot/Dimension1Panel/GalaxyPanel/D1_GalaxyVisualRoot/D1BottomNavigation/EXPLORARButton	Canvas/HUD/VerticalUIRoot/VerticalSafeAreaRoot/ContentSlot/Dimension1Panel/GalaxyPanel/D1_GalaxyVisualRoot/D1BottomNavigation/EXPLORARButton
26_galaxy_ark_selected	720	1280	Canvas/HUD/VerticalUIRoot/VerticalSafeAreaRoot/ContentSlot/Dimension1Panel/GalaxyPanel/D1_GalaxyVisualRoot/D1BottomNavigation/EXPLORARButton	2	259.60	38.13	OK	Canvas/HUD/VerticalUIRoot/VerticalSafeAreaRoot/ContentSlot/Dimension1Panel/GalaxyPanel/D1_GalaxyVisualRoot/D1BottomNavigation/EXPLORARButton	Canvas/HUD/VerticalUIRoot/VerticalSafeAreaRoot/ContentSlot/Dimension1Panel/GalaxyPanel/D1_GalaxyVisualRoot/D1BottomNavigation/EXPLORARButton
26_galaxy_ark_selected	720	1280	Canvas/HUD/VerticalUIRoot/VerticalSafeAreaRoot/ContentSlot/Dimension1Panel/GalaxyPanel/D1_GalaxyVisualRoot/D1BottomNavigation/EXPLORARButton	3	180.40	108.53	OK	Canvas/HUD/VerticalUIRoot/VerticalSafeAreaRoot/ContentSlot/Dimension1Panel/GalaxyPanel/D1_GalaxyVisualRoot/D1BottomNavigation/EXPLORARButton	Canvas/HUD/VerticalUIRoot/VerticalSafeAreaRoot/ContentSlot/Dimension1Panel/GalaxyPanel/D1_GalaxyVisualRoot/D1BottomNavigation/EXPLORARButton
26_galaxy_ark_selected	720	1280	Canvas/HUD/VerticalUIRoot/VerticalSafeAreaRoot/ContentSlot/Dimension1Panel/GalaxyPanel/D1_GalaxyVisualRoot/D1BottomNavigation/EXPLORARButton	4	259.60	108.53	OK	Canvas/HUD/VerticalUIRoot/VerticalSafeAreaRoot/ContentSlot/Dimension1Panel/GalaxyPanel/D1_GalaxyVisualRoot/D1BottomNavigation/EXPLORARButton	Canvas/HUD/VerticalUIRoot/VerticalSafeAreaRoot/ContentSlot/Dimension1Panel/GalaxyPanel/D1_GalaxyVisualRoot/D1BottomNavigation/EXPLORARButton
26_galaxy_ark_selected	720	1280	Canvas/HUD/VerticalUIRoot/VerticalSafeAreaRoot/ContentSlot/Dimension1Panel/GalaxyPanel/D1_GalaxyVisualRoot/D1BottomNavigation/ÁRBOLButton	0	634.00	73.33	OK	Canvas/HUD/VerticalUIRoot/VerticalSafeAreaRoot/ContentSlot/Dimension1Panel/GalaxyPanel/D1_GalaxyVisualRoot/D1BottomNavigation/ÁRBOLButton	Canvas/HUD/VerticalUIRoot/VerticalSafeAreaRoot/ContentSlot/Dimension1Panel/GalaxyPanel/D1_GalaxyVisualRoot/D1BottomNavigation/ÁRBOLButton
26_galaxy_ark_selected	720	1280	Canvas/HUD/VerticalUIRoot/VerticalSafeAreaRoot/ContentSlot/Dimension1Panel/GalaxyPanel/D1_GalaxyVisualRoot/D1BottomNavigation/ÁRBOLButton	1	594.40	38.13	OK	Canvas/HUD/VerticalUIRoot/VerticalSafeAreaRoot/ContentSlot/Dimension1Panel/GalaxyPanel/D1_GalaxyVisualRoot/D1BottomNavigation/ÁRBOLButton	Canvas/HUD/VerticalUIRoot/VerticalSafeAreaRoot/ContentSlot/Dimension1Panel/GalaxyPanel/D1_GalaxyVisualRoot/D1BottomNavigation/ÁRBOLButton
26_galaxy_ark_selected	720	1280	Canvas/HUD/VerticalUIRoot/VerticalSafeAreaRoot/ContentSlot/Dimension1Panel/GalaxyPanel/D1_GalaxyVisualRoot/D1BottomNavigation/ÁRBOLButton	2	673.60	38.13	OK	Canvas/HUD/VerticalUIRoot/VerticalSafeAreaRoot/ContentSlot/Dimension1Panel/GalaxyPanel/D1_GalaxyVisualRoot/D1BottomNavigation/ÁRBOLButton	Canvas/HUD/VerticalUIRoot/VerticalSafeAreaRoot/ContentSlot/Dimension1Panel/GalaxyPanel/D1_GalaxyVisualRoot/D1BottomNavigation/ÁRBOLButton
26_galaxy_ark_selected	720	1280	Canvas/HUD/VerticalUIRoot/VerticalSafeAreaRoot/ContentSlot/Dimension1Panel/GalaxyPanel/D1_GalaxyVisualRoot/D1BottomNavigation/ÁRBOLButton	3	594.40	108.53	OK	Canvas/HUD/VerticalUIRoot/VerticalSafeAreaRoot/ContentSlot/Dimension1Panel/GalaxyPanel/D1_GalaxyVisualRoot/D1BottomNavigation/ÁRBOLButton	Canvas/HUD/VerticalUIRoot/VerticalSafeAreaRoot/ContentSlot/Dimension1Panel/GalaxyPanel/D1_GalaxyVisualRoot/D1BottomNavigation/ÁRBOLButton
26_galaxy_ark_selected	720	1280	Canvas/HUD/VerticalUIRoot/VerticalSafeAreaRoot/ContentSlot/Dimension1Panel/GalaxyPanel/D1_GalaxyVisualRoot/D1BottomNavigation/ÁRBOLButton	4	673.60	108.53	OK	Canvas/HUD/VerticalUIRoot/VerticalSafeAreaRoot/ContentSlot/Dimension1Panel/GalaxyPanel/D1_GalaxyVisualRoot/D1BottomNavigation/ÁRBOLButton	Canvas/HUD/VerticalUIRoot/VerticalSafeAreaRoot/ContentSlot/Dimension1Panel/GalaxyPanel/D1_GalaxyVisualRoot/D1BottomNavigation/ÁRBOLButton
27_ark	720	1280	Canvas/HUD/VerticalUIRoot/VerticalSafeAreaRoot/ContentSlot/Dimension1Panel/ArkPanel/Header/AllMetals	0	618.00	1168.00	OK	Canvas/HUD/VerticalUIRoot/VerticalSafeAreaRoot/ContentSlot/Dimension1Panel/ArkPanel/Header/AllMetals/Surface	Canvas/HUD/VerticalUIRoot/VerticalSafeAreaRoot/ContentSlot/Dimension1Panel/ArkPanel/Header/AllMetals
27_ark	720	1280	Canvas/HUD/VerticalUIRoot/VerticalSafeAreaRoot/ContentSlot/Dimension1Panel/ArkPanel/Header/AllMetals	1	570.40	1148.80	OK	Canvas/HUD/VerticalUIRoot/VerticalSafeAreaRoot/ContentSlot/Dimension1Panel/ArkPanel/Header/AllMetals/Surface	Canvas/HUD/VerticalUIRoot/VerticalSafeAreaRoot/ContentSlot/Dimension1Panel/ArkPanel/Header/AllMetals
27_ark	720	1280	Canvas/HUD/VerticalUIRoot/VerticalSafeAreaRoot/ContentSlot/Dimension1Panel/ArkPanel/Header/AllMetals	2	665.60	1148.80	OK	Canvas/HUD/VerticalUIRoot/VerticalSafeAreaRoot/ContentSlot/Dimension1Panel/ArkPanel/Header/AllMetals/Surface	Canvas/HUD/VerticalUIRoot/VerticalSafeAreaRoot/ContentSlot/Dimension1Panel/ArkPanel/Header/AllMetals
27_ark	720	1280	Canvas/HUD/VerticalUIRoot/VerticalSafeAreaRoot/ContentSlot/Dimension1Panel/ArkPanel/Header/AllMetals	3	570.40	1187.20	OK	Canvas/HUD/VerticalUIRoot/VerticalSafeAreaRoot/ContentSlot/Dimension1Panel/ArkPanel/Header/AllMetals/Surface	Canvas/HUD/VerticalUIRoot/VerticalSafeAreaRoot/ContentSlot/Dimension1Panel/ArkPanel/Header/AllMetals
27_ark	720	1280	Canvas/HUD/VerticalUIRoot/VerticalSafeAreaRoot/ContentSlot/Dimension1Panel/ArkPanel/Header/AllMetals	4	665.60	1187.20	OK	Canvas/HUD/VerticalUIRoot/VerticalSafeAreaRoot/ContentSlot/Dimension1Panel/ArkPanel/Header/AllMetals/Surface	Canvas/HUD/VerticalUIRoot/VerticalSafeAreaRoot/ContentSlot/Dimension1Panel/ArkPanel/Header/AllMetals
27_ark	720	1280	Canvas/HUD/VerticalUIRoot/VerticalSafeAreaRoot/ContentSlot/Dimension1Panel/ArkPanel/Hero/InvestigationStrip/InvestigateArkButton	0	360.00	690.00	OK	Canvas/HUD/VerticalUIRoot/VerticalSafeAreaRoot/ContentSlot/Dimension1Panel/ArkPanel/Hero/InvestigationStrip/InvestigateArkButton	Canvas/HUD/VerticalUIRoot/VerticalSafeAreaRoot/ContentSlot/Dimension1Panel/ArkPanel/Hero/InvestigationStrip/InvestigateArkButton
27_ark	720	1280	Canvas/HUD/VerticalUIRoot/VerticalSafeAreaRoot/ContentSlot/Dimension1Panel/ArkPanel/Hero/InvestigationStrip/InvestigateArkButton	1	162.40	668.40	OK	Canvas/HUD/VerticalUIRoot/VerticalSafeAreaRoot/ContentSlot/Dimension1Panel/ArkPanel/Hero/InvestigationStrip/InvestigateArkButton	Canvas/HUD/VerticalUIRoot/VerticalSafeAreaRoot/ContentSlot/Dimension1Panel/ArkPanel/Hero/InvestigationStrip/InvestigateArkButton
27_ark	720	1280	Canvas/HUD/VerticalUIRoot/VerticalSafeAreaRoot/ContentSlot/Dimension1Panel/ArkPanel/Hero/InvestigationStrip/InvestigateArkButton	2	557.60	668.40	OK	Canvas/HUD/VerticalUIRoot/VerticalSafeAreaRoot/ContentSlot/Dimension1Panel/ArkPanel/Hero/InvestigationStrip/InvestigateArkButton	Canvas/HUD/VerticalUIRoot/VerticalSafeAreaRoot/ContentSlot/Dimension1Panel/ArkPanel/Hero/InvestigationStrip/InvestigateArkButton
27_ark	720	1280	Canvas/HUD/VerticalUIRoot/VerticalSafeAreaRoot/ContentSlot/Dimension1Panel/ArkPanel/Hero/InvestigationStrip/InvestigateArkButton	3	162.40	711.60	OK	Canvas/HUD/VerticalUIRoot/VerticalSafeAreaRoot/ContentSlot/Dimension1Panel/ArkPanel/Hero/InvestigationStrip/InvestigateArkButton	Canvas/HUD/VerticalUIRoot/VerticalSafeAreaRoot/ContentSlot/Dimension1Panel/ArkPanel/Hero/InvestigationStrip/InvestigateArkButton
27_ark	720	1280	Canvas/HUD/VerticalUIRoot/VerticalSafeAreaRoot/ContentSlot/Dimension1Panel/ArkPanel/Hero/InvestigationStrip/InvestigateArkButton	4	557.60	711.60	OK	Canvas/HUD/VerticalUIRoot/VerticalSafeAreaRoot/ContentSlot/Dimension1Panel/ArkPanel/Hero/InvestigationStrip/InvestigateArkButton	Canvas/HUD/VerticalUIRoot/VerticalSafeAreaRoot/ContentSlot/Dimension1Panel/ArkPanel/Hero/InvestigationStrip/InvestigateArkButton
27_ark	720	1280	Canvas/HUD/VerticalUIRoot/VerticalSafeAreaRoot/ContentSlot/Dimension1Panel/ArkPanel/Header/CloseArkPanelButton	0	50.67	1224.00	OK	Canvas/HUD/VerticalUIRoot/VerticalSafeAreaRoot/ContentSlot/Dimension1Panel/ArkPanel/Header/CloseArkPanelButton/Surface	Canvas/HUD/VerticalUIRoot/VerticalSafeAreaRoot/ContentSlot/Dimension1Panel/ArkPanel/Header/CloseArkPanelButton
27_ark	720	1280	Canvas/HUD/VerticalUIRoot/VerticalSafeAreaRoot/ContentSlot/Dimension1Panel/ArkPanel/Header/CloseArkPanelButton	1	33.87	1209.60	OK	Canvas/HUD/VerticalUIRoot/VerticalSafeAreaRoot/ContentSlot/Dimension1Panel/ArkPanel/Header/CloseArkPanelButton/Surface	Canvas/HUD/VerticalUIRoot/VerticalSafeAreaRoot/ContentSlot/Dimension1Panel/ArkPanel/Header/CloseArkPanelButton
27_ark	720	1280	Canvas/HUD/VerticalUIRoot/VerticalSafeAreaRoot/ContentSlot/Dimension1Panel/ArkPanel/Header/CloseArkPanelButton	2	67.47	1209.60	OK	Canvas/HUD/VerticalUIRoot/VerticalSafeAreaRoot/ContentSlot/Dimension1Panel/ArkPanel/Header/CloseArkPanelButton/Surface	Canvas/HUD/VerticalUIRoot/VerticalSafeAreaRoot/ContentSlot/Dimension1Panel/ArkPanel/Header/CloseArkPanelButton
27_ark	720	1280	Canvas/HUD/VerticalUIRoot/VerticalSafeAreaRoot/ContentSlot/Dimension1Panel/ArkPanel/Header/CloseArkPanelButton	3	33.87	1238.40	OK	Canvas/HUD/VerticalUIRoot/VerticalSafeAreaRoot/ContentSlot/Dimension1Panel/ArkPanel/Header/CloseArkPanelButton/Surface	Canvas/HUD/VerticalUIRoot/VerticalSafeAreaRoot/ContentSlot/Dimension1Panel/ArkPanel/Header/CloseArkPanelButton
27_ark	720	1280	Canvas/HUD/VerticalUIRoot/VerticalSafeAreaRoot/ContentSlot/Dimension1Panel/ArkPanel/Header/CloseArkPanelButton	4	67.47	1238.40	OK	Canvas/HUD/VerticalUIRoot/VerticalSafeAreaRoot/ContentSlot/Dimension1Panel/ArkPanel/Header/CloseArkPanelButton/Surface	Canvas/HUD/VerticalUIRoot/VerticalSafeAreaRoot/ContentSlot/Dimension1Panel/ArkPanel/Header/CloseArkPanelButton
28_ark_investigated	720	1280	Canvas/HUD/VerticalUIRoot/VerticalSafeAreaRoot/ContentSlot/Dimension1Panel/ArkPanel/Header/AllMetals	0	618.00	1168.00	OK	Canvas/HUD/VerticalUIRoot/VerticalSafeAreaRoot/ContentSlot/Dimension1Panel/ArkPanel/Header/AllMetals/Surface	Canvas/HUD/VerticalUIRoot/VerticalSafeAreaRoot/ContentSlot/Dimension1Panel/ArkPanel/Header/AllMetals
28_ark_investigated	720	1280	Canvas/HUD/VerticalUIRoot/VerticalSafeAreaRoot/ContentSlot/Dimension1Panel/ArkPanel/Header/AllMetals	1	570.40	1148.80	OK	Canvas/HUD/VerticalUIRoot/VerticalSafeAreaRoot/ContentSlot/Dimension1Panel/ArkPanel/Header/AllMetals/Surface	Canvas/HUD/VerticalUIRoot/VerticalSafeAreaRoot/ContentSlot/Dimension1Panel/ArkPanel/Header/AllMetals
28_ark_investigated	720	1280	Canvas/HUD/VerticalUIRoot/VerticalSafeAreaRoot/ContentSlot/Dimension1Panel/ArkPanel/Header/AllMetals	2	665.60	1148.80	OK	Canvas/HUD/VerticalUIRoot/VerticalSafeAreaRoot/ContentSlot/Dimension1Panel/ArkPanel/Header/AllMetals/Surface	Canvas/HUD/VerticalUIRoot/VerticalSafeAreaRoot/ContentSlot/Dimension1Panel/ArkPanel/Header/AllMetals
28_ark_investigated	720	1280	Canvas/HUD/VerticalUIRoot/VerticalSafeAreaRoot/ContentSlot/Dimension1Panel/ArkPanel/Header/AllMetals	3	570.40	1187.20	OK	Canvas/HUD/VerticalUIRoot/VerticalSafeAreaRoot/ContentSlot/Dimension1Panel/ArkPanel/Header/AllMetals/Surface	Canvas/HUD/VerticalUIRoot/VerticalSafeAreaRoot/ContentSlot/Dimension1Panel/ArkPanel/Header/AllMetals
28_ark_investigated	720	1280	Canvas/HUD/VerticalUIRoot/VerticalSafeAreaRoot/ContentSlot/Dimension1Panel/ArkPanel/Header/AllMetals	4	665.60	1187.20	OK	Canvas/HUD/VerticalUIRoot/VerticalSafeAreaRoot/ContentSlot/Dimension1Panel/ArkPanel/Header/AllMetals/Surface	Canvas/HUD/VerticalUIRoot/VerticalSafeAreaRoot/ContentSlot/Dimension1Panel/ArkPanel/Header/AllMetals
28_ark_investigated	720	1280	Canvas/HUD/VerticalUIRoot/VerticalSafeAreaRoot/ContentSlot/Dimension1Panel/ArkPanel/Header/CloseArkPanelButton	0	50.67	1224.00	OK	Canvas/HUD/VerticalUIRoot/VerticalSafeAreaRoot/ContentSlot/Dimension1Panel/ArkPanel/Header/CloseArkPanelButton/Surface	Canvas/HUD/VerticalUIRoot/VerticalSafeAreaRoot/ContentSlot/Dimension1Panel/ArkPanel/Header/CloseArkPanelButton
28_ark_investigated	720	1280	Canvas/HUD/VerticalUIRoot/VerticalSafeAreaRoot/ContentSlot/Dimension1Panel/ArkPanel/Header/CloseArkPanelButton	1	33.87	1209.60	OK	Canvas/HUD/VerticalUIRoot/VerticalSafeAreaRoot/ContentSlot/Dimension1Panel/ArkPanel/Header/CloseArkPanelButton/Surface	Canvas/HUD/VerticalUIRoot/VerticalSafeAreaRoot/ContentSlot/Dimension1Panel/ArkPanel/Header/CloseArkPanelButton
28_ark_investigated	720	1280	Canvas/HUD/VerticalUIRoot/VerticalSafeAreaRoot/ContentSlot/Dimension1Panel/ArkPanel/Header/CloseArkPanelButton	2	67.47	1209.60	OK	Canvas/HUD/VerticalUIRoot/VerticalSafeAreaRoot/ContentSlot/Dimension1Panel/ArkPanel/Header/CloseArkPanelButton/Surface	Canvas/HUD/VerticalUIRoot/VerticalSafeAreaRoot/ContentSlot/Dimension1Panel/ArkPanel/Header/CloseArkPanelButton
28_ark_investigated	720	1280	Canvas/HUD/VerticalUIRoot/VerticalSafeAreaRoot/ContentSlot/Dimension1Panel/ArkPanel/Header/CloseArkPanelButton	3	33.87	1238.40	OK	Canvas/HUD/VerticalUIRoot/VerticalSafeAreaRoot/ContentSlot/Dimension1Panel/ArkPanel/Header/CloseArkPanelButton/Surface	Canvas/HUD/VerticalUIRoot/VerticalSafeAreaRoot/ContentSlot/Dimension1Panel/ArkPanel/Header/CloseArkPanelButton
28_ark_investigated	720	1280	Canvas/HUD/VerticalUIRoot/VerticalSafeAreaRoot/ContentSlot/Dimension1Panel/ArkPanel/Header/CloseArkPanelButton	4	67.47	1238.40	OK	Canvas/HUD/VerticalUIRoot/VerticalSafeAreaRoot/ContentSlot/Dimension1Panel/ArkPanel/Header/CloseArkPanelButton/Surface	Canvas/HUD/VerticalUIRoot/VerticalSafeAreaRoot/ContentSlot/Dimension1Panel/ArkPanel/Header/CloseArkPanelButton
29_expedition_result	720	1280	Canvas/HUD/VerticalUIRoot/VerticalSafeAreaRoot/ContentSlot/Dimension1Panel/D1_ExploreVisualRoot/BottomNavigation/Nav_HANGAR	0	358.00	73.33	INTERCEPTED	Canvas/HUD/VerticalUIRoot/VerticalSafeAreaRoot/ContentSlot/Dimension1Panel/D1_ExpeditionResultVisualRoot/Backdrop	<none>
29_expedition_result	720	1280	Canvas/HUD/VerticalUIRoot/VerticalSafeAreaRoot/ContentSlot/Dimension1Panel/D1_ExploreVisualRoot/BottomNavigation/Nav_HANGAR	1	318.40	38.13	INTERCEPTED	Canvas/HUD/VerticalUIRoot/VerticalSafeAreaRoot/ContentSlot/Dimension1Panel/D1_ExpeditionResultVisualRoot/Backdrop	<none>
29_expedition_result	720	1280	Canvas/HUD/VerticalUIRoot/VerticalSafeAreaRoot/ContentSlot/Dimension1Panel/D1_ExploreVisualRoot/BottomNavigation/Nav_HANGAR	2	397.60	38.13	INTERCEPTED	Canvas/HUD/VerticalUIRoot/VerticalSafeAreaRoot/ContentSlot/Dimension1Panel/D1_ExpeditionResultVisualRoot/Backdrop	<none>
29_expedition_result	720	1280	Canvas/HUD/VerticalUIRoot/VerticalSafeAreaRoot/ContentSlot/Dimension1Panel/D1_ExploreVisualRoot/BottomNavigation/Nav_HANGAR	3	318.40	108.53	INTERCEPTED	Canvas/HUD/VerticalUIRoot/VerticalSafeAreaRoot/ContentSlot/Dimension1Panel/D1_ExpeditionResultVisualRoot/ResultFrame/CollectAndContinue	Canvas/HUD/VerticalUIRoot/VerticalSafeAreaRoot/ContentSlot/Dimension1Panel/D1_ExpeditionResultVisualRoot/ResultFrame/CollectAndContinue
29_expedition_result	720	1280	Canvas/HUD/VerticalUIRoot/VerticalSafeAreaRoot/ContentSlot/Dimension1Panel/D1_ExploreVisualRoot/BottomNavigation/Nav_HANGAR	4	397.60	108.53	INTERCEPTED	Canvas/HUD/VerticalUIRoot/VerticalSafeAreaRoot/ContentSlot/Dimension1Panel/D1_ExpeditionResultVisualRoot/ResultFrame/CollectAndContinue	Canvas/HUD/VerticalUIRoot/VerticalSafeAreaRoot/ContentSlot/Dimension1Panel/D1_ExpeditionResultVisualRoot/ResultFrame/CollectAndContinue
29_expedition_result	720	1280	Canvas/HUD/VerticalUIRoot/VerticalSafeAreaRoot/ContentSlot/Dimension1Panel/D1_ExploreVisualRoot/ActiveExpedition/Next	0	478.67	280.00	INTERCEPTED	Canvas/HUD/VerticalUIRoot/VerticalSafeAreaRoot/ContentSlot/Dimension1Panel/D1_ExpeditionResultVisualRoot/Backdrop	<none>
29_expedition_result	720	1280	Canvas/HUD/VerticalUIRoot/VerticalSafeAreaRoot/ContentSlot/Dimension1Panel/D1_ExploreVisualRoot/ActiveExpedition/Next	1	464.27	265.60	INTERCEPTED	Canvas/HUD/VerticalUIRoot/VerticalSafeAreaRoot/ContentSlot/Dimension1Panel/D1_ExpeditionResultVisualRoot/Backdrop	<none>
29_expedition_result	720	1280	Canvas/HUD/VerticalUIRoot/VerticalSafeAreaRoot/ContentSlot/Dimension1Panel/D1_ExploreVisualRoot/ActiveExpedition/Next	2	493.07	265.60	INTERCEPTED	Canvas/HUD/VerticalUIRoot/VerticalSafeAreaRoot/ContentSlot/Dimension1Panel/D1_ExpeditionResultVisualRoot/Backdrop	<none>
29_expedition_result	720	1280	Canvas/HUD/VerticalUIRoot/VerticalSafeAreaRoot/ContentSlot/Dimension1Panel/D1_ExploreVisualRoot/ActiveExpedition/Next	3	464.27	294.40	INTERCEPTED	Canvas/HUD/VerticalUIRoot/VerticalSafeAreaRoot/ContentSlot/Dimension1Panel/D1_ExpeditionResultVisualRoot/Backdrop	<none>
29_expedition_result	720	1280	Canvas/HUD/VerticalUIRoot/VerticalSafeAreaRoot/ContentSlot/Dimension1Panel/D1_ExploreVisualRoot/ActiveExpedition/Next	4	493.07	294.40	INTERCEPTED	Canvas/HUD/VerticalUIRoot/VerticalSafeAreaRoot/ContentSlot/Dimension1Panel/D1_ExpeditionResultVisualRoot/Backdrop	<none>
29_expedition_result	720	1280	Canvas/HUD/VerticalUIRoot/VerticalSafeAreaRoot/ContentSlot/Dimension1Panel/D1_ExploreVisualRoot/ShipPanel/Previous	0	265.33	478.00	INTERCEPTED	Canvas/HUD/VerticalUIRoot/VerticalSafeAreaRoot/ContentSlot/Dimension1Panel/D1_ExpeditionResultVisualRoot/Backdrop	<none>
29_expedition_result	720	1280	Canvas/HUD/VerticalUIRoot/VerticalSafeAreaRoot/ContentSlot/Dimension1Panel/D1_ExploreVisualRoot/ShipPanel/Previous	1	250.93	463.60	INTERCEPTED	Canvas/HUD/VerticalUIRoot/VerticalSafeAreaRoot/ContentSlot/Dimension1Panel/D1_ExpeditionResultVisualRoot/Backdrop	<none>
29_expedition_result	720	1280	Canvas/HUD/VerticalUIRoot/VerticalSafeAreaRoot/ContentSlot/Dimension1Panel/D1_ExploreVisualRoot/ShipPanel/Previous	2	279.73	463.60	INTERCEPTED	Canvas/HUD/VerticalUIRoot/VerticalSafeAreaRoot/ContentSlot/Dimension1Panel/D1_ExpeditionResultVisualRoot/Backdrop	<none>
29_expedition_result	720	1280	Canvas/HUD/VerticalUIRoot/VerticalSafeAreaRoot/ContentSlot/Dimension1Panel/D1_ExploreVisualRoot/ShipPanel/Previous	3	250.93	492.40	INTERCEPTED	Canvas/HUD/VerticalUIRoot/VerticalSafeAreaRoot/ContentSlot/Dimension1Panel/D1_ExpeditionResultVisualRoot/Backdrop	<none>
29_expedition_result	720	1280	Canvas/HUD/VerticalUIRoot/VerticalSafeAreaRoot/ContentSlot/Dimension1Panel/D1_ExploreVisualRoot/ShipPanel/Previous	4	279.73	492.40	INTERCEPTED	Canvas/HUD/VerticalUIRoot/VerticalSafeAreaRoot/ContentSlot/Dimension1Panel/D1_ExpeditionResultVisualRoot/Backdrop	<none>
29_expedition_result	720	1280	Canvas/HUD/VerticalUIRoot/VerticalSafeAreaRoot/ContentSlot/Dimension1Panel/D1_ExploreVisualRoot/ModePanel/CoordinatedMode	0	514.67	383.33	INTERCEPTED	Canvas/HUD/VerticalUIRoot/VerticalSafeAreaRoot/ContentSlot/Dimension1Panel/D1_ExpeditionResultVisualRoot/Backdrop	<none>
29_expedition_result	720	1280	Canvas/HUD/VerticalUIRoot/VerticalSafeAreaRoot/ContentSlot/Dimension1Panel/D1_ExploreVisualRoot/ModePanel/CoordinatedMode	1	426.67	367.73	INTERCEPTED	Canvas/HUD/VerticalUIRoot/VerticalSafeAreaRoot/ContentSlot/Dimension1Panel/D1_ExpeditionResultVisualRoot/Backdrop	<none>
29_expedition_result	720	1280	Canvas/HUD/VerticalUIRoot/VerticalSafeAreaRoot/ContentSlot/Dimension1Panel/D1_ExploreVisualRoot/ModePanel/CoordinatedMode	2	602.67	367.73	INTERCEPTED	Canvas/HUD/VerticalUIRoot/VerticalSafeAreaRoot/ContentSlot/Dimension1Panel/D1_ExpeditionResultVisualRoot/Backdrop	<none>
29_expedition_result	720	1280	Canvas/HUD/VerticalUIRoot/VerticalSafeAreaRoot/ContentSlot/Dimension1Panel/D1_ExploreVisualRoot/ModePanel/CoordinatedMode	3	426.67	398.93	INTERCEPTED	Canvas/HUD/VerticalUIRoot/VerticalSafeAreaRoot/ContentSlot/Dimension1Panel/D1_ExpeditionResultVisualRoot/Backdrop	<none>
29_expedition_result	720	1280	Canvas/HUD/VerticalUIRoot/VerticalSafeAreaRoot/ContentSlot/Dimension1Panel/D1_ExploreVisualRoot/ModePanel/CoordinatedMode	4	602.67	398.93	INTERCEPTED	Canvas/HUD/VerticalUIRoot/VerticalSafeAreaRoot/ContentSlot/Dimension1Panel/D1_ExpeditionResultVisualRoot/Backdrop	<none>
29_expedition_result	720	1280	Canvas/HUD/VerticalUIRoot/VerticalSafeAreaRoot/ContentSlot/Dimension1Panel/D1_ExploreVisualRoot/ExplorationRecord	0	554.67	187.33	INTERCEPTED	Canvas/HUD/VerticalUIRoot/VerticalSafeAreaRoot/ContentSlot/Dimension1Panel/D1_ExpeditionResultVisualRoot/Backdrop	<none>
29_expedition_result	720	1280	Canvas/HUD/VerticalUIRoot/VerticalSafeAreaRoot/ContentSlot/Dimension1Panel/D1_ExploreVisualRoot/ExplorationRecord	1	481.07	162.93	INTERCEPTED	Canvas/HUD/VerticalUIRoot/VerticalSafeAreaRoot/ContentSlot/Dimension1Panel/D1_ExpeditionResultVisualRoot/ResultFrame/CollectAndContinue	Canvas/HUD/VerticalUIRoot/VerticalSafeAreaRoot/ContentSlot/Dimension1Panel/D1_ExpeditionResultVisualRoot/ResultFrame/CollectAndContinue
29_expedition_result	720	1280	Canvas/HUD/VerticalUIRoot/VerticalSafeAreaRoot/ContentSlot/Dimension1Panel/D1_ExploreVisualRoot/ExplorationRecord	2	628.27	162.93	INTERCEPTED	Canvas/HUD/VerticalUIRoot/VerticalSafeAreaRoot/ContentSlot/Dimension1Panel/D1_ExpeditionResultVisualRoot/Backdrop	<none>
29_expedition_result	720	1280	Canvas/HUD/VerticalUIRoot/VerticalSafeAreaRoot/ContentSlot/Dimension1Panel/D1_ExploreVisualRoot/ExplorationRecord	3	481.07	211.73	INTERCEPTED	Canvas/HUD/VerticalUIRoot/VerticalSafeAreaRoot/ContentSlot/Dimension1Panel/D1_ExpeditionResultVisualRoot/Backdrop	<none>
29_expedition_result	720	1280	Canvas/HUD/VerticalUIRoot/VerticalSafeAreaRoot/ContentSlot/Dimension1Panel/D1_ExploreVisualRoot/ExplorationRecord	4	628.27	211.73	INTERCEPTED	Canvas/HUD/VerticalUIRoot/VerticalSafeAreaRoot/ContentSlot/Dimension1Panel/D1_ExpeditionResultVisualRoot/Backdrop	<none>
29_expedition_result	720	1280	Canvas/HUD/VerticalUIRoot/VerticalSafeAreaRoot/ContentSlot/Dimension1Panel/D1_ExploreVisualRoot/BottomNavigation/Nav_ÁRBOL	0	634.00	73.33	INTERCEPTED	Canvas/HUD/VerticalUIRoot/VerticalSafeAreaRoot/ContentSlot/Dimension1Panel/D1_ExpeditionResultVisualRoot/Backdrop	<none>
29_expedition_result	720	1280	Canvas/HUD/VerticalUIRoot/VerticalSafeAreaRoot/ContentSlot/Dimension1Panel/D1_ExploreVisualRoot/BottomNavigation/Nav_ÁRBOL	1	594.40	38.13	INTERCEPTED	Canvas/HUD/VerticalUIRoot/VerticalSafeAreaRoot/ContentSlot/Dimension1Panel/D1_ExpeditionResultVisualRoot/Backdrop	<none>
29_expedition_result	720	1280	Canvas/HUD/VerticalUIRoot/VerticalSafeAreaRoot/ContentSlot/Dimension1Panel/D1_ExploreVisualRoot/BottomNavigation/Nav_ÁRBOL	2	673.60	38.13	INTERCEPTED	Canvas/HUD/VerticalUIRoot/VerticalSafeAreaRoot/ContentSlot/Dimension1Panel/D1_ExpeditionResultVisualRoot/Backdrop	<none>
29_expedition_result	720	1280	Canvas/HUD/VerticalUIRoot/VerticalSafeAreaRoot/ContentSlot/Dimension1Panel/D1_ExploreVisualRoot/BottomNavigation/Nav_ÁRBOL	3	594.40	108.53	INTERCEPTED	Canvas/HUD/VerticalUIRoot/VerticalSafeAreaRoot/ContentSlot/Dimension1Panel/D1_ExpeditionResultVisualRoot/ResultFrame/CollectAndContinue	Canvas/HUD/VerticalUIRoot/VerticalSafeAreaRoot/ContentSlot/Dimension1Panel/D1_ExpeditionResultVisualRoot/ResultFrame/CollectAndContinue
29_expedition_result	720	1280	Canvas/HUD/VerticalUIRoot/VerticalSafeAreaRoot/ContentSlot/Dimension1Panel/D1_ExploreVisualRoot/BottomNavigation/Nav_ÁRBOL	4	673.60	108.53	INTERCEPTED	Canvas/HUD/VerticalUIRoot/VerticalSafeAreaRoot/ContentSlot/Dimension1Panel/D1_ExpeditionResultVisualRoot/Backdrop	<none>
29_expedition_result	720	1280	Canvas/HUD/VerticalUIRoot/VerticalSafeAreaRoot/ContentSlot/Dimension1Panel/OpenGalaxyPanelButton	0	826.67	1017.33	OFFSCREEN	<none>	<none>
29_expedition_result	720	1280	Canvas/HUD/VerticalUIRoot/VerticalSafeAreaRoot/ContentSlot/Dimension1Panel/OpenGalaxyPanelButton	1	794.67	1011.33	OFFSCREEN	<none>	<none>
29_expedition_result	720	1280	Canvas/HUD/VerticalUIRoot/VerticalSafeAreaRoot/ContentSlot/Dimension1Panel/OpenGalaxyPanelButton	2	858.67	1011.33	OFFSCREEN	<none>	<none>
29_expedition_result	720	1280	Canvas/HUD/VerticalUIRoot/VerticalSafeAreaRoot/ContentSlot/Dimension1Panel/OpenGalaxyPanelButton	3	794.67	1023.33	OFFSCREEN	<none>	<none>
29_expedition_result	720	1280	Canvas/HUD/VerticalUIRoot/VerticalSafeAreaRoot/ContentSlot/Dimension1Panel/OpenGalaxyPanelButton	4	858.67	1023.33	OFFSCREEN	<none>	<none>
29_expedition_result	720	1280	Canvas/HUD/VerticalUIRoot/VerticalSafeAreaRoot/ContentSlot/Dimension1Panel/D1_ExploreVisualRoot/SupportPanel/Previous	0	593.33	478.00	INTERCEPTED	Canvas/HUD/VerticalUIRoot/VerticalSafeAreaRoot/ContentSlot/Dimension1Panel/D1_ExpeditionResultVisualRoot/Backdrop	<none>
29_expedition_result	720	1280	Canvas/HUD/VerticalUIRoot/VerticalSafeAreaRoot/ContentSlot/Dimension1Panel/D1_ExploreVisualRoot/SupportPanel/Previous	1	578.93	463.60	INTERCEPTED	Canvas/HUD/VerticalUIRoot/VerticalSafeAreaRoot/ContentSlot/Dimension1Panel/D1_ExpeditionResultVisualRoot/Backdrop	<none>
29_expedition_result	720	1280	Canvas/HUD/VerticalUIRoot/VerticalSafeAreaRoot/ContentSlot/Dimension1Panel/D1_ExploreVisualRoot/SupportPanel/Previous	2	607.73	463.60	INTERCEPTED	Canvas/HUD/VerticalUIRoot/VerticalSafeAreaRoot/ContentSlot/Dimension1Panel/D1_ExpeditionResultVisualRoot/Backdrop	<none>
29_expedition_result	720	1280	Canvas/HUD/VerticalUIRoot/VerticalSafeAreaRoot/ContentSlot/Dimension1Panel/D1_ExploreVisualRoot/SupportPanel/Previous	3	578.93	492.40	INTERCEPTED	Canvas/HUD/VerticalUIRoot/VerticalSafeAreaRoot/ContentSlot/Dimension1Panel/D1_ExpeditionResultVisualRoot/Backdrop	<none>
29_expedition_result	720	1280	Canvas/HUD/VerticalUIRoot/VerticalSafeAreaRoot/ContentSlot/Dimension1Panel/D1_ExploreVisualRoot/SupportPanel/Previous	4	607.73	492.40	INTERCEPTED	Canvas/HUD/VerticalUIRoot/VerticalSafeAreaRoot/ContentSlot/Dimension1Panel/D1_ExpeditionResultVisualRoot/Backdrop	<none>
29_expedition_result	720	1280	Canvas/HUD/VerticalUIRoot/VerticalSafeAreaRoot/ContentSlot/Dimension1Panel/D1_ExploreVisualRoot/ScannerPanel/ChangeSector	0	576.00	1044.67	INTERCEPTED	Canvas/HUD/VerticalUIRoot/VerticalSafeAreaRoot/ContentSlot/Dimension1Panel/D1_ExpeditionResultVisualRoot/Backdrop	<none>
29_expedition_result	720	1280	Canvas/HUD/VerticalUIRoot/VerticalSafeAreaRoot/ContentSlot/Dimension1Panel/D1_ExploreVisualRoot/ScannerPanel/ChangeSector	1	529.60	1032.27	INTERCEPTED	Canvas/HUD/VerticalUIRoot/VerticalSafeAreaRoot/ContentSlot/Dimension1Panel/D1_ExpeditionResultVisualRoot/Backdrop	<none>
29_expedition_result	720	1280	Canvas/HUD/VerticalUIRoot/VerticalSafeAreaRoot/ContentSlot/Dimension1Panel/D1_ExploreVisualRoot/ScannerPanel/ChangeSector	2	622.40	1032.27	INTERCEPTED	Canvas/HUD/VerticalUIRoot/VerticalSafeAreaRoot/ContentSlot/Dimension1Panel/D1_ExpeditionResultVisualRoot/Backdrop	<none>
29_expedition_result	720	1280	Canvas/HUD/VerticalUIRoot/VerticalSafeAreaRoot/ContentSlot/Dimension1Panel/D1_ExploreVisualRoot/ScannerPanel/ChangeSector	3	529.60	1057.07	INTERCEPTED	Canvas/HUD/VerticalUIRoot/VerticalSafeAreaRoot/ContentSlot/Dimension1Panel/D1_ExpeditionResultVisualRoot/Backdrop	<none>
29_expedition_result	720	1280	Canvas/HUD/VerticalUIRoot/VerticalSafeAreaRoot/ContentSlot/Dimension1Panel/D1_ExploreVisualRoot/ScannerPanel/ChangeSector	4	622.40	1057.07	INTERCEPTED	Canvas/HUD/VerticalUIRoot/VerticalSafeAreaRoot/ContentSlot/Dimension1Panel/D1_ExpeditionResultVisualRoot/Backdrop	<none>
29_expedition_result	720	1280	Canvas/HUD/VerticalUIRoot/VerticalSafeAreaRoot/ContentSlot/Dimension1Panel/D1_ExploreVisualRoot/BottomNavigation/Nav_GALAXIA	0	82.00	73.33	INTERCEPTED	Canvas/HUD/VerticalUIRoot/VerticalSafeAreaRoot/ContentSlot/Dimension1Panel/D1_ExpeditionResultVisualRoot/Backdrop	<none>
29_expedition_result	720	1280	Canvas/HUD/VerticalUIRoot/VerticalSafeAreaRoot/ContentSlot/Dimension1Panel/D1_ExploreVisualRoot/BottomNavigation/Nav_GALAXIA	1	42.40	38.13	INTERCEPTED	Canvas/HUD/VerticalUIRoot/VerticalSafeAreaRoot/ContentSlot/Dimension1Panel/D1_ExpeditionResultVisualRoot/Backdrop	<none>
29_expedition_result	720	1280	Canvas/HUD/VerticalUIRoot/VerticalSafeAreaRoot/ContentSlot/Dimension1Panel/D1_ExploreVisualRoot/BottomNavigation/Nav_GALAXIA	2	121.60	38.13	INTERCEPTED	Canvas/HUD/VerticalUIRoot/VerticalSafeAreaRoot/ContentSlot/Dimension1Panel/D1_ExpeditionResultVisualRoot/Backdrop	<none>
29_expedition_result	720	1280	Canvas/HUD/VerticalUIRoot/VerticalSafeAreaRoot/ContentSlot/Dimension1Panel/D1_ExploreVisualRoot/BottomNavigation/Nav_GALAXIA	3	42.40	108.53	INTERCEPTED	Canvas/HUD/VerticalUIRoot/VerticalSafeAreaRoot/ContentSlot/Dimension1Panel/D1_ExpeditionResultVisualRoot/Backdrop	<none>
29_expedition_result	720	1280	Canvas/HUD/VerticalUIRoot/VerticalSafeAreaRoot/ContentSlot/Dimension1Panel/D1_ExploreVisualRoot/BottomNavigation/Nav_GALAXIA	4	121.60	108.53	INTERCEPTED	Canvas/HUD/VerticalUIRoot/VerticalSafeAreaRoot/ContentSlot/Dimension1Panel/D1_ExpeditionResultVisualRoot/ResultFrame/CollectAndContinue	Canvas/HUD/VerticalUIRoot/VerticalSafeAreaRoot/ContentSlot/Dimension1Panel/D1_ExpeditionResultVisualRoot/ResultFrame/CollectAndContinue
29_expedition_result	720	1280	Canvas/HUD/VerticalUIRoot/VerticalSafeAreaRoot/ContentSlot/Dimension1Panel/OpenHangarPanelButton	0	826.67	950.67	OFFSCREEN	<none>	<none>
29_expedition_result	720	1280	Canvas/HUD/VerticalUIRoot/VerticalSafeAreaRoot/ContentSlot/Dimension1Panel/OpenHangarPanelButton	1	794.67	944.67	OFFSCREEN	<none>	<none>
29_expedition_result	720	1280	Canvas/HUD/VerticalUIRoot/VerticalSafeAreaRoot/ContentSlot/Dimension1Panel/OpenHangarPanelButton	2	858.67	944.67	OFFSCREEN	<none>	<none>
29_expedition_result	720	1280	Canvas/HUD/VerticalUIRoot/VerticalSafeAreaRoot/ContentSlot/Dimension1Panel/OpenHangarPanelButton	3	794.67	956.67	OFFSCREEN	<none>	<none>
29_expedition_result	720	1280	Canvas/HUD/VerticalUIRoot/VerticalSafeAreaRoot/ContentSlot/Dimension1Panel/OpenHangarPanelButton	4	858.67	956.67	OFFSCREEN	<none>	<none>
29_expedition_result	720	1280	Canvas/HUD/VerticalUIRoot/VerticalSafeAreaRoot/ContentSlot/Dimension1Panel/D1_ExploreVisualRoot/DestinationPanel/OpenDetails	0	612.00	812.00	INTERCEPTED	Canvas/HUD/VerticalUIRoot/VerticalSafeAreaRoot/ContentSlot/Dimension1Panel/D1_ExpeditionResultVisualRoot/Backdrop	<none>
29_expedition_result	720	1280	Canvas/HUD/VerticalUIRoot/VerticalSafeAreaRoot/ContentSlot/Dimension1Panel/D1_ExploreVisualRoot/DestinationPanel/OpenDetails	1	584.00	800.40	INTERCEPTED	Canvas/HUD/VerticalUIRoot/VerticalSafeAreaRoot/ContentSlot/Dimension1Panel/D1_ExpeditionResultVisualRoot/Backdrop	<none>
29_expedition_result	720	1280	Canvas/HUD/VerticalUIRoot/VerticalSafeAreaRoot/ContentSlot/Dimension1Panel/D1_ExploreVisualRoot/DestinationPanel/OpenDetails	2	640.00	800.40	INTERCEPTED	Canvas/HUD/VerticalUIRoot/VerticalSafeAreaRoot/ContentSlot/Dimension1Panel/D1_ExpeditionResultVisualRoot/Backdrop	<none>
29_expedition_result	720	1280	Canvas/HUD/VerticalUIRoot/VerticalSafeAreaRoot/ContentSlot/Dimension1Panel/D1_ExploreVisualRoot/DestinationPanel/OpenDetails	3	584.00	823.60	INTERCEPTED	Canvas/HUD/VerticalUIRoot/VerticalSafeAreaRoot/ContentSlot/Dimension1Panel/D1_ExpeditionResultVisualRoot/Backdrop	<none>
29_expedition_result	720	1280	Canvas/HUD/VerticalUIRoot/VerticalSafeAreaRoot/ContentSlot/Dimension1Panel/D1_ExploreVisualRoot/DestinationPanel/OpenDetails	4	640.00	823.60	INTERCEPTED	Canvas/HUD/VerticalUIRoot/VerticalSafeAreaRoot/ContentSlot/Dimension1Panel/D1_ExpeditionResultVisualRoot/Backdrop	<none>
29_expedition_result	720	1280	Canvas/HUD/VerticalUIRoot/VerticalSafeAreaRoot/ContentSlot/Dimension1Panel/D1_ExploreVisualRoot/ShipPanel/Next	0	322.67	478.00	INTERCEPTED	Canvas/HUD/VerticalUIRoot/VerticalSafeAreaRoot/ContentSlot/Dimension1Panel/D1_ExpeditionResultVisualRoot/Backdrop	<none>
29_expedition_result	720	1280	Canvas/HUD/VerticalUIRoot/VerticalSafeAreaRoot/ContentSlot/Dimension1Panel/D1_ExploreVisualRoot/ShipPanel/Next	1	308.27	463.60	INTERCEPTED	Canvas/HUD/VerticalUIRoot/VerticalSafeAreaRoot/ContentSlot/Dimension1Panel/D1_ExpeditionResultVisualRoot/Backdrop	<none>
29_expedition_result	720	1280	Canvas/HUD/VerticalUIRoot/VerticalSafeAreaRoot/ContentSlot/Dimension1Panel/D1_ExploreVisualRoot/ShipPanel/Next	2	337.07	463.60	INTERCEPTED	Canvas/HUD/VerticalUIRoot/VerticalSafeAreaRoot/ContentSlot/Dimension1Panel/D1_ExpeditionResultVisualRoot/Backdrop	<none>
29_expedition_result	720	1280	Canvas/HUD/VerticalUIRoot/VerticalSafeAreaRoot/ContentSlot/Dimension1Panel/D1_ExploreVisualRoot/ShipPanel/Next	3	308.27	492.40	INTERCEPTED	Canvas/HUD/VerticalUIRoot/VerticalSafeAreaRoot/ContentSlot/Dimension1Panel/D1_ExpeditionResultVisualRoot/Backdrop	<none>
29_expedition_result	720	1280	Canvas/HUD/VerticalUIRoot/VerticalSafeAreaRoot/ContentSlot/Dimension1Panel/D1_ExploreVisualRoot/ShipPanel/Next	4	337.07	492.40	INTERCEPTED	Canvas/HUD/VerticalUIRoot/VerticalSafeAreaRoot/ContentSlot/Dimension1Panel/D1_ExpeditionResultVisualRoot/Backdrop	<none>
29_expedition_result	720	1280	Canvas/HUD/VerticalUIRoot/VerticalSafeAreaRoot/ContentSlot/Dimension1Panel/D1_ExpeditionResultVisualRoot/ResultFrame/CollectAndContinue	0	360.00	146.00	OK	Canvas/HUD/VerticalUIRoot/VerticalSafeAreaRoot/ContentSlot/Dimension1Panel/D1_ExpeditionResultVisualRoot/ResultFrame/CollectAndContinue	Canvas/HUD/VerticalUIRoot/VerticalSafeAreaRoot/ContentSlot/Dimension1Panel/D1_ExpeditionResultVisualRoot/ResultFrame/CollectAndContinue
29_expedition_result	720	1280	Canvas/HUD/VerticalUIRoot/VerticalSafeAreaRoot/ContentSlot/Dimension1Panel/D1_ExpeditionResultVisualRoot/ResultFrame/CollectAndContinue	1	201.60	121.60	OK	Canvas/HUD/VerticalUIRoot/VerticalSafeAreaRoot/ContentSlot/Dimension1Panel/D1_ExpeditionResultVisualRoot/ResultFrame/CollectAndContinue	Canvas/HUD/VerticalUIRoot/VerticalSafeAreaRoot/ContentSlot/Dimension1Panel/D1_ExpeditionResultVisualRoot/ResultFrame/CollectAndContinue
29_expedition_result	720	1280	Canvas/HUD/VerticalUIRoot/VerticalSafeAreaRoot/ContentSlot/Dimension1Panel/D1_ExpeditionResultVisualRoot/ResultFrame/CollectAndContinue	2	518.40	121.60	OK	Canvas/HUD/VerticalUIRoot/VerticalSafeAreaRoot/ContentSlot/Dimension1Panel/D1_ExpeditionResultVisualRoot/ResultFrame/CollectAndContinue	Canvas/HUD/VerticalUIRoot/VerticalSafeAreaRoot/ContentSlot/Dimension1Panel/D1_ExpeditionResultVisualRoot/ResultFrame/CollectAndContinue
29_expedition_result	720	1280	Canvas/HUD/VerticalUIRoot/VerticalSafeAreaRoot/ContentSlot/Dimension1Panel/D1_ExpeditionResultVisualRoot/ResultFrame/CollectAndContinue	3	201.60	170.40	OK	Canvas/HUD/VerticalUIRoot/VerticalSafeAreaRoot/ContentSlot/Dimension1Panel/D1_ExpeditionResultVisualRoot/ResultFrame/CollectAndContinue	Canvas/HUD/VerticalUIRoot/VerticalSafeAreaRoot/ContentSlot/Dimension1Panel/D1_ExpeditionResultVisualRoot/ResultFrame/CollectAndContinue
29_expedition_result	720	1280	Canvas/HUD/VerticalUIRoot/VerticalSafeAreaRoot/ContentSlot/Dimension1Panel/D1_ExpeditionResultVisualRoot/ResultFrame/CollectAndContinue	4	518.40	170.40	OK	Canvas/HUD/VerticalUIRoot/VerticalSafeAreaRoot/ContentSlot/Dimension1Panel/D1_ExpeditionResultVisualRoot/ResultFrame/CollectAndContinue	Canvas/HUD/VerticalUIRoot/VerticalSafeAreaRoot/ContentSlot/Dimension1Panel/D1_ExpeditionResultVisualRoot/ResultFrame/CollectAndContinue
29_expedition_result	720	1280	Canvas/HUD/VerticalUIRoot/VerticalSafeAreaRoot/ContentSlot/Dimension1Panel/D1_ExploreVisualRoot/ActiveExpedition/Previous	0	421.33	280.00	INTERCEPTED	Canvas/HUD/VerticalUIRoot/VerticalSafeAreaRoot/ContentSlot/Dimension1Panel/D1_ExpeditionResultVisualRoot/Backdrop	<none>
29_expedition_result	720	1280	Canvas/HUD/VerticalUIRoot/VerticalSafeAreaRoot/ContentSlot/Dimension1Panel/D1_ExploreVisualRoot/ActiveExpedition/Previous	1	406.93	265.60	INTERCEPTED	Canvas/HUD/VerticalUIRoot/VerticalSafeAreaRoot/ContentSlot/Dimension1Panel/D1_ExpeditionResultVisualRoot/Backdrop	<none>
29_expedition_result	720	1280	Canvas/HUD/VerticalUIRoot/VerticalSafeAreaRoot/ContentSlot/Dimension1Panel/D1_ExploreVisualRoot/ActiveExpedition/Previous	2	435.73	265.60	INTERCEPTED	Canvas/HUD/VerticalUIRoot/VerticalSafeAreaRoot/ContentSlot/Dimension1Panel/D1_ExpeditionResultVisualRoot/Backdrop	<none>
29_expedition_result	720	1280	Canvas/HUD/VerticalUIRoot/VerticalSafeAreaRoot/ContentSlot/Dimension1Panel/D1_ExploreVisualRoot/ActiveExpedition/Previous	3	406.93	294.40	INTERCEPTED	Canvas/HUD/VerticalUIRoot/VerticalSafeAreaRoot/ContentSlot/Dimension1Panel/D1_ExpeditionResultVisualRoot/Backdrop	<none>
29_expedition_result	720	1280	Canvas/HUD/VerticalUIRoot/VerticalSafeAreaRoot/ContentSlot/Dimension1Panel/D1_ExploreVisualRoot/ActiveExpedition/Previous	4	435.73	294.40	INTERCEPTED	Canvas/HUD/VerticalUIRoot/VerticalSafeAreaRoot/ContentSlot/Dimension1Panel/D1_ExpeditionResultVisualRoot/Backdrop	<none>
29_expedition_result	720	1280	Canvas/HUD/VerticalUIRoot/VerticalSafeAreaRoot/ContentSlot/Dimension1Panel/D1_ExploreVisualRoot/SupportPanel/Next	0	650.67	478.00	INTERCEPTED	Canvas/HUD/VerticalUIRoot/VerticalSafeAreaRoot/ContentSlot/Dimension1Panel/D1_ExpeditionResultVisualRoot/Backdrop	<none>
29_expedition_result	720	1280	Canvas/HUD/VerticalUIRoot/VerticalSafeAreaRoot/ContentSlot/Dimension1Panel/D1_ExploreVisualRoot/SupportPanel/Next	1	636.27	463.60	INTERCEPTED	Canvas/HUD/VerticalUIRoot/VerticalSafeAreaRoot/ContentSlot/Dimension1Panel/D1_ExpeditionResultVisualRoot/Backdrop	<none>
29_expedition_result	720	1280	Canvas/HUD/VerticalUIRoot/VerticalSafeAreaRoot/ContentSlot/Dimension1Panel/D1_ExploreVisualRoot/SupportPanel/Next	2	665.07	463.60	INTERCEPTED	Canvas/HUD/VerticalUIRoot/VerticalSafeAreaRoot/ContentSlot/Dimension1Panel/D1_ExpeditionResultVisualRoot/Backdrop	<none>
29_expedition_result	720	1280	Canvas/HUD/VerticalUIRoot/VerticalSafeAreaRoot/ContentSlot/Dimension1Panel/D1_ExploreVisualRoot/SupportPanel/Next	3	636.27	492.40	INTERCEPTED	Canvas/HUD/VerticalUIRoot/VerticalSafeAreaRoot/ContentSlot/Dimension1Panel/D1_ExpeditionResultVisualRoot/Backdrop	<none>
29_expedition_result	720	1280	Canvas/HUD/VerticalUIRoot/VerticalSafeAreaRoot/ContentSlot/Dimension1Panel/D1_ExploreVisualRoot/SupportPanel/Next	4	665.07	492.40	INTERCEPTED	Canvas/HUD/VerticalUIRoot/VerticalSafeAreaRoot/ContentSlot/Dimension1Panel/D1_ExpeditionResultVisualRoot/Backdrop	<none>
29_expedition_result	720	1280	Canvas/HUD/VerticalUIRoot/VerticalSafeAreaRoot/ContentSlot/Dimension1Panel/D1_ExploreVisualRoot/MetalsButton	0	614.33	1178.67	INTERCEPTED	Canvas/HUD/VerticalUIRoot/VerticalSafeAreaRoot/ContentSlot/Dimension1Panel/D1_ExpeditionResultVisualRoot/Backdrop	<none>
29_expedition_result	720	1280	Canvas/HUD/VerticalUIRoot/VerticalSafeAreaRoot/ContentSlot/Dimension1Panel/D1_ExploreVisualRoot/MetalsButton	1	565.33	1158.67	INTERCEPTED	Canvas/HUD/VerticalUIRoot/VerticalSafeAreaRoot/ContentSlot/Dimension1Panel/D1_ExpeditionResultVisualRoot/Backdrop	<none>
29_expedition_result	720	1280	Canvas/HUD/VerticalUIRoot/VerticalSafeAreaRoot/ContentSlot/Dimension1Panel/D1_ExploreVisualRoot/MetalsButton	2	663.33	1158.67	INTERCEPTED	Canvas/HUD/VerticalUIRoot/VerticalSafeAreaRoot/ContentSlot/Dimension1Panel/D1_ExpeditionResultVisualRoot/Backdrop	<none>
29_expedition_result	720	1280	Canvas/HUD/VerticalUIRoot/VerticalSafeAreaRoot/ContentSlot/Dimension1Panel/D1_ExploreVisualRoot/MetalsButton	3	565.33	1198.67	INTERCEPTED	Canvas/HUD/VerticalUIRoot/VerticalSafeAreaRoot/ContentSlot/Dimension1Panel/D1_ExpeditionResultVisualRoot/Backdrop	<none>
29_expedition_result	720	1280	Canvas/HUD/VerticalUIRoot/VerticalSafeAreaRoot/ContentSlot/Dimension1Panel/D1_ExploreVisualRoot/MetalsButton	4	663.33	1198.67	INTERCEPTED	Canvas/HUD/VerticalUIRoot/VerticalSafeAreaRoot/ContentSlot/Dimension1Panel/D1_ExpeditionResultVisualRoot/Backdrop	<none>
29_expedition_result	720	1280	Canvas/HUD/VerticalUIRoot/VerticalSafeAreaRoot/ContentSlot/Dimension1Panel/D1_ExploreVisualRoot/BottomNavigation/Nav_RELIQUIAS	0	496.00	73.33	INTERCEPTED	Canvas/HUD/VerticalUIRoot/VerticalSafeAreaRoot/ContentSlot/Dimension1Panel/D1_ExpeditionResultVisualRoot/Backdrop	<none>
29_expedition_result	720	1280	Canvas/HUD/VerticalUIRoot/VerticalSafeAreaRoot/ContentSlot/Dimension1Panel/D1_ExploreVisualRoot/BottomNavigation/Nav_RELIQUIAS	1	456.40	38.13	INTERCEPTED	Canvas/HUD/VerticalUIRoot/VerticalSafeAreaRoot/ContentSlot/Dimension1Panel/D1_ExpeditionResultVisualRoot/Backdrop	<none>
29_expedition_result	720	1280	Canvas/HUD/VerticalUIRoot/VerticalSafeAreaRoot/ContentSlot/Dimension1Panel/D1_ExploreVisualRoot/BottomNavigation/Nav_RELIQUIAS	2	535.60	38.13	INTERCEPTED	Canvas/HUD/VerticalUIRoot/VerticalSafeAreaRoot/ContentSlot/Dimension1Panel/D1_ExpeditionResultVisualRoot/Backdrop	<none>
29_expedition_result	720	1280	Canvas/HUD/VerticalUIRoot/VerticalSafeAreaRoot/ContentSlot/Dimension1Panel/D1_ExploreVisualRoot/BottomNavigation/Nav_RELIQUIAS	3	456.40	108.53	INTERCEPTED	Canvas/HUD/VerticalUIRoot/VerticalSafeAreaRoot/ContentSlot/Dimension1Panel/D1_ExpeditionResultVisualRoot/ResultFrame/CollectAndContinue	Canvas/HUD/VerticalUIRoot/VerticalSafeAreaRoot/ContentSlot/Dimension1Panel/D1_ExpeditionResultVisualRoot/ResultFrame/CollectAndContinue
29_expedition_result	720	1280	Canvas/HUD/VerticalUIRoot/VerticalSafeAreaRoot/ContentSlot/Dimension1Panel/D1_ExploreVisualRoot/BottomNavigation/Nav_RELIQUIAS	4	535.60	108.53	INTERCEPTED	Canvas/HUD/VerticalUIRoot/VerticalSafeAreaRoot/ContentSlot/Dimension1Panel/D1_ExpeditionResultVisualRoot/ResultFrame/CollectAndContinue	Canvas/HUD/VerticalUIRoot/VerticalSafeAreaRoot/ContentSlot/Dimension1Panel/D1_ExpeditionResultVisualRoot/ResultFrame/CollectAndContinue
29_expedition_result	720	1280	Canvas/HUD/VerticalUIRoot/VerticalSafeAreaRoot/ContentSlot/Dimension1Panel/OpenRelicChamberPanelButton	0	826.67	984.00	OFFSCREEN	<none>	<none>
29_expedition_result	720	1280	Canvas/HUD/VerticalUIRoot/VerticalSafeAreaRoot/ContentSlot/Dimension1Panel/OpenRelicChamberPanelButton	1	794.67	978.00	OFFSCREEN	<none>	<none>
29_expedition_result	720	1280	Canvas/HUD/VerticalUIRoot/VerticalSafeAreaRoot/ContentSlot/Dimension1Panel/OpenRelicChamberPanelButton	2	858.67	978.00	OFFSCREEN	<none>	<none>
29_expedition_result	720	1280	Canvas/HUD/VerticalUIRoot/VerticalSafeAreaRoot/ContentSlot/Dimension1Panel/OpenRelicChamberPanelButton	3	794.67	990.00	OFFSCREEN	<none>	<none>
29_expedition_result	720	1280	Canvas/HUD/VerticalUIRoot/VerticalSafeAreaRoot/ContentSlot/Dimension1Panel/OpenRelicChamberPanelButton	4	858.67	990.00	OFFSCREEN	<none>	<none>
29_expedition_result	720	1280	Canvas/HUD/VerticalUIRoot/VerticalSafeAreaRoot/ContentSlot/Dimension1Panel/Registro	0	-40.00	950.67	OFFSCREEN	<none>	<none>
29_expedition_result	720	1280	Canvas/HUD/VerticalUIRoot/VerticalSafeAreaRoot/ContentSlot/Dimension1Panel/Registro	1	-72.00	944.67	OFFSCREEN	<none>	<none>
29_expedition_result	720	1280	Canvas/HUD/VerticalUIRoot/VerticalSafeAreaRoot/ContentSlot/Dimension1Panel/Registro	2	-8.00	944.67	OFFSCREEN	<none>	<none>
29_expedition_result	720	1280	Canvas/HUD/VerticalUIRoot/VerticalSafeAreaRoot/ContentSlot/Dimension1Panel/Registro	3	-72.00	956.67	OFFSCREEN	<none>	<none>
29_expedition_result	720	1280	Canvas/HUD/VerticalUIRoot/VerticalSafeAreaRoot/ContentSlot/Dimension1Panel/Registro	4	-8.00	956.67	OFFSCREEN	<none>	<none>
29_expedition_result	720	1280	Canvas/HUD/VerticalUIRoot/VerticalSafeAreaRoot/ContentSlot/Dimension1Panel/D1_ExploreVisualRoot/CommandCenter	0	74.67	1178.67	INTERCEPTED	Canvas/HUD/VerticalUIRoot/VerticalSafeAreaRoot/ContentSlot/Dimension1Panel/D1_ExpeditionResultVisualRoot/Backdrop	<none>
29_expedition_result	720	1280	Canvas/HUD/VerticalUIRoot/VerticalSafeAreaRoot/ContentSlot/Dimension1Panel/D1_ExploreVisualRoot/CommandCenter	1	39.47	1158.67	INTERCEPTED	Canvas/HUD/VerticalUIRoot/VerticalSafeAreaRoot/ContentSlot/Dimension1Panel/D1_ExpeditionResultVisualRoot/Backdrop	<none>
29_expedition_result	720	1280	Canvas/HUD/VerticalUIRoot/VerticalSafeAreaRoot/ContentSlot/Dimension1Panel/D1_ExploreVisualRoot/CommandCenter	2	109.87	1158.67	INTERCEPTED	Canvas/HUD/VerticalUIRoot/VerticalSafeAreaRoot/ContentSlot/Dimension1Panel/D1_ExpeditionResultVisualRoot/Backdrop	<none>
29_expedition_result	720	1280	Canvas/HUD/VerticalUIRoot/VerticalSafeAreaRoot/ContentSlot/Dimension1Panel/D1_ExploreVisualRoot/CommandCenter	3	39.47	1198.67	INTERCEPTED	Canvas/HUD/VerticalUIRoot/VerticalSafeAreaRoot/ContentSlot/Dimension1Panel/D1_ExpeditionResultVisualRoot/Backdrop	<none>
29_expedition_result	720	1280	Canvas/HUD/VerticalUIRoot/VerticalSafeAreaRoot/ContentSlot/Dimension1Panel/D1_ExploreVisualRoot/CommandCenter	4	109.87	1198.67	INTERCEPTED	Canvas/HUD/VerticalUIRoot/VerticalSafeAreaRoot/ContentSlot/Dimension1Panel/D1_ExpeditionResultVisualRoot/Backdrop	<none>
29_expedition_result	720	1280	Canvas/HUD/VerticalUIRoot/VerticalSafeAreaRoot/ContentSlot/Dimension1Panel/D1_ExploreVisualRoot/ModePanel/SimpleMode	0	204.00	383.33	INTERCEPTED	Canvas/HUD/VerticalUIRoot/VerticalSafeAreaRoot/ContentSlot/Dimension1Panel/D1_ExpeditionResultVisualRoot/Backdrop	<none>
29_expedition_result	720	1280	Canvas/HUD/VerticalUIRoot/VerticalSafeAreaRoot/ContentSlot/Dimension1Panel/D1_ExploreVisualRoot/ModePanel/SimpleMode	1	116.00	367.73	INTERCEPTED	Canvas/HUD/VerticalUIRoot/VerticalSafeAreaRoot/ContentSlot/Dimension1Panel/D1_ExpeditionResultVisualRoot/Backdrop	<none>
29_expedition_result	720	1280	Canvas/HUD/VerticalUIRoot/VerticalSafeAreaRoot/ContentSlot/Dimension1Panel/D1_ExploreVisualRoot/ModePanel/SimpleMode	2	292.00	367.73	INTERCEPTED	Canvas/HUD/VerticalUIRoot/VerticalSafeAreaRoot/ContentSlot/Dimension1Panel/D1_ExpeditionResultVisualRoot/Backdrop	<none>
29_expedition_result	720	1280	Canvas/HUD/VerticalUIRoot/VerticalSafeAreaRoot/ContentSlot/Dimension1Panel/D1_ExploreVisualRoot/ModePanel/SimpleMode	3	116.00	398.93	INTERCEPTED	Canvas/HUD/VerticalUIRoot/VerticalSafeAreaRoot/ContentSlot/Dimension1Panel/D1_ExpeditionResultVisualRoot/Backdrop	<none>
29_expedition_result	720	1280	Canvas/HUD/VerticalUIRoot/VerticalSafeAreaRoot/ContentSlot/Dimension1Panel/D1_ExploreVisualRoot/ModePanel/SimpleMode	4	292.00	398.93	INTERCEPTED	Canvas/HUD/VerticalUIRoot/VerticalSafeAreaRoot/ContentSlot/Dimension1Panel/D1_ExpeditionResultVisualRoot/Backdrop	<none>
29_expedition_result	720	1280	Canvas/HUD/VerticalUIRoot/VerticalSafeAreaRoot/ContentSlot/Dimension1Panel/OpenDimension1TreePanelButton	0	826.67	917.33	OFFSCREEN	<none>	<none>
29_expedition_result	720	1280	Canvas/HUD/VerticalUIRoot/VerticalSafeAreaRoot/ContentSlot/Dimension1Panel/OpenDimension1TreePanelButton	1	794.67	911.33	OFFSCREEN	<none>	<none>
29_expedition_result	720	1280	Canvas/HUD/VerticalUIRoot/VerticalSafeAreaRoot/ContentSlot/Dimension1Panel/OpenDimension1TreePanelButton	2	858.67	911.33	OFFSCREEN	<none>	<none>
29_expedition_result	720	1280	Canvas/HUD/VerticalUIRoot/VerticalSafeAreaRoot/ContentSlot/Dimension1Panel/OpenDimension1TreePanelButton	3	794.67	923.33	OFFSCREEN	<none>	<none>
29_expedition_result	720	1280	Canvas/HUD/VerticalUIRoot/VerticalSafeAreaRoot/ContentSlot/Dimension1Panel/OpenDimension1TreePanelButton	4	858.67	923.33	OFFSCREEN	<none>	<none>
30_record	720	1280	Canvas/HUD/VerticalUIRoot/VerticalSafeAreaRoot/ContentSlot/Dimension1Panel/D1_ExpeditionRecordVisualRoot/RecordBody/Filter_3	0	589.33	1026.00	OK	Canvas/HUD/VerticalUIRoot/VerticalSafeAreaRoot/ContentSlot/Dimension1Panel/D1_ExpeditionRecordVisualRoot/RecordBody/Filter_3	Canvas/HUD/VerticalUIRoot/VerticalSafeAreaRoot/ContentSlot/Dimension1Panel/D1_ExpeditionRecordVisualRoot/RecordBody/Filter_3
30_record	720	1280	Canvas/HUD/VerticalUIRoot/VerticalSafeAreaRoot/ContentSlot/Dimension1Panel/D1_ExpeditionRecordVisualRoot/RecordBody/Filter_3	1	531.73	1013.60	OK	Canvas/HUD/VerticalUIRoot/VerticalSafeAreaRoot/ContentSlot/Dimension1Panel/D1_ExpeditionRecordVisualRoot/RecordBody/Filter_3	Canvas/HUD/VerticalUIRoot/VerticalSafeAreaRoot/ContentSlot/Dimension1Panel/D1_ExpeditionRecordVisualRoot/RecordBody/Filter_3
30_record	720	1280	Canvas/HUD/VerticalUIRoot/VerticalSafeAreaRoot/ContentSlot/Dimension1Panel/D1_ExpeditionRecordVisualRoot/RecordBody/Filter_3	2	646.93	1013.60	OK	Canvas/HUD/VerticalUIRoot/VerticalSafeAreaRoot/ContentSlot/Dimension1Panel/D1_ExpeditionRecordVisualRoot/RecordBody/Filter_3	Canvas/HUD/VerticalUIRoot/VerticalSafeAreaRoot/ContentSlot/Dimension1Panel/D1_ExpeditionRecordVisualRoot/RecordBody/Filter_3
30_record	720	1280	Canvas/HUD/VerticalUIRoot/VerticalSafeAreaRoot/ContentSlot/Dimension1Panel/D1_ExpeditionRecordVisualRoot/RecordBody/Filter_3	3	531.73	1038.40	OK	Canvas/HUD/VerticalUIRoot/VerticalSafeAreaRoot/ContentSlot/Dimension1Panel/D1_ExpeditionRecordVisualRoot/RecordBody/Filter_3	Canvas/HUD/VerticalUIRoot/VerticalSafeAreaRoot/ContentSlot/Dimension1Panel/D1_ExpeditionRecordVisualRoot/RecordBody/Filter_3
30_record	720	1280	Canvas/HUD/VerticalUIRoot/VerticalSafeAreaRoot/ContentSlot/Dimension1Panel/D1_ExpeditionRecordVisualRoot/RecordBody/Filter_3	4	646.93	1038.40	OK	Canvas/HUD/VerticalUIRoot/VerticalSafeAreaRoot/ContentSlot/Dimension1Panel/D1_ExpeditionRecordVisualRoot/RecordBody/Filter_3	Canvas/HUD/VerticalUIRoot/VerticalSafeAreaRoot/ContentSlot/Dimension1Panel/D1_ExpeditionRecordVisualRoot/RecordBody/Filter_3
30_record	720	1280	Canvas/HUD/VerticalUIRoot/VerticalSafeAreaRoot/ContentSlot/Dimension1Panel/D1_ExpeditionRecordVisualRoot/RecordBody/ReturnToExplore	0	360.00	49.33	OK	Canvas/HUD/VerticalUIRoot/VerticalSafeAreaRoot/ContentSlot/Dimension1Panel/D1_ExpeditionRecordVisualRoot/RecordBody/ReturnToExplore	Canvas/HUD/VerticalUIRoot/VerticalSafeAreaRoot/ContentSlot/Dimension1Panel/D1_ExpeditionRecordVisualRoot/RecordBody/ReturnToExplore
30_record	720	1280	Canvas/HUD/VerticalUIRoot/VerticalSafeAreaRoot/ContentSlot/Dimension1Panel/D1_ExpeditionRecordVisualRoot/RecordBody/ReturnToExplore	1	184.80	30.93	OK	Canvas/HUD/VerticalUIRoot/VerticalSafeAreaRoot/ContentSlot/Dimension1Panel/D1_ExpeditionRecordVisualRoot/RecordBody/ReturnToExplore	Canvas/HUD/VerticalUIRoot/VerticalSafeAreaRoot/ContentSlot/Dimension1Panel/D1_ExpeditionRecordVisualRoot/RecordBody/ReturnToExplore
30_record	720	1280	Canvas/HUD/VerticalUIRoot/VerticalSafeAreaRoot/ContentSlot/Dimension1Panel/D1_ExpeditionRecordVisualRoot/RecordBody/ReturnToExplore	2	535.20	30.93	OK	Canvas/HUD/VerticalUIRoot/VerticalSafeAreaRoot/ContentSlot/Dimension1Panel/D1_ExpeditionRecordVisualRoot/RecordBody/ReturnToExplore	Canvas/HUD/VerticalUIRoot/VerticalSafeAreaRoot/ContentSlot/Dimension1Panel/D1_ExpeditionRecordVisualRoot/RecordBody/ReturnToExplore
30_record	720	1280	Canvas/HUD/VerticalUIRoot/VerticalSafeAreaRoot/ContentSlot/Dimension1Panel/D1_ExpeditionRecordVisualRoot/RecordBody/ReturnToExplore	3	184.80	67.73	OK	Canvas/HUD/VerticalUIRoot/VerticalSafeAreaRoot/ContentSlot/Dimension1Panel/D1_ExpeditionRecordVisualRoot/RecordBody/ReturnToExplore	Canvas/HUD/VerticalUIRoot/VerticalSafeAreaRoot/ContentSlot/Dimension1Panel/D1_ExpeditionRecordVisualRoot/RecordBody/ReturnToExplore
30_record	720	1280	Canvas/HUD/VerticalUIRoot/VerticalSafeAreaRoot/ContentSlot/Dimension1Panel/D1_ExpeditionRecordVisualRoot/RecordBody/ReturnToExplore	4	535.20	67.73	OK	Canvas/HUD/VerticalUIRoot/VerticalSafeAreaRoot/ContentSlot/Dimension1Panel/D1_ExpeditionRecordVisualRoot/RecordBody/ReturnToExplore	Canvas/HUD/VerticalUIRoot/VerticalSafeAreaRoot/ContentSlot/Dimension1Panel/D1_ExpeditionRecordVisualRoot/RecordBody/ReturnToExplore
30_record	720	1280	Canvas/HUD/VerticalUIRoot/VerticalSafeAreaRoot/ContentSlot/Dimension1Panel/D1_ExpeditionRecordVisualRoot/RecordBody/Filter_2	0	404.00	1026.00	OK	Canvas/HUD/VerticalUIRoot/VerticalSafeAreaRoot/ContentSlot/Dimension1Panel/D1_ExpeditionRecordVisualRoot/RecordBody/Filter_2	Canvas/HUD/VerticalUIRoot/VerticalSafeAreaRoot/ContentSlot/Dimension1Panel/D1_ExpeditionRecordVisualRoot/RecordBody/Filter_2
30_record	720	1280	Canvas/HUD/VerticalUIRoot/VerticalSafeAreaRoot/ContentSlot/Dimension1Panel/D1_ExpeditionRecordVisualRoot/RecordBody/Filter_2	1	356.80	1013.60	OK	Canvas/HUD/VerticalUIRoot/VerticalSafeAreaRoot/ContentSlot/Dimension1Panel/D1_ExpeditionRecordVisualRoot/RecordBody/Filter_2	Canvas/HUD/VerticalUIRoot/VerticalSafeAreaRoot/ContentSlot/Dimension1Panel/D1_ExpeditionRecordVisualRoot/RecordBody/Filter_2
30_record	720	1280	Canvas/HUD/VerticalUIRoot/VerticalSafeAreaRoot/ContentSlot/Dimension1Panel/D1_ExpeditionRecordVisualRoot/RecordBody/Filter_2	2	451.20	1013.60	OK	Canvas/HUD/VerticalUIRoot/VerticalSafeAreaRoot/ContentSlot/Dimension1Panel/D1_ExpeditionRecordVisualRoot/RecordBody/Filter_2	Canvas/HUD/VerticalUIRoot/VerticalSafeAreaRoot/ContentSlot/Dimension1Panel/D1_ExpeditionRecordVisualRoot/RecordBody/Filter_2
30_record	720	1280	Canvas/HUD/VerticalUIRoot/VerticalSafeAreaRoot/ContentSlot/Dimension1Panel/D1_ExpeditionRecordVisualRoot/RecordBody/Filter_2	3	356.80	1038.40	OK	Canvas/HUD/VerticalUIRoot/VerticalSafeAreaRoot/ContentSlot/Dimension1Panel/D1_ExpeditionRecordVisualRoot/RecordBody/Filter_2	Canvas/HUD/VerticalUIRoot/VerticalSafeAreaRoot/ContentSlot/Dimension1Panel/D1_ExpeditionRecordVisualRoot/RecordBody/Filter_2
30_record	720	1280	Canvas/HUD/VerticalUIRoot/VerticalSafeAreaRoot/ContentSlot/Dimension1Panel/D1_ExpeditionRecordVisualRoot/RecordBody/Filter_2	4	451.20	1038.40	OK	Canvas/HUD/VerticalUIRoot/VerticalSafeAreaRoot/ContentSlot/Dimension1Panel/D1_ExpeditionRecordVisualRoot/RecordBody/Filter_2	Canvas/HUD/VerticalUIRoot/VerticalSafeAreaRoot/ContentSlot/Dimension1Panel/D1_ExpeditionRecordVisualRoot/RecordBody/Filter_2
30_record	720	1280	Canvas/HUD/VerticalUIRoot/VerticalSafeAreaRoot/ContentSlot/Dimension1Panel/D1_ExpeditionRecordVisualRoot/AllMetals	0	616.33	1188.67	OK	Canvas/HUD/VerticalUIRoot/VerticalSafeAreaRoot/ContentSlot/Dimension1Panel/D1_ExpeditionRecordVisualRoot/AllMetals	Canvas/HUD/VerticalUIRoot/VerticalSafeAreaRoot/ContentSlot/Dimension1Panel/D1_ExpeditionRecordVisualRoot/AllMetals
30_record	720	1280	Canvas/HUD/VerticalUIRoot/VerticalSafeAreaRoot/ContentSlot/Dimension1Panel/D1_ExpeditionRecordVisualRoot/AllMetals	1	564.53	1171.47	OK	Canvas/HUD/VerticalUIRoot/VerticalSafeAreaRoot/ContentSlot/Dimension1Panel/D1_ExpeditionRecordVisualRoot/AllMetals	Canvas/HUD/VerticalUIRoot/VerticalSafeAreaRoot/ContentSlot/Dimension1Panel/D1_ExpeditionRecordVisualRoot/AllMetals
30_record	720	1280	Canvas/HUD/VerticalUIRoot/VerticalSafeAreaRoot/ContentSlot/Dimension1Panel/D1_ExpeditionRecordVisualRoot/AllMetals	2	668.13	1171.47	OK	Canvas/HUD/VerticalUIRoot/VerticalSafeAreaRoot/ContentSlot/Dimension1Panel/D1_ExpeditionRecordVisualRoot/AllMetals	Canvas/HUD/VerticalUIRoot/VerticalSafeAreaRoot/ContentSlot/Dimension1Panel/D1_ExpeditionRecordVisualRoot/AllMetals
30_record	720	1280	Canvas/HUD/VerticalUIRoot/VerticalSafeAreaRoot/ContentSlot/Dimension1Panel/D1_ExpeditionRecordVisualRoot/AllMetals	3	564.53	1205.87	OK	Canvas/HUD/VerticalUIRoot/VerticalSafeAreaRoot/ContentSlot/Dimension1Panel/D1_ExpeditionRecordVisualRoot/AllMetals	Canvas/HUD/VerticalUIRoot/VerticalSafeAreaRoot/ContentSlot/Dimension1Panel/D1_ExpeditionRecordVisualRoot/AllMetals
30_record	720	1280	Canvas/HUD/VerticalUIRoot/VerticalSafeAreaRoot/ContentSlot/Dimension1Panel/D1_ExpeditionRecordVisualRoot/AllMetals	4	668.13	1205.87	OK	Canvas/HUD/VerticalUIRoot/VerticalSafeAreaRoot/ContentSlot/Dimension1Panel/D1_ExpeditionRecordVisualRoot/AllMetals	Canvas/HUD/VerticalUIRoot/VerticalSafeAreaRoot/ContentSlot/Dimension1Panel/D1_ExpeditionRecordVisualRoot/AllMetals
30_record	720	1280	Canvas/HUD/VerticalUIRoot/VerticalSafeAreaRoot/ContentSlot/Dimension1Panel/D1_ExpeditionRecordVisualRoot/RecordBody/Filter_1	0	245.33	1026.00	OK	Canvas/HUD/VerticalUIRoot/VerticalSafeAreaRoot/ContentSlot/Dimension1Panel/D1_ExpeditionRecordVisualRoot/RecordBody/Filter_1	Canvas/HUD/VerticalUIRoot/VerticalSafeAreaRoot/ContentSlot/Dimension1Panel/D1_ExpeditionRecordVisualRoot/RecordBody/Filter_1
30_record	720	1280	Canvas/HUD/VerticalUIRoot/VerticalSafeAreaRoot/ContentSlot/Dimension1Panel/D1_ExpeditionRecordVisualRoot/RecordBody/Filter_1	1	203.73	1013.60	OK	Canvas/HUD/VerticalUIRoot/VerticalSafeAreaRoot/ContentSlot/Dimension1Panel/D1_ExpeditionRecordVisualRoot/RecordBody/Filter_1	Canvas/HUD/VerticalUIRoot/VerticalSafeAreaRoot/ContentSlot/Dimension1Panel/D1_ExpeditionRecordVisualRoot/RecordBody/Filter_1
30_record	720	1280	Canvas/HUD/VerticalUIRoot/VerticalSafeAreaRoot/ContentSlot/Dimension1Panel/D1_ExpeditionRecordVisualRoot/RecordBody/Filter_1	2	286.93	1013.60	OK	Canvas/HUD/VerticalUIRoot/VerticalSafeAreaRoot/ContentSlot/Dimension1Panel/D1_ExpeditionRecordVisualRoot/RecordBody/Filter_1	Canvas/HUD/VerticalUIRoot/VerticalSafeAreaRoot/ContentSlot/Dimension1Panel/D1_ExpeditionRecordVisualRoot/RecordBody/Filter_1
30_record	720	1280	Canvas/HUD/VerticalUIRoot/VerticalSafeAreaRoot/ContentSlot/Dimension1Panel/D1_ExpeditionRecordVisualRoot/RecordBody/Filter_1	3	203.73	1038.40	OK	Canvas/HUD/VerticalUIRoot/VerticalSafeAreaRoot/ContentSlot/Dimension1Panel/D1_ExpeditionRecordVisualRoot/RecordBody/Filter_1	Canvas/HUD/VerticalUIRoot/VerticalSafeAreaRoot/ContentSlot/Dimension1Panel/D1_ExpeditionRecordVisualRoot/RecordBody/Filter_1
30_record	720	1280	Canvas/HUD/VerticalUIRoot/VerticalSafeAreaRoot/ContentSlot/Dimension1Panel/D1_ExpeditionRecordVisualRoot/RecordBody/Filter_1	4	286.93	1038.40	OK	Canvas/HUD/VerticalUIRoot/VerticalSafeAreaRoot/ContentSlot/Dimension1Panel/D1_ExpeditionRecordVisualRoot/RecordBody/Filter_1	Canvas/HUD/VerticalUIRoot/VerticalSafeAreaRoot/ContentSlot/Dimension1Panel/D1_ExpeditionRecordVisualRoot/RecordBody/Filter_1
30_record	720	1280	Canvas/HUD/VerticalUIRoot/VerticalSafeAreaRoot/ContentSlot/Dimension1Panel/OpenGalaxyPanelButton	0	826.67	1017.33	OFFSCREEN	<none>	<none>
30_record	720	1280	Canvas/HUD/VerticalUIRoot/VerticalSafeAreaRoot/ContentSlot/Dimension1Panel/OpenGalaxyPanelButton	1	794.67	1011.33	OFFSCREEN	<none>	<none>
30_record	720	1280	Canvas/HUD/VerticalUIRoot/VerticalSafeAreaRoot/ContentSlot/Dimension1Panel/OpenGalaxyPanelButton	2	858.67	1011.33	OFFSCREEN	<none>	<none>
30_record	720	1280	Canvas/HUD/VerticalUIRoot/VerticalSafeAreaRoot/ContentSlot/Dimension1Panel/OpenGalaxyPanelButton	3	794.67	1023.33	OFFSCREEN	<none>	<none>
30_record	720	1280	Canvas/HUD/VerticalUIRoot/VerticalSafeAreaRoot/ContentSlot/Dimension1Panel/OpenGalaxyPanelButton	4	858.67	1023.33	OFFSCREEN	<none>	<none>
30_record	720	1280	Canvas/HUD/VerticalUIRoot/VerticalSafeAreaRoot/ContentSlot/Dimension1Panel/OpenHangarPanelButton	0	826.67	950.67	OFFSCREEN	<none>	<none>
30_record	720	1280	Canvas/HUD/VerticalUIRoot/VerticalSafeAreaRoot/ContentSlot/Dimension1Panel/OpenHangarPanelButton	1	794.67	944.67	OFFSCREEN	<none>	<none>
30_record	720	1280	Canvas/HUD/VerticalUIRoot/VerticalSafeAreaRoot/ContentSlot/Dimension1Panel/OpenHangarPanelButton	2	858.67	944.67	OFFSCREEN	<none>	<none>
30_record	720	1280	Canvas/HUD/VerticalUIRoot/VerticalSafeAreaRoot/ContentSlot/Dimension1Panel/OpenHangarPanelButton	3	794.67	956.67	OFFSCREEN	<none>	<none>
30_record	720	1280	Canvas/HUD/VerticalUIRoot/VerticalSafeAreaRoot/ContentSlot/Dimension1Panel/OpenHangarPanelButton	4	858.67	956.67	OFFSCREEN	<none>	<none>
30_record	720	1280	Canvas/HUD/VerticalUIRoot/VerticalSafeAreaRoot/ContentSlot/Dimension1Panel/D1_ExpeditionRecordVisualRoot/RecordBody/Filter_0	0	100.00	1026.00	OK	Canvas/HUD/VerticalUIRoot/VerticalSafeAreaRoot/ContentSlot/Dimension1Panel/D1_ExpeditionRecordVisualRoot/RecordBody/Filter_0	Canvas/HUD/VerticalUIRoot/VerticalSafeAreaRoot/ContentSlot/Dimension1Panel/D1_ExpeditionRecordVisualRoot/RecordBody/Filter_0
30_record	720	1280	Canvas/HUD/VerticalUIRoot/VerticalSafeAreaRoot/ContentSlot/Dimension1Panel/D1_ExpeditionRecordVisualRoot/RecordBody/Filter_0	1	60.80	1013.60	OK	Canvas/HUD/VerticalUIRoot/VerticalSafeAreaRoot/ContentSlot/Dimension1Panel/D1_ExpeditionRecordVisualRoot/RecordBody/Filter_0	Canvas/HUD/VerticalUIRoot/VerticalSafeAreaRoot/ContentSlot/Dimension1Panel/D1_ExpeditionRecordVisualRoot/RecordBody/Filter_0
30_record	720	1280	Canvas/HUD/VerticalUIRoot/VerticalSafeAreaRoot/ContentSlot/Dimension1Panel/D1_ExpeditionRecordVisualRoot/RecordBody/Filter_0	2	139.20	1013.60	OK	Canvas/HUD/VerticalUIRoot/VerticalSafeAreaRoot/ContentSlot/Dimension1Panel/D1_ExpeditionRecordVisualRoot/RecordBody/Filter_0	Canvas/HUD/VerticalUIRoot/VerticalSafeAreaRoot/ContentSlot/Dimension1Panel/D1_ExpeditionRecordVisualRoot/RecordBody/Filter_0
30_record	720	1280	Canvas/HUD/VerticalUIRoot/VerticalSafeAreaRoot/ContentSlot/Dimension1Panel/D1_ExpeditionRecordVisualRoot/RecordBody/Filter_0	3	60.80	1038.40	OK	Canvas/HUD/VerticalUIRoot/VerticalSafeAreaRoot/ContentSlot/Dimension1Panel/D1_ExpeditionRecordVisualRoot/RecordBody/Filter_0	Canvas/HUD/VerticalUIRoot/VerticalSafeAreaRoot/ContentSlot/Dimension1Panel/D1_ExpeditionRecordVisualRoot/RecordBody/Filter_0
30_record	720	1280	Canvas/HUD/VerticalUIRoot/VerticalSafeAreaRoot/ContentSlot/Dimension1Panel/D1_ExpeditionRecordVisualRoot/RecordBody/Filter_0	4	139.20	1038.40	OK	Canvas/HUD/VerticalUIRoot/VerticalSafeAreaRoot/ContentSlot/Dimension1Panel/D1_ExpeditionRecordVisualRoot/RecordBody/Filter_0	Canvas/HUD/VerticalUIRoot/VerticalSafeAreaRoot/ContentSlot/Dimension1Panel/D1_ExpeditionRecordVisualRoot/RecordBody/Filter_0
30_record	720	1280	Canvas/HUD/VerticalUIRoot/VerticalSafeAreaRoot/ContentSlot/Dimension1Panel/OpenRelicChamberPanelButton	0	826.67	984.00	OFFSCREEN	<none>	<none>
30_record	720	1280	Canvas/HUD/VerticalUIRoot/VerticalSafeAreaRoot/ContentSlot/Dimension1Panel/OpenRelicChamberPanelButton	1	794.67	978.00	OFFSCREEN	<none>	<none>
30_record	720	1280	Canvas/HUD/VerticalUIRoot/VerticalSafeAreaRoot/ContentSlot/Dimension1Panel/OpenRelicChamberPanelButton	2	858.67	978.00	OFFSCREEN	<none>	<none>
30_record	720	1280	Canvas/HUD/VerticalUIRoot/VerticalSafeAreaRoot/ContentSlot/Dimension1Panel/OpenRelicChamberPanelButton	3	794.67	990.00	OFFSCREEN	<none>	<none>
30_record	720	1280	Canvas/HUD/VerticalUIRoot/VerticalSafeAreaRoot/ContentSlot/Dimension1Panel/OpenRelicChamberPanelButton	4	858.67	990.00	OFFSCREEN	<none>	<none>
30_record	720	1280	Canvas/HUD/VerticalUIRoot/VerticalSafeAreaRoot/ContentSlot/Dimension1Panel/D1_ExpeditionRecordVisualRoot/BackButton	0	52.67	1218.00	OK	Canvas/HUD/VerticalUIRoot/VerticalSafeAreaRoot/ContentSlot/Dimension1Panel/D1_ExpeditionRecordVisualRoot/BackButton	Canvas/HUD/VerticalUIRoot/VerticalSafeAreaRoot/ContentSlot/Dimension1Panel/D1_ExpeditionRecordVisualRoot/BackButton
30_record	720	1280	Canvas/HUD/VerticalUIRoot/VerticalSafeAreaRoot/ContentSlot/Dimension1Panel/D1_ExpeditionRecordVisualRoot/BackButton	1	31.47	1196.80	OK	Canvas/HUD/VerticalUIRoot/VerticalSafeAreaRoot/ContentSlot/Dimension1Panel/D1_ExpeditionRecordVisualRoot/BackButton	Canvas/HUD/VerticalUIRoot/VerticalSafeAreaRoot/ContentSlot/Dimension1Panel/D1_ExpeditionRecordVisualRoot/BackButton
30_record	720	1280	Canvas/HUD/VerticalUIRoot/VerticalSafeAreaRoot/ContentSlot/Dimension1Panel/D1_ExpeditionRecordVisualRoot/BackButton	2	73.87	1196.80	OK	Canvas/HUD/VerticalUIRoot/VerticalSafeAreaRoot/ContentSlot/Dimension1Panel/D1_ExpeditionRecordVisualRoot/BackButton	Canvas/HUD/VerticalUIRoot/VerticalSafeAreaRoot/ContentSlot/Dimension1Panel/D1_ExpeditionRecordVisualRoot/BackButton
30_record	720	1280	Canvas/HUD/VerticalUIRoot/VerticalSafeAreaRoot/ContentSlot/Dimension1Panel/D1_ExpeditionRecordVisualRoot/BackButton	3	31.47	1239.20	OK	Canvas/HUD/VerticalUIRoot/VerticalSafeAreaRoot/ContentSlot/Dimension1Panel/D1_ExpeditionRecordVisualRoot/BackButton	Canvas/HUD/VerticalUIRoot/VerticalSafeAreaRoot/ContentSlot/Dimension1Panel/D1_ExpeditionRecordVisualRoot/BackButton
30_record	720	1280	Canvas/HUD/VerticalUIRoot/VerticalSafeAreaRoot/ContentSlot/Dimension1Panel/D1_ExpeditionRecordVisualRoot/BackButton	4	73.87	1239.20	OK	Canvas/HUD/VerticalUIRoot/VerticalSafeAreaRoot/ContentSlot/Dimension1Panel/D1_ExpeditionRecordVisualRoot/BackButton	Canvas/HUD/VerticalUIRoot/VerticalSafeAreaRoot/ContentSlot/Dimension1Panel/D1_ExpeditionRecordVisualRoot/BackButton
30_record	720	1280	Canvas/HUD/VerticalUIRoot/VerticalSafeAreaRoot/ContentSlot/Dimension1Panel/OpenDimension1TreePanelButton	0	826.67	917.33	OFFSCREEN	<none>	<none>
30_record	720	1280	Canvas/HUD/VerticalUIRoot/VerticalSafeAreaRoot/ContentSlot/Dimension1Panel/OpenDimension1TreePanelButton	1	794.67	911.33	OFFSCREEN	<none>	<none>
30_record	720	1280	Canvas/HUD/VerticalUIRoot/VerticalSafeAreaRoot/ContentSlot/Dimension1Panel/OpenDimension1TreePanelButton	2	858.67	911.33	OFFSCREEN	<none>	<none>
30_record	720	1280	Canvas/HUD/VerticalUIRoot/VerticalSafeAreaRoot/ContentSlot/Dimension1Panel/OpenDimension1TreePanelButton	3	794.67	923.33	OFFSCREEN	<none>	<none>
30_record	720	1280	Canvas/HUD/VerticalUIRoot/VerticalSafeAreaRoot/ContentSlot/Dimension1Panel/OpenDimension1TreePanelButton	4	858.67	923.33	OFFSCREEN	<none>	<none>
31_record_to_explore	720	1280	Canvas/HUD/VerticalUIRoot/VerticalSafeAreaRoot/ContentSlot/Dimension1Panel/D1_ExploreVisualRoot/BottomNavigation/Nav_HANGAR	0	358.00	73.33	OK	Canvas/HUD/VerticalUIRoot/VerticalSafeAreaRoot/ContentSlot/Dimension1Panel/D1_ExploreVisualRoot/BottomNavigation/Nav_HANGAR	Canvas/HUD/VerticalUIRoot/VerticalSafeAreaRoot/ContentSlot/Dimension1Panel/D1_ExploreVisualRoot/BottomNavigation/Nav_HANGAR
31_record_to_explore	720	1280	Canvas/HUD/VerticalUIRoot/VerticalSafeAreaRoot/ContentSlot/Dimension1Panel/D1_ExploreVisualRoot/BottomNavigation/Nav_HANGAR	1	318.40	38.13	OK	Canvas/HUD/VerticalUIRoot/VerticalSafeAreaRoot/ContentSlot/Dimension1Panel/D1_ExploreVisualRoot/BottomNavigation/Nav_HANGAR	Canvas/HUD/VerticalUIRoot/VerticalSafeAreaRoot/ContentSlot/Dimension1Panel/D1_ExploreVisualRoot/BottomNavigation/Nav_HANGAR
31_record_to_explore	720	1280	Canvas/HUD/VerticalUIRoot/VerticalSafeAreaRoot/ContentSlot/Dimension1Panel/D1_ExploreVisualRoot/BottomNavigation/Nav_HANGAR	2	397.60	38.13	OK	Canvas/HUD/VerticalUIRoot/VerticalSafeAreaRoot/ContentSlot/Dimension1Panel/D1_ExploreVisualRoot/BottomNavigation/Nav_HANGAR	Canvas/HUD/VerticalUIRoot/VerticalSafeAreaRoot/ContentSlot/Dimension1Panel/D1_ExploreVisualRoot/BottomNavigation/Nav_HANGAR
31_record_to_explore	720	1280	Canvas/HUD/VerticalUIRoot/VerticalSafeAreaRoot/ContentSlot/Dimension1Panel/D1_ExploreVisualRoot/BottomNavigation/Nav_HANGAR	3	318.40	108.53	OK	Canvas/HUD/VerticalUIRoot/VerticalSafeAreaRoot/ContentSlot/Dimension1Panel/D1_ExploreVisualRoot/BottomNavigation/Nav_HANGAR	Canvas/HUD/VerticalUIRoot/VerticalSafeAreaRoot/ContentSlot/Dimension1Panel/D1_ExploreVisualRoot/BottomNavigation/Nav_HANGAR
31_record_to_explore	720	1280	Canvas/HUD/VerticalUIRoot/VerticalSafeAreaRoot/ContentSlot/Dimension1Panel/D1_ExploreVisualRoot/BottomNavigation/Nav_HANGAR	4	397.60	108.53	OK	Canvas/HUD/VerticalUIRoot/VerticalSafeAreaRoot/ContentSlot/Dimension1Panel/D1_ExploreVisualRoot/BottomNavigation/Nav_HANGAR	Canvas/HUD/VerticalUIRoot/VerticalSafeAreaRoot/ContentSlot/Dimension1Panel/D1_ExploreVisualRoot/BottomNavigation/Nav_HANGAR
31_record_to_explore	720	1280	Canvas/HUD/VerticalUIRoot/VerticalSafeAreaRoot/ContentSlot/Dimension1Panel/D1_ExploreVisualRoot/ActiveExpedition/Next	0	478.67	280.00	OK	Canvas/HUD/VerticalUIRoot/VerticalSafeAreaRoot/ContentSlot/Dimension1Panel/D1_ExploreVisualRoot/ActiveExpedition/Next	Canvas/HUD/VerticalUIRoot/VerticalSafeAreaRoot/ContentSlot/Dimension1Panel/D1_ExploreVisualRoot/ActiveExpedition/Next
31_record_to_explore	720	1280	Canvas/HUD/VerticalUIRoot/VerticalSafeAreaRoot/ContentSlot/Dimension1Panel/D1_ExploreVisualRoot/ActiveExpedition/Next	1	464.27	265.60	OK	Canvas/HUD/VerticalUIRoot/VerticalSafeAreaRoot/ContentSlot/Dimension1Panel/D1_ExploreVisualRoot/ActiveExpedition/Next	Canvas/HUD/VerticalUIRoot/VerticalSafeAreaRoot/ContentSlot/Dimension1Panel/D1_ExploreVisualRoot/ActiveExpedition/Next
31_record_to_explore	720	1280	Canvas/HUD/VerticalUIRoot/VerticalSafeAreaRoot/ContentSlot/Dimension1Panel/D1_ExploreVisualRoot/ActiveExpedition/Next	2	493.07	265.60	OK	Canvas/HUD/VerticalUIRoot/VerticalSafeAreaRoot/ContentSlot/Dimension1Panel/D1_ExploreVisualRoot/ActiveExpedition/Next	Canvas/HUD/VerticalUIRoot/VerticalSafeAreaRoot/ContentSlot/Dimension1Panel/D1_ExploreVisualRoot/ActiveExpedition/Next
31_record_to_explore	720	1280	Canvas/HUD/VerticalUIRoot/VerticalSafeAreaRoot/ContentSlot/Dimension1Panel/D1_ExploreVisualRoot/ActiveExpedition/Next	3	464.27	294.40	OK	Canvas/HUD/VerticalUIRoot/VerticalSafeAreaRoot/ContentSlot/Dimension1Panel/D1_ExploreVisualRoot/ActiveExpedition/Next	Canvas/HUD/VerticalUIRoot/VerticalSafeAreaRoot/ContentSlot/Dimension1Panel/D1_ExploreVisualRoot/ActiveExpedition/Next
31_record_to_explore	720	1280	Canvas/HUD/VerticalUIRoot/VerticalSafeAreaRoot/ContentSlot/Dimension1Panel/D1_ExploreVisualRoot/ActiveExpedition/Next	4	493.07	294.40	OK	Canvas/HUD/VerticalUIRoot/VerticalSafeAreaRoot/ContentSlot/Dimension1Panel/D1_ExploreVisualRoot/ActiveExpedition/Next	Canvas/HUD/VerticalUIRoot/VerticalSafeAreaRoot/ContentSlot/Dimension1Panel/D1_ExploreVisualRoot/ActiveExpedition/Next
31_record_to_explore	720	1280	Canvas/HUD/VerticalUIRoot/VerticalSafeAreaRoot/ContentSlot/Dimension1Panel/D1_ExploreVisualRoot/ShipPanel/Previous	0	265.33	478.00	OK	Canvas/HUD/VerticalUIRoot/VerticalSafeAreaRoot/ContentSlot/Dimension1Panel/D1_ExploreVisualRoot/ShipPanel/Previous	Canvas/HUD/VerticalUIRoot/VerticalSafeAreaRoot/ContentSlot/Dimension1Panel/D1_ExploreVisualRoot/ShipPanel/Previous
31_record_to_explore	720	1280	Canvas/HUD/VerticalUIRoot/VerticalSafeAreaRoot/ContentSlot/Dimension1Panel/D1_ExploreVisualRoot/ShipPanel/Previous	1	250.93	463.60	OK	Canvas/HUD/VerticalUIRoot/VerticalSafeAreaRoot/ContentSlot/Dimension1Panel/D1_ExploreVisualRoot/ShipPanel/Previous	Canvas/HUD/VerticalUIRoot/VerticalSafeAreaRoot/ContentSlot/Dimension1Panel/D1_ExploreVisualRoot/ShipPanel/Previous
31_record_to_explore	720	1280	Canvas/HUD/VerticalUIRoot/VerticalSafeAreaRoot/ContentSlot/Dimension1Panel/D1_ExploreVisualRoot/ShipPanel/Previous	2	279.73	463.60	OK	Canvas/HUD/VerticalUIRoot/VerticalSafeAreaRoot/ContentSlot/Dimension1Panel/D1_ExploreVisualRoot/ShipPanel/Previous	Canvas/HUD/VerticalUIRoot/VerticalSafeAreaRoot/ContentSlot/Dimension1Panel/D1_ExploreVisualRoot/ShipPanel/Previous
31_record_to_explore	720	1280	Canvas/HUD/VerticalUIRoot/VerticalSafeAreaRoot/ContentSlot/Dimension1Panel/D1_ExploreVisualRoot/ShipPanel/Previous	3	250.93	492.40	OK	Canvas/HUD/VerticalUIRoot/VerticalSafeAreaRoot/ContentSlot/Dimension1Panel/D1_ExploreVisualRoot/ShipPanel/Previous	Canvas/HUD/VerticalUIRoot/VerticalSafeAreaRoot/ContentSlot/Dimension1Panel/D1_ExploreVisualRoot/ShipPanel/Previous
31_record_to_explore	720	1280	Canvas/HUD/VerticalUIRoot/VerticalSafeAreaRoot/ContentSlot/Dimension1Panel/D1_ExploreVisualRoot/ShipPanel/Previous	4	279.73	492.40	OK	Canvas/HUD/VerticalUIRoot/VerticalSafeAreaRoot/ContentSlot/Dimension1Panel/D1_ExploreVisualRoot/ShipPanel/Previous	Canvas/HUD/VerticalUIRoot/VerticalSafeAreaRoot/ContentSlot/Dimension1Panel/D1_ExploreVisualRoot/ShipPanel/Previous
31_record_to_explore	720	1280	Canvas/HUD/VerticalUIRoot/VerticalSafeAreaRoot/ContentSlot/Dimension1Panel/D1_ExploreVisualRoot/ModePanel/CoordinatedMode	0	514.67	383.33	OK	Canvas/HUD/VerticalUIRoot/VerticalSafeAreaRoot/ContentSlot/Dimension1Panel/D1_ExploreVisualRoot/ModePanel/CoordinatedMode	Canvas/HUD/VerticalUIRoot/VerticalSafeAreaRoot/ContentSlot/Dimension1Panel/D1_ExploreVisualRoot/ModePanel/CoordinatedMode
31_record_to_explore	720	1280	Canvas/HUD/VerticalUIRoot/VerticalSafeAreaRoot/ContentSlot/Dimension1Panel/D1_ExploreVisualRoot/ModePanel/CoordinatedMode	1	426.67	367.73	OK	Canvas/HUD/VerticalUIRoot/VerticalSafeAreaRoot/ContentSlot/Dimension1Panel/D1_ExploreVisualRoot/ModePanel/CoordinatedMode	Canvas/HUD/VerticalUIRoot/VerticalSafeAreaRoot/ContentSlot/Dimension1Panel/D1_ExploreVisualRoot/ModePanel/CoordinatedMode
31_record_to_explore	720	1280	Canvas/HUD/VerticalUIRoot/VerticalSafeAreaRoot/ContentSlot/Dimension1Panel/D1_ExploreVisualRoot/ModePanel/CoordinatedMode	2	602.67	367.73	OK	Canvas/HUD/VerticalUIRoot/VerticalSafeAreaRoot/ContentSlot/Dimension1Panel/D1_ExploreVisualRoot/ModePanel/CoordinatedMode	Canvas/HUD/VerticalUIRoot/VerticalSafeAreaRoot/ContentSlot/Dimension1Panel/D1_ExploreVisualRoot/ModePanel/CoordinatedMode
31_record_to_explore	720	1280	Canvas/HUD/VerticalUIRoot/VerticalSafeAreaRoot/ContentSlot/Dimension1Panel/D1_ExploreVisualRoot/ModePanel/CoordinatedMode	3	426.67	398.93	OK	Canvas/HUD/VerticalUIRoot/VerticalSafeAreaRoot/ContentSlot/Dimension1Panel/D1_ExploreVisualRoot/ModePanel/CoordinatedMode	Canvas/HUD/VerticalUIRoot/VerticalSafeAreaRoot/ContentSlot/Dimension1Panel/D1_ExploreVisualRoot/ModePanel/CoordinatedMode
31_record_to_explore	720	1280	Canvas/HUD/VerticalUIRoot/VerticalSafeAreaRoot/ContentSlot/Dimension1Panel/D1_ExploreVisualRoot/ModePanel/CoordinatedMode	4	602.67	398.93	OK	Canvas/HUD/VerticalUIRoot/VerticalSafeAreaRoot/ContentSlot/Dimension1Panel/D1_ExploreVisualRoot/ModePanel/CoordinatedMode	Canvas/HUD/VerticalUIRoot/VerticalSafeAreaRoot/ContentSlot/Dimension1Panel/D1_ExploreVisualRoot/ModePanel/CoordinatedMode
31_record_to_explore	720	1280	Canvas/HUD/VerticalUIRoot/VerticalSafeAreaRoot/ContentSlot/Dimension1Panel/D1_ExploreVisualRoot/ExplorationRecord	0	554.67	187.33	OK	Canvas/HUD/VerticalUIRoot/VerticalSafeAreaRoot/ContentSlot/Dimension1Panel/D1_ExploreVisualRoot/ExplorationRecord	Canvas/HUD/VerticalUIRoot/VerticalSafeAreaRoot/ContentSlot/Dimension1Panel/D1_ExploreVisualRoot/ExplorationRecord
31_record_to_explore	720	1280	Canvas/HUD/VerticalUIRoot/VerticalSafeAreaRoot/ContentSlot/Dimension1Panel/D1_ExploreVisualRoot/ExplorationRecord	1	481.07	162.93	OK	Canvas/HUD/VerticalUIRoot/VerticalSafeAreaRoot/ContentSlot/Dimension1Panel/D1_ExploreVisualRoot/ExplorationRecord	Canvas/HUD/VerticalUIRoot/VerticalSafeAreaRoot/ContentSlot/Dimension1Panel/D1_ExploreVisualRoot/ExplorationRecord
31_record_to_explore	720	1280	Canvas/HUD/VerticalUIRoot/VerticalSafeAreaRoot/ContentSlot/Dimension1Panel/D1_ExploreVisualRoot/ExplorationRecord	2	628.27	162.93	OK	Canvas/HUD/VerticalUIRoot/VerticalSafeAreaRoot/ContentSlot/Dimension1Panel/D1_ExploreVisualRoot/ExplorationRecord	Canvas/HUD/VerticalUIRoot/VerticalSafeAreaRoot/ContentSlot/Dimension1Panel/D1_ExploreVisualRoot/ExplorationRecord
31_record_to_explore	720	1280	Canvas/HUD/VerticalUIRoot/VerticalSafeAreaRoot/ContentSlot/Dimension1Panel/D1_ExploreVisualRoot/ExplorationRecord	3	481.07	211.73	OK	Canvas/HUD/VerticalUIRoot/VerticalSafeAreaRoot/ContentSlot/Dimension1Panel/D1_ExploreVisualRoot/ExplorationRecord	Canvas/HUD/VerticalUIRoot/VerticalSafeAreaRoot/ContentSlot/Dimension1Panel/D1_ExploreVisualRoot/ExplorationRecord
31_record_to_explore	720	1280	Canvas/HUD/VerticalUIRoot/VerticalSafeAreaRoot/ContentSlot/Dimension1Panel/D1_ExploreVisualRoot/ExplorationRecord	4	628.27	211.73	OK	Canvas/HUD/VerticalUIRoot/VerticalSafeAreaRoot/ContentSlot/Dimension1Panel/D1_ExploreVisualRoot/ExplorationRecord	Canvas/HUD/VerticalUIRoot/VerticalSafeAreaRoot/ContentSlot/Dimension1Panel/D1_ExploreVisualRoot/ExplorationRecord
31_record_to_explore	720	1280	Canvas/HUD/VerticalUIRoot/VerticalSafeAreaRoot/ContentSlot/Dimension1Panel/D1_ExploreVisualRoot/BottomNavigation/Nav_ÁRBOL	0	634.00	73.33	OK	Canvas/HUD/VerticalUIRoot/VerticalSafeAreaRoot/ContentSlot/Dimension1Panel/D1_ExploreVisualRoot/BottomNavigation/Nav_ÁRBOL	Canvas/HUD/VerticalUIRoot/VerticalSafeAreaRoot/ContentSlot/Dimension1Panel/D1_ExploreVisualRoot/BottomNavigation/Nav_ÁRBOL
31_record_to_explore	720	1280	Canvas/HUD/VerticalUIRoot/VerticalSafeAreaRoot/ContentSlot/Dimension1Panel/D1_ExploreVisualRoot/BottomNavigation/Nav_ÁRBOL	1	594.40	38.13	OK	Canvas/HUD/VerticalUIRoot/VerticalSafeAreaRoot/ContentSlot/Dimension1Panel/D1_ExploreVisualRoot/BottomNavigation/Nav_ÁRBOL	Canvas/HUD/VerticalUIRoot/VerticalSafeAreaRoot/ContentSlot/Dimension1Panel/D1_ExploreVisualRoot/BottomNavigation/Nav_ÁRBOL
31_record_to_explore	720	1280	Canvas/HUD/VerticalUIRoot/VerticalSafeAreaRoot/ContentSlot/Dimension1Panel/D1_ExploreVisualRoot/BottomNavigation/Nav_ÁRBOL	2	673.60	38.13	OK	Canvas/HUD/VerticalUIRoot/VerticalSafeAreaRoot/ContentSlot/Dimension1Panel/D1_ExploreVisualRoot/BottomNavigation/Nav_ÁRBOL	Canvas/HUD/VerticalUIRoot/VerticalSafeAreaRoot/ContentSlot/Dimension1Panel/D1_ExploreVisualRoot/BottomNavigation/Nav_ÁRBOL
31_record_to_explore	720	1280	Canvas/HUD/VerticalUIRoot/VerticalSafeAreaRoot/ContentSlot/Dimension1Panel/D1_ExploreVisualRoot/BottomNavigation/Nav_ÁRBOL	3	594.40	108.53	OK	Canvas/HUD/VerticalUIRoot/VerticalSafeAreaRoot/ContentSlot/Dimension1Panel/D1_ExploreVisualRoot/BottomNavigation/Nav_ÁRBOL	Canvas/HUD/VerticalUIRoot/VerticalSafeAreaRoot/ContentSlot/Dimension1Panel/D1_ExploreVisualRoot/BottomNavigation/Nav_ÁRBOL
31_record_to_explore	720	1280	Canvas/HUD/VerticalUIRoot/VerticalSafeAreaRoot/ContentSlot/Dimension1Panel/D1_ExploreVisualRoot/BottomNavigation/Nav_ÁRBOL	4	673.60	108.53	OK	Canvas/HUD/VerticalUIRoot/VerticalSafeAreaRoot/ContentSlot/Dimension1Panel/D1_ExploreVisualRoot/BottomNavigation/Nav_ÁRBOL	Canvas/HUD/VerticalUIRoot/VerticalSafeAreaRoot/ContentSlot/Dimension1Panel/D1_ExploreVisualRoot/BottomNavigation/Nav_ÁRBOL
31_record_to_explore	720	1280	Canvas/HUD/VerticalUIRoot/VerticalSafeAreaRoot/ContentSlot/Dimension1Panel/OpenGalaxyPanelButton	0	826.67	1017.33	OFFSCREEN	<none>	<none>
31_record_to_explore	720	1280	Canvas/HUD/VerticalUIRoot/VerticalSafeAreaRoot/ContentSlot/Dimension1Panel/OpenGalaxyPanelButton	1	794.67	1011.33	OFFSCREEN	<none>	<none>
31_record_to_explore	720	1280	Canvas/HUD/VerticalUIRoot/VerticalSafeAreaRoot/ContentSlot/Dimension1Panel/OpenGalaxyPanelButton	2	858.67	1011.33	OFFSCREEN	<none>	<none>
31_record_to_explore	720	1280	Canvas/HUD/VerticalUIRoot/VerticalSafeAreaRoot/ContentSlot/Dimension1Panel/OpenGalaxyPanelButton	3	794.67	1023.33	OFFSCREEN	<none>	<none>
31_record_to_explore	720	1280	Canvas/HUD/VerticalUIRoot/VerticalSafeAreaRoot/ContentSlot/Dimension1Panel/OpenGalaxyPanelButton	4	858.67	1023.33	OFFSCREEN	<none>	<none>
31_record_to_explore	720	1280	Canvas/HUD/VerticalUIRoot/VerticalSafeAreaRoot/ContentSlot/Dimension1Panel/D1_ExploreVisualRoot/SupportPanel/Previous	0	593.33	478.00	OK	Canvas/HUD/VerticalUIRoot/VerticalSafeAreaRoot/ContentSlot/Dimension1Panel/D1_ExploreVisualRoot/SupportPanel/Previous	Canvas/HUD/VerticalUIRoot/VerticalSafeAreaRoot/ContentSlot/Dimension1Panel/D1_ExploreVisualRoot/SupportPanel/Previous
31_record_to_explore	720	1280	Canvas/HUD/VerticalUIRoot/VerticalSafeAreaRoot/ContentSlot/Dimension1Panel/D1_ExploreVisualRoot/SupportPanel/Previous	1	578.93	463.60	OK	Canvas/HUD/VerticalUIRoot/VerticalSafeAreaRoot/ContentSlot/Dimension1Panel/D1_ExploreVisualRoot/SupportPanel/Previous	Canvas/HUD/VerticalUIRoot/VerticalSafeAreaRoot/ContentSlot/Dimension1Panel/D1_ExploreVisualRoot/SupportPanel/Previous
31_record_to_explore	720	1280	Canvas/HUD/VerticalUIRoot/VerticalSafeAreaRoot/ContentSlot/Dimension1Panel/D1_ExploreVisualRoot/SupportPanel/Previous	2	607.73	463.60	OK	Canvas/HUD/VerticalUIRoot/VerticalSafeAreaRoot/ContentSlot/Dimension1Panel/D1_ExploreVisualRoot/SupportPanel/Previous	Canvas/HUD/VerticalUIRoot/VerticalSafeAreaRoot/ContentSlot/Dimension1Panel/D1_ExploreVisualRoot/SupportPanel/Previous
31_record_to_explore	720	1280	Canvas/HUD/VerticalUIRoot/VerticalSafeAreaRoot/ContentSlot/Dimension1Panel/D1_ExploreVisualRoot/SupportPanel/Previous	3	578.93	492.40	OK	Canvas/HUD/VerticalUIRoot/VerticalSafeAreaRoot/ContentSlot/Dimension1Panel/D1_ExploreVisualRoot/SupportPanel/Previous	Canvas/HUD/VerticalUIRoot/VerticalSafeAreaRoot/ContentSlot/Dimension1Panel/D1_ExploreVisualRoot/SupportPanel/Previous
31_record_to_explore	720	1280	Canvas/HUD/VerticalUIRoot/VerticalSafeAreaRoot/ContentSlot/Dimension1Panel/D1_ExploreVisualRoot/SupportPanel/Previous	4	607.73	492.40	OK	Canvas/HUD/VerticalUIRoot/VerticalSafeAreaRoot/ContentSlot/Dimension1Panel/D1_ExploreVisualRoot/SupportPanel/Previous	Canvas/HUD/VerticalUIRoot/VerticalSafeAreaRoot/ContentSlot/Dimension1Panel/D1_ExploreVisualRoot/SupportPanel/Previous
31_record_to_explore	720	1280	Canvas/HUD/VerticalUIRoot/VerticalSafeAreaRoot/ContentSlot/Dimension1Panel/D1_ExploreVisualRoot/ScannerPanel/ChangeSector	0	576.00	1044.67	OK	Canvas/HUD/VerticalUIRoot/VerticalSafeAreaRoot/ContentSlot/Dimension1Panel/D1_ExploreVisualRoot/ScannerPanel/ChangeSector	Canvas/HUD/VerticalUIRoot/VerticalSafeAreaRoot/ContentSlot/Dimension1Panel/D1_ExploreVisualRoot/ScannerPanel/ChangeSector
31_record_to_explore	720	1280	Canvas/HUD/VerticalUIRoot/VerticalSafeAreaRoot/ContentSlot/Dimension1Panel/D1_ExploreVisualRoot/ScannerPanel/ChangeSector	1	529.60	1032.27	OK	Canvas/HUD/VerticalUIRoot/VerticalSafeAreaRoot/ContentSlot/Dimension1Panel/D1_ExploreVisualRoot/ScannerPanel/ChangeSector	Canvas/HUD/VerticalUIRoot/VerticalSafeAreaRoot/ContentSlot/Dimension1Panel/D1_ExploreVisualRoot/ScannerPanel/ChangeSector
31_record_to_explore	720	1280	Canvas/HUD/VerticalUIRoot/VerticalSafeAreaRoot/ContentSlot/Dimension1Panel/D1_ExploreVisualRoot/ScannerPanel/ChangeSector	2	622.40	1032.27	OK	Canvas/HUD/VerticalUIRoot/VerticalSafeAreaRoot/ContentSlot/Dimension1Panel/D1_ExploreVisualRoot/ScannerPanel/ChangeSector	Canvas/HUD/VerticalUIRoot/VerticalSafeAreaRoot/ContentSlot/Dimension1Panel/D1_ExploreVisualRoot/ScannerPanel/ChangeSector
31_record_to_explore	720	1280	Canvas/HUD/VerticalUIRoot/VerticalSafeAreaRoot/ContentSlot/Dimension1Panel/D1_ExploreVisualRoot/ScannerPanel/ChangeSector	3	529.60	1057.07	OK	Canvas/HUD/VerticalUIRoot/VerticalSafeAreaRoot/ContentSlot/Dimension1Panel/D1_ExploreVisualRoot/ScannerPanel/ChangeSector	Canvas/HUD/VerticalUIRoot/VerticalSafeAreaRoot/ContentSlot/Dimension1Panel/D1_ExploreVisualRoot/ScannerPanel/ChangeSector
31_record_to_explore	720	1280	Canvas/HUD/VerticalUIRoot/VerticalSafeAreaRoot/ContentSlot/Dimension1Panel/D1_ExploreVisualRoot/ScannerPanel/ChangeSector	4	622.40	1057.07	OK	Canvas/HUD/VerticalUIRoot/VerticalSafeAreaRoot/ContentSlot/Dimension1Panel/D1_ExploreVisualRoot/ScannerPanel/ChangeSector	Canvas/HUD/VerticalUIRoot/VerticalSafeAreaRoot/ContentSlot/Dimension1Panel/D1_ExploreVisualRoot/ScannerPanel/ChangeSector
31_record_to_explore	720	1280	Canvas/HUD/VerticalUIRoot/VerticalSafeAreaRoot/ContentSlot/Dimension1Panel/D1_ExploreVisualRoot/BottomNavigation/Nav_GALAXIA	0	82.00	73.33	OK	Canvas/HUD/VerticalUIRoot/VerticalSafeAreaRoot/ContentSlot/Dimension1Panel/D1_ExploreVisualRoot/BottomNavigation/Nav_GALAXIA	Canvas/HUD/VerticalUIRoot/VerticalSafeAreaRoot/ContentSlot/Dimension1Panel/D1_ExploreVisualRoot/BottomNavigation/Nav_GALAXIA
31_record_to_explore	720	1280	Canvas/HUD/VerticalUIRoot/VerticalSafeAreaRoot/ContentSlot/Dimension1Panel/D1_ExploreVisualRoot/BottomNavigation/Nav_GALAXIA	1	42.40	38.13	OK	Canvas/HUD/VerticalUIRoot/VerticalSafeAreaRoot/ContentSlot/Dimension1Panel/D1_ExploreVisualRoot/BottomNavigation/Nav_GALAXIA	Canvas/HUD/VerticalUIRoot/VerticalSafeAreaRoot/ContentSlot/Dimension1Panel/D1_ExploreVisualRoot/BottomNavigation/Nav_GALAXIA
31_record_to_explore	720	1280	Canvas/HUD/VerticalUIRoot/VerticalSafeAreaRoot/ContentSlot/Dimension1Panel/D1_ExploreVisualRoot/BottomNavigation/Nav_GALAXIA	2	121.60	38.13	OK	Canvas/HUD/VerticalUIRoot/VerticalSafeAreaRoot/ContentSlot/Dimension1Panel/D1_ExploreVisualRoot/BottomNavigation/Nav_GALAXIA	Canvas/HUD/VerticalUIRoot/VerticalSafeAreaRoot/ContentSlot/Dimension1Panel/D1_ExploreVisualRoot/BottomNavigation/Nav_GALAXIA
31_record_to_explore	720	1280	Canvas/HUD/VerticalUIRoot/VerticalSafeAreaRoot/ContentSlot/Dimension1Panel/D1_ExploreVisualRoot/BottomNavigation/Nav_GALAXIA	3	42.40	108.53	OK	Canvas/HUD/VerticalUIRoot/VerticalSafeAreaRoot/ContentSlot/Dimension1Panel/D1_ExploreVisualRoot/BottomNavigation/Nav_GALAXIA	Canvas/HUD/VerticalUIRoot/VerticalSafeAreaRoot/ContentSlot/Dimension1Panel/D1_ExploreVisualRoot/BottomNavigation/Nav_GALAXIA
31_record_to_explore	720	1280	Canvas/HUD/VerticalUIRoot/VerticalSafeAreaRoot/ContentSlot/Dimension1Panel/D1_ExploreVisualRoot/BottomNavigation/Nav_GALAXIA	4	121.60	108.53	OK	Canvas/HUD/VerticalUIRoot/VerticalSafeAreaRoot/ContentSlot/Dimension1Panel/D1_ExploreVisualRoot/BottomNavigation/Nav_GALAXIA	Canvas/HUD/VerticalUIRoot/VerticalSafeAreaRoot/ContentSlot/Dimension1Panel/D1_ExploreVisualRoot/BottomNavigation/Nav_GALAXIA
31_record_to_explore	720	1280	Canvas/HUD/VerticalUIRoot/VerticalSafeAreaRoot/ContentSlot/Dimension1Panel/OpenHangarPanelButton	0	826.67	950.67	OFFSCREEN	<none>	<none>
31_record_to_explore	720	1280	Canvas/HUD/VerticalUIRoot/VerticalSafeAreaRoot/ContentSlot/Dimension1Panel/OpenHangarPanelButton	1	794.67	944.67	OFFSCREEN	<none>	<none>
31_record_to_explore	720	1280	Canvas/HUD/VerticalUIRoot/VerticalSafeAreaRoot/ContentSlot/Dimension1Panel/OpenHangarPanelButton	2	858.67	944.67	OFFSCREEN	<none>	<none>
31_record_to_explore	720	1280	Canvas/HUD/VerticalUIRoot/VerticalSafeAreaRoot/ContentSlot/Dimension1Panel/OpenHangarPanelButton	3	794.67	956.67	OFFSCREEN	<none>	<none>
31_record_to_explore	720	1280	Canvas/HUD/VerticalUIRoot/VerticalSafeAreaRoot/ContentSlot/Dimension1Panel/OpenHangarPanelButton	4	858.67	956.67	OFFSCREEN	<none>	<none>
31_record_to_explore	720	1280	Canvas/HUD/VerticalUIRoot/VerticalSafeAreaRoot/ContentSlot/Dimension1Panel/D1_ExploreVisualRoot/DestinationPanel/OpenDetails	0	612.00	812.00	OK	Canvas/HUD/VerticalUIRoot/VerticalSafeAreaRoot/ContentSlot/Dimension1Panel/D1_ExploreVisualRoot/DestinationPanel/OpenDetails	Canvas/HUD/VerticalUIRoot/VerticalSafeAreaRoot/ContentSlot/Dimension1Panel/D1_ExploreVisualRoot/DestinationPanel/OpenDetails
31_record_to_explore	720	1280	Canvas/HUD/VerticalUIRoot/VerticalSafeAreaRoot/ContentSlot/Dimension1Panel/D1_ExploreVisualRoot/DestinationPanel/OpenDetails	1	584.00	800.40	OK	Canvas/HUD/VerticalUIRoot/VerticalSafeAreaRoot/ContentSlot/Dimension1Panel/D1_ExploreVisualRoot/DestinationPanel/OpenDetails	Canvas/HUD/VerticalUIRoot/VerticalSafeAreaRoot/ContentSlot/Dimension1Panel/D1_ExploreVisualRoot/DestinationPanel/OpenDetails
31_record_to_explore	720	1280	Canvas/HUD/VerticalUIRoot/VerticalSafeAreaRoot/ContentSlot/Dimension1Panel/D1_ExploreVisualRoot/DestinationPanel/OpenDetails	2	640.00	800.40	OK	Canvas/HUD/VerticalUIRoot/VerticalSafeAreaRoot/ContentSlot/Dimension1Panel/D1_ExploreVisualRoot/DestinationPanel/OpenDetails	Canvas/HUD/VerticalUIRoot/VerticalSafeAreaRoot/ContentSlot/Dimension1Panel/D1_ExploreVisualRoot/DestinationPanel/OpenDetails
31_record_to_explore	720	1280	Canvas/HUD/VerticalUIRoot/VerticalSafeAreaRoot/ContentSlot/Dimension1Panel/D1_ExploreVisualRoot/DestinationPanel/OpenDetails	3	584.00	823.60	OK	Canvas/HUD/VerticalUIRoot/VerticalSafeAreaRoot/ContentSlot/Dimension1Panel/D1_ExploreVisualRoot/DestinationPanel/OpenDetails	Canvas/HUD/VerticalUIRoot/VerticalSafeAreaRoot/ContentSlot/Dimension1Panel/D1_ExploreVisualRoot/DestinationPanel/OpenDetails
31_record_to_explore	720	1280	Canvas/HUD/VerticalUIRoot/VerticalSafeAreaRoot/ContentSlot/Dimension1Panel/D1_ExploreVisualRoot/DestinationPanel/OpenDetails	4	640.00	823.60	OK	Canvas/HUD/VerticalUIRoot/VerticalSafeAreaRoot/ContentSlot/Dimension1Panel/D1_ExploreVisualRoot/DestinationPanel/OpenDetails	Canvas/HUD/VerticalUIRoot/VerticalSafeAreaRoot/ContentSlot/Dimension1Panel/D1_ExploreVisualRoot/DestinationPanel/OpenDetails
31_record_to_explore	720	1280	Canvas/HUD/VerticalUIRoot/VerticalSafeAreaRoot/ContentSlot/Dimension1Panel/D1_ExploreVisualRoot/ShipPanel/Next	0	322.67	478.00	OK	Canvas/HUD/VerticalUIRoot/VerticalSafeAreaRoot/ContentSlot/Dimension1Panel/D1_ExploreVisualRoot/ShipPanel/Next	Canvas/HUD/VerticalUIRoot/VerticalSafeAreaRoot/ContentSlot/Dimension1Panel/D1_ExploreVisualRoot/ShipPanel/Next
31_record_to_explore	720	1280	Canvas/HUD/VerticalUIRoot/VerticalSafeAreaRoot/ContentSlot/Dimension1Panel/D1_ExploreVisualRoot/ShipPanel/Next	1	308.27	463.60	OK	Canvas/HUD/VerticalUIRoot/VerticalSafeAreaRoot/ContentSlot/Dimension1Panel/D1_ExploreVisualRoot/ShipPanel/Next	Canvas/HUD/VerticalUIRoot/VerticalSafeAreaRoot/ContentSlot/Dimension1Panel/D1_ExploreVisualRoot/ShipPanel/Next
31_record_to_explore	720	1280	Canvas/HUD/VerticalUIRoot/VerticalSafeAreaRoot/ContentSlot/Dimension1Panel/D1_ExploreVisualRoot/ShipPanel/Next	2	337.07	463.60	OK	Canvas/HUD/VerticalUIRoot/VerticalSafeAreaRoot/ContentSlot/Dimension1Panel/D1_ExploreVisualRoot/ShipPanel/Next	Canvas/HUD/VerticalUIRoot/VerticalSafeAreaRoot/ContentSlot/Dimension1Panel/D1_ExploreVisualRoot/ShipPanel/Next
31_record_to_explore	720	1280	Canvas/HUD/VerticalUIRoot/VerticalSafeAreaRoot/ContentSlot/Dimension1Panel/D1_ExploreVisualRoot/ShipPanel/Next	3	308.27	492.40	OK	Canvas/HUD/VerticalUIRoot/VerticalSafeAreaRoot/ContentSlot/Dimension1Panel/D1_ExploreVisualRoot/ShipPanel/Next	Canvas/HUD/VerticalUIRoot/VerticalSafeAreaRoot/ContentSlot/Dimension1Panel/D1_ExploreVisualRoot/ShipPanel/Next
31_record_to_explore	720	1280	Canvas/HUD/VerticalUIRoot/VerticalSafeAreaRoot/ContentSlot/Dimension1Panel/D1_ExploreVisualRoot/ShipPanel/Next	4	337.07	492.40	OK	Canvas/HUD/VerticalUIRoot/VerticalSafeAreaRoot/ContentSlot/Dimension1Panel/D1_ExploreVisualRoot/ShipPanel/Next	Canvas/HUD/VerticalUIRoot/VerticalSafeAreaRoot/ContentSlot/Dimension1Panel/D1_ExploreVisualRoot/ShipPanel/Next
31_record_to_explore	720	1280	Canvas/HUD/VerticalUIRoot/VerticalSafeAreaRoot/ContentSlot/Dimension1Panel/D1_ExploreVisualRoot/ActiveExpedition/Previous	0	421.33	280.00	OK	Canvas/HUD/VerticalUIRoot/VerticalSafeAreaRoot/ContentSlot/Dimension1Panel/D1_ExploreVisualRoot/ActiveExpedition/Previous	Canvas/HUD/VerticalUIRoot/VerticalSafeAreaRoot/ContentSlot/Dimension1Panel/D1_ExploreVisualRoot/ActiveExpedition/Previous
31_record_to_explore	720	1280	Canvas/HUD/VerticalUIRoot/VerticalSafeAreaRoot/ContentSlot/Dimension1Panel/D1_ExploreVisualRoot/ActiveExpedition/Previous	1	406.93	265.60	OK	Canvas/HUD/VerticalUIRoot/VerticalSafeAreaRoot/ContentSlot/Dimension1Panel/D1_ExploreVisualRoot/ActiveExpedition/Previous	Canvas/HUD/VerticalUIRoot/VerticalSafeAreaRoot/ContentSlot/Dimension1Panel/D1_ExploreVisualRoot/ActiveExpedition/Previous
31_record_to_explore	720	1280	Canvas/HUD/VerticalUIRoot/VerticalSafeAreaRoot/ContentSlot/Dimension1Panel/D1_ExploreVisualRoot/ActiveExpedition/Previous	2	435.73	265.60	OK	Canvas/HUD/VerticalUIRoot/VerticalSafeAreaRoot/ContentSlot/Dimension1Panel/D1_ExploreVisualRoot/ActiveExpedition/Previous	Canvas/HUD/VerticalUIRoot/VerticalSafeAreaRoot/ContentSlot/Dimension1Panel/D1_ExploreVisualRoot/ActiveExpedition/Previous
31_record_to_explore	720	1280	Canvas/HUD/VerticalUIRoot/VerticalSafeAreaRoot/ContentSlot/Dimension1Panel/D1_ExploreVisualRoot/ActiveExpedition/Previous	3	406.93	294.40	OK	Canvas/HUD/VerticalUIRoot/VerticalSafeAreaRoot/ContentSlot/Dimension1Panel/D1_ExploreVisualRoot/ActiveExpedition/Previous	Canvas/HUD/VerticalUIRoot/VerticalSafeAreaRoot/ContentSlot/Dimension1Panel/D1_ExploreVisualRoot/ActiveExpedition/Previous
31_record_to_explore	720	1280	Canvas/HUD/VerticalUIRoot/VerticalSafeAreaRoot/ContentSlot/Dimension1Panel/D1_ExploreVisualRoot/ActiveExpedition/Previous	4	435.73	294.40	OK	Canvas/HUD/VerticalUIRoot/VerticalSafeAreaRoot/ContentSlot/Dimension1Panel/D1_ExploreVisualRoot/ActiveExpedition/Previous	Canvas/HUD/VerticalUIRoot/VerticalSafeAreaRoot/ContentSlot/Dimension1Panel/D1_ExploreVisualRoot/ActiveExpedition/Previous
31_record_to_explore	720	1280	Canvas/HUD/VerticalUIRoot/VerticalSafeAreaRoot/ContentSlot/Dimension1Panel/D1_ExploreVisualRoot/SupportPanel/Next	0	650.67	478.00	OK	Canvas/HUD/VerticalUIRoot/VerticalSafeAreaRoot/ContentSlot/Dimension1Panel/D1_ExploreVisualRoot/SupportPanel/Next	Canvas/HUD/VerticalUIRoot/VerticalSafeAreaRoot/ContentSlot/Dimension1Panel/D1_ExploreVisualRoot/SupportPanel/Next
31_record_to_explore	720	1280	Canvas/HUD/VerticalUIRoot/VerticalSafeAreaRoot/ContentSlot/Dimension1Panel/D1_ExploreVisualRoot/SupportPanel/Next	1	636.27	463.60	OK	Canvas/HUD/VerticalUIRoot/VerticalSafeAreaRoot/ContentSlot/Dimension1Panel/D1_ExploreVisualRoot/SupportPanel/Next	Canvas/HUD/VerticalUIRoot/VerticalSafeAreaRoot/ContentSlot/Dimension1Panel/D1_ExploreVisualRoot/SupportPanel/Next
31_record_to_explore	720	1280	Canvas/HUD/VerticalUIRoot/VerticalSafeAreaRoot/ContentSlot/Dimension1Panel/D1_ExploreVisualRoot/SupportPanel/Next	2	665.07	463.60	OK	Canvas/HUD/VerticalUIRoot/VerticalSafeAreaRoot/ContentSlot/Dimension1Panel/D1_ExploreVisualRoot/SupportPanel/Next	Canvas/HUD/VerticalUIRoot/VerticalSafeAreaRoot/ContentSlot/Dimension1Panel/D1_ExploreVisualRoot/SupportPanel/Next
31_record_to_explore	720	1280	Canvas/HUD/VerticalUIRoot/VerticalSafeAreaRoot/ContentSlot/Dimension1Panel/D1_ExploreVisualRoot/SupportPanel/Next	3	636.27	492.40	OK	Canvas/HUD/VerticalUIRoot/VerticalSafeAreaRoot/ContentSlot/Dimension1Panel/D1_ExploreVisualRoot/SupportPanel/Next	Canvas/HUD/VerticalUIRoot/VerticalSafeAreaRoot/ContentSlot/Dimension1Panel/D1_ExploreVisualRoot/SupportPanel/Next
31_record_to_explore	720	1280	Canvas/HUD/VerticalUIRoot/VerticalSafeAreaRoot/ContentSlot/Dimension1Panel/D1_ExploreVisualRoot/SupportPanel/Next	4	665.07	492.40	OK	Canvas/HUD/VerticalUIRoot/VerticalSafeAreaRoot/ContentSlot/Dimension1Panel/D1_ExploreVisualRoot/SupportPanel/Next	Canvas/HUD/VerticalUIRoot/VerticalSafeAreaRoot/ContentSlot/Dimension1Panel/D1_ExploreVisualRoot/SupportPanel/Next
31_record_to_explore	720	1280	Canvas/HUD/VerticalUIRoot/VerticalSafeAreaRoot/ContentSlot/Dimension1Panel/D1_ExploreVisualRoot/MetalsButton	0	614.33	1178.67	OK	Canvas/HUD/VerticalUIRoot/VerticalSafeAreaRoot/ContentSlot/Dimension1Panel/D1_ExploreVisualRoot/MetalsButton	Canvas/HUD/VerticalUIRoot/VerticalSafeAreaRoot/ContentSlot/Dimension1Panel/D1_ExploreVisualRoot/MetalsButton
31_record_to_explore	720	1280	Canvas/HUD/VerticalUIRoot/VerticalSafeAreaRoot/ContentSlot/Dimension1Panel/D1_ExploreVisualRoot/MetalsButton	1	565.33	1158.67	OK	Canvas/HUD/VerticalUIRoot/VerticalSafeAreaRoot/ContentSlot/Dimension1Panel/D1_ExploreVisualRoot/MetalsButton	Canvas/HUD/VerticalUIRoot/VerticalSafeAreaRoot/ContentSlot/Dimension1Panel/D1_ExploreVisualRoot/MetalsButton
31_record_to_explore	720	1280	Canvas/HUD/VerticalUIRoot/VerticalSafeAreaRoot/ContentSlot/Dimension1Panel/D1_ExploreVisualRoot/MetalsButton	2	663.33	1158.67	OK	Canvas/HUD/VerticalUIRoot/VerticalSafeAreaRoot/ContentSlot/Dimension1Panel/D1_ExploreVisualRoot/MetalsButton	Canvas/HUD/VerticalUIRoot/VerticalSafeAreaRoot/ContentSlot/Dimension1Panel/D1_ExploreVisualRoot/MetalsButton
31_record_to_explore	720	1280	Canvas/HUD/VerticalUIRoot/VerticalSafeAreaRoot/ContentSlot/Dimension1Panel/D1_ExploreVisualRoot/MetalsButton	3	565.33	1198.67	OK	Canvas/HUD/VerticalUIRoot/VerticalSafeAreaRoot/ContentSlot/Dimension1Panel/D1_ExploreVisualRoot/MetalsButton	Canvas/HUD/VerticalUIRoot/VerticalSafeAreaRoot/ContentSlot/Dimension1Panel/D1_ExploreVisualRoot/MetalsButton
31_record_to_explore	720	1280	Canvas/HUD/VerticalUIRoot/VerticalSafeAreaRoot/ContentSlot/Dimension1Panel/D1_ExploreVisualRoot/MetalsButton	4	663.33	1198.67	OK	Canvas/HUD/VerticalUIRoot/VerticalSafeAreaRoot/ContentSlot/Dimension1Panel/D1_ExploreVisualRoot/MetalsButton	Canvas/HUD/VerticalUIRoot/VerticalSafeAreaRoot/ContentSlot/Dimension1Panel/D1_ExploreVisualRoot/MetalsButton
31_record_to_explore	720	1280	Canvas/HUD/VerticalUIRoot/VerticalSafeAreaRoot/ContentSlot/Dimension1Panel/D1_ExploreVisualRoot/BottomNavigation/Nav_RELIQUIAS	0	496.00	73.33	OK	Canvas/HUD/VerticalUIRoot/VerticalSafeAreaRoot/ContentSlot/Dimension1Panel/D1_ExploreVisualRoot/BottomNavigation/Nav_RELIQUIAS	Canvas/HUD/VerticalUIRoot/VerticalSafeAreaRoot/ContentSlot/Dimension1Panel/D1_ExploreVisualRoot/BottomNavigation/Nav_RELIQUIAS
31_record_to_explore	720	1280	Canvas/HUD/VerticalUIRoot/VerticalSafeAreaRoot/ContentSlot/Dimension1Panel/D1_ExploreVisualRoot/BottomNavigation/Nav_RELIQUIAS	1	456.40	38.13	OK	Canvas/HUD/VerticalUIRoot/VerticalSafeAreaRoot/ContentSlot/Dimension1Panel/D1_ExploreVisualRoot/BottomNavigation/Nav_RELIQUIAS	Canvas/HUD/VerticalUIRoot/VerticalSafeAreaRoot/ContentSlot/Dimension1Panel/D1_ExploreVisualRoot/BottomNavigation/Nav_RELIQUIAS
31_record_to_explore	720	1280	Canvas/HUD/VerticalUIRoot/VerticalSafeAreaRoot/ContentSlot/Dimension1Panel/D1_ExploreVisualRoot/BottomNavigation/Nav_RELIQUIAS	2	535.60	38.13	OK	Canvas/HUD/VerticalUIRoot/VerticalSafeAreaRoot/ContentSlot/Dimension1Panel/D1_ExploreVisualRoot/BottomNavigation/Nav_RELIQUIAS	Canvas/HUD/VerticalUIRoot/VerticalSafeAreaRoot/ContentSlot/Dimension1Panel/D1_ExploreVisualRoot/BottomNavigation/Nav_RELIQUIAS
31_record_to_explore	720	1280	Canvas/HUD/VerticalUIRoot/VerticalSafeAreaRoot/ContentSlot/Dimension1Panel/D1_ExploreVisualRoot/BottomNavigation/Nav_RELIQUIAS	3	456.40	108.53	OK	Canvas/HUD/VerticalUIRoot/VerticalSafeAreaRoot/ContentSlot/Dimension1Panel/D1_ExploreVisualRoot/BottomNavigation/Nav_RELIQUIAS	Canvas/HUD/VerticalUIRoot/VerticalSafeAreaRoot/ContentSlot/Dimension1Panel/D1_ExploreVisualRoot/BottomNavigation/Nav_RELIQUIAS
31_record_to_explore	720	1280	Canvas/HUD/VerticalUIRoot/VerticalSafeAreaRoot/ContentSlot/Dimension1Panel/D1_ExploreVisualRoot/BottomNavigation/Nav_RELIQUIAS	4	535.60	108.53	OK	Canvas/HUD/VerticalUIRoot/VerticalSafeAreaRoot/ContentSlot/Dimension1Panel/D1_ExploreVisualRoot/BottomNavigation/Nav_RELIQUIAS	Canvas/HUD/VerticalUIRoot/VerticalSafeAreaRoot/ContentSlot/Dimension1Panel/D1_ExploreVisualRoot/BottomNavigation/Nav_RELIQUIAS
31_record_to_explore	720	1280	Canvas/HUD/VerticalUIRoot/VerticalSafeAreaRoot/ContentSlot/Dimension1Panel/OpenRelicChamberPanelButton	0	826.67	984.00	OFFSCREEN	<none>	<none>
31_record_to_explore	720	1280	Canvas/HUD/VerticalUIRoot/VerticalSafeAreaRoot/ContentSlot/Dimension1Panel/OpenRelicChamberPanelButton	1	794.67	978.00	OFFSCREEN	<none>	<none>
31_record_to_explore	720	1280	Canvas/HUD/VerticalUIRoot/VerticalSafeAreaRoot/ContentSlot/Dimension1Panel/OpenRelicChamberPanelButton	2	858.67	978.00	OFFSCREEN	<none>	<none>
31_record_to_explore	720	1280	Canvas/HUD/VerticalUIRoot/VerticalSafeAreaRoot/ContentSlot/Dimension1Panel/OpenRelicChamberPanelButton	3	794.67	990.00	OFFSCREEN	<none>	<none>
31_record_to_explore	720	1280	Canvas/HUD/VerticalUIRoot/VerticalSafeAreaRoot/ContentSlot/Dimension1Panel/OpenRelicChamberPanelButton	4	858.67	990.00	OFFSCREEN	<none>	<none>
31_record_to_explore	720	1280	Canvas/HUD/VerticalUIRoot/VerticalSafeAreaRoot/ContentSlot/Dimension1Panel/Registro	0	-40.00	950.67	OFFSCREEN	<none>	<none>
31_record_to_explore	720	1280	Canvas/HUD/VerticalUIRoot/VerticalSafeAreaRoot/ContentSlot/Dimension1Panel/Registro	1	-72.00	944.67	OFFSCREEN	<none>	<none>
31_record_to_explore	720	1280	Canvas/HUD/VerticalUIRoot/VerticalSafeAreaRoot/ContentSlot/Dimension1Panel/Registro	2	-8.00	944.67	OFFSCREEN	<none>	<none>
31_record_to_explore	720	1280	Canvas/HUD/VerticalUIRoot/VerticalSafeAreaRoot/ContentSlot/Dimension1Panel/Registro	3	-72.00	956.67	OFFSCREEN	<none>	<none>
31_record_to_explore	720	1280	Canvas/HUD/VerticalUIRoot/VerticalSafeAreaRoot/ContentSlot/Dimension1Panel/Registro	4	-8.00	956.67	OFFSCREEN	<none>	<none>
31_record_to_explore	720	1280	Canvas/HUD/VerticalUIRoot/VerticalSafeAreaRoot/ContentSlot/Dimension1Panel/D1_ExploreVisualRoot/CommandCenter	0	74.67	1178.67	OK	Canvas/HUD/VerticalUIRoot/VerticalSafeAreaRoot/ContentSlot/Dimension1Panel/D1_ExploreVisualRoot/CommandCenter	Canvas/HUD/VerticalUIRoot/VerticalSafeAreaRoot/ContentSlot/Dimension1Panel/D1_ExploreVisualRoot/CommandCenter
31_record_to_explore	720	1280	Canvas/HUD/VerticalUIRoot/VerticalSafeAreaRoot/ContentSlot/Dimension1Panel/D1_ExploreVisualRoot/CommandCenter	1	39.47	1158.67	OK	Canvas/HUD/VerticalUIRoot/VerticalSafeAreaRoot/ContentSlot/Dimension1Panel/D1_ExploreVisualRoot/CommandCenter	Canvas/HUD/VerticalUIRoot/VerticalSafeAreaRoot/ContentSlot/Dimension1Panel/D1_ExploreVisualRoot/CommandCenter
31_record_to_explore	720	1280	Canvas/HUD/VerticalUIRoot/VerticalSafeAreaRoot/ContentSlot/Dimension1Panel/D1_ExploreVisualRoot/CommandCenter	2	109.87	1158.67	OK	Canvas/HUD/VerticalUIRoot/VerticalSafeAreaRoot/ContentSlot/Dimension1Panel/D1_ExploreVisualRoot/CommandCenter	Canvas/HUD/VerticalUIRoot/VerticalSafeAreaRoot/ContentSlot/Dimension1Panel/D1_ExploreVisualRoot/CommandCenter
31_record_to_explore	720	1280	Canvas/HUD/VerticalUIRoot/VerticalSafeAreaRoot/ContentSlot/Dimension1Panel/D1_ExploreVisualRoot/CommandCenter	3	39.47	1198.67	OK	Canvas/HUD/VerticalUIRoot/VerticalSafeAreaRoot/ContentSlot/Dimension1Panel/D1_ExploreVisualRoot/CommandCenter	Canvas/HUD/VerticalUIRoot/VerticalSafeAreaRoot/ContentSlot/Dimension1Panel/D1_ExploreVisualRoot/CommandCenter
31_record_to_explore	720	1280	Canvas/HUD/VerticalUIRoot/VerticalSafeAreaRoot/ContentSlot/Dimension1Panel/D1_ExploreVisualRoot/CommandCenter	4	109.87	1198.67	OK	Canvas/HUD/VerticalUIRoot/VerticalSafeAreaRoot/ContentSlot/Dimension1Panel/D1_ExploreVisualRoot/CommandCenter	Canvas/HUD/VerticalUIRoot/VerticalSafeAreaRoot/ContentSlot/Dimension1Panel/D1_ExploreVisualRoot/CommandCenter
31_record_to_explore	720	1280	Canvas/HUD/VerticalUIRoot/VerticalSafeAreaRoot/ContentSlot/Dimension1Panel/D1_ExploreVisualRoot/ModePanel/SimpleMode	0	204.00	383.33	OK	Canvas/HUD/VerticalUIRoot/VerticalSafeAreaRoot/ContentSlot/Dimension1Panel/D1_ExploreVisualRoot/ModePanel/SimpleMode	Canvas/HUD/VerticalUIRoot/VerticalSafeAreaRoot/ContentSlot/Dimension1Panel/D1_ExploreVisualRoot/ModePanel/SimpleMode
31_record_to_explore	720	1280	Canvas/HUD/VerticalUIRoot/VerticalSafeAreaRoot/ContentSlot/Dimension1Panel/D1_ExploreVisualRoot/ModePanel/SimpleMode	1	116.00	367.73	OK	Canvas/HUD/VerticalUIRoot/VerticalSafeAreaRoot/ContentSlot/Dimension1Panel/D1_ExploreVisualRoot/ModePanel/SimpleMode	Canvas/HUD/VerticalUIRoot/VerticalSafeAreaRoot/ContentSlot/Dimension1Panel/D1_ExploreVisualRoot/ModePanel/SimpleMode
31_record_to_explore	720	1280	Canvas/HUD/VerticalUIRoot/VerticalSafeAreaRoot/ContentSlot/Dimension1Panel/D1_ExploreVisualRoot/ModePanel/SimpleMode	2	292.00	367.73	OK	Canvas/HUD/VerticalUIRoot/VerticalSafeAreaRoot/ContentSlot/Dimension1Panel/D1_ExploreVisualRoot/ModePanel/SimpleMode	Canvas/HUD/VerticalUIRoot/VerticalSafeAreaRoot/ContentSlot/Dimension1Panel/D1_ExploreVisualRoot/ModePanel/SimpleMode
31_record_to_explore	720	1280	Canvas/HUD/VerticalUIRoot/VerticalSafeAreaRoot/ContentSlot/Dimension1Panel/D1_ExploreVisualRoot/ModePanel/SimpleMode	3	116.00	398.93	OK	Canvas/HUD/VerticalUIRoot/VerticalSafeAreaRoot/ContentSlot/Dimension1Panel/D1_ExploreVisualRoot/ModePanel/SimpleMode	Canvas/HUD/VerticalUIRoot/VerticalSafeAreaRoot/ContentSlot/Dimension1Panel/D1_ExploreVisualRoot/ModePanel/SimpleMode
31_record_to_explore	720	1280	Canvas/HUD/VerticalUIRoot/VerticalSafeAreaRoot/ContentSlot/Dimension1Panel/D1_ExploreVisualRoot/ModePanel/SimpleMode	4	292.00	398.93	OK	Canvas/HUD/VerticalUIRoot/VerticalSafeAreaRoot/ContentSlot/Dimension1Panel/D1_ExploreVisualRoot/ModePanel/SimpleMode	Canvas/HUD/VerticalUIRoot/VerticalSafeAreaRoot/ContentSlot/Dimension1Panel/D1_ExploreVisualRoot/ModePanel/SimpleMode
31_record_to_explore	720	1280	Canvas/HUD/VerticalUIRoot/VerticalSafeAreaRoot/ContentSlot/Dimension1Panel/OpenDimension1TreePanelButton	0	826.67	917.33	OFFSCREEN	<none>	<none>
31_record_to_explore	720	1280	Canvas/HUD/VerticalUIRoot/VerticalSafeAreaRoot/ContentSlot/Dimension1Panel/OpenDimension1TreePanelButton	1	794.67	911.33	OFFSCREEN	<none>	<none>
31_record_to_explore	720	1280	Canvas/HUD/VerticalUIRoot/VerticalSafeAreaRoot/ContentSlot/Dimension1Panel/OpenDimension1TreePanelButton	2	858.67	911.33	OFFSCREEN	<none>	<none>
31_record_to_explore	720	1280	Canvas/HUD/VerticalUIRoot/VerticalSafeAreaRoot/ContentSlot/Dimension1Panel/OpenDimension1TreePanelButton	3	794.67	923.33	OFFSCREEN	<none>	<none>
31_record_to_explore	720	1280	Canvas/HUD/VerticalUIRoot/VerticalSafeAreaRoot/ContentSlot/Dimension1Panel/OpenDimension1TreePanelButton	4	858.67	923.33	OFFSCREEN	<none>	<none>
32_return_center	720	1280	Canvas/HUD/VerticalUIRoot/VerticalSafeAreaRoot/ContentSlot/Dimension1Panel/D1CommandCenterProductionRoot/Nav_EXPLORAR	0	220.00	73.33	OK	Canvas/HUD/VerticalUIRoot/VerticalSafeAreaRoot/ContentSlot/Dimension1Panel/D1CommandCenterProductionRoot/Nav_EXPLORAR	Canvas/HUD/VerticalUIRoot/VerticalSafeAreaRoot/ContentSlot/Dimension1Panel/D1CommandCenterProductionRoot/Nav_EXPLORAR
32_return_center	720	1280	Canvas/HUD/VerticalUIRoot/VerticalSafeAreaRoot/ContentSlot/Dimension1Panel/D1CommandCenterProductionRoot/Nav_EXPLORAR	1	180.40	38.13	OK	Canvas/HUD/VerticalUIRoot/VerticalSafeAreaRoot/ContentSlot/Dimension1Panel/D1CommandCenterProductionRoot/Nav_EXPLORAR	Canvas/HUD/VerticalUIRoot/VerticalSafeAreaRoot/ContentSlot/Dimension1Panel/D1CommandCenterProductionRoot/Nav_EXPLORAR
32_return_center	720	1280	Canvas/HUD/VerticalUIRoot/VerticalSafeAreaRoot/ContentSlot/Dimension1Panel/D1CommandCenterProductionRoot/Nav_EXPLORAR	2	259.60	38.13	OK	Canvas/HUD/VerticalUIRoot/VerticalSafeAreaRoot/ContentSlot/Dimension1Panel/D1CommandCenterProductionRoot/Nav_EXPLORAR	Canvas/HUD/VerticalUIRoot/VerticalSafeAreaRoot/ContentSlot/Dimension1Panel/D1CommandCenterProductionRoot/Nav_EXPLORAR
32_return_center	720	1280	Canvas/HUD/VerticalUIRoot/VerticalSafeAreaRoot/ContentSlot/Dimension1Panel/D1CommandCenterProductionRoot/Nav_EXPLORAR	3	180.40	108.53	OK	Canvas/HUD/VerticalUIRoot/VerticalSafeAreaRoot/ContentSlot/Dimension1Panel/D1CommandCenterProductionRoot/Nav_EXPLORAR	Canvas/HUD/VerticalUIRoot/VerticalSafeAreaRoot/ContentSlot/Dimension1Panel/D1CommandCenterProductionRoot/Nav_EXPLORAR
32_return_center	720	1280	Canvas/HUD/VerticalUIRoot/VerticalSafeAreaRoot/ContentSlot/Dimension1Panel/D1CommandCenterProductionRoot/Nav_EXPLORAR	4	259.60	108.53	OK	Canvas/HUD/VerticalUIRoot/VerticalSafeAreaRoot/ContentSlot/Dimension1Panel/D1CommandCenterProductionRoot/Nav_EXPLORAR	Canvas/HUD/VerticalUIRoot/VerticalSafeAreaRoot/ContentSlot/Dimension1Panel/D1CommandCenterProductionRoot/Nav_EXPLORAR
32_return_center	720	1280	Canvas/HUD/VerticalUIRoot/VerticalSafeAreaRoot/ContentSlot/Dimension1Panel/D1CommandCenterProductionRoot/CommandDashboard/TreeCard	0	619.33	659.33	OK	Canvas/HUD/VerticalUIRoot/VerticalSafeAreaRoot/ContentSlot/Dimension1Panel/D1CommandCenterProductionRoot/CommandDashboard/TreeCard	Canvas/HUD/VerticalUIRoot/VerticalSafeAreaRoot/ContentSlot/Dimension1Panel/D1CommandCenterProductionRoot/CommandDashboard/TreeCard
32_return_center	720	1280	Canvas/HUD/VerticalUIRoot/VerticalSafeAreaRoot/ContentSlot/Dimension1Panel/D1CommandCenterProductionRoot/CommandDashboard/TreeCard	1	562.13	602.53	OK	Canvas/HUD/VerticalUIRoot/VerticalSafeAreaRoot/ContentSlot/Dimension1Panel/D1CommandCenterProductionRoot/CommandDashboard/TreeCard	Canvas/HUD/VerticalUIRoot/VerticalSafeAreaRoot/ContentSlot/Dimension1Panel/D1CommandCenterProductionRoot/CommandDashboard/TreeCard
32_return_center	720	1280	Canvas/HUD/VerticalUIRoot/VerticalSafeAreaRoot/ContentSlot/Dimension1Panel/D1CommandCenterProductionRoot/CommandDashboard/TreeCard	2	676.53	602.53	OK	Canvas/HUD/VerticalUIRoot/VerticalSafeAreaRoot/ContentSlot/Dimension1Panel/D1CommandCenterProductionRoot/CommandDashboard/TreeCard	Canvas/HUD/VerticalUIRoot/VerticalSafeAreaRoot/ContentSlot/Dimension1Panel/D1CommandCenterProductionRoot/CommandDashboard/TreeCard
32_return_center	720	1280	Canvas/HUD/VerticalUIRoot/VerticalSafeAreaRoot/ContentSlot/Dimension1Panel/D1CommandCenterProductionRoot/CommandDashboard/TreeCard	3	562.13	716.13	OK	Canvas/HUD/VerticalUIRoot/VerticalSafeAreaRoot/ContentSlot/Dimension1Panel/D1CommandCenterProductionRoot/CommandDashboard/TreeCard/DetailedLineIcon	Canvas/HUD/VerticalUIRoot/VerticalSafeAreaRoot/ContentSlot/Dimension1Panel/D1CommandCenterProductionRoot/CommandDashboard/TreeCard
32_return_center	720	1280	Canvas/HUD/VerticalUIRoot/VerticalSafeAreaRoot/ContentSlot/Dimension1Panel/D1CommandCenterProductionRoot/CommandDashboard/TreeCard	4	676.53	716.13	OK	Canvas/HUD/VerticalUIRoot/VerticalSafeAreaRoot/ContentSlot/Dimension1Panel/D1CommandCenterProductionRoot/CommandDashboard/TreeCard/DetailedLineIcon	Canvas/HUD/VerticalUIRoot/VerticalSafeAreaRoot/ContentSlot/Dimension1Panel/D1CommandCenterProductionRoot/CommandDashboard/TreeCard
32_return_center	720	1280	Canvas/HUD/VerticalUIRoot/VerticalSafeAreaRoot/ContentSlot/Dimension1Panel/D1CommandCenterProductionRoot/DimensionDrawerToggle	0	360.00	151.33	OK	Canvas/HUD/VerticalUIRoot/VerticalSafeAreaRoot/ContentSlot/Dimension1Panel/D1CommandCenterProductionRoot/DimensionDrawerToggle	Canvas/HUD/VerticalUIRoot/VerticalSafeAreaRoot/ContentSlot/Dimension1Panel/D1CommandCenterProductionRoot/DimensionDrawerToggle
32_return_center	720	1280	Canvas/HUD/VerticalUIRoot/VerticalSafeAreaRoot/ContentSlot/Dimension1Panel/D1CommandCenterProductionRoot/DimensionDrawerToggle	1	310.00	144.53	OK	Canvas/HUD/VerticalUIRoot/VerticalSafeAreaRoot/ContentSlot/Dimension1Panel/D1CommandCenterProductionRoot/DimensionDrawerToggle	Canvas/HUD/VerticalUIRoot/VerticalSafeAreaRoot/ContentSlot/Dimension1Panel/D1CommandCenterProductionRoot/DimensionDrawerToggle
32_return_center	720	1280	Canvas/HUD/VerticalUIRoot/VerticalSafeAreaRoot/ContentSlot/Dimension1Panel/D1CommandCenterProductionRoot/DimensionDrawerToggle	2	410.00	144.53	OK	Canvas/HUD/VerticalUIRoot/VerticalSafeAreaRoot/ContentSlot/Dimension1Panel/D1CommandCenterProductionRoot/DimensionDrawerToggle	Canvas/HUD/VerticalUIRoot/VerticalSafeAreaRoot/ContentSlot/Dimension1Panel/D1CommandCenterProductionRoot/DimensionDrawerToggle
32_return_center	720	1280	Canvas/HUD/VerticalUIRoot/VerticalSafeAreaRoot/ContentSlot/Dimension1Panel/D1CommandCenterProductionRoot/DimensionDrawerToggle	3	310.00	158.13	OK	Canvas/HUD/VerticalUIRoot/VerticalSafeAreaRoot/ContentSlot/Dimension1Panel/D1CommandCenterProductionRoot/DimensionDrawerToggle	Canvas/HUD/VerticalUIRoot/VerticalSafeAreaRoot/ContentSlot/Dimension1Panel/D1CommandCenterProductionRoot/DimensionDrawerToggle
32_return_center	720	1280	Canvas/HUD/VerticalUIRoot/VerticalSafeAreaRoot/ContentSlot/Dimension1Panel/D1CommandCenterProductionRoot/DimensionDrawerToggle	4	410.00	158.13	OK	Canvas/HUD/VerticalUIRoot/VerticalSafeAreaRoot/ContentSlot/Dimension1Panel/D1CommandCenterProductionRoot/DimensionDrawerToggle	Canvas/HUD/VerticalUIRoot/VerticalSafeAreaRoot/ContentSlot/Dimension1Panel/D1CommandCenterProductionRoot/DimensionDrawerToggle
32_return_center	720	1280	Canvas/HUD/VerticalUIRoot/VerticalSafeAreaRoot/ContentSlot/Dimension1Panel/D1CommandCenterProductionRoot/Nav_ÁRBOL	0	634.00	73.33	OK	Canvas/HUD/VerticalUIRoot/VerticalSafeAreaRoot/ContentSlot/Dimension1Panel/D1CommandCenterProductionRoot/Nav_ÁRBOL	Canvas/HUD/VerticalUIRoot/VerticalSafeAreaRoot/ContentSlot/Dimension1Panel/D1CommandCenterProductionRoot/Nav_ÁRBOL
32_return_center	720	1280	Canvas/HUD/VerticalUIRoot/VerticalSafeAreaRoot/ContentSlot/Dimension1Panel/D1CommandCenterProductionRoot/Nav_ÁRBOL	1	594.40	38.13	OK	Canvas/HUD/VerticalUIRoot/VerticalSafeAreaRoot/ContentSlot/Dimension1Panel/D1CommandCenterProductionRoot/Nav_ÁRBOL	Canvas/HUD/VerticalUIRoot/VerticalSafeAreaRoot/ContentSlot/Dimension1Panel/D1CommandCenterProductionRoot/Nav_ÁRBOL
32_return_center	720	1280	Canvas/HUD/VerticalUIRoot/VerticalSafeAreaRoot/ContentSlot/Dimension1Panel/D1CommandCenterProductionRoot/Nav_ÁRBOL	2	673.60	38.13	OK	Canvas/HUD/VerticalUIRoot/VerticalSafeAreaRoot/ContentSlot/Dimension1Panel/D1CommandCenterProductionRoot/Nav_ÁRBOL	Canvas/HUD/VerticalUIRoot/VerticalSafeAreaRoot/ContentSlot/Dimension1Panel/D1CommandCenterProductionRoot/Nav_ÁRBOL
32_return_center	720	1280	Canvas/HUD/VerticalUIRoot/VerticalSafeAreaRoot/ContentSlot/Dimension1Panel/D1CommandCenterProductionRoot/Nav_ÁRBOL	3	594.40	108.53	OK	Canvas/HUD/VerticalUIRoot/VerticalSafeAreaRoot/ContentSlot/Dimension1Panel/D1CommandCenterProductionRoot/Nav_ÁRBOL	Canvas/HUD/VerticalUIRoot/VerticalSafeAreaRoot/ContentSlot/Dimension1Panel/D1CommandCenterProductionRoot/Nav_ÁRBOL
32_return_center	720	1280	Canvas/HUD/VerticalUIRoot/VerticalSafeAreaRoot/ContentSlot/Dimension1Panel/D1CommandCenterProductionRoot/Nav_ÁRBOL	4	673.60	108.53	OK	Canvas/HUD/VerticalUIRoot/VerticalSafeAreaRoot/ContentSlot/Dimension1Panel/D1CommandCenterProductionRoot/Nav_ÁRBOL	Canvas/HUD/VerticalUIRoot/VerticalSafeAreaRoot/ContentSlot/Dimension1Panel/D1CommandCenterProductionRoot/Nav_ÁRBOL
32_return_center	720	1280	Canvas/HUD/VerticalUIRoot/VerticalSafeAreaRoot/ContentSlot/Dimension1Panel/D1CommandCenterProductionRoot/CommandDashboard/SectorCard	0	100.67	861.33	OK	Canvas/HUD/VerticalUIRoot/VerticalSafeAreaRoot/ContentSlot/Dimension1Panel/D1CommandCenterProductionRoot/CommandDashboard/SectorCard	Canvas/HUD/VerticalUIRoot/VerticalSafeAreaRoot/ContentSlot/Dimension1Panel/D1CommandCenterProductionRoot/CommandDashboard/SectorCard
32_return_center	720	1280	Canvas/HUD/VerticalUIRoot/VerticalSafeAreaRoot/ContentSlot/Dimension1Panel/D1CommandCenterProductionRoot/CommandDashboard/SectorCard	1	43.47	804.53	OK	Canvas/HUD/VerticalUIRoot/VerticalSafeAreaRoot/ContentSlot/Dimension1Panel/D1CommandCenterProductionRoot/CommandDashboard/SectorCard	Canvas/HUD/VerticalUIRoot/VerticalSafeAreaRoot/ContentSlot/Dimension1Panel/D1CommandCenterProductionRoot/CommandDashboard/SectorCard
32_return_center	720	1280	Canvas/HUD/VerticalUIRoot/VerticalSafeAreaRoot/ContentSlot/Dimension1Panel/D1CommandCenterProductionRoot/CommandDashboard/SectorCard	2	157.87	804.53	OK	Canvas/HUD/VerticalUIRoot/VerticalSafeAreaRoot/ContentSlot/Dimension1Panel/D1CommandCenterProductionRoot/CommandDashboard/SectorCard	Canvas/HUD/VerticalUIRoot/VerticalSafeAreaRoot/ContentSlot/Dimension1Panel/D1CommandCenterProductionRoot/CommandDashboard/SectorCard
32_return_center	720	1280	Canvas/HUD/VerticalUIRoot/VerticalSafeAreaRoot/ContentSlot/Dimension1Panel/D1CommandCenterProductionRoot/CommandDashboard/SectorCard	3	43.47	918.13	OK	Canvas/HUD/VerticalUIRoot/VerticalSafeAreaRoot/ContentSlot/Dimension1Panel/D1CommandCenterProductionRoot/CommandDashboard/SectorCard/DetailedLineIcon	Canvas/HUD/VerticalUIRoot/VerticalSafeAreaRoot/ContentSlot/Dimension1Panel/D1CommandCenterProductionRoot/CommandDashboard/SectorCard
32_return_center	720	1280	Canvas/HUD/VerticalUIRoot/VerticalSafeAreaRoot/ContentSlot/Dimension1Panel/D1CommandCenterProductionRoot/CommandDashboard/SectorCard	4	157.87	918.13	OK	Canvas/HUD/VerticalUIRoot/VerticalSafeAreaRoot/ContentSlot/Dimension1Panel/D1CommandCenterProductionRoot/CommandDashboard/SectorCard/DetailedLineIcon	Canvas/HUD/VerticalUIRoot/VerticalSafeAreaRoot/ContentSlot/Dimension1Panel/D1CommandCenterProductionRoot/CommandDashboard/SectorCard
32_return_center	720	1280	Canvas/HUD/VerticalUIRoot/VerticalSafeAreaRoot/ContentSlot/Dimension1Panel/OpenGalaxyPanelButton	0	826.67	1017.33	OFFSCREEN	<none>	<none>
32_return_center	720	1280	Canvas/HUD/VerticalUIRoot/VerticalSafeAreaRoot/ContentSlot/Dimension1Panel/OpenGalaxyPanelButton	1	794.67	1011.33	OFFSCREEN	<none>	<none>
32_return_center	720	1280	Canvas/HUD/VerticalUIRoot/VerticalSafeAreaRoot/ContentSlot/Dimension1Panel/OpenGalaxyPanelButton	2	858.67	1011.33	OFFSCREEN	<none>	<none>
32_return_center	720	1280	Canvas/HUD/VerticalUIRoot/VerticalSafeAreaRoot/ContentSlot/Dimension1Panel/OpenGalaxyPanelButton	3	794.67	1023.33	OFFSCREEN	<none>	<none>
32_return_center	720	1280	Canvas/HUD/VerticalUIRoot/VerticalSafeAreaRoot/ContentSlot/Dimension1Panel/OpenGalaxyPanelButton	4	858.67	1023.33	OFFSCREEN	<none>	<none>
32_return_center	720	1280	Canvas/HUD/VerticalUIRoot/VerticalSafeAreaRoot/ContentSlot/Dimension1Panel/D1CommandCenterProductionRoot/CommandDashboard/FleetCard	0	100.67	457.33	OK	Canvas/HUD/VerticalUIRoot/VerticalSafeAreaRoot/ContentSlot/Dimension1Panel/D1CommandCenterProductionRoot/CommandDashboard/FleetCard	Canvas/HUD/VerticalUIRoot/VerticalSafeAreaRoot/ContentSlot/Dimension1Panel/D1CommandCenterProductionRoot/CommandDashboard/FleetCard
32_return_center	720	1280	Canvas/HUD/VerticalUIRoot/VerticalSafeAreaRoot/ContentSlot/Dimension1Panel/D1CommandCenterProductionRoot/CommandDashboard/FleetCard	1	43.47	400.53	OK	Canvas/HUD/VerticalUIRoot/VerticalSafeAreaRoot/ContentSlot/Dimension1Panel/D1CommandCenterProductionRoot/CommandDashboard/FleetCard	Canvas/HUD/VerticalUIRoot/VerticalSafeAreaRoot/ContentSlot/Dimension1Panel/D1CommandCenterProductionRoot/CommandDashboard/FleetCard
32_return_center	720	1280	Canvas/HUD/VerticalUIRoot/VerticalSafeAreaRoot/ContentSlot/Dimension1Panel/D1CommandCenterProductionRoot/CommandDashboard/FleetCard	2	157.87	400.53	OK	Canvas/HUD/VerticalUIRoot/VerticalSafeAreaRoot/ContentSlot/Dimension1Panel/D1CommandCenterProductionRoot/CommandDashboard/FleetCard	Canvas/HUD/VerticalUIRoot/VerticalSafeAreaRoot/ContentSlot/Dimension1Panel/D1CommandCenterProductionRoot/CommandDashboard/FleetCard
32_return_center	720	1280	Canvas/HUD/VerticalUIRoot/VerticalSafeAreaRoot/ContentSlot/Dimension1Panel/D1CommandCenterProductionRoot/CommandDashboard/FleetCard	3	43.47	514.13	OK	Canvas/HUD/VerticalUIRoot/VerticalSafeAreaRoot/ContentSlot/Dimension1Panel/D1CommandCenterProductionRoot/CommandDashboard/FleetCard/DetailedLineIcon	Canvas/HUD/VerticalUIRoot/VerticalSafeAreaRoot/ContentSlot/Dimension1Panel/D1CommandCenterProductionRoot/CommandDashboard/FleetCard
32_return_center	720	1280	Canvas/HUD/VerticalUIRoot/VerticalSafeAreaRoot/ContentSlot/Dimension1Panel/D1CommandCenterProductionRoot/CommandDashboard/FleetCard	4	157.87	514.13	OK	Canvas/HUD/VerticalUIRoot/VerticalSafeAreaRoot/ContentSlot/Dimension1Panel/D1CommandCenterProductionRoot/CommandDashboard/FleetCard/DetailedLineIcon	Canvas/HUD/VerticalUIRoot/VerticalSafeAreaRoot/ContentSlot/Dimension1Panel/D1CommandCenterProductionRoot/CommandDashboard/FleetCard
32_return_center	720	1280	Canvas/HUD/VerticalUIRoot/VerticalSafeAreaRoot/ContentSlot/Dimension1Panel/D1CommandCenterProductionRoot/Nav_HANGAR	0	358.00	73.33	OK	Canvas/HUD/VerticalUIRoot/VerticalSafeAreaRoot/ContentSlot/Dimension1Panel/D1CommandCenterProductionRoot/Nav_HANGAR	Canvas/HUD/VerticalUIRoot/VerticalSafeAreaRoot/ContentSlot/Dimension1Panel/D1CommandCenterProductionRoot/Nav_HANGAR
32_return_center	720	1280	Canvas/HUD/VerticalUIRoot/VerticalSafeAreaRoot/ContentSlot/Dimension1Panel/D1CommandCenterProductionRoot/Nav_HANGAR	1	318.40	38.13	OK	Canvas/HUD/VerticalUIRoot/VerticalSafeAreaRoot/ContentSlot/Dimension1Panel/D1CommandCenterProductionRoot/Nav_HANGAR	Canvas/HUD/VerticalUIRoot/VerticalSafeAreaRoot/ContentSlot/Dimension1Panel/D1CommandCenterProductionRoot/Nav_HANGAR
32_return_center	720	1280	Canvas/HUD/VerticalUIRoot/VerticalSafeAreaRoot/ContentSlot/Dimension1Panel/D1CommandCenterProductionRoot/Nav_HANGAR	2	397.60	38.13	OK	Canvas/HUD/VerticalUIRoot/VerticalSafeAreaRoot/ContentSlot/Dimension1Panel/D1CommandCenterProductionRoot/Nav_HANGAR	Canvas/HUD/VerticalUIRoot/VerticalSafeAreaRoot/ContentSlot/Dimension1Panel/D1CommandCenterProductionRoot/Nav_HANGAR
32_return_center	720	1280	Canvas/HUD/VerticalUIRoot/VerticalSafeAreaRoot/ContentSlot/Dimension1Panel/D1CommandCenterProductionRoot/Nav_HANGAR	3	318.40	108.53	OK	Canvas/HUD/VerticalUIRoot/VerticalSafeAreaRoot/ContentSlot/Dimension1Panel/D1CommandCenterProductionRoot/Nav_HANGAR	Canvas/HUD/VerticalUIRoot/VerticalSafeAreaRoot/ContentSlot/Dimension1Panel/D1CommandCenterProductionRoot/Nav_HANGAR
32_return_center	720	1280	Canvas/HUD/VerticalUIRoot/VerticalSafeAreaRoot/ContentSlot/Dimension1Panel/D1CommandCenterProductionRoot/Nav_HANGAR	4	397.60	108.53	OK	Canvas/HUD/VerticalUIRoot/VerticalSafeAreaRoot/ContentSlot/Dimension1Panel/D1CommandCenterProductionRoot/Nav_HANGAR	Canvas/HUD/VerticalUIRoot/VerticalSafeAreaRoot/ContentSlot/Dimension1Panel/D1CommandCenterProductionRoot/Nav_HANGAR
32_return_center	720	1280	Canvas/HUD/VerticalUIRoot/VerticalSafeAreaRoot/ContentSlot/Dimension1Panel/D1CommandCenterProductionRoot/CommandDashboard/RelicsCard	0	619.33	861.33	OK	Canvas/HUD/VerticalUIRoot/VerticalSafeAreaRoot/ContentSlot/Dimension1Panel/D1CommandCenterProductionRoot/CommandDashboard/RelicsCard	Canvas/HUD/VerticalUIRoot/VerticalSafeAreaRoot/ContentSlot/Dimension1Panel/D1CommandCenterProductionRoot/CommandDashboard/RelicsCard
32_return_center	720	1280	Canvas/HUD/VerticalUIRoot/VerticalSafeAreaRoot/ContentSlot/Dimension1Panel/D1CommandCenterProductionRoot/CommandDashboard/RelicsCard	1	562.13	804.53	OK	Canvas/HUD/VerticalUIRoot/VerticalSafeAreaRoot/ContentSlot/Dimension1Panel/D1CommandCenterProductionRoot/CommandDashboard/RelicsCard	Canvas/HUD/VerticalUIRoot/VerticalSafeAreaRoot/ContentSlot/Dimension1Panel/D1CommandCenterProductionRoot/CommandDashboard/RelicsCard
32_return_center	720	1280	Canvas/HUD/VerticalUIRoot/VerticalSafeAreaRoot/ContentSlot/Dimension1Panel/D1CommandCenterProductionRoot/CommandDashboard/RelicsCard	2	676.53	804.53	OK	Canvas/HUD/VerticalUIRoot/VerticalSafeAreaRoot/ContentSlot/Dimension1Panel/D1CommandCenterProductionRoot/CommandDashboard/RelicsCard	Canvas/HUD/VerticalUIRoot/VerticalSafeAreaRoot/ContentSlot/Dimension1Panel/D1CommandCenterProductionRoot/CommandDashboard/RelicsCard
32_return_center	720	1280	Canvas/HUD/VerticalUIRoot/VerticalSafeAreaRoot/ContentSlot/Dimension1Panel/D1CommandCenterProductionRoot/CommandDashboard/RelicsCard	3	562.13	918.13	OK	Canvas/HUD/VerticalUIRoot/VerticalSafeAreaRoot/ContentSlot/Dimension1Panel/D1CommandCenterProductionRoot/CommandDashboard/RelicsCard/DetailedLineIcon	Canvas/HUD/VerticalUIRoot/VerticalSafeAreaRoot/ContentSlot/Dimension1Panel/D1CommandCenterProductionRoot/CommandDashboard/RelicsCard
32_return_center	720	1280	Canvas/HUD/VerticalUIRoot/VerticalSafeAreaRoot/ContentSlot/Dimension1Panel/D1CommandCenterProductionRoot/CommandDashboard/RelicsCard	4	676.53	918.13	OK	Canvas/HUD/VerticalUIRoot/VerticalSafeAreaRoot/ContentSlot/Dimension1Panel/D1CommandCenterProductionRoot/CommandDashboard/RelicsCard/DetailedLineIcon	Canvas/HUD/VerticalUIRoot/VerticalSafeAreaRoot/ContentSlot/Dimension1Panel/D1CommandCenterProductionRoot/CommandDashboard/RelicsCard
32_return_center	720	1280	Canvas/HUD/VerticalUIRoot/VerticalSafeAreaRoot/ContentSlot/Dimension1Panel/D1CommandCenterProductionRoot/Nav_GALAXIA	0	82.00	73.33	OK	Canvas/HUD/VerticalUIRoot/VerticalSafeAreaRoot/ContentSlot/Dimension1Panel/D1CommandCenterProductionRoot/Nav_GALAXIA	Canvas/HUD/VerticalUIRoot/VerticalSafeAreaRoot/ContentSlot/Dimension1Panel/D1CommandCenterProductionRoot/Nav_GALAXIA
32_return_center	720	1280	Canvas/HUD/VerticalUIRoot/VerticalSafeAreaRoot/ContentSlot/Dimension1Panel/D1CommandCenterProductionRoot/Nav_GALAXIA	1	42.40	38.13	OK	Canvas/HUD/VerticalUIRoot/VerticalSafeAreaRoot/ContentSlot/Dimension1Panel/D1CommandCenterProductionRoot/Nav_GALAXIA	Canvas/HUD/VerticalUIRoot/VerticalSafeAreaRoot/ContentSlot/Dimension1Panel/D1CommandCenterProductionRoot/Nav_GALAXIA
32_return_center	720	1280	Canvas/HUD/VerticalUIRoot/VerticalSafeAreaRoot/ContentSlot/Dimension1Panel/D1CommandCenterProductionRoot/Nav_GALAXIA	2	121.60	38.13	OK	Canvas/HUD/VerticalUIRoot/VerticalSafeAreaRoot/ContentSlot/Dimension1Panel/D1CommandCenterProductionRoot/Nav_GALAXIA	Canvas/HUD/VerticalUIRoot/VerticalSafeAreaRoot/ContentSlot/Dimension1Panel/D1CommandCenterProductionRoot/Nav_GALAXIA
32_return_center	720	1280	Canvas/HUD/VerticalUIRoot/VerticalSafeAreaRoot/ContentSlot/Dimension1Panel/D1CommandCenterProductionRoot/Nav_GALAXIA	3	42.40	108.53	OK	Canvas/HUD/VerticalUIRoot/VerticalSafeAreaRoot/ContentSlot/Dimension1Panel/D1CommandCenterProductionRoot/Nav_GALAXIA	Canvas/HUD/VerticalUIRoot/VerticalSafeAreaRoot/ContentSlot/Dimension1Panel/D1CommandCenterProductionRoot/Nav_GALAXIA
32_return_center	720	1280	Canvas/HUD/VerticalUIRoot/VerticalSafeAreaRoot/ContentSlot/Dimension1Panel/D1CommandCenterProductionRoot/Nav_GALAXIA	4	121.60	108.53	OK	Canvas/HUD/VerticalUIRoot/VerticalSafeAreaRoot/ContentSlot/Dimension1Panel/D1CommandCenterProductionRoot/Nav_GALAXIA	Canvas/HUD/VerticalUIRoot/VerticalSafeAreaRoot/ContentSlot/Dimension1Panel/D1CommandCenterProductionRoot/Nav_GALAXIA
32_return_center	720	1280	Canvas/HUD/VerticalUIRoot/VerticalSafeAreaRoot/ContentSlot/Dimension1Panel/OpenHangarPanelButton	0	826.67	950.67	OFFSCREEN	<none>	<none>
32_return_center	720	1280	Canvas/HUD/VerticalUIRoot/VerticalSafeAreaRoot/ContentSlot/Dimension1Panel/OpenHangarPanelButton	1	794.67	944.67	OFFSCREEN	<none>	<none>
32_return_center	720	1280	Canvas/HUD/VerticalUIRoot/VerticalSafeAreaRoot/ContentSlot/Dimension1Panel/OpenHangarPanelButton	2	858.67	944.67	OFFSCREEN	<none>	<none>
32_return_center	720	1280	Canvas/HUD/VerticalUIRoot/VerticalSafeAreaRoot/ContentSlot/Dimension1Panel/OpenHangarPanelButton	3	794.67	956.67	OFFSCREEN	<none>	<none>
32_return_center	720	1280	Canvas/HUD/VerticalUIRoot/VerticalSafeAreaRoot/ContentSlot/Dimension1Panel/OpenHangarPanelButton	4	858.67	956.67	OFFSCREEN	<none>	<none>
32_return_center	720	1280	Canvas/HUD/VerticalUIRoot/VerticalSafeAreaRoot/ContentSlot/Dimension1Panel/D1CommandCenterProductionRoot/CommandDashboard/ScannerCard	0	100.67	659.33	OK	Canvas/HUD/VerticalUIRoot/VerticalSafeAreaRoot/ContentSlot/Dimension1Panel/D1CommandCenterProductionRoot/CommandDashboard/ScannerCard	Canvas/HUD/VerticalUIRoot/VerticalSafeAreaRoot/ContentSlot/Dimension1Panel/D1CommandCenterProductionRoot/CommandDashboard/ScannerCard
32_return_center	720	1280	Canvas/HUD/VerticalUIRoot/VerticalSafeAreaRoot/ContentSlot/Dimension1Panel/D1CommandCenterProductionRoot/CommandDashboard/ScannerCard	1	43.47	602.53	OK	Canvas/HUD/VerticalUIRoot/VerticalSafeAreaRoot/ContentSlot/Dimension1Panel/D1CommandCenterProductionRoot/CommandDashboard/ScannerCard	Canvas/HUD/VerticalUIRoot/VerticalSafeAreaRoot/ContentSlot/Dimension1Panel/D1CommandCenterProductionRoot/CommandDashboard/ScannerCard
32_return_center	720	1280	Canvas/HUD/VerticalUIRoot/VerticalSafeAreaRoot/ContentSlot/Dimension1Panel/D1CommandCenterProductionRoot/CommandDashboard/ScannerCard	2	157.87	602.53	OK	Canvas/HUD/VerticalUIRoot/VerticalSafeAreaRoot/ContentSlot/Dimension1Panel/D1CommandCenterProductionRoot/CommandDashboard/ScannerCard	Canvas/HUD/VerticalUIRoot/VerticalSafeAreaRoot/ContentSlot/Dimension1Panel/D1CommandCenterProductionRoot/CommandDashboard/ScannerCard
32_return_center	720	1280	Canvas/HUD/VerticalUIRoot/VerticalSafeAreaRoot/ContentSlot/Dimension1Panel/D1CommandCenterProductionRoot/CommandDashboard/ScannerCard	3	43.47	716.13	OK	Canvas/HUD/VerticalUIRoot/VerticalSafeAreaRoot/ContentSlot/Dimension1Panel/D1CommandCenterProductionRoot/CommandDashboard/ScannerCard/DetailedLineIcon	Canvas/HUD/VerticalUIRoot/VerticalSafeAreaRoot/ContentSlot/Dimension1Panel/D1CommandCenterProductionRoot/CommandDashboard/ScannerCard
32_return_center	720	1280	Canvas/HUD/VerticalUIRoot/VerticalSafeAreaRoot/ContentSlot/Dimension1Panel/D1CommandCenterProductionRoot/CommandDashboard/ScannerCard	4	157.87	716.13	OK	Canvas/HUD/VerticalUIRoot/VerticalSafeAreaRoot/ContentSlot/Dimension1Panel/D1CommandCenterProductionRoot/CommandDashboard/ScannerCard/DetailedLineIcon	Canvas/HUD/VerticalUIRoot/VerticalSafeAreaRoot/ContentSlot/Dimension1Panel/D1CommandCenterProductionRoot/CommandDashboard/ScannerCard
32_return_center	720	1280	Canvas/HUD/VerticalUIRoot/VerticalSafeAreaRoot/ContentSlot/Dimension1Panel/D1CommandCenterProductionRoot/MetalsButton	0	614.33	1178.67	OK	Canvas/HUD/VerticalUIRoot/VerticalSafeAreaRoot/ContentSlot/Dimension1Panel/D1CommandCenterProductionRoot/MetalsButton	Canvas/HUD/VerticalUIRoot/VerticalSafeAreaRoot/ContentSlot/Dimension1Panel/D1CommandCenterProductionRoot/MetalsButton
32_return_center	720	1280	Canvas/HUD/VerticalUIRoot/VerticalSafeAreaRoot/ContentSlot/Dimension1Panel/D1CommandCenterProductionRoot/MetalsButton	1	565.33	1158.67	OK	Canvas/HUD/VerticalUIRoot/VerticalSafeAreaRoot/ContentSlot/Dimension1Panel/D1CommandCenterProductionRoot/MetalsButton	Canvas/HUD/VerticalUIRoot/VerticalSafeAreaRoot/ContentSlot/Dimension1Panel/D1CommandCenterProductionRoot/MetalsButton
32_return_center	720	1280	Canvas/HUD/VerticalUIRoot/VerticalSafeAreaRoot/ContentSlot/Dimension1Panel/D1CommandCenterProductionRoot/MetalsButton	2	663.33	1158.67	OK	Canvas/HUD/VerticalUIRoot/VerticalSafeAreaRoot/ContentSlot/Dimension1Panel/D1CommandCenterProductionRoot/MetalsButton	Canvas/HUD/VerticalUIRoot/VerticalSafeAreaRoot/ContentSlot/Dimension1Panel/D1CommandCenterProductionRoot/MetalsButton
32_return_center	720	1280	Canvas/HUD/VerticalUIRoot/VerticalSafeAreaRoot/ContentSlot/Dimension1Panel/D1CommandCenterProductionRoot/MetalsButton	3	565.33	1198.67	OK	Canvas/HUD/VerticalUIRoot/VerticalSafeAreaRoot/ContentSlot/Dimension1Panel/D1CommandCenterProductionRoot/MetalsButton	Canvas/HUD/VerticalUIRoot/VerticalSafeAreaRoot/ContentSlot/Dimension1Panel/D1CommandCenterProductionRoot/MetalsButton
32_return_center	720	1280	Canvas/HUD/VerticalUIRoot/VerticalSafeAreaRoot/ContentSlot/Dimension1Panel/D1CommandCenterProductionRoot/MetalsButton	4	663.33	1198.67	OK	Canvas/HUD/VerticalUIRoot/VerticalSafeAreaRoot/ContentSlot/Dimension1Panel/D1CommandCenterProductionRoot/MetalsButton	Canvas/HUD/VerticalUIRoot/VerticalSafeAreaRoot/ContentSlot/Dimension1Panel/D1CommandCenterProductionRoot/MetalsButton
32_return_center	720	1280	Canvas/HUD/VerticalUIRoot/VerticalSafeAreaRoot/ContentSlot/Dimension1Panel/OpenRelicChamberPanelButton	0	826.67	984.00	OFFSCREEN	<none>	<none>
32_return_center	720	1280	Canvas/HUD/VerticalUIRoot/VerticalSafeAreaRoot/ContentSlot/Dimension1Panel/OpenRelicChamberPanelButton	1	794.67	978.00	OFFSCREEN	<none>	<none>
32_return_center	720	1280	Canvas/HUD/VerticalUIRoot/VerticalSafeAreaRoot/ContentSlot/Dimension1Panel/OpenRelicChamberPanelButton	2	858.67	978.00	OFFSCREEN	<none>	<none>
32_return_center	720	1280	Canvas/HUD/VerticalUIRoot/VerticalSafeAreaRoot/ContentSlot/Dimension1Panel/OpenRelicChamberPanelButton	3	794.67	990.00	OFFSCREEN	<none>	<none>
32_return_center	720	1280	Canvas/HUD/VerticalUIRoot/VerticalSafeAreaRoot/ContentSlot/Dimension1Panel/OpenRelicChamberPanelButton	4	858.67	990.00	OFFSCREEN	<none>	<none>
32_return_center	720	1280	Canvas/HUD/VerticalUIRoot/VerticalSafeAreaRoot/ContentSlot/Dimension1Panel/Registro	0	-40.00	950.67	OFFSCREEN	<none>	<none>
32_return_center	720	1280	Canvas/HUD/VerticalUIRoot/VerticalSafeAreaRoot/ContentSlot/Dimension1Panel/Registro	1	-72.00	944.67	OFFSCREEN	<none>	<none>
32_return_center	720	1280	Canvas/HUD/VerticalUIRoot/VerticalSafeAreaRoot/ContentSlot/Dimension1Panel/Registro	2	-8.00	944.67	OFFSCREEN	<none>	<none>
32_return_center	720	1280	Canvas/HUD/VerticalUIRoot/VerticalSafeAreaRoot/ContentSlot/Dimension1Panel/Registro	3	-72.00	956.67	OFFSCREEN	<none>	<none>
32_return_center	720	1280	Canvas/HUD/VerticalUIRoot/VerticalSafeAreaRoot/ContentSlot/Dimension1Panel/Registro	4	-8.00	956.67	OFFSCREEN	<none>	<none>
32_return_center	720	1280	Canvas/HUD/VerticalUIRoot/VerticalSafeAreaRoot/ContentSlot/Dimension1Panel/OpenDimension1TreePanelButton	0	826.67	917.33	OFFSCREEN	<none>	<none>
32_return_center	720	1280	Canvas/HUD/VerticalUIRoot/VerticalSafeAreaRoot/ContentSlot/Dimension1Panel/OpenDimension1TreePanelButton	1	794.67	911.33	OFFSCREEN	<none>	<none>
32_return_center	720	1280	Canvas/HUD/VerticalUIRoot/VerticalSafeAreaRoot/ContentSlot/Dimension1Panel/OpenDimension1TreePanelButton	2	858.67	911.33	OFFSCREEN	<none>	<none>
32_return_center	720	1280	Canvas/HUD/VerticalUIRoot/VerticalSafeAreaRoot/ContentSlot/Dimension1Panel/OpenDimension1TreePanelButton	3	794.67	923.33	OFFSCREEN	<none>	<none>
32_return_center	720	1280	Canvas/HUD/VerticalUIRoot/VerticalSafeAreaRoot/ContentSlot/Dimension1Panel/OpenDimension1TreePanelButton	4	858.67	923.33	OFFSCREEN	<none>	<none>
32_return_center	720	1280	Canvas/HUD/VerticalUIRoot/VerticalSafeAreaRoot/ContentSlot/Dimension1Panel/D1CommandCenterProductionRoot/Nav_RELIQUIAS	0	496.00	73.33	OK	Canvas/HUD/VerticalUIRoot/VerticalSafeAreaRoot/ContentSlot/Dimension1Panel/D1CommandCenterProductionRoot/Nav_RELIQUIAS	Canvas/HUD/VerticalUIRoot/VerticalSafeAreaRoot/ContentSlot/Dimension1Panel/D1CommandCenterProductionRoot/Nav_RELIQUIAS
32_return_center	720	1280	Canvas/HUD/VerticalUIRoot/VerticalSafeAreaRoot/ContentSlot/Dimension1Panel/D1CommandCenterProductionRoot/Nav_RELIQUIAS	1	456.40	38.13	OK	Canvas/HUD/VerticalUIRoot/VerticalSafeAreaRoot/ContentSlot/Dimension1Panel/D1CommandCenterProductionRoot/Nav_RELIQUIAS	Canvas/HUD/VerticalUIRoot/VerticalSafeAreaRoot/ContentSlot/Dimension1Panel/D1CommandCenterProductionRoot/Nav_RELIQUIAS
32_return_center	720	1280	Canvas/HUD/VerticalUIRoot/VerticalSafeAreaRoot/ContentSlot/Dimension1Panel/D1CommandCenterProductionRoot/Nav_RELIQUIAS	2	535.60	38.13	OK	Canvas/HUD/VerticalUIRoot/VerticalSafeAreaRoot/ContentSlot/Dimension1Panel/D1CommandCenterProductionRoot/Nav_RELIQUIAS	Canvas/HUD/VerticalUIRoot/VerticalSafeAreaRoot/ContentSlot/Dimension1Panel/D1CommandCenterProductionRoot/Nav_RELIQUIAS
32_return_center	720	1280	Canvas/HUD/VerticalUIRoot/VerticalSafeAreaRoot/ContentSlot/Dimension1Panel/D1CommandCenterProductionRoot/Nav_RELIQUIAS	3	456.40	108.53	OK	Canvas/HUD/VerticalUIRoot/VerticalSafeAreaRoot/ContentSlot/Dimension1Panel/D1CommandCenterProductionRoot/Nav_RELIQUIAS	Canvas/HUD/VerticalUIRoot/VerticalSafeAreaRoot/ContentSlot/Dimension1Panel/D1CommandCenterProductionRoot/Nav_RELIQUIAS
32_return_center	720	1280	Canvas/HUD/VerticalUIRoot/VerticalSafeAreaRoot/ContentSlot/Dimension1Panel/D1CommandCenterProductionRoot/Nav_RELIQUIAS	4	535.60	108.53	OK	Canvas/HUD/VerticalUIRoot/VerticalSafeAreaRoot/ContentSlot/Dimension1Panel/D1CommandCenterProductionRoot/Nav_RELIQUIAS	Canvas/HUD/VerticalUIRoot/VerticalSafeAreaRoot/ContentSlot/Dimension1Panel/D1CommandCenterProductionRoot/Nav_RELIQUIAS
32_return_center	720	1280	Canvas/HUD/VerticalUIRoot/VerticalSafeAreaRoot/ContentSlot/Dimension1Panel/D1CommandCenterProductionRoot/CommandDashboard/ExpeditionsCard	0	619.33	457.33	OK	Canvas/HUD/VerticalUIRoot/VerticalSafeAreaRoot/ContentSlot/Dimension1Panel/D1CommandCenterProductionRoot/CommandDashboard/ExpeditionsCard	Canvas/HUD/VerticalUIRoot/VerticalSafeAreaRoot/ContentSlot/Dimension1Panel/D1CommandCenterProductionRoot/CommandDashboard/ExpeditionsCard
32_return_center	720	1280	Canvas/HUD/VerticalUIRoot/VerticalSafeAreaRoot/ContentSlot/Dimension1Panel/D1CommandCenterProductionRoot/CommandDashboard/ExpeditionsCard	1	562.13	400.53	OK	Canvas/HUD/VerticalUIRoot/VerticalSafeAreaRoot/ContentSlot/Dimension1Panel/D1CommandCenterProductionRoot/CommandDashboard/ExpeditionsCard	Canvas/HUD/VerticalUIRoot/VerticalSafeAreaRoot/ContentSlot/Dimension1Panel/D1CommandCenterProductionRoot/CommandDashboard/ExpeditionsCard
32_return_center	720	1280	Canvas/HUD/VerticalUIRoot/VerticalSafeAreaRoot/ContentSlot/Dimension1Panel/D1CommandCenterProductionRoot/CommandDashboard/ExpeditionsCard	2	676.53	400.53	OK	Canvas/HUD/VerticalUIRoot/VerticalSafeAreaRoot/ContentSlot/Dimension1Panel/D1CommandCenterProductionRoot/CommandDashboard/ExpeditionsCard	Canvas/HUD/VerticalUIRoot/VerticalSafeAreaRoot/ContentSlot/Dimension1Panel/D1CommandCenterProductionRoot/CommandDashboard/ExpeditionsCard
32_return_center	720	1280	Canvas/HUD/VerticalUIRoot/VerticalSafeAreaRoot/ContentSlot/Dimension1Panel/D1CommandCenterProductionRoot/CommandDashboard/ExpeditionsCard	3	562.13	514.13	OK	Canvas/HUD/VerticalUIRoot/VerticalSafeAreaRoot/ContentSlot/Dimension1Panel/D1CommandCenterProductionRoot/CommandDashboard/ExpeditionsCard/DetailedLineIcon	Canvas/HUD/VerticalUIRoot/VerticalSafeAreaRoot/ContentSlot/Dimension1Panel/D1CommandCenterProductionRoot/CommandDashboard/ExpeditionsCard
32_return_center	720	1280	Canvas/HUD/VerticalUIRoot/VerticalSafeAreaRoot/ContentSlot/Dimension1Panel/D1CommandCenterProductionRoot/CommandDashboard/ExpeditionsCard	4	676.53	514.13	OK	Canvas/HUD/VerticalUIRoot/VerticalSafeAreaRoot/ContentSlot/Dimension1Panel/D1CommandCenterProductionRoot/CommandDashboard/ExpeditionsCard/DetailedLineIcon	Canvas/HUD/VerticalUIRoot/VerticalSafeAreaRoot/ContentSlot/Dimension1Panel/D1CommandCenterProductionRoot/CommandDashboard/ExpeditionsCard
