state	screen_width	screen_height	button	sample	x	y	result	first_hit	handler
01_center	1080	1920	Canvas/HUD/VerticalUIRoot/VerticalSafeAreaRoot/ContentSlot/Dimension1Panel/D1CommandCenterProductionRoot/DimensionDrawerToggle	0	540.00	227.00	OK	Canvas/HUD/VerticalUIRoot/VerticalSafeAreaRoot/ContentSlot/Dimension1Panel/D1CommandCenterProductionRoot/DimensionDrawerToggle	Canvas/HUD/VerticalUIRoot/VerticalSafeAreaRoot/ContentSlot/Dimension1Panel/D1CommandCenterProductionRoot/DimensionDrawerToggle
01_center	1080	1920	Canvas/HUD/VerticalUIRoot/VerticalSafeAreaRoot/ContentSlot/Dimension1Panel/D1CommandCenterProductionRoot/DimensionDrawerToggle	1	465.00	216.80	OK	Canvas/HUD/VerticalUIRoot/VerticalSafeAreaRoot/ContentSlot/Dimension1Panel/D1CommandCenterProductionRoot/DimensionDrawerToggle	Canvas/HUD/VerticalUIRoot/VerticalSafeAreaRoot/ContentSlot/Dimension1Panel/D1CommandCenterProductionRoot/DimensionDrawerToggle
01_center	1080	1920	Canvas/HUD/VerticalUIRoot/VerticalSafeAreaRoot/ContentSlot/Dimension1Panel/D1CommandCenterProductionRoot/DimensionDrawerToggle	2	615.00	216.80	OK	Canvas/HUD/VerticalUIRoot/VerticalSafeAreaRoot/ContentSlot/Dimension1Panel/D1CommandCenterProductionRoot/DimensionDrawerToggle	Canvas/HUD/VerticalUIRoot/VerticalSafeAreaRoot/ContentSlot/Dimension1Panel/D1CommandCenterProductionRoot/DimensionDrawerToggle
01_center	1080	1920	Canvas/HUD/VerticalUIRoot/VerticalSafeAreaRoot/ContentSlot/Dimension1Panel/D1CommandCenterProductionRoot/DimensionDrawerToggle	3	465.00	237.20	OK	Canvas/HUD/VerticalUIRoot/VerticalSafeAreaRoot/ContentSlot/Dimension1Panel/D1CommandCenterProductionRoot/DimensionDrawerToggle	Canvas/HUD/VerticalUIRoot/VerticalSafeAreaRoot/ContentSlot/Dimension1Panel/D1CommandCenterProductionRoot/DimensionDrawerToggle
01_center	1080	1920	Canvas/HUD/VerticalUIRoot/VerticalSafeAreaRoot/ContentSlot/Dimension1Panel/D1CommandCenterProductionRoot/DimensionDrawerToggle	4	615.00	237.20	OK	Canvas/HUD/VerticalUIRoot/VerticalSafeAreaRoot/ContentSlot/Dimension1Panel/D1CommandCenterProductionRoot/DimensionDrawerToggle	Canvas/HUD/VerticalUIRoot/VerticalSafeAreaRoot/ContentSlot/Dimension1Panel/D1CommandCenterProductionRoot/DimensionDrawerToggle
01_center	1080	1920	Canvas/HUD/VerticalUIRoot/VerticalSafeAreaRoot/ContentSlot/Dimension1Panel/D1CommandCenterProductionRoot/CommandDashboard/ScannerCard	0	151.00	989.00	OK	Canvas/HUD/VerticalUIRoot/VerticalSafeAreaRoot/ContentSlot/Dimension1Panel/D1CommandCenterProductionRoot/CommandDashboard/ScannerCard	Canvas/HUD/VerticalUIRoot/VerticalSafeAreaRoot/ContentSlot/Dimension1Panel/D1CommandCenterProductionRoot/CommandDashboard/ScannerCard
01_center	1080	1920	Canvas/HUD/VerticalUIRoot/VerticalSafeAreaRoot/ContentSlot/Dimension1Panel/D1CommandCenterProductionRoot/CommandDashboard/ScannerCard	1	65.20	903.80	OK	Canvas/HUD/VerticalUIRoot/VerticalSafeAreaRoot/ContentSlot/Dimension1Panel/D1CommandCenterProductionRoot/CommandDashboard/ScannerCard	Canvas/HUD/VerticalUIRoot/VerticalSafeAreaRoot/ContentSlot/Dimension1Panel/D1CommandCenterProductionRoot/CommandDashboard/ScannerCard
01_center	1080	1920	Canvas/HUD/VerticalUIRoot/VerticalSafeAreaRoot/ContentSlot/Dimension1Panel/D1CommandCenterProductionRoot/CommandDashboard/ScannerCard	2	236.80	903.80	OK	Canvas/HUD/VerticalUIRoot/VerticalSafeAreaRoot/ContentSlot/Dimension1Panel/D1CommandCenterProductionRoot/CommandDashboard/ScannerCard	Canvas/HUD/VerticalUIRoot/VerticalSafeAreaRoot/ContentSlot/Dimension1Panel/D1CommandCenterProductionRoot/CommandDashboard/ScannerCard
01_center	1080	1920	Canvas/HUD/VerticalUIRoot/VerticalSafeAreaRoot/ContentSlot/Dimension1Panel/D1CommandCenterProductionRoot/CommandDashboard/ScannerCard	3	65.20	1074.20	OK	Canvas/HUD/VerticalUIRoot/VerticalSafeAreaRoot/ContentSlot/Dimension1Panel/D1CommandCenterProductionRoot/CommandDashboard/ScannerCard/DetailedLineIcon	Canvas/HUD/VerticalUIRoot/VerticalSafeAreaRoot/ContentSlot/Dimension1Panel/D1CommandCenterProductionRoot/CommandDashboard/ScannerCard
01_center	1080	1920	Canvas/HUD/VerticalUIRoot/VerticalSafeAreaRoot/ContentSlot/Dimension1Panel/D1CommandCenterProductionRoot/CommandDashboard/ScannerCard	4	236.80	1074.20	OK	Canvas/HUD/VerticalUIRoot/VerticalSafeAreaRoot/ContentSlot/Dimension1Panel/D1CommandCenterProductionRoot/CommandDashboard/ScannerCard/DetailedLineIcon	Canvas/HUD/VerticalUIRoot/VerticalSafeAreaRoot/ContentSlot/Dimension1Panel/D1CommandCenterProductionRoot/CommandDashboard/ScannerCard
01_center	1080	1920	Canvas/HUD/VerticalUIRoot/VerticalSafeAreaRoot/ContentSlot/Dimension1Panel/D1CommandCenterProductionRoot/CommandDashboard/FleetCard	0	151.00	686.00	OK	Canvas/HUD/VerticalUIRoot/VerticalSafeAreaRoot/ContentSlot/Dimension1Panel/D1CommandCenterProductionRoot/CommandDashboard/FleetCard	Canvas/HUD/VerticalUIRoot/VerticalSafeAreaRoot/ContentSlot/Dimension1Panel/D1CommandCenterProductionRoot/CommandDashboard/FleetCard
01_center	1080	1920	Canvas/HUD/VerticalUIRoot/VerticalSafeAreaRoot/ContentSlot/Dimension1Panel/D1CommandCenterProductionRoot/CommandDashboard/FleetCard	1	65.20	600.80	OK	Canvas/HUD/VerticalUIRoot/VerticalSafeAreaRoot/ContentSlot/Dimension1Panel/D1CommandCenterProductionRoot/CommandDashboard/FleetCard	Canvas/HUD/VerticalUIRoot/VerticalSafeAreaRoot/ContentSlot/Dimension1Panel/D1CommandCenterProductionRoot/CommandDashboard/FleetCard
01_center	1080	1920	Canvas/HUD/VerticalUIRoot/VerticalSafeAreaRoot/ContentSlot/Dimension1Panel/D1CommandCenterProductionRoot/CommandDashboard/FleetCard	2	236.80	600.80	OK	Canvas/HUD/VerticalUIRoot/VerticalSafeAreaRoot/ContentSlot/Dimension1Panel/D1CommandCenterProductionRoot/CommandDashboard/FleetCard	Canvas/HUD/VerticalUIRoot/VerticalSafeAreaRoot/ContentSlot/Dimension1Panel/D1CommandCenterProductionRoot/CommandDashboard/FleetCard
01_center	1080	1920	Canvas/HUD/VerticalUIRoot/VerticalSafeAreaRoot/ContentSlot/Dimension1Panel/D1CommandCenterProductionRoot/CommandDashboard/FleetCard	3	65.20	771.20	OK	Canvas/HUD/VerticalUIRoot/VerticalSafeAreaRoot/ContentSlot/Dimension1Panel/D1CommandCenterProductionRoot/CommandDashboard/FleetCard/DetailedLineIcon	Canvas/HUD/VerticalUIRoot/VerticalSafeAreaRoot/ContentSlot/Dimension1Panel/D1CommandCenterProductionRoot/CommandDashboard/FleetCard
01_center	1080	1920	Canvas/HUD/VerticalUIRoot/VerticalSafeAreaRoot/ContentSlot/Dimension1Panel/D1CommandCenterProductionRoot/CommandDashboard/FleetCard	4	236.80	771.20	OK	Canvas/HUD/VerticalUIRoot/VerticalSafeAreaRoot/ContentSlot/Dimension1Panel/D1CommandCenterProductionRoot/CommandDashboard/FleetCard/DetailedLineIcon	Canvas/HUD/VerticalUIRoot/VerticalSafeAreaRoot/ContentSlot/Dimension1Panel/D1CommandCenterProductionRoot/CommandDashboard/FleetCard
01_center	1080	1920	Canvas/HUD/VerticalUIRoot/VerticalSafeAreaRoot/ContentSlot/Dimension1Panel/D1CommandCenterProductionRoot/Nav_EXPLORAR	0	330.00	110.00	OK	Canvas/HUD/VerticalUIRoot/VerticalSafeAreaRoot/ContentSlot/Dimension1Panel/D1CommandCenterProductionRoot/Nav_EXPLORAR	Canvas/HUD/VerticalUIRoot/VerticalSafeAreaRoot/ContentSlot/Dimension1Panel/D1CommandCenterProductionRoot/Nav_EXPLORAR
01_center	1080	1920	Canvas/HUD/VerticalUIRoot/VerticalSafeAreaRoot/ContentSlot/Dimension1Panel/D1CommandCenterProductionRoot/Nav_EXPLORAR	1	270.60	57.20	OK	Canvas/HUD/VerticalUIRoot/VerticalSafeAreaRoot/ContentSlot/Dimension1Panel/D1CommandCenterProductionRoot/Nav_EXPLORAR	Canvas/HUD/VerticalUIRoot/VerticalSafeAreaRoot/ContentSlot/Dimension1Panel/D1CommandCenterProductionRoot/Nav_EXPLORAR
01_center	1080	1920	Canvas/HUD/VerticalUIRoot/VerticalSafeAreaRoot/ContentSlot/Dimension1Panel/D1CommandCenterProductionRoot/Nav_EXPLORAR	2	389.40	57.20	OK	Canvas/HUD/VerticalUIRoot/VerticalSafeAreaRoot/ContentSlot/Dimension1Panel/D1CommandCenterProductionRoot/Nav_EXPLORAR	Canvas/HUD/VerticalUIRoot/VerticalSafeAreaRoot/ContentSlot/Dimension1Panel/D1CommandCenterProductionRoot/Nav_EXPLORAR
01_center	1080	1920	Canvas/HUD/VerticalUIRoot/VerticalSafeAreaRoot/ContentSlot/Dimension1Panel/D1CommandCenterProductionRoot/Nav_EXPLORAR	3	270.60	162.80	OK	Canvas/HUD/VerticalUIRoot/VerticalSafeAreaRoot/ContentSlot/Dimension1Panel/D1CommandCenterProductionRoot/Nav_EXPLORAR	Canvas/HUD/VerticalUIRoot/VerticalSafeAreaRoot/ContentSlot/Dimension1Panel/D1CommandCenterProductionRoot/Nav_EXPLORAR
01_center	1080	1920	Canvas/HUD/VerticalUIRoot/VerticalSafeAreaRoot/ContentSlot/Dimension1Panel/D1CommandCenterProductionRoot/Nav_EXPLORAR	4	389.40	162.80	OK	Canvas/HUD/VerticalUIRoot/VerticalSafeAreaRoot/ContentSlot/Dimension1Panel/D1CommandCenterProductionRoot/Nav_EXPLORAR	Canvas/HUD/VerticalUIRoot/VerticalSafeAreaRoot/ContentSlot/Dimension1Panel/D1CommandCenterProductionRoot/Nav_EXPLORAR
01_center	1080	1920	Canvas/HUD/VerticalUIRoot/VerticalSafeAreaRoot/ContentSlot/Dimension1Panel/D1CommandCenterProductionRoot/CommandDashboard/RelicsCard	0	929.00	1292.00	OK	Canvas/HUD/VerticalUIRoot/VerticalSafeAreaRoot/ContentSlot/Dimension1Panel/D1CommandCenterProductionRoot/CommandDashboard/RelicsCard	Canvas/HUD/VerticalUIRoot/VerticalSafeAreaRoot/ContentSlot/Dimension1Panel/D1CommandCenterProductionRoot/CommandDashboard/RelicsCard
01_center	1080	1920	Canvas/HUD/VerticalUIRoot/VerticalSafeAreaRoot/ContentSlot/Dimension1Panel/D1CommandCenterProductionRoot/CommandDashboard/RelicsCard	1	843.20	1206.80	OK	Canvas/HUD/VerticalUIRoot/VerticalSafeAreaRoot/ContentSlot/Dimension1Panel/D1CommandCenterProductionRoot/CommandDashboard/RelicsCard	Canvas/HUD/VerticalUIRoot/VerticalSafeAreaRoot/ContentSlot/Dimension1Panel/D1CommandCenterProductionRoot/CommandDashboard/RelicsCard
01_center	1080	1920	Canvas/HUD/VerticalUIRoot/VerticalSafeAreaRoot/ContentSlot/Dimension1Panel/D1CommandCenterProductionRoot/CommandDashboard/RelicsCard	2	1014.80	1206.80	OK	Canvas/HUD/VerticalUIRoot/VerticalSafeAreaRoot/ContentSlot/Dimension1Panel/D1CommandCenterProductionRoot/CommandDashboard/RelicsCard	Canvas/HUD/VerticalUIRoot/VerticalSafeAreaRoot/ContentSlot/Dimension1Panel/D1CommandCenterProductionRoot/CommandDashboard/RelicsCard
01_center	1080	1920	Canvas/HUD/VerticalUIRoot/VerticalSafeAreaRoot/ContentSlot/Dimension1Panel/D1CommandCenterProductionRoot/CommandDashboard/RelicsCard	3	843.20	1377.20	OK	Canvas/HUD/VerticalUIRoot/VerticalSafeAreaRoot/ContentSlot/Dimension1Panel/D1CommandCenterProductionRoot/CommandDashboard/RelicsCard/DetailedLineIcon	Canvas/HUD/VerticalUIRoot/VerticalSafeAreaRoot/ContentSlot/Dimension1Panel/D1CommandCenterProductionRoot/CommandDashboard/RelicsCard
01_center	1080	1920	Canvas/HUD/VerticalUIRoot/VerticalSafeAreaRoot/ContentSlot/Dimension1Panel/D1CommandCenterProductionRoot/CommandDashboard/RelicsCard	4	1014.80	1377.20	OK	Canvas/HUD/VerticalUIRoot/VerticalSafeAreaRoot/ContentSlot/Dimension1Panel/D1CommandCenterProductionRoot/CommandDashboard/RelicsCard/DetailedLineIcon	Canvas/HUD/VerticalUIRoot/VerticalSafeAreaRoot/ContentSlot/Dimension1Panel/D1CommandCenterProductionRoot/CommandDashboard/RelicsCard
01_center	1080	1920	Canvas/HUD/VerticalUIRoot/VerticalSafeAreaRoot/ContentSlot/Dimension1Panel/OpenRelicChamberPanelButton	0	1240.00	1476.00	OFFSCREEN	<none>	<none>
01_center	1080	1920	Canvas/HUD/VerticalUIRoot/VerticalSafeAreaRoot/ContentSlot/Dimension1Panel/OpenRelicChamberPanelButton	1	1192.00	1467.00	OFFSCREEN	<none>	<none>
01_center	1080	1920	Canvas/HUD/VerticalUIRoot/VerticalSafeAreaRoot/ContentSlot/Dimension1Panel/OpenRelicChamberPanelButton	2	1288.00	1467.00	OFFSCREEN	<none>	<none>
01_center	1080	1920	Canvas/HUD/VerticalUIRoot/VerticalSafeAreaRoot/ContentSlot/Dimension1Panel/OpenRelicChamberPanelButton	3	1192.00	1485.00	OFFSCREEN	<none>	<none>
01_center	1080	1920	Canvas/HUD/VerticalUIRoot/VerticalSafeAreaRoot/ContentSlot/Dimension1Panel/OpenRelicChamberPanelButton	4	1288.00	1485.00	OFFSCREEN	<none>	<none>
01_center	1080	1920	Canvas/HUD/VerticalUIRoot/VerticalSafeAreaRoot/ContentSlot/Dimension1Panel/D1CommandCenterProductionRoot/CommandDashboard/ExpeditionsCard	0	929.00	686.00	OK	Canvas/HUD/VerticalUIRoot/VerticalSafeAreaRoot/ContentSlot/Dimension1Panel/D1CommandCenterProductionRoot/CommandDashboard/ExpeditionsCard	Canvas/HUD/VerticalUIRoot/VerticalSafeAreaRoot/ContentSlot/Dimension1Panel/D1CommandCenterProductionRoot/CommandDashboard/ExpeditionsCard
01_center	1080	1920	Canvas/HUD/VerticalUIRoot/VerticalSafeAreaRoot/ContentSlot/Dimension1Panel/D1CommandCenterProductionRoot/CommandDashboard/ExpeditionsCard	1	843.20	600.80	OK	Canvas/HUD/VerticalUIRoot/VerticalSafeAreaRoot/ContentSlot/Dimension1Panel/D1CommandCenterProductionRoot/CommandDashboard/ExpeditionsCard	Canvas/HUD/VerticalUIRoot/VerticalSafeAreaRoot/ContentSlot/Dimension1Panel/D1CommandCenterProductionRoot/CommandDashboard/ExpeditionsCard
01_center	1080	1920	Canvas/HUD/VerticalUIRoot/VerticalSafeAreaRoot/ContentSlot/Dimension1Panel/D1CommandCenterProductionRoot/CommandDashboard/ExpeditionsCard	2	1014.80	600.80	OK	Canvas/HUD/VerticalUIRoot/VerticalSafeAreaRoot/ContentSlot/Dimension1Panel/D1CommandCenterProductionRoot/CommandDashboard/ExpeditionsCard	Canvas/HUD/VerticalUIRoot/VerticalSafeAreaRoot/ContentSlot/Dimension1Panel/D1CommandCenterProductionRoot/CommandDashboard/ExpeditionsCard
01_center	1080	1920	Canvas/HUD/VerticalUIRoot/VerticalSafeAreaRoot/ContentSlot/Dimension1Panel/D1CommandCenterProductionRoot/CommandDashboard/ExpeditionsCard	3	843.20	771.20	OK	Canvas/HUD/VerticalUIRoot/VerticalSafeAreaRoot/ContentSlot/Dimension1Panel/D1CommandCenterProductionRoot/CommandDashboard/ExpeditionsCard/DetailedLineIcon	Canvas/HUD/VerticalUIRoot/VerticalSafeAreaRoot/ContentSlot/Dimension1Panel/D1CommandCenterProductionRoot/CommandDashboard/ExpeditionsCard
01_center	1080	1920	Canvas/HUD/VerticalUIRoot/VerticalSafeAreaRoot/ContentSlot/Dimension1Panel/D1CommandCenterProductionRoot/CommandDashboard/ExpeditionsCard	4	1014.80	771.20	OK	Canvas/HUD/VerticalUIRoot/VerticalSafeAreaRoot/ContentSlot/Dimension1Panel/D1CommandCenterProductionRoot/CommandDashboard/ExpeditionsCard/DetailedLineIcon	Canvas/HUD/VerticalUIRoot/VerticalSafeAreaRoot/ContentSlot/Dimension1Panel/D1CommandCenterProductionRoot/CommandDashboard/ExpeditionsCard
01_center	1080	1920	Canvas/HUD/VerticalUIRoot/VerticalSafeAreaRoot/ContentSlot/Dimension1Panel/OpenDimension1TreePanelButton	0	1240.00	1376.00	OFFSCREEN	<none>	<none>
01_center	1080	1920	Canvas/HUD/VerticalUIRoot/VerticalSafeAreaRoot/ContentSlot/Dimension1Panel/OpenDimension1TreePanelButton	1	1192.00	1367.00	OFFSCREEN	<none>	<none>
01_center	1080	1920	Canvas/HUD/VerticalUIRoot/VerticalSafeAreaRoot/ContentSlot/Dimension1Panel/OpenDimension1TreePanelButton	2	1288.00	1367.00	OFFSCREEN	<none>	<none>
01_center	1080	1920	Canvas/HUD/VerticalUIRoot/VerticalSafeAreaRoot/ContentSlot/Dimension1Panel/OpenDimension1TreePanelButton	3	1192.00	1385.00	OFFSCREEN	<none>	<none>
01_center	1080	1920	Canvas/HUD/VerticalUIRoot/VerticalSafeAreaRoot/ContentSlot/Dimension1Panel/OpenDimension1TreePanelButton	4	1288.00	1385.00	OFFSCREEN	<none>	<none>
01_center	1080	1920	Canvas/HUD/VerticalUIRoot/VerticalSafeAreaRoot/ContentSlot/Dimension1Panel/D1CommandCenterProductionRoot/MetalsButton	0	921.50	1768.00	OK	Canvas/HUD/VerticalUIRoot/VerticalSafeAreaRoot/ContentSlot/Dimension1Panel/D1CommandCenterProductionRoot/MetalsButton	Canvas/HUD/VerticalUIRoot/VerticalSafeAreaRoot/ContentSlot/Dimension1Panel/D1CommandCenterProductionRoot/MetalsButton
01_center	1080	1920	Canvas/HUD/VerticalUIRoot/VerticalSafeAreaRoot/ContentSlot/Dimension1Panel/D1CommandCenterProductionRoot/MetalsButton	1	848.00	1738.00	OK	Canvas/HUD/VerticalUIRoot/VerticalSafeAreaRoot/ContentSlot/Dimension1Panel/D1CommandCenterProductionRoot/MetalsButton	Canvas/HUD/VerticalUIRoot/VerticalSafeAreaRoot/ContentSlot/Dimension1Panel/D1CommandCenterProductionRoot/MetalsButton
01_center	1080	1920	Canvas/HUD/VerticalUIRoot/VerticalSafeAreaRoot/ContentSlot/Dimension1Panel/D1CommandCenterProductionRoot/MetalsButton	2	995.00	1738.00	OK	Canvas/HUD/VerticalUIRoot/VerticalSafeAreaRoot/ContentSlot/Dimension1Panel/D1CommandCenterProductionRoot/MetalsButton	Canvas/HUD/VerticalUIRoot/VerticalSafeAreaRoot/ContentSlot/Dimension1Panel/D1CommandCenterProductionRoot/MetalsButton
01_center	1080	1920	Canvas/HUD/VerticalUIRoot/VerticalSafeAreaRoot/ContentSlot/Dimension1Panel/D1CommandCenterProductionRoot/MetalsButton	3	848.00	1798.00	OK	Canvas/HUD/VerticalUIRoot/VerticalSafeAreaRoot/ContentSlot/Dimension1Panel/D1CommandCenterProductionRoot/MetalsButton	Canvas/HUD/VerticalUIRoot/VerticalSafeAreaRoot/ContentSlot/Dimension1Panel/D1CommandCenterProductionRoot/MetalsButton
01_center	1080	1920	Canvas/HUD/VerticalUIRoot/VerticalSafeAreaRoot/ContentSlot/Dimension1Panel/D1CommandCenterProductionRoot/MetalsButton	4	995.00	1798.00	OK	Canvas/HUD/VerticalUIRoot/VerticalSafeAreaRoot/ContentSlot/Dimension1Panel/D1CommandCenterProductionRoot/MetalsButton	Canvas/HUD/VerticalUIRoot/VerticalSafeAreaRoot/ContentSlot/Dimension1Panel/D1CommandCenterProductionRoot/MetalsButton
01_center	1080	1920	Canvas/HUD/VerticalUIRoot/VerticalSafeAreaRoot/ContentSlot/Dimension1Panel/D1CommandCenterProductionRoot/Nav_HANGAR	0	537.00	110.00	OK	Canvas/HUD/VerticalUIRoot/VerticalSafeAreaRoot/ContentSlot/Dimension1Panel/D1CommandCenterProductionRoot/Nav_HANGAR	Canvas/HUD/VerticalUIRoot/VerticalSafeAreaRoot/ContentSlot/Dimension1Panel/D1CommandCenterProductionRoot/Nav_HANGAR
01_center	1080	1920	Canvas/HUD/VerticalUIRoot/VerticalSafeAreaRoot/ContentSlot/Dimension1Panel/D1CommandCenterProductionRoot/Nav_HANGAR	1	477.60	57.20	OK	Canvas/HUD/VerticalUIRoot/VerticalSafeAreaRoot/ContentSlot/Dimension1Panel/D1CommandCenterProductionRoot/Nav_HANGAR	Canvas/HUD/VerticalUIRoot/VerticalSafeAreaRoot/ContentSlot/Dimension1Panel/D1CommandCenterProductionRoot/Nav_HANGAR
01_center	1080	1920	Canvas/HUD/VerticalUIRoot/VerticalSafeAreaRoot/ContentSlot/Dimension1Panel/D1CommandCenterProductionRoot/Nav_HANGAR	2	596.40	57.20	OK	Canvas/HUD/VerticalUIRoot/VerticalSafeAreaRoot/ContentSlot/Dimension1Panel/D1CommandCenterProductionRoot/Nav_HANGAR	Canvas/HUD/VerticalUIRoot/VerticalSafeAreaRoot/ContentSlot/Dimension1Panel/D1CommandCenterProductionRoot/Nav_HANGAR
01_center	1080	1920	Canvas/HUD/VerticalUIRoot/VerticalSafeAreaRoot/ContentSlot/Dimension1Panel/D1CommandCenterProductionRoot/Nav_HANGAR	3	477.60	162.80	OK	Canvas/HUD/VerticalUIRoot/VerticalSafeAreaRoot/ContentSlot/Dimension1Panel/D1CommandCenterProductionRoot/Nav_HANGAR	Canvas/HUD/VerticalUIRoot/VerticalSafeAreaRoot/ContentSlot/Dimension1Panel/D1CommandCenterProductionRoot/Nav_HANGAR
01_center	1080	1920	Canvas/HUD/VerticalUIRoot/VerticalSafeAreaRoot/ContentSlot/Dimension1Panel/D1CommandCenterProductionRoot/Nav_HANGAR	4	596.40	162.80	OK	Canvas/HUD/VerticalUIRoot/VerticalSafeAreaRoot/ContentSlot/Dimension1Panel/D1CommandCenterProductionRoot/Nav_HANGAR	Canvas/HUD/VerticalUIRoot/VerticalSafeAreaRoot/ContentSlot/Dimension1Panel/D1CommandCenterProductionRoot/Nav_HANGAR
01_center	1080	1920	Canvas/HUD/VerticalUIRoot/VerticalSafeAreaRoot/ContentSlot/Dimension1Panel/D1CommandCenterProductionRoot/CommandDashboard/TreeCard	0	929.00	989.00	OK	Canvas/HUD/VerticalUIRoot/VerticalSafeAreaRoot/ContentSlot/Dimension1Panel/D1CommandCenterProductionRoot/CommandDashboard/TreeCard	Canvas/HUD/VerticalUIRoot/VerticalSafeAreaRoot/ContentSlot/Dimension1Panel/D1CommandCenterProductionRoot/CommandDashboard/TreeCard
01_center	1080	1920	Canvas/HUD/VerticalUIRoot/VerticalSafeAreaRoot/ContentSlot/Dimension1Panel/D1CommandCenterProductionRoot/CommandDashboard/TreeCard	1	843.20	903.80	OK	Canvas/HUD/VerticalUIRoot/VerticalSafeAreaRoot/ContentSlot/Dimension1Panel/D1CommandCenterProductionRoot/CommandDashboard/TreeCard	Canvas/HUD/VerticalUIRoot/VerticalSafeAreaRoot/ContentSlot/Dimension1Panel/D1CommandCenterProductionRoot/CommandDashboard/TreeCard
01_center	1080	1920	Canvas/HUD/VerticalUIRoot/VerticalSafeAreaRoot/ContentSlot/Dimension1Panel/D1CommandCenterProductionRoot/CommandDashboard/TreeCard	2	1014.80	903.80	OK	Canvas/HUD/VerticalUIRoot/VerticalSafeAreaRoot/ContentSlot/Dimension1Panel/D1CommandCenterProductionRoot/CommandDashboard/TreeCard	Canvas/HUD/VerticalUIRoot/VerticalSafeAreaRoot/ContentSlot/Dimension1Panel/D1CommandCenterProductionRoot/CommandDashboard/TreeCard
01_center	1080	1920	Canvas/HUD/VerticalUIRoot/VerticalSafeAreaRoot/ContentSlot/Dimension1Panel/D1CommandCenterProductionRoot/CommandDashboard/TreeCard	3	843.20	1074.20	OK	Canvas/HUD/VerticalUIRoot/VerticalSafeAreaRoot/ContentSlot/Dimension1Panel/D1CommandCenterProductionRoot/CommandDashboard/TreeCard/DetailedLineIcon	Canvas/HUD/VerticalUIRoot/VerticalSafeAreaRoot/ContentSlot/Dimension1Panel/D1CommandCenterProductionRoot/CommandDashboard/TreeCard
01_center	1080	1920	Canvas/HUD/VerticalUIRoot/VerticalSafeAreaRoot/ContentSlot/Dimension1Panel/D1CommandCenterProductionRoot/CommandDashboard/TreeCard	4	1014.80	1074.20	OK	Canvas/HUD/VerticalUIRoot/VerticalSafeAreaRoot/ContentSlot/Dimension1Panel/D1CommandCenterProductionRoot/CommandDashboard/TreeCard/DetailedLineIcon	Canvas/HUD/VerticalUIRoot/VerticalSafeAreaRoot/ContentSlot/Dimension1Panel/D1CommandCenterProductionRoot/CommandDashboard/TreeCard
01_center	1080	1920	Canvas/HUD/VerticalUIRoot/VerticalSafeAreaRoot/ContentSlot/Dimension1Panel/OpenHangarPanelButton	0	1240.00	1426.00	OFFSCREEN	<none>	<none>
01_center	1080	1920	Canvas/HUD/VerticalUIRoot/VerticalSafeAreaRoot/ContentSlot/Dimension1Panel/OpenHangarPanelButton	1	1192.00	1417.00	OFFSCREEN	<none>	<none>
01_center	1080	1920	Canvas/HUD/VerticalUIRoot/VerticalSafeAreaRoot/ContentSlot/Dimension1Panel/OpenHangarPanelButton	2	1288.00	1417.00	OFFSCREEN	<none>	<none>
01_center	1080	1920	Canvas/HUD/VerticalUIRoot/VerticalSafeAreaRoot/ContentSlot/Dimension1Panel/OpenHangarPanelButton	3	1192.00	1435.00	OFFSCREEN	<none>	<none>
01_center	1080	1920	Canvas/HUD/VerticalUIRoot/VerticalSafeAreaRoot/ContentSlot/Dimension1Panel/OpenHangarPanelButton	4	1288.00	1435.00	OFFSCREEN	<none>	<none>
01_center	1080	1920	Canvas/HUD/VerticalUIRoot/VerticalSafeAreaRoot/ContentSlot/Dimension1Panel/D1CommandCenterProductionRoot/Nav_RELIQUIAS	0	744.00	110.00	OK	Canvas/HUD/VerticalUIRoot/VerticalSafeAreaRoot/ContentSlot/Dimension1Panel/D1CommandCenterProductionRoot/Nav_RELIQUIAS	Canvas/HUD/VerticalUIRoot/VerticalSafeAreaRoot/ContentSlot/Dimension1Panel/D1CommandCenterProductionRoot/Nav_RELIQUIAS
01_center	1080	1920	Canvas/HUD/VerticalUIRoot/VerticalSafeAreaRoot/ContentSlot/Dimension1Panel/D1CommandCenterProductionRoot/Nav_RELIQUIAS	1	684.60	57.20	OK	Canvas/HUD/VerticalUIRoot/VerticalSafeAreaRoot/ContentSlot/Dimension1Panel/D1CommandCenterProductionRoot/Nav_RELIQUIAS	Canvas/HUD/VerticalUIRoot/VerticalSafeAreaRoot/ContentSlot/Dimension1Panel/D1CommandCenterProductionRoot/Nav_RELIQUIAS
01_center	1080	1920	Canvas/HUD/VerticalUIRoot/VerticalSafeAreaRoot/ContentSlot/Dimension1Panel/D1CommandCenterProductionRoot/Nav_RELIQUIAS	2	803.40	57.20	OK	Canvas/HUD/VerticalUIRoot/VerticalSafeAreaRoot/ContentSlot/Dimension1Panel/D1CommandCenterProductionRoot/Nav_RELIQUIAS	Canvas/HUD/VerticalUIRoot/VerticalSafeAreaRoot/ContentSlot/Dimension1Panel/D1CommandCenterProductionRoot/Nav_RELIQUIAS
01_center	1080	1920	Canvas/HUD/VerticalUIRoot/VerticalSafeAreaRoot/ContentSlot/Dimension1Panel/D1CommandCenterProductionRoot/Nav_RELIQUIAS	3	684.60	162.80	OK	Canvas/HUD/VerticalUIRoot/VerticalSafeAreaRoot/ContentSlot/Dimension1Panel/D1CommandCenterProductionRoot/Nav_RELIQUIAS	Canvas/HUD/VerticalUIRoot/VerticalSafeAreaRoot/ContentSlot/Dimension1Panel/D1CommandCenterProductionRoot/Nav_RELIQUIAS
01_center	1080	1920	Canvas/HUD/VerticalUIRoot/VerticalSafeAreaRoot/ContentSlot/Dimension1Panel/D1CommandCenterProductionRoot/Nav_RELIQUIAS	4	803.40	162.80	OK	Canvas/HUD/VerticalUIRoot/VerticalSafeAreaRoot/ContentSlot/Dimension1Panel/D1CommandCenterProductionRoot/Nav_RELIQUIAS	Canvas/HUD/VerticalUIRoot/VerticalSafeAreaRoot/ContentSlot/Dimension1Panel/D1CommandCenterProductionRoot/Nav_RELIQUIAS
01_center	1080	1920	Canvas/HUD/VerticalUIRoot/VerticalSafeAreaRoot/ContentSlot/Dimension1Panel/D1CommandCenterProductionRoot/Nav_ÁRBOL	0	951.00	110.00	OK	Canvas/HUD/VerticalUIRoot/VerticalSafeAreaRoot/ContentSlot/Dimension1Panel/D1CommandCenterProductionRoot/Nav_ÁRBOL	Canvas/HUD/VerticalUIRoot/VerticalSafeAreaRoot/ContentSlot/Dimension1Panel/D1CommandCenterProductionRoot/Nav_ÁRBOL
01_center	1080	1920	Canvas/HUD/VerticalUIRoot/VerticalSafeAreaRoot/ContentSlot/Dimension1Panel/D1CommandCenterProductionRoot/Nav_ÁRBOL	1	891.60	57.20	OK	Canvas/HUD/VerticalUIRoot/VerticalSafeAreaRoot/ContentSlot/Dimension1Panel/D1CommandCenterProductionRoot/Nav_ÁRBOL	Canvas/HUD/VerticalUIRoot/VerticalSafeAreaRoot/ContentSlot/Dimension1Panel/D1CommandCenterProductionRoot/Nav_ÁRBOL
01_center	1080	1920	Canvas/HUD/VerticalUIRoot/VerticalSafeAreaRoot/ContentSlot/Dimension1Panel/D1CommandCenterProductionRoot/Nav_ÁRBOL	2	1010.40	57.20	OK	Canvas/HUD/VerticalUIRoot/VerticalSafeAreaRoot/ContentSlot/Dimension1Panel/D1CommandCenterProductionRoot/Nav_ÁRBOL	Canvas/HUD/VerticalUIRoot/VerticalSafeAreaRoot/ContentSlot/Dimension1Panel/D1CommandCenterProductionRoot/Nav_ÁRBOL
01_center	1080	1920	Canvas/HUD/VerticalUIRoot/VerticalSafeAreaRoot/ContentSlot/Dimension1Panel/D1CommandCenterProductionRoot/Nav_ÁRBOL	3	891.60	162.80	OK	Canvas/HUD/VerticalUIRoot/VerticalSafeAreaRoot/ContentSlot/Dimension1Panel/D1CommandCenterProductionRoot/Nav_ÁRBOL	Canvas/HUD/VerticalUIRoot/VerticalSafeAreaRoot/ContentSlot/Dimension1Panel/D1CommandCenterProductionRoot/Nav_ÁRBOL
01_center	1080	1920	Canvas/HUD/VerticalUIRoot/VerticalSafeAreaRoot/ContentSlot/Dimension1Panel/D1CommandCenterProductionRoot/Nav_ÁRBOL	4	1010.40	162.80	OK	Canvas/HUD/VerticalUIRoot/VerticalSafeAreaRoot/ContentSlot/Dimension1Panel/D1CommandCenterProductionRoot/Nav_ÁRBOL	Canvas/HUD/VerticalUIRoot/VerticalSafeAreaRoot/ContentSlot/Dimension1Panel/D1CommandCenterProductionRoot/Nav_ÁRBOL
01_center	1080	1920	Canvas/HUD/VerticalUIRoot/VerticalSafeAreaRoot/ContentSlot/Dimension1Panel/D1CommandCenterProductionRoot/CommandDashboard/SectorCard	0	151.00	1292.00	OK	Canvas/HUD/VerticalUIRoot/VerticalSafeAreaRoot/ContentSlot/Dimension1Panel/D1CommandCenterProductionRoot/CommandDashboard/SectorCard	Canvas/HUD/VerticalUIRoot/VerticalSafeAreaRoot/ContentSlot/Dimension1Panel/D1CommandCenterProductionRoot/CommandDashboard/SectorCard
01_center	1080	1920	Canvas/HUD/VerticalUIRoot/VerticalSafeAreaRoot/ContentSlot/Dimension1Panel/D1CommandCenterProductionRoot/CommandDashboard/SectorCard	1	65.20	1206.80	OK	Canvas/HUD/VerticalUIRoot/VerticalSafeAreaRoot/ContentSlot/Dimension1Panel/D1CommandCenterProductionRoot/CommandDashboard/SectorCard	Canvas/HUD/VerticalUIRoot/VerticalSafeAreaRoot/ContentSlot/Dimension1Panel/D1CommandCenterProductionRoot/CommandDashboard/SectorCard
01_center	1080	1920	Canvas/HUD/VerticalUIRoot/VerticalSafeAreaRoot/ContentSlot/Dimension1Panel/D1CommandCenterProductionRoot/CommandDashboard/SectorCard	2	236.80	1206.80	OK	Canvas/HUD/VerticalUIRoot/VerticalSafeAreaRoot/ContentSlot/Dimension1Panel/D1CommandCenterProductionRoot/CommandDashboard/SectorCard	Canvas/HUD/VerticalUIRoot/VerticalSafeAreaRoot/ContentSlot/Dimension1Panel/D1CommandCenterProductionRoot/CommandDashboard/SectorCard
01_center	1080	1920	Canvas/HUD/VerticalUIRoot/VerticalSafeAreaRoot/ContentSlot/Dimension1Panel/D1CommandCenterProductionRoot/CommandDashboard/SectorCard	3	65.20	1377.20	OK	Canvas/HUD/VerticalUIRoot/VerticalSafeAreaRoot/ContentSlot/Dimension1Panel/D1CommandCenterProductionRoot/CommandDashboard/SectorCard/DetailedLineIcon	Canvas/HUD/VerticalUIRoot/VerticalSafeAreaRoot/ContentSlot/Dimension1Panel/D1CommandCenterProductionRoot/CommandDashboard/SectorCard
01_center	1080	1920	Canvas/HUD/VerticalUIRoot/VerticalSafeAreaRoot/ContentSlot/Dimension1Panel/D1CommandCenterProductionRoot/CommandDashboard/SectorCard	4	236.80	1377.20	OK	Canvas/HUD/VerticalUIRoot/VerticalSafeAreaRoot/ContentSlot/Dimension1Panel/D1CommandCenterProductionRoot/CommandDashboard/SectorCard/DetailedLineIcon	Canvas/HUD/VerticalUIRoot/VerticalSafeAreaRoot/ContentSlot/Dimension1Panel/D1CommandCenterProductionRoot/CommandDashboard/SectorCard
01_center	1080	1920	Canvas/HUD/VerticalUIRoot/VerticalSafeAreaRoot/ContentSlot/Dimension1Panel/D1CommandCenterProductionRoot/Nav_GALAXIA	0	123.00	110.00	OK	Canvas/HUD/VerticalUIRoot/VerticalSafeAreaRoot/ContentSlot/Dimension1Panel/D1CommandCenterProductionRoot/Nav_GALAXIA	Canvas/HUD/VerticalUIRoot/VerticalSafeAreaRoot/ContentSlot/Dimension1Panel/D1CommandCenterProductionRoot/Nav_GALAXIA
01_center	1080	1920	Canvas/HUD/VerticalUIRoot/VerticalSafeAreaRoot/ContentSlot/Dimension1Panel/D1CommandCenterProductionRoot/Nav_GALAXIA	1	63.60	57.20	OK	Canvas/HUD/VerticalUIRoot/VerticalSafeAreaRoot/ContentSlot/Dimension1Panel/D1CommandCenterProductionRoot/Nav_GALAXIA	Canvas/HUD/VerticalUIRoot/VerticalSafeAreaRoot/ContentSlot/Dimension1Panel/D1CommandCenterProductionRoot/Nav_GALAXIA
01_center	1080	1920	Canvas/HUD/VerticalUIRoot/VerticalSafeAreaRoot/ContentSlot/Dimension1Panel/D1CommandCenterProductionRoot/Nav_GALAXIA	2	182.40	57.20	OK	Canvas/HUD/VerticalUIRoot/VerticalSafeAreaRoot/ContentSlot/Dimension1Panel/D1CommandCenterProductionRoot/Nav_GALAXIA	Canvas/HUD/VerticalUIRoot/VerticalSafeAreaRoot/ContentSlot/Dimension1Panel/D1CommandCenterProductionRoot/Nav_GALAXIA
01_center	1080	1920	Canvas/HUD/VerticalUIRoot/VerticalSafeAreaRoot/ContentSlot/Dimension1Panel/D1CommandCenterProductionRoot/Nav_GALAXIA	3	63.60	162.80	OK	Canvas/HUD/VerticalUIRoot/VerticalSafeAreaRoot/ContentSlot/Dimension1Panel/D1CommandCenterProductionRoot/Nav_GALAXIA	Canvas/HUD/VerticalUIRoot/VerticalSafeAreaRoot/ContentSlot/Dimension1Panel/D1CommandCenterProductionRoot/Nav_GALAXIA
01_center	1080	1920	Canvas/HUD/VerticalUIRoot/VerticalSafeAreaRoot/ContentSlot/Dimension1Panel/D1CommandCenterProductionRoot/Nav_GALAXIA	4	182.40	162.80	OK	Canvas/HUD/VerticalUIRoot/VerticalSafeAreaRoot/ContentSlot/Dimension1Panel/D1CommandCenterProductionRoot/Nav_GALAXIA	Canvas/HUD/VerticalUIRoot/VerticalSafeAreaRoot/ContentSlot/Dimension1Panel/D1CommandCenterProductionRoot/Nav_GALAXIA
01_center	1080	1920	Canvas/HUD/VerticalUIRoot/VerticalSafeAreaRoot/ContentSlot/Dimension1Panel/Registro	0	-60.00	1426.00	OFFSCREEN	<none>	<none>
01_center	1080	1920	Canvas/HUD/VerticalUIRoot/VerticalSafeAreaRoot/ContentSlot/Dimension1Panel/Registro	1	-108.00	1417.00	OFFSCREEN	<none>	<none>
01_center	1080	1920	Canvas/HUD/VerticalUIRoot/VerticalSafeAreaRoot/ContentSlot/Dimension1Panel/Registro	2	-12.00	1417.00	OFFSCREEN	<none>	<none>
01_center	1080	1920	Canvas/HUD/VerticalUIRoot/VerticalSafeAreaRoot/ContentSlot/Dimension1Panel/Registro	3	-108.00	1435.00	OFFSCREEN	<none>	<none>
01_center	1080	1920	Canvas/HUD/VerticalUIRoot/VerticalSafeAreaRoot/ContentSlot/Dimension1Panel/Registro	4	-12.00	1435.00	OFFSCREEN	<none>	<none>
01_center	1080	1920	Canvas/HUD/VerticalUIRoot/VerticalSafeAreaRoot/ContentSlot/Dimension1Panel/OpenGalaxyPanelButton	0	1240.00	1526.00	OFFSCREEN	<none>	<none>
01_center	1080	1920	Canvas/HUD/VerticalUIRoot/VerticalSafeAreaRoot/ContentSlot/Dimension1Panel/OpenGalaxyPanelButton	1	1192.00	1517.00	OFFSCREEN	<none>	<none>
01_center	1080	1920	Canvas/HUD/VerticalUIRoot/VerticalSafeAreaRoot/ContentSlot/Dimension1Panel/OpenGalaxyPanelButton	2	1288.00	1517.00	OFFSCREEN	<none>	<none>
01_center	1080	1920	Canvas/HUD/VerticalUIRoot/VerticalSafeAreaRoot/ContentSlot/Dimension1Panel/OpenGalaxyPanelButton	3	1192.00	1535.00	OFFSCREEN	<none>	<none>
01_center	1080	1920	Canvas/HUD/VerticalUIRoot/VerticalSafeAreaRoot/ContentSlot/Dimension1Panel/OpenGalaxyPanelButton	4	1288.00	1535.00	OFFSCREEN	<none>	<none>
02_center_drawer_open	1080	1920	Canvas/HUD/VerticalUIRoot/VerticalSafeAreaRoot/ContentSlot/Dimension1Panel/D1CommandCenterProductionRoot/DimensionDrawerToggle	0	540.00	227.00	OK	Canvas/HUD/VerticalUIRoot/VerticalSafeAreaRoot/ContentSlot/Dimension1Panel/D1CommandCenterProductionRoot/DimensionDrawerToggle	Canvas/HUD/VerticalUIRoot/VerticalSafeAreaRoot/ContentSlot/Dimension1Panel/D1CommandCenterProductionRoot/DimensionDrawerToggle
02_center_drawer_open	1080	1920	Canvas/HUD/VerticalUIRoot/VerticalSafeAreaRoot/ContentSlot/Dimension1Panel/D1CommandCenterProductionRoot/DimensionDrawerToggle	1	465.00	216.80	OK	Canvas/HUD/VerticalUIRoot/VerticalSafeAreaRoot/ContentSlot/Dimension1Panel/D1CommandCenterProductionRoot/DimensionDrawerToggle	Canvas/HUD/VerticalUIRoot/VerticalSafeAreaRoot/ContentSlot/Dimension1Panel/D1CommandCenterProductionRoot/DimensionDrawerToggle
02_center_drawer_open	1080	1920	Canvas/HUD/VerticalUIRoot/VerticalSafeAreaRoot/ContentSlot/Dimension1Panel/D1CommandCenterProductionRoot/DimensionDrawerToggle	2	615.00	216.80	OK	Canvas/HUD/VerticalUIRoot/VerticalSafeAreaRoot/ContentSlot/Dimension1Panel/D1CommandCenterProductionRoot/DimensionDrawerToggle	Canvas/HUD/VerticalUIRoot/VerticalSafeAreaRoot/ContentSlot/Dimension1Panel/D1CommandCenterProductionRoot/DimensionDrawerToggle
02_center_drawer_open	1080	1920	Canvas/HUD/VerticalUIRoot/VerticalSafeAreaRoot/ContentSlot/Dimension1Panel/D1CommandCenterProductionRoot/DimensionDrawerToggle	3	465.00	237.20	OK	Canvas/HUD/VerticalUIRoot/VerticalSafeAreaRoot/ContentSlot/Dimension1Panel/D1CommandCenterProductionRoot/DimensionDrawerToggle	Canvas/HUD/VerticalUIRoot/VerticalSafeAreaRoot/ContentSlot/Dimension1Panel/D1CommandCenterProductionRoot/DimensionDrawerToggle
02_center_drawer_open	1080	1920	Canvas/HUD/VerticalUIRoot/VerticalSafeAreaRoot/ContentSlot/Dimension1Panel/D1CommandCenterProductionRoot/DimensionDrawerToggle	4	615.00	237.20	OK	Canvas/HUD/VerticalUIRoot/VerticalSafeAreaRoot/ContentSlot/Dimension1Panel/D1CommandCenterProductionRoot/DimensionDrawerToggle	Canvas/HUD/VerticalUIRoot/VerticalSafeAreaRoot/ContentSlot/Dimension1Panel/D1CommandCenterProductionRoot/DimensionDrawerToggle
02_center_drawer_open	1080	1920	Canvas/HUD/VerticalUIRoot/VerticalSafeAreaRoot/ContentSlot/Dimension1Panel/D1CommandCenterProductionRoot/CommandDashboard/ScannerCard	0	151.00	989.00	OK	Canvas/HUD/VerticalUIRoot/VerticalSafeAreaRoot/ContentSlot/Dimension1Panel/D1CommandCenterProductionRoot/CommandDashboard/ScannerCard	Canvas/HUD/VerticalUIRoot/VerticalSafeAreaRoot/ContentSlot/Dimension1Panel/D1CommandCenterProductionRoot/CommandDashboard/ScannerCard
02_center_drawer_open	1080	1920	Canvas/HUD/VerticalUIRoot/VerticalSafeAreaRoot/ContentSlot/Dimension1Panel/D1CommandCenterProductionRoot/CommandDashboard/ScannerCard	1	65.20	903.80	OK	Canvas/HUD/VerticalUIRoot/VerticalSafeAreaRoot/ContentSlot/Dimension1Panel/D1CommandCenterProductionRoot/CommandDashboard/ScannerCard	Canvas/HUD/VerticalUIRoot/VerticalSafeAreaRoot/ContentSlot/Dimension1Panel/D1CommandCenterProductionRoot/CommandDashboard/ScannerCard
02_center_drawer_open	1080	1920	Canvas/HUD/VerticalUIRoot/VerticalSafeAreaRoot/ContentSlot/Dimension1Panel/D1CommandCenterProductionRoot/CommandDashboard/ScannerCard	2	236.80	903.80	OK	Canvas/HUD/VerticalUIRoot/VerticalSafeAreaRoot/ContentSlot/Dimension1Panel/D1CommandCenterProductionRoot/CommandDashboard/ScannerCard	Canvas/HUD/VerticalUIRoot/VerticalSafeAreaRoot/ContentSlot/Dimension1Panel/D1CommandCenterProductionRoot/CommandDashboard/ScannerCard
02_center_drawer_open	1080	1920	Canvas/HUD/VerticalUIRoot/VerticalSafeAreaRoot/ContentSlot/Dimension1Panel/D1CommandCenterProductionRoot/CommandDashboard/ScannerCard	3	65.20	1074.20	OK	Canvas/HUD/VerticalUIRoot/VerticalSafeAreaRoot/ContentSlot/Dimension1Panel/D1CommandCenterProductionRoot/CommandDashboard/ScannerCard/DetailedLineIcon	Canvas/HUD/VerticalUIRoot/VerticalSafeAreaRoot/ContentSlot/Dimension1Panel/D1CommandCenterProductionRoot/CommandDashboard/ScannerCard
02_center_drawer_open	1080	1920	Canvas/HUD/VerticalUIRoot/VerticalSafeAreaRoot/ContentSlot/Dimension1Panel/D1CommandCenterProductionRoot/CommandDashboard/ScannerCard	4	236.80	1074.20	OK	Canvas/HUD/VerticalUIRoot/VerticalSafeAreaRoot/ContentSlot/Dimension1Panel/D1CommandCenterProductionRoot/CommandDashboard/ScannerCard/DetailedLineIcon	Canvas/HUD/VerticalUIRoot/VerticalSafeAreaRoot/ContentSlot/Dimension1Panel/D1CommandCenterProductionRoot/CommandDashboard/ScannerCard
02_center_drawer_open	1080	1920	Canvas/HUD/VerticalUIRoot/VerticalSafeAreaRoot/ContentSlot/Dimension1Panel/D1CommandCenterProductionRoot/CommandDashboard/FleetCard	0	151.00	686.00	OK	Canvas/HUD/VerticalUIRoot/VerticalSafeAreaRoot/ContentSlot/Dimension1Panel/D1CommandCenterProductionRoot/CommandDashboard/FleetCard	Canvas/HUD/VerticalUIRoot/VerticalSafeAreaRoot/ContentSlot/Dimension1Panel/D1CommandCenterProductionRoot/CommandDashboard/FleetCard
02_center_drawer_open	1080	1920	Canvas/HUD/VerticalUIRoot/VerticalSafeAreaRoot/ContentSlot/Dimension1Panel/D1CommandCenterProductionRoot/CommandDashboard/FleetCard	1	65.20	600.80	OK	Canvas/HUD/VerticalUIRoot/VerticalSafeAreaRoot/ContentSlot/Dimension1Panel/D1CommandCenterProductionRoot/CommandDashboard/FleetCard	Canvas/HUD/VerticalUIRoot/VerticalSafeAreaRoot/ContentSlot/Dimension1Panel/D1CommandCenterProductionRoot/CommandDashboard/FleetCard
02_center_drawer_open	1080	1920	Canvas/HUD/VerticalUIRoot/VerticalSafeAreaRoot/ContentSlot/Dimension1Panel/D1CommandCenterProductionRoot/CommandDashboard/FleetCard	2	236.80	600.80	OK	Canvas/HUD/VerticalUIRoot/VerticalSafeAreaRoot/ContentSlot/Dimension1Panel/D1CommandCenterProductionRoot/CommandDashboard/FleetCard	Canvas/HUD/VerticalUIRoot/VerticalSafeAreaRoot/ContentSlot/Dimension1Panel/D1CommandCenterProductionRoot/CommandDashboard/FleetCard
02_center_drawer_open	1080	1920	Canvas/HUD/VerticalUIRoot/VerticalSafeAreaRoot/ContentSlot/Dimension1Panel/D1CommandCenterProductionRoot/CommandDashboard/FleetCard	3	65.20	771.20	OK	Canvas/HUD/VerticalUIRoot/VerticalSafeAreaRoot/ContentSlot/Dimension1Panel/D1CommandCenterProductionRoot/CommandDashboard/FleetCard/DetailedLineIcon	Canvas/HUD/VerticalUIRoot/VerticalSafeAreaRoot/ContentSlot/Dimension1Panel/D1CommandCenterProductionRoot/CommandDashboard/FleetCard
02_center_drawer_open	1080	1920	Canvas/HUD/VerticalUIRoot/VerticalSafeAreaRoot/ContentSlot/Dimension1Panel/D1CommandCenterProductionRoot/CommandDashboard/FleetCard	4	236.80	771.20	OK	Canvas/HUD/VerticalUIRoot/VerticalSafeAreaRoot/ContentSlot/Dimension1Panel/D1CommandCenterProductionRoot/CommandDashboard/FleetCard/DetailedLineIcon	Canvas/HUD/VerticalUIRoot/VerticalSafeAreaRoot/ContentSlot/Dimension1Panel/D1CommandCenterProductionRoot/CommandDashboard/FleetCard
02_center_drawer_open	1080	1920	Canvas/HUD/VerticalUIRoot/VerticalSafeAreaRoot/ContentSlot/Dimension1Panel/D1CommandCenterProductionRoot/CommandDashboard/RelicsCard	0	929.00	1292.00	OK	Canvas/HUD/VerticalUIRoot/VerticalSafeAreaRoot/ContentSlot/Dimension1Panel/D1CommandCenterProductionRoot/CommandDashboard/RelicsCard	Canvas/HUD/VerticalUIRoot/VerticalSafeAreaRoot/ContentSlot/Dimension1Panel/D1CommandCenterProductionRoot/CommandDashboard/RelicsCard
02_center_drawer_open	1080	1920	Canvas/HUD/VerticalUIRoot/VerticalSafeAreaRoot/ContentSlot/Dimension1Panel/D1CommandCenterProductionRoot/CommandDashboard/RelicsCard	1	843.20	1206.80	OK	Canvas/HUD/VerticalUIRoot/VerticalSafeAreaRoot/ContentSlot/Dimension1Panel/D1CommandCenterProductionRoot/CommandDashboard/RelicsCard	Canvas/HUD/VerticalUIRoot/VerticalSafeAreaRoot/ContentSlot/Dimension1Panel/D1CommandCenterProductionRoot/CommandDashboard/RelicsCard
02_center_drawer_open	1080	1920	Canvas/HUD/VerticalUIRoot/VerticalSafeAreaRoot/ContentSlot/Dimension1Panel/D1CommandCenterProductionRoot/CommandDashboard/RelicsCard	2	1014.80	1206.80	OK	Canvas/HUD/VerticalUIRoot/VerticalSafeAreaRoot/ContentSlot/Dimension1Panel/D1CommandCenterProductionRoot/CommandDashboard/RelicsCard	Canvas/HUD/VerticalUIRoot/VerticalSafeAreaRoot/ContentSlot/Dimension1Panel/D1CommandCenterProductionRoot/CommandDashboard/RelicsCard
02_center_drawer_open	1080	1920	Canvas/HUD/VerticalUIRoot/VerticalSafeAreaRoot/ContentSlot/Dimension1Panel/D1CommandCenterProductionRoot/CommandDashboard/RelicsCard	3	843.20	1377.20	OK	Canvas/HUD/VerticalUIRoot/VerticalSafeAreaRoot/ContentSlot/Dimension1Panel/D1CommandCenterProductionRoot/CommandDashboard/RelicsCard/DetailedLineIcon	Canvas/HUD/VerticalUIRoot/VerticalSafeAreaRoot/ContentSlot/Dimension1Panel/D1CommandCenterProductionRoot/CommandDashboard/RelicsCard
02_center_drawer_open	1080	1920	Canvas/HUD/VerticalUIRoot/VerticalSafeAreaRoot/ContentSlot/Dimension1Panel/D1CommandCenterProductionRoot/CommandDashboard/RelicsCard	4	1014.80	1377.20	OK	Canvas/HUD/VerticalUIRoot/VerticalSafeAreaRoot/ContentSlot/Dimension1Panel/D1CommandCenterProductionRoot/CommandDashboard/RelicsCard/DetailedLineIcon	Canvas/HUD/VerticalUIRoot/VerticalSafeAreaRoot/ContentSlot/Dimension1Panel/D1CommandCenterProductionRoot/CommandDashboard/RelicsCard
02_center_drawer_open	1080	1920	Canvas/HUD/VerticalUIRoot/VerticalSafeAreaRoot/ContentSlot/Dimension1Panel/OpenRelicChamberPanelButton	0	1240.00	1476.00	OFFSCREEN	<none>	<none>
02_center_drawer_open	1080	1920	Canvas/HUD/VerticalUIRoot/VerticalSafeAreaRoot/ContentSlot/Dimension1Panel/OpenRelicChamberPanelButton	1	1192.00	1467.00	OFFSCREEN	<none>	<none>
02_center_drawer_open	1080	1920	Canvas/HUD/VerticalUIRoot/VerticalSafeAreaRoot/ContentSlot/Dimension1Panel/OpenRelicChamberPanelButton	2	1288.00	1467.00	OFFSCREEN	<none>	<none>
02_center_drawer_open	1080	1920	Canvas/HUD/VerticalUIRoot/VerticalSafeAreaRoot/ContentSlot/Dimension1Panel/OpenRelicChamberPanelButton	3	1192.00	1485.00	OFFSCREEN	<none>	<none>
02_center_drawer_open	1080	1920	Canvas/HUD/VerticalUIRoot/VerticalSafeAreaRoot/ContentSlot/Dimension1Panel/OpenRelicChamberPanelButton	4	1288.00	1485.00	OFFSCREEN	<none>	<none>
02_center_drawer_open	1080	1920	Canvas/HUD/VerticalUIRoot/VerticalSafeAreaRoot/ContentSlot/Dimension1Panel/D1CommandCenterProductionRoot/CommandDashboard/ExpeditionsCard	0	929.00	686.00	OK	Canvas/HUD/VerticalUIRoot/VerticalSafeAreaRoot/ContentSlot/Dimension1Panel/D1CommandCenterProductionRoot/CommandDashboard/ExpeditionsCard	Canvas/HUD/VerticalUIRoot/VerticalSafeAreaRoot/ContentSlot/Dimension1Panel/D1CommandCenterProductionRoot/CommandDashboard/ExpeditionsCard
02_center_drawer_open	1080	1920	Canvas/HUD/VerticalUIRoot/VerticalSafeAreaRoot/ContentSlot/Dimension1Panel/D1CommandCenterProductionRoot/CommandDashboard/ExpeditionsCard	1	843.20	600.80	OK	Canvas/HUD/VerticalUIRoot/VerticalSafeAreaRoot/ContentSlot/Dimension1Panel/D1CommandCenterProductionRoot/CommandDashboard/ExpeditionsCard	Canvas/HUD/VerticalUIRoot/VerticalSafeAreaRoot/ContentSlot/Dimension1Panel/D1CommandCenterProductionRoot/CommandDashboard/ExpeditionsCard
02_center_drawer_open	1080	1920	Canvas/HUD/VerticalUIRoot/VerticalSafeAreaRoot/ContentSlot/Dimension1Panel/D1CommandCenterProductionRoot/CommandDashboard/ExpeditionsCard	2	1014.80	600.80	OK	Canvas/HUD/VerticalUIRoot/VerticalSafeAreaRoot/ContentSlot/Dimension1Panel/D1CommandCenterProductionRoot/CommandDashboard/ExpeditionsCard	Canvas/HUD/VerticalUIRoot/VerticalSafeAreaRoot/ContentSlot/Dimension1Panel/D1CommandCenterProductionRoot/CommandDashboard/ExpeditionsCard
02_center_drawer_open	1080	1920	Canvas/HUD/VerticalUIRoot/VerticalSafeAreaRoot/ContentSlot/Dimension1Panel/D1CommandCenterProductionRoot/CommandDashboard/ExpeditionsCard	3	843.20	771.20	OK	Canvas/HUD/VerticalUIRoot/VerticalSafeAreaRoot/ContentSlot/Dimension1Panel/D1CommandCenterProductionRoot/CommandDashboard/ExpeditionsCard/DetailedLineIcon	Canvas/HUD/VerticalUIRoot/VerticalSafeAreaRoot/ContentSlot/Dimension1Panel/D1CommandCenterProductionRoot/CommandDashboard/ExpeditionsCard
02_center_drawer_open	1080	1920	Canvas/HUD/VerticalUIRoot/VerticalSafeAreaRoot/ContentSlot/Dimension1Panel/D1CommandCenterProductionRoot/CommandDashboard/ExpeditionsCard	4	1014.80	771.20	OK	Canvas/HUD/VerticalUIRoot/VerticalSafeAreaRoot/ContentSlot/Dimension1Panel/D1CommandCenterProductionRoot/CommandDashboard/ExpeditionsCard/DetailedLineIcon	Canvas/HUD/VerticalUIRoot/VerticalSafeAreaRoot/ContentSlot/Dimension1Panel/D1CommandCenterProductionRoot/CommandDashboard/ExpeditionsCard
02_center_drawer_open	1080	1920	Canvas/HUD/VerticalUIRoot/VerticalSafeAreaRoot/ContentSlot/Dimension1Panel/OpenDimension1TreePanelButton	0	1240.00	1376.00	OFFSCREEN	<none>	<none>
02_center_drawer_open	1080	1920	Canvas/HUD/VerticalUIRoot/VerticalSafeAreaRoot/ContentSlot/Dimension1Panel/OpenDimension1TreePanelButton	1	1192.00	1367.00	OFFSCREEN	<none>	<none>
02_center_drawer_open	1080	1920	Canvas/HUD/VerticalUIRoot/VerticalSafeAreaRoot/ContentSlot/Dimension1Panel/OpenDimension1TreePanelButton	2	1288.00	1367.00	OFFSCREEN	<none>	<none>
02_center_drawer_open	1080	1920	Canvas/HUD/VerticalUIRoot/VerticalSafeAreaRoot/ContentSlot/Dimension1Panel/OpenDimension1TreePanelButton	3	1192.00	1385.00	OFFSCREEN	<none>	<none>
02_center_drawer_open	1080	1920	Canvas/HUD/VerticalUIRoot/VerticalSafeAreaRoot/ContentSlot/Dimension1Panel/OpenDimension1TreePanelButton	4	1288.00	1385.00	OFFSCREEN	<none>	<none>
02_center_drawer_open	1080	1920	Canvas/HUD/VerticalUIRoot/VerticalSafeAreaRoot/ContentSlot/Dimension1Panel/D1CommandCenterProductionRoot/MetalsButton	0	921.50	1768.00	OK	Canvas/HUD/VerticalUIRoot/VerticalSafeAreaRoot/ContentSlot/Dimension1Panel/D1CommandCenterProductionRoot/MetalsButton	Canvas/HUD/VerticalUIRoot/VerticalSafeAreaRoot/ContentSlot/Dimension1Panel/D1CommandCenterProductionRoot/MetalsButton
02_center_drawer_open	1080	1920	Canvas/HUD/VerticalUIRoot/VerticalSafeAreaRoot/ContentSlot/Dimension1Panel/D1CommandCenterProductionRoot/MetalsButton	1	848.00	1738.00	OK	Canvas/HUD/VerticalUIRoot/VerticalSafeAreaRoot/ContentSlot/Dimension1Panel/D1CommandCenterProductionRoot/MetalsButton	Canvas/HUD/VerticalUIRoot/VerticalSafeAreaRoot/ContentSlot/Dimension1Panel/D1CommandCenterProductionRoot/MetalsButton
02_center_drawer_open	1080	1920	Canvas/HUD/VerticalUIRoot/VerticalSafeAreaRoot/ContentSlot/Dimension1Panel/D1CommandCenterProductionRoot/MetalsButton	2	995.00	1738.00	OK	Canvas/HUD/VerticalUIRoot/VerticalSafeAreaRoot/ContentSlot/Dimension1Panel/D1CommandCenterProductionRoot/MetalsButton	Canvas/HUD/VerticalUIRoot/VerticalSafeAreaRoot/ContentSlot/Dimension1Panel/D1CommandCenterProductionRoot/MetalsButton
02_center_drawer_open	1080	1920	Canvas/HUD/VerticalUIRoot/VerticalSafeAreaRoot/ContentSlot/Dimension1Panel/D1CommandCenterProductionRoot/MetalsButton	3	848.00	1798.00	OK	Canvas/HUD/VerticalUIRoot/VerticalSafeAreaRoot/ContentSlot/Dimension1Panel/D1CommandCenterProductionRoot/MetalsButton	Canvas/HUD/VerticalUIRoot/VerticalSafeAreaRoot/ContentSlot/Dimension1Panel/D1CommandCenterProductionRoot/MetalsButton
02_center_drawer_open	1080	1920	Canvas/HUD/VerticalUIRoot/VerticalSafeAreaRoot/ContentSlot/Dimension1Panel/D1CommandCenterProductionRoot/MetalsButton	4	995.00	1798.00	OK	Canvas/HUD/VerticalUIRoot/VerticalSafeAreaRoot/ContentSlot/Dimension1Panel/D1CommandCenterProductionRoot/MetalsButton	Canvas/HUD/VerticalUIRoot/VerticalSafeAreaRoot/ContentSlot/Dimension1Panel/D1CommandCenterProductionRoot/MetalsButton
02_center_drawer_open	1080	1920	Canvas/HUD/VerticalUIRoot/VerticalSafeAreaRoot/ContentSlot/Dimension1Panel/D1CommandCenterProductionRoot/CommandDashboard/TreeCard	0	929.00	989.00	OK	Canvas/HUD/VerticalUIRoot/VerticalSafeAreaRoot/ContentSlot/Dimension1Panel/D1CommandCenterProductionRoot/CommandDashboard/TreeCard	Canvas/HUD/VerticalUIRoot/VerticalSafeAreaRoot/ContentSlot/Dimension1Panel/D1CommandCenterProductionRoot/CommandDashboard/TreeCard
02_center_drawer_open	1080	1920	Canvas/HUD/VerticalUIRoot/VerticalSafeAreaRoot/ContentSlot/Dimension1Panel/D1CommandCenterProductionRoot/CommandDashboard/TreeCard	1	843.20	903.80	OK	Canvas/HUD/VerticalUIRoot/VerticalSafeAreaRoot/ContentSlot/Dimension1Panel/D1CommandCenterProductionRoot/CommandDashboard/TreeCard	Canvas/HUD/VerticalUIRoot/VerticalSafeAreaRoot/ContentSlot/Dimension1Panel/D1CommandCenterProductionRoot/CommandDashboard/TreeCard
02_center_drawer_open	1080	1920	Canvas/HUD/VerticalUIRoot/VerticalSafeAreaRoot/ContentSlot/Dimension1Panel/D1CommandCenterProductionRoot/CommandDashboard/TreeCard	2	1014.80	903.80	OK	Canvas/HUD/VerticalUIRoot/VerticalSafeAreaRoot/ContentSlot/Dimension1Panel/D1CommandCenterProductionRoot/CommandDashboard/TreeCard	Canvas/HUD/VerticalUIRoot/VerticalSafeAreaRoot/ContentSlot/Dimension1Panel/D1CommandCenterProductionRoot/CommandDashboard/TreeCard
02_center_drawer_open	1080	1920	Canvas/HUD/VerticalUIRoot/VerticalSafeAreaRoot/ContentSlot/Dimension1Panel/D1CommandCenterProductionRoot/CommandDashboard/TreeCard	3	843.20	1074.20	OK	Canvas/HUD/VerticalUIRoot/VerticalSafeAreaRoot/ContentSlot/Dimension1Panel/D1CommandCenterProductionRoot/CommandDashboard/TreeCard/DetailedLineIcon	Canvas/HUD/VerticalUIRoot/VerticalSafeAreaRoot/ContentSlot/Dimension1Panel/D1CommandCenterProductionRoot/CommandDashboard/TreeCard
02_center_drawer_open	1080	1920	Canvas/HUD/VerticalUIRoot/VerticalSafeAreaRoot/ContentSlot/Dimension1Panel/D1CommandCenterProductionRoot/CommandDashboard/TreeCard	4	1014.80	1074.20	OK	Canvas/HUD/VerticalUIRoot/VerticalSafeAreaRoot/ContentSlot/Dimension1Panel/D1CommandCenterProductionRoot/CommandDashboard/TreeCard/DetailedLineIcon	Canvas/HUD/VerticalUIRoot/VerticalSafeAreaRoot/ContentSlot/Dimension1Panel/D1CommandCenterProductionRoot/CommandDashboard/TreeCard
02_center_drawer_open	1080	1920	Canvas/HUD/VerticalUIRoot/VerticalSafeAreaRoot/ContentSlot/Dimension1Panel/OpenHangarPanelButton	0	1240.00	1426.00	OFFSCREEN	<none>	<none>
02_center_drawer_open	1080	1920	Canvas/HUD/VerticalUIRoot/VerticalSafeAreaRoot/ContentSlot/Dimension1Panel/OpenHangarPanelButton	1	1192.00	1417.00	OFFSCREEN	<none>	<none>
02_center_drawer_open	1080	1920	Canvas/HUD/VerticalUIRoot/VerticalSafeAreaRoot/ContentSlot/Dimension1Panel/OpenHangarPanelButton	2	1288.00	1417.00	OFFSCREEN	<none>	<none>
02_center_drawer_open	1080	1920	Canvas/HUD/VerticalUIRoot/VerticalSafeAreaRoot/ContentSlot/Dimension1Panel/OpenHangarPanelButton	3	1192.00	1435.00	OFFSCREEN	<none>	<none>
02_center_drawer_open	1080	1920	Canvas/HUD/VerticalUIRoot/VerticalSafeAreaRoot/ContentSlot/Dimension1Panel/OpenHangarPanelButton	4	1288.00	1435.00	OFFSCREEN	<none>	<none>
02_center_drawer_open	1080	1920	Canvas/HUD/VerticalUIRoot/VerticalSafeAreaRoot/ContentSlot/Dimension1Panel/D1CommandCenterProductionRoot/CommandDashboard/SectorCard	0	151.00	1292.00	OK	Canvas/HUD/VerticalUIRoot/VerticalSafeAreaRoot/ContentSlot/Dimension1Panel/D1CommandCenterProductionRoot/CommandDashboard/SectorCard	Canvas/HUD/VerticalUIRoot/VerticalSafeAreaRoot/ContentSlot/Dimension1Panel/D1CommandCenterProductionRoot/CommandDashboard/SectorCard
02_center_drawer_open	1080	1920	Canvas/HUD/VerticalUIRoot/VerticalSafeAreaRoot/ContentSlot/Dimension1Panel/D1CommandCenterProductionRoot/CommandDashboard/SectorCard	1	65.20	1206.80	OK	Canvas/HUD/VerticalUIRoot/VerticalSafeAreaRoot/ContentSlot/Dimension1Panel/D1CommandCenterProductionRoot/CommandDashboard/SectorCard	Canvas/HUD/VerticalUIRoot/VerticalSafeAreaRoot/ContentSlot/Dimension1Panel/D1CommandCenterProductionRoot/CommandDashboard/SectorCard
02_center_drawer_open	1080	1920	Canvas/HUD/VerticalUIRoot/VerticalSafeAreaRoot/ContentSlot/Dimension1Panel/D1CommandCenterProductionRoot/CommandDashboard/SectorCard	2	236.80	1206.80	OK	Canvas/HUD/VerticalUIRoot/VerticalSafeAreaRoot/ContentSlot/Dimension1Panel/D1CommandCenterProductionRoot/CommandDashboard/SectorCard	Canvas/HUD/VerticalUIRoot/VerticalSafeAreaRoot/ContentSlot/Dimension1Panel/D1CommandCenterProductionRoot/CommandDashboard/SectorCard
02_center_drawer_open	1080	1920	Canvas/HUD/VerticalUIRoot/VerticalSafeAreaRoot/ContentSlot/Dimension1Panel/D1CommandCenterProductionRoot/CommandDashboard/SectorCard	3	65.20	1377.20	OK	Canvas/HUD/VerticalUIRoot/VerticalSafeAreaRoot/ContentSlot/Dimension1Panel/D1CommandCenterProductionRoot/CommandDashboard/SectorCard/DetailedLineIcon	Canvas/HUD/VerticalUIRoot/VerticalSafeAreaRoot/ContentSlot/Dimension1Panel/D1CommandCenterProductionRoot/CommandDashboard/SectorCard
02_center_drawer_open	1080	1920	Canvas/HUD/VerticalUIRoot/VerticalSafeAreaRoot/ContentSlot/Dimension1Panel/D1CommandCenterProductionRoot/CommandDashboard/SectorCard	4	236.80	1377.20	OK	Canvas/HUD/VerticalUIRoot/VerticalSafeAreaRoot/ContentSlot/Dimension1Panel/D1CommandCenterProductionRoot/CommandDashboard/SectorCard/DetailedLineIcon	Canvas/HUD/VerticalUIRoot/VerticalSafeAreaRoot/ContentSlot/Dimension1Panel/D1CommandCenterProductionRoot/CommandDashboard/SectorCard
02_center_drawer_open	1080	1920	Canvas/HUD/VerticalUIRoot/VerticalSafeAreaRoot/ContentSlot/Dimension1Panel/Registro	0	-60.00	1426.00	OFFSCREEN	<none>	<none>
02_center_drawer_open	1080	1920	Canvas/HUD/VerticalUIRoot/VerticalSafeAreaRoot/ContentSlot/Dimension1Panel/Registro	1	-108.00	1417.00	OFFSCREEN	<none>	<none>
02_center_drawer_open	1080	1920	Canvas/HUD/VerticalUIRoot/VerticalSafeAreaRoot/ContentSlot/Dimension1Panel/Registro	2	-12.00	1417.00	OFFSCREEN	<none>	<none>
02_center_drawer_open	1080	1920	Canvas/HUD/VerticalUIRoot/VerticalSafeAreaRoot/ContentSlot/Dimension1Panel/Registro	3	-108.00	1435.00	OFFSCREEN	<none>	<none>
02_center_drawer_open	1080	1920	Canvas/HUD/VerticalUIRoot/VerticalSafeAreaRoot/ContentSlot/Dimension1Panel/Registro	4	-12.00	1435.00	OFFSCREEN	<none>	<none>
02_center_drawer_open	1080	1920	Canvas/HUD/VerticalUIRoot/VerticalSafeAreaRoot/SecondaryNavigationSlot/SecondaryScroll/Viewport/Content/System_Room2	0	155.00	68.00	OK	Canvas/HUD/VerticalUIRoot/VerticalSafeAreaRoot/SecondaryNavigationSlot/SecondaryScroll/Viewport/Content/System_Room2	Canvas/HUD/VerticalUIRoot/VerticalSafeAreaRoot/SecondaryNavigationSlot/SecondaryScroll/Viewport/Content/System_Room2
02_center_drawer_open	1080	1920	Canvas/HUD/VerticalUIRoot/VerticalSafeAreaRoot/SecondaryNavigationSlot/SecondaryScroll/Viewport/Content/System_Room2	1	104.00	42.80	OK	Canvas/HUD/VerticalUIRoot/VerticalSafeAreaRoot/SecondaryNavigationSlot/SecondaryScroll/Viewport/Content/System_Room2	Canvas/HUD/VerticalUIRoot/VerticalSafeAreaRoot/SecondaryNavigationSlot/SecondaryScroll/Viewport/Content/System_Room2
02_center_drawer_open	1080	1920	Canvas/HUD/VerticalUIRoot/VerticalSafeAreaRoot/SecondaryNavigationSlot/SecondaryScroll/Viewport/Content/System_Room2	2	206.00	42.80	OK	Canvas/HUD/VerticalUIRoot/VerticalSafeAreaRoot/SecondaryNavigationSlot/SecondaryScroll/Viewport/Content/System_Room2	Canvas/HUD/VerticalUIRoot/VerticalSafeAreaRoot/SecondaryNavigationSlot/SecondaryScroll/Viewport/Content/System_Room2
02_center_drawer_open	1080	1920	Canvas/HUD/VerticalUIRoot/VerticalSafeAreaRoot/SecondaryNavigationSlot/SecondaryScroll/Viewport/Content/System_Room2	3	104.00	93.20	OK	Canvas/HUD/VerticalUIRoot/VerticalSafeAreaRoot/SecondaryNavigationSlot/SecondaryScroll/Viewport/Content/System_Room2	Canvas/HUD/VerticalUIRoot/VerticalSafeAreaRoot/SecondaryNavigationSlot/SecondaryScroll/Viewport/Content/System_Room2
02_center_drawer_open	1080	1920	Canvas/HUD/VerticalUIRoot/VerticalSafeAreaRoot/SecondaryNavigationSlot/SecondaryScroll/Viewport/Content/System_Room2	4	206.00	93.20	OK	Canvas/HUD/VerticalUIRoot/VerticalSafeAreaRoot/SecondaryNavigationSlot/SecondaryScroll/Viewport/Content/System_Room2	Canvas/HUD/VerticalUIRoot/VerticalSafeAreaRoot/SecondaryNavigationSlot/SecondaryScroll/Viewport/Content/System_Room2
02_center_drawer_open	1080	1920	Canvas/HUD/VerticalUIRoot/VerticalSafeAreaRoot/ContentSlot/Dimension1Panel/OpenGalaxyPanelButton	0	1240.00	1526.00	OFFSCREEN	<none>	<none>
02_center_drawer_open	1080	1920	Canvas/HUD/VerticalUIRoot/VerticalSafeAreaRoot/ContentSlot/Dimension1Panel/OpenGalaxyPanelButton	1	1192.00	1517.00	OFFSCREEN	<none>	<none>
02_center_drawer_open	1080	1920	Canvas/HUD/VerticalUIRoot/VerticalSafeAreaRoot/ContentSlot/Dimension1Panel/OpenGalaxyPanelButton	2	1288.00	1517.00	OFFSCREEN	<none>	<none>
02_center_drawer_open	1080	1920	Canvas/HUD/VerticalUIRoot/VerticalSafeAreaRoot/ContentSlot/Dimension1Panel/OpenGalaxyPanelButton	3	1192.00	1535.00	OFFSCREEN	<none>	<none>
02_center_drawer_open	1080	1920	Canvas/HUD/VerticalUIRoot/VerticalSafeAreaRoot/ContentSlot/Dimension1Panel/OpenGalaxyPanelButton	4	1288.00	1535.00	OFFSCREEN	<none>	<none>
02_center_drawer_open	1080	1920	Canvas/HUD/VerticalUIRoot/VerticalSafeAreaRoot/SecondaryNavigationSlot/SecondaryScroll/Viewport/Content/System_Dimension1	0	335.00	68.00	OK	Canvas/HUD/VerticalUIRoot/VerticalSafeAreaRoot/SecondaryNavigationSlot/SecondaryScroll/Viewport/Content/System_Dimension1	Canvas/HUD/VerticalUIRoot/VerticalSafeAreaRoot/SecondaryNavigationSlot/SecondaryScroll/Viewport/Content/System_Dimension1
02_center_drawer_open	1080	1920	Canvas/HUD/VerticalUIRoot/VerticalSafeAreaRoot/SecondaryNavigationSlot/SecondaryScroll/Viewport/Content/System_Dimension1	1	284.00	42.80	OK	Canvas/HUD/VerticalUIRoot/VerticalSafeAreaRoot/SecondaryNavigationSlot/SecondaryScroll/Viewport/Content/System_Dimension1	Canvas/HUD/VerticalUIRoot/VerticalSafeAreaRoot/SecondaryNavigationSlot/SecondaryScroll/Viewport/Content/System_Dimension1
02_center_drawer_open	1080	1920	Canvas/HUD/VerticalUIRoot/VerticalSafeAreaRoot/SecondaryNavigationSlot/SecondaryScroll/Viewport/Content/System_Dimension1	2	386.00	42.80	OK	Canvas/HUD/VerticalUIRoot/VerticalSafeAreaRoot/SecondaryNavigationSlot/SecondaryScroll/Viewport/Content/System_Dimension1	Canvas/HUD/VerticalUIRoot/VerticalSafeAreaRoot/SecondaryNavigationSlot/SecondaryScroll/Viewport/Content/System_Dimension1
02_center_drawer_open	1080	1920	Canvas/HUD/VerticalUIRoot/VerticalSafeAreaRoot/SecondaryNavigationSlot/SecondaryScroll/Viewport/Content/System_Dimension1	3	284.00	93.20	OK	Canvas/HUD/VerticalUIRoot/VerticalSafeAreaRoot/SecondaryNavigationSlot/SecondaryScroll/Viewport/Content/System_Dimension1	Canvas/HUD/VerticalUIRoot/VerticalSafeAreaRoot/SecondaryNavigationSlot/SecondaryScroll/Viewport/Content/System_Dimension1
02_center_drawer_open	1080	1920	Canvas/HUD/VerticalUIRoot/VerticalSafeAreaRoot/SecondaryNavigationSlot/SecondaryScroll/Viewport/Content/System_Dimension1	4	386.00	93.20	OK	Canvas/HUD/VerticalUIRoot/VerticalSafeAreaRoot/SecondaryNavigationSlot/SecondaryScroll/Viewport/Content/System_Dimension1	Canvas/HUD/VerticalUIRoot/VerticalSafeAreaRoot/SecondaryNavigationSlot/SecondaryScroll/Viewport/Content/System_Dimension1
03_center_drawer_closed	1080	1920	Canvas/HUD/VerticalUIRoot/VerticalSafeAreaRoot/ContentSlot/Dimension1Panel/D1CommandCenterProductionRoot/DimensionDrawerToggle	0	540.00	227.00	OK	Canvas/HUD/VerticalUIRoot/VerticalSafeAreaRoot/ContentSlot/Dimension1Panel/D1CommandCenterProductionRoot/DimensionDrawerToggle	Canvas/HUD/VerticalUIRoot/VerticalSafeAreaRoot/ContentSlot/Dimension1Panel/D1CommandCenterProductionRoot/DimensionDrawerToggle
03_center_drawer_closed	1080	1920	Canvas/HUD/VerticalUIRoot/VerticalSafeAreaRoot/ContentSlot/Dimension1Panel/D1CommandCenterProductionRoot/DimensionDrawerToggle	1	465.00	216.80	OK	Canvas/HUD/VerticalUIRoot/VerticalSafeAreaRoot/ContentSlot/Dimension1Panel/D1CommandCenterProductionRoot/DimensionDrawerToggle	Canvas/HUD/VerticalUIRoot/VerticalSafeAreaRoot/ContentSlot/Dimension1Panel/D1CommandCenterProductionRoot/DimensionDrawerToggle
03_center_drawer_closed	1080	1920	Canvas/HUD/VerticalUIRoot/VerticalSafeAreaRoot/ContentSlot/Dimension1Panel/D1CommandCenterProductionRoot/DimensionDrawerToggle	2	615.00	216.80	OK	Canvas/HUD/VerticalUIRoot/VerticalSafeAreaRoot/ContentSlot/Dimension1Panel/D1CommandCenterProductionRoot/DimensionDrawerToggle	Canvas/HUD/VerticalUIRoot/VerticalSafeAreaRoot/ContentSlot/Dimension1Panel/D1CommandCenterProductionRoot/DimensionDrawerToggle
03_center_drawer_closed	1080	1920	Canvas/HUD/VerticalUIRoot/VerticalSafeAreaRoot/ContentSlot/Dimension1Panel/D1CommandCenterProductionRoot/DimensionDrawerToggle	3	465.00	237.20	OK	Canvas/HUD/VerticalUIRoot/VerticalSafeAreaRoot/ContentSlot/Dimension1Panel/D1CommandCenterProductionRoot/DimensionDrawerToggle	Canvas/HUD/VerticalUIRoot/VerticalSafeAreaRoot/ContentSlot/Dimension1Panel/D1CommandCenterProductionRoot/DimensionDrawerToggle
03_center_drawer_closed	1080	1920	Canvas/HUD/VerticalUIRoot/VerticalSafeAreaRoot/ContentSlot/Dimension1Panel/D1CommandCenterProductionRoot/DimensionDrawerToggle	4	615.00	237.20	OK	Canvas/HUD/VerticalUIRoot/VerticalSafeAreaRoot/ContentSlot/Dimension1Panel/D1CommandCenterProductionRoot/DimensionDrawerToggle	Canvas/HUD/VerticalUIRoot/VerticalSafeAreaRoot/ContentSlot/Dimension1Panel/D1CommandCenterProductionRoot/DimensionDrawerToggle
03_center_drawer_closed	1080	1920	Canvas/HUD/VerticalUIRoot/VerticalSafeAreaRoot/ContentSlot/Dimension1Panel/D1CommandCenterProductionRoot/CommandDashboard/ScannerCard	0	151.00	989.00	OK	Canvas/HUD/VerticalUIRoot/VerticalSafeAreaRoot/ContentSlot/Dimension1Panel/D1CommandCenterProductionRoot/CommandDashboard/ScannerCard	Canvas/HUD/VerticalUIRoot/VerticalSafeAreaRoot/ContentSlot/Dimension1Panel/D1CommandCenterProductionRoot/CommandDashboard/ScannerCard
03_center_drawer_closed	1080	1920	Canvas/HUD/VerticalUIRoot/VerticalSafeAreaRoot/ContentSlot/Dimension1Panel/D1CommandCenterProductionRoot/CommandDashboard/ScannerCard	1	65.20	903.80	OK	Canvas/HUD/VerticalUIRoot/VerticalSafeAreaRoot/ContentSlot/Dimension1Panel/D1CommandCenterProductionRoot/CommandDashboard/ScannerCard	Canvas/HUD/VerticalUIRoot/VerticalSafeAreaRoot/ContentSlot/Dimension1Panel/D1CommandCenterProductionRoot/CommandDashboard/ScannerCard
03_center_drawer_closed	1080	1920	Canvas/HUD/VerticalUIRoot/VerticalSafeAreaRoot/ContentSlot/Dimension1Panel/D1CommandCenterProductionRoot/CommandDashboard/ScannerCard	2	236.80	903.80	OK	Canvas/HUD/VerticalUIRoot/VerticalSafeAreaRoot/ContentSlot/Dimension1Panel/D1CommandCenterProductionRoot/CommandDashboard/ScannerCard	Canvas/HUD/VerticalUIRoot/VerticalSafeAreaRoot/ContentSlot/Dimension1Panel/D1CommandCenterProductionRoot/CommandDashboard/ScannerCard
03_center_drawer_closed	1080	1920	Canvas/HUD/VerticalUIRoot/VerticalSafeAreaRoot/ContentSlot/Dimension1Panel/D1CommandCenterProductionRoot/CommandDashboard/ScannerCard	3	65.20	1074.20	OK	Canvas/HUD/VerticalUIRoot/VerticalSafeAreaRoot/ContentSlot/Dimension1Panel/D1CommandCenterProductionRoot/CommandDashboard/ScannerCard/DetailedLineIcon	Canvas/HUD/VerticalUIRoot/VerticalSafeAreaRoot/ContentSlot/Dimension1Panel/D1CommandCenterProductionRoot/CommandDashboard/ScannerCard
03_center_drawer_closed	1080	1920	Canvas/HUD/VerticalUIRoot/VerticalSafeAreaRoot/ContentSlot/Dimension1Panel/D1CommandCenterProductionRoot/CommandDashboard/ScannerCard	4	236.80	1074.20	OK	Canvas/HUD/VerticalUIRoot/VerticalSafeAreaRoot/ContentSlot/Dimension1Panel/D1CommandCenterProductionRoot/CommandDashboard/ScannerCard/DetailedLineIcon	Canvas/HUD/VerticalUIRoot/VerticalSafeAreaRoot/ContentSlot/Dimension1Panel/D1CommandCenterProductionRoot/CommandDashboard/ScannerCard
03_center_drawer_closed	1080	1920	Canvas/HUD/VerticalUIRoot/VerticalSafeAreaRoot/ContentSlot/Dimension1Panel/D1CommandCenterProductionRoot/CommandDashboard/FleetCard	0	151.00	686.00	OK	Canvas/HUD/VerticalUIRoot/VerticalSafeAreaRoot/ContentSlot/Dimension1Panel/D1CommandCenterProductionRoot/CommandDashboard/FleetCard	Canvas/HUD/VerticalUIRoot/VerticalSafeAreaRoot/ContentSlot/Dimension1Panel/D1CommandCenterProductionRoot/CommandDashboard/FleetCard
03_center_drawer_closed	1080	1920	Canvas/HUD/VerticalUIRoot/VerticalSafeAreaRoot/ContentSlot/Dimension1Panel/D1CommandCenterProductionRoot/CommandDashboard/FleetCard	1	65.20	600.80	OK	Canvas/HUD/VerticalUIRoot/VerticalSafeAreaRoot/ContentSlot/Dimension1Panel/D1CommandCenterProductionRoot/CommandDashboard/FleetCard	Canvas/HUD/VerticalUIRoot/VerticalSafeAreaRoot/ContentSlot/Dimension1Panel/D1CommandCenterProductionRoot/CommandDashboard/FleetCard
03_center_drawer_closed	1080	1920	Canvas/HUD/VerticalUIRoot/VerticalSafeAreaRoot/ContentSlot/Dimension1Panel/D1CommandCenterProductionRoot/CommandDashboard/FleetCard	2	236.80	600.80	OK	Canvas/HUD/VerticalUIRoot/VerticalSafeAreaRoot/ContentSlot/Dimension1Panel/D1CommandCenterProductionRoot/CommandDashboard/FleetCard	Canvas/HUD/VerticalUIRoot/VerticalSafeAreaRoot/ContentSlot/Dimension1Panel/D1CommandCenterProductionRoot/CommandDashboard/FleetCard
03_center_drawer_closed	1080	1920	Canvas/HUD/VerticalUIRoot/VerticalSafeAreaRoot/ContentSlot/Dimension1Panel/D1CommandCenterProductionRoot/CommandDashboard/FleetCard	3	65.20	771.20	OK	Canvas/HUD/VerticalUIRoot/VerticalSafeAreaRoot/ContentSlot/Dimension1Panel/D1CommandCenterProductionRoot/CommandDashboard/FleetCard/DetailedLineIcon	Canvas/HUD/VerticalUIRoot/VerticalSafeAreaRoot/ContentSlot/Dimension1Panel/D1CommandCenterProductionRoot/CommandDashboard/FleetCard
03_center_drawer_closed	1080	1920	Canvas/HUD/VerticalUIRoot/VerticalSafeAreaRoot/ContentSlot/Dimension1Panel/D1CommandCenterProductionRoot/CommandDashboard/FleetCard	4	236.80	771.20	OK	Canvas/HUD/VerticalUIRoot/VerticalSafeAreaRoot/ContentSlot/Dimension1Panel/D1CommandCenterProductionRoot/CommandDashboard/FleetCard/DetailedLineIcon	Canvas/HUD/VerticalUIRoot/VerticalSafeAreaRoot/ContentSlot/Dimension1Panel/D1CommandCenterProductionRoot/CommandDashboard/FleetCard
03_center_drawer_closed	1080	1920	Canvas/HUD/VerticalUIRoot/VerticalSafeAreaRoot/ContentSlot/Dimension1Panel/D1CommandCenterProductionRoot/Nav_EXPLORAR	0	330.00	110.00	OK	Canvas/HUD/VerticalUIRoot/VerticalSafeAreaRoot/ContentSlot/Dimension1Panel/D1CommandCenterProductionRoot/Nav_EXPLORAR	Canvas/HUD/VerticalUIRoot/VerticalSafeAreaRoot/ContentSlot/Dimension1Panel/D1CommandCenterProductionRoot/Nav_EXPLORAR
03_center_drawer_closed	1080	1920	Canvas/HUD/VerticalUIRoot/VerticalSafeAreaRoot/ContentSlot/Dimension1Panel/D1CommandCenterProductionRoot/Nav_EXPLORAR	1	270.60	57.20	OK	Canvas/HUD/VerticalUIRoot/VerticalSafeAreaRoot/ContentSlot/Dimension1Panel/D1CommandCenterProductionRoot/Nav_EXPLORAR	Canvas/HUD/VerticalUIRoot/VerticalSafeAreaRoot/ContentSlot/Dimension1Panel/D1CommandCenterProductionRoot/Nav_EXPLORAR
03_center_drawer_closed	1080	1920	Canvas/HUD/VerticalUIRoot/VerticalSafeAreaRoot/ContentSlot/Dimension1Panel/D1CommandCenterProductionRoot/Nav_EXPLORAR	2	389.40	57.20	OK	Canvas/HUD/VerticalUIRoot/VerticalSafeAreaRoot/ContentSlot/Dimension1Panel/D1CommandCenterProductionRoot/Nav_EXPLORAR	Canvas/HUD/VerticalUIRoot/VerticalSafeAreaRoot/ContentSlot/Dimension1Panel/D1CommandCenterProductionRoot/Nav_EXPLORAR
03_center_drawer_closed	1080	1920	Canvas/HUD/VerticalUIRoot/VerticalSafeAreaRoot/ContentSlot/Dimension1Panel/D1CommandCenterProductionRoot/Nav_EXPLORAR	3	270.60	162.80	OK	Canvas/HUD/VerticalUIRoot/VerticalSafeAreaRoot/ContentSlot/Dimension1Panel/D1CommandCenterProductionRoot/Nav_EXPLORAR	Canvas/HUD/VerticalUIRoot/VerticalSafeAreaRoot/ContentSlot/Dimension1Panel/D1CommandCenterProductionRoot/Nav_EXPLORAR
03_center_drawer_closed	1080	1920	Canvas/HUD/VerticalUIRoot/VerticalSafeAreaRoot/ContentSlot/Dimension1Panel/D1CommandCenterProductionRoot/Nav_EXPLORAR	4	389.40	162.80	OK	Canvas/HUD/VerticalUIRoot/VerticalSafeAreaRoot/ContentSlot/Dimension1Panel/D1CommandCenterProductionRoot/Nav_EXPLORAR	Canvas/HUD/VerticalUIRoot/VerticalSafeAreaRoot/ContentSlot/Dimension1Panel/D1CommandCenterProductionRoot/Nav_EXPLORAR
03_center_drawer_closed	1080	1920	Canvas/HUD/VerticalUIRoot/VerticalSafeAreaRoot/ContentSlot/Dimension1Panel/D1CommandCenterProductionRoot/CommandDashboard/RelicsCard	0	929.00	1292.00	OK	Canvas/HUD/VerticalUIRoot/VerticalSafeAreaRoot/ContentSlot/Dimension1Panel/D1CommandCenterProductionRoot/CommandDashboard/RelicsCard	Canvas/HUD/VerticalUIRoot/VerticalSafeAreaRoot/ContentSlot/Dimension1Panel/D1CommandCenterProductionRoot/CommandDashboard/RelicsCard
03_center_drawer_closed	1080	1920	Canvas/HUD/VerticalUIRoot/VerticalSafeAreaRoot/ContentSlot/Dimension1Panel/D1CommandCenterProductionRoot/CommandDashboard/RelicsCard	1	843.20	1206.80	OK	Canvas/HUD/VerticalUIRoot/VerticalSafeAreaRoot/ContentSlot/Dimension1Panel/D1CommandCenterProductionRoot/CommandDashboard/RelicsCard	Canvas/HUD/VerticalUIRoot/VerticalSafeAreaRoot/ContentSlot/Dimension1Panel/D1CommandCenterProductionRoot/CommandDashboard/RelicsCard
03_center_drawer_closed	1080	1920	Canvas/HUD/VerticalUIRoot/VerticalSafeAreaRoot/ContentSlot/Dimension1Panel/D1CommandCenterProductionRoot/CommandDashboard/RelicsCard	2	1014.80	1206.80	OK	Canvas/HUD/VerticalUIRoot/VerticalSafeAreaRoot/ContentSlot/Dimension1Panel/D1CommandCenterProductionRoot/CommandDashboard/RelicsCard	Canvas/HUD/VerticalUIRoot/VerticalSafeAreaRoot/ContentSlot/Dimension1Panel/D1CommandCenterProductionRoot/CommandDashboard/RelicsCard
03_center_drawer_closed	1080	1920	Canvas/HUD/VerticalUIRoot/VerticalSafeAreaRoot/ContentSlot/Dimension1Panel/D1CommandCenterProductionRoot/CommandDashboard/RelicsCard	3	843.20	1377.20	OK	Canvas/HUD/VerticalUIRoot/VerticalSafeAreaRoot/ContentSlot/Dimension1Panel/D1CommandCenterProductionRoot/CommandDashboard/RelicsCard/DetailedLineIcon	Canvas/HUD/VerticalUIRoot/VerticalSafeAreaRoot/ContentSlot/Dimension1Panel/D1CommandCenterProductionRoot/CommandDashboard/RelicsCard
03_center_drawer_closed	1080	1920	Canvas/HUD/VerticalUIRoot/VerticalSafeAreaRoot/ContentSlot/Dimension1Panel/D1CommandCenterProductionRoot/CommandDashboard/RelicsCard	4	1014.80	1377.20	OK	Canvas/HUD/VerticalUIRoot/VerticalSafeAreaRoot/ContentSlot/Dimension1Panel/D1CommandCenterProductionRoot/CommandDashboard/RelicsCard/DetailedLineIcon	Canvas/HUD/VerticalUIRoot/VerticalSafeAreaRoot/ContentSlot/Dimension1Panel/D1CommandCenterProductionRoot/CommandDashboard/RelicsCard
03_center_drawer_closed	1080	1920	Canvas/HUD/VerticalUIRoot/VerticalSafeAreaRoot/ContentSlot/Dimension1Panel/OpenRelicChamberPanelButton	0	1240.00	1476.00	OFFSCREEN	<none>	<none>
03_center_drawer_closed	1080	1920	Canvas/HUD/VerticalUIRoot/VerticalSafeAreaRoot/ContentSlot/Dimension1Panel/OpenRelicChamberPanelButton	1	1192.00	1467.00	OFFSCREEN	<none>	<none>
03_center_drawer_closed	1080	1920	Canvas/HUD/VerticalUIRoot/VerticalSafeAreaRoot/ContentSlot/Dimension1Panel/OpenRelicChamberPanelButton	2	1288.00	1467.00	OFFSCREEN	<none>	<none>
03_center_drawer_closed	1080	1920	Canvas/HUD/VerticalUIRoot/VerticalSafeAreaRoot/ContentSlot/Dimension1Panel/OpenRelicChamberPanelButton	3	1192.00	1485.00	OFFSCREEN	<none>	<none>
03_center_drawer_closed	1080	1920	Canvas/HUD/VerticalUIRoot/VerticalSafeAreaRoot/ContentSlot/Dimension1Panel/OpenRelicChamberPanelButton	4	1288.00	1485.00	OFFSCREEN	<none>	<none>
03_center_drawer_closed	1080	1920	Canvas/HUD/VerticalUIRoot/VerticalSafeAreaRoot/ContentSlot/Dimension1Panel/D1CommandCenterProductionRoot/CommandDashboard/ExpeditionsCard	0	929.00	686.00	OK	Canvas/HUD/VerticalUIRoot/VerticalSafeAreaRoot/ContentSlot/Dimension1Panel/D1CommandCenterProductionRoot/CommandDashboard/ExpeditionsCard	Canvas/HUD/VerticalUIRoot/VerticalSafeAreaRoot/ContentSlot/Dimension1Panel/D1CommandCenterProductionRoot/CommandDashboard/ExpeditionsCard
03_center_drawer_closed	1080	1920	Canvas/HUD/VerticalUIRoot/VerticalSafeAreaRoot/ContentSlot/Dimension1Panel/D1CommandCenterProductionRoot/CommandDashboard/ExpeditionsCard	1	843.20	600.80	OK	Canvas/HUD/VerticalUIRoot/VerticalSafeAreaRoot/ContentSlot/Dimension1Panel/D1CommandCenterProductionRoot/CommandDashboard/ExpeditionsCard	Canvas/HUD/VerticalUIRoot/VerticalSafeAreaRoot/ContentSlot/Dimension1Panel/D1CommandCenterProductionRoot/CommandDashboard/ExpeditionsCard
03_center_drawer_closed	1080	1920	Canvas/HUD/VerticalUIRoot/VerticalSafeAreaRoot/ContentSlot/Dimension1Panel/D1CommandCenterProductionRoot/CommandDashboard/ExpeditionsCard	2	1014.80	600.80	OK	Canvas/HUD/VerticalUIRoot/VerticalSafeAreaRoot/ContentSlot/Dimension1Panel/D1CommandCenterProductionRoot/CommandDashboard/ExpeditionsCard	Canvas/HUD/VerticalUIRoot/VerticalSafeAreaRoot/ContentSlot/Dimension1Panel/D1CommandCenterProductionRoot/CommandDashboard/ExpeditionsCard
03_center_drawer_closed	1080	1920	Canvas/HUD/VerticalUIRoot/VerticalSafeAreaRoot/ContentSlot/Dimension1Panel/D1CommandCenterProductionRoot/CommandDashboard/ExpeditionsCard	3	843.20	771.20	OK	Canvas/HUD/VerticalUIRoot/VerticalSafeAreaRoot/ContentSlot/Dimension1Panel/D1CommandCenterProductionRoot/CommandDashboard/ExpeditionsCard/DetailedLineIcon	Canvas/HUD/VerticalUIRoot/VerticalSafeAreaRoot/ContentSlot/Dimension1Panel/D1CommandCenterProductionRoot/CommandDashboard/ExpeditionsCard
03_center_drawer_closed	1080	1920	Canvas/HUD/VerticalUIRoot/VerticalSafeAreaRoot/ContentSlot/Dimension1Panel/D1CommandCenterProductionRoot/CommandDashboard/ExpeditionsCard	4	1014.80	771.20	OK	Canvas/HUD/VerticalUIRoot/VerticalSafeAreaRoot/ContentSlot/Dimension1Panel/D1CommandCenterProductionRoot/CommandDashboard/ExpeditionsCard/DetailedLineIcon	Canvas/HUD/VerticalUIRoot/VerticalSafeAreaRoot/ContentSlot/Dimension1Panel/D1CommandCenterProductionRoot/CommandDashboard/ExpeditionsCard
03_center_drawer_closed	1080	1920	Canvas/HUD/VerticalUIRoot/VerticalSafeAreaRoot/ContentSlot/Dimension1Panel/OpenDimension1TreePanelButton	0	1240.00	1376.00	OFFSCREEN	<none>	<none>
03_center_drawer_closed	1080	1920	Canvas/HUD/VerticalUIRoot/VerticalSafeAreaRoot/ContentSlot/Dimension1Panel/OpenDimension1TreePanelButton	1	1192.00	1367.00	OFFSCREEN	<none>	<none>
03_center_drawer_closed	1080	1920	Canvas/HUD/VerticalUIRoot/VerticalSafeAreaRoot/ContentSlot/Dimension1Panel/OpenDimension1TreePanelButton	2	1288.00	1367.00	OFFSCREEN	<none>	<none>
03_center_drawer_closed	1080	1920	Canvas/HUD/VerticalUIRoot/VerticalSafeAreaRoot/ContentSlot/Dimension1Panel/OpenDimension1TreePanelButton	3	1192.00	1385.00	OFFSCREEN	<none>	<none>
03_center_drawer_closed	1080	1920	Canvas/HUD/VerticalUIRoot/VerticalSafeAreaRoot/ContentSlot/Dimension1Panel/OpenDimension1TreePanelButton	4	1288.00	1385.00	OFFSCREEN	<none>	<none>
03_center_drawer_closed	1080	1920	Canvas/HUD/VerticalUIRoot/VerticalSafeAreaRoot/ContentSlot/Dimension1Panel/D1CommandCenterProductionRoot/MetalsButton	0	921.50	1768.00	OK	Canvas/HUD/VerticalUIRoot/VerticalSafeAreaRoot/ContentSlot/Dimension1Panel/D1CommandCenterProductionRoot/MetalsButton	Canvas/HUD/VerticalUIRoot/VerticalSafeAreaRoot/ContentSlot/Dimension1Panel/D1CommandCenterProductionRoot/MetalsButton
03_center_drawer_closed	1080	1920	Canvas/HUD/VerticalUIRoot/VerticalSafeAreaRoot/ContentSlot/Dimension1Panel/D1CommandCenterProductionRoot/MetalsButton	1	848.00	1738.00	OK	Canvas/HUD/VerticalUIRoot/VerticalSafeAreaRoot/ContentSlot/Dimension1Panel/D1CommandCenterProductionRoot/MetalsButton	Canvas/HUD/VerticalUIRoot/VerticalSafeAreaRoot/ContentSlot/Dimension1Panel/D1CommandCenterProductionRoot/MetalsButton
03_center_drawer_closed	1080	1920	Canvas/HUD/VerticalUIRoot/VerticalSafeAreaRoot/ContentSlot/Dimension1Panel/D1CommandCenterProductionRoot/MetalsButton	2	995.00	1738.00	OK	Canvas/HUD/VerticalUIRoot/VerticalSafeAreaRoot/ContentSlot/Dimension1Panel/D1CommandCenterProductionRoot/MetalsButton	Canvas/HUD/VerticalUIRoot/VerticalSafeAreaRoot/ContentSlot/Dimension1Panel/D1CommandCenterProductionRoot/MetalsButton
03_center_drawer_closed	1080	1920	Canvas/HUD/VerticalUIRoot/VerticalSafeAreaRoot/ContentSlot/Dimension1Panel/D1CommandCenterProductionRoot/MetalsButton	3	848.00	1798.00	OK	Canvas/HUD/VerticalUIRoot/VerticalSafeAreaRoot/ContentSlot/Dimension1Panel/D1CommandCenterProductionRoot/MetalsButton	Canvas/HUD/VerticalUIRoot/VerticalSafeAreaRoot/ContentSlot/Dimension1Panel/D1CommandCenterProductionRoot/MetalsButton
03_center_drawer_closed	1080	1920	Canvas/HUD/VerticalUIRoot/VerticalSafeAreaRoot/ContentSlot/Dimension1Panel/D1CommandCenterProductionRoot/MetalsButton	4	995.00	1798.00	OK	Canvas/HUD/VerticalUIRoot/VerticalSafeAreaRoot/ContentSlot/Dimension1Panel/D1CommandCenterProductionRoot/MetalsButton	Canvas/HUD/VerticalUIRoot/VerticalSafeAreaRoot/ContentSlot/Dimension1Panel/D1CommandCenterProductionRoot/MetalsButton
03_center_drawer_closed	1080	1920	Canvas/HUD/VerticalUIRoot/VerticalSafeAreaRoot/ContentSlot/Dimension1Panel/D1CommandCenterProductionRoot/Nav_HANGAR	0	537.00	110.00	OK	Canvas/HUD/VerticalUIRoot/VerticalSafeAreaRoot/ContentSlot/Dimension1Panel/D1CommandCenterProductionRoot/Nav_HANGAR	Canvas/HUD/VerticalUIRoot/VerticalSafeAreaRoot/ContentSlot/Dimension1Panel/D1CommandCenterProductionRoot/Nav_HANGAR
03_center_drawer_closed	1080	1920	Canvas/HUD/VerticalUIRoot/VerticalSafeAreaRoot/ContentSlot/Dimension1Panel/D1CommandCenterProductionRoot/Nav_HANGAR	1	477.60	57.20	OK	Canvas/HUD/VerticalUIRoot/VerticalSafeAreaRoot/ContentSlot/Dimension1Panel/D1CommandCenterProductionRoot/Nav_HANGAR	Canvas/HUD/VerticalUIRoot/VerticalSafeAreaRoot/ContentSlot/Dimension1Panel/D1CommandCenterProductionRoot/Nav_HANGAR
03_center_drawer_closed	1080	1920	Canvas/HUD/VerticalUIRoot/VerticalSafeAreaRoot/ContentSlot/Dimension1Panel/D1CommandCenterProductionRoot/Nav_HANGAR	2	596.40	57.20	OK	Canvas/HUD/VerticalUIRoot/VerticalSafeAreaRoot/ContentSlot/Dimension1Panel/D1CommandCenterProductionRoot/Nav_HANGAR	Canvas/HUD/VerticalUIRoot/VerticalSafeAreaRoot/ContentSlot/Dimension1Panel/D1CommandCenterProductionRoot/Nav_HANGAR
03_center_drawer_closed	1080	1920	Canvas/HUD/VerticalUIRoot/VerticalSafeAreaRoot/ContentSlot/Dimension1Panel/D1CommandCenterProductionRoot/Nav_HANGAR	3	477.60	162.80	OK	Canvas/HUD/VerticalUIRoot/VerticalSafeAreaRoot/ContentSlot/Dimension1Panel/D1CommandCenterProductionRoot/Nav_HANGAR	Canvas/HUD/VerticalUIRoot/VerticalSafeAreaRoot/ContentSlot/Dimension1Panel/D1CommandCenterProductionRoot/Nav_HANGAR
03_center_drawer_closed	1080	1920	Canvas/HUD/VerticalUIRoot/VerticalSafeAreaRoot/ContentSlot/Dimension1Panel/D1CommandCenterProductionRoot/Nav_HANGAR	4	596.40	162.80	OK	Canvas/HUD/VerticalUIRoot/VerticalSafeAreaRoot/ContentSlot/Dimension1Panel/D1CommandCenterProductionRoot/Nav_HANGAR	Canvas/HUD/VerticalUIRoot/VerticalSafeAreaRoot/ContentSlot/Dimension1Panel/D1CommandCenterProductionRoot/Nav_HANGAR
03_center_drawer_closed	1080	1920	Canvas/HUD/VerticalUIRoot/VerticalSafeAreaRoot/ContentSlot/Dimension1Panel/D1CommandCenterProductionRoot/CommandDashboard/TreeCard	0	929.00	989.00	OK	Canvas/HUD/VerticalUIRoot/VerticalSafeAreaRoot/ContentSlot/Dimension1Panel/D1CommandCenterProductionRoot/CommandDashboard/TreeCard	Canvas/HUD/VerticalUIRoot/VerticalSafeAreaRoot/ContentSlot/Dimension1Panel/D1CommandCenterProductionRoot/CommandDashboard/TreeCard
03_center_drawer_closed	1080	1920	Canvas/HUD/VerticalUIRoot/VerticalSafeAreaRoot/ContentSlot/Dimension1Panel/D1CommandCenterProductionRoot/CommandDashboard/TreeCard	1	843.20	903.80	OK	Canvas/HUD/VerticalUIRoot/VerticalSafeAreaRoot/ContentSlot/Dimension1Panel/D1CommandCenterProductionRoot/CommandDashboard/TreeCard	Canvas/HUD/VerticalUIRoot/VerticalSafeAreaRoot/ContentSlot/Dimension1Panel/D1CommandCenterProductionRoot/CommandDashboard/TreeCard
03_center_drawer_closed	1080	1920	Canvas/HUD/VerticalUIRoot/VerticalSafeAreaRoot/ContentSlot/Dimension1Panel/D1CommandCenterProductionRoot/CommandDashboard/TreeCard	2	1014.80	903.80	OK	Canvas/HUD/VerticalUIRoot/VerticalSafeAreaRoot/ContentSlot/Dimension1Panel/D1CommandCenterProductionRoot/CommandDashboard/TreeCard	Canvas/HUD/VerticalUIRoot/VerticalSafeAreaRoot/ContentSlot/Dimension1Panel/D1CommandCenterProductionRoot/CommandDashboard/TreeCard
03_center_drawer_closed	1080	1920	Canvas/HUD/VerticalUIRoot/VerticalSafeAreaRoot/ContentSlot/Dimension1Panel/D1CommandCenterProductionRoot/CommandDashboard/TreeCard	3	843.20	1074.20	OK	Canvas/HUD/VerticalUIRoot/VerticalSafeAreaRoot/ContentSlot/Dimension1Panel/D1CommandCenterProductionRoot/CommandDashboard/TreeCard/DetailedLineIcon	Canvas/HUD/VerticalUIRoot/VerticalSafeAreaRoot/ContentSlot/Dimension1Panel/D1CommandCenterProductionRoot/CommandDashboard/TreeCard
03_center_drawer_closed	1080	1920	Canvas/HUD/VerticalUIRoot/VerticalSafeAreaRoot/ContentSlot/Dimension1Panel/D1CommandCenterProductionRoot/CommandDashboard/TreeCard	4	1014.80	1074.20	OK	Canvas/HUD/VerticalUIRoot/VerticalSafeAreaRoot/ContentSlot/Dimension1Panel/D1CommandCenterProductionRoot/CommandDashboard/TreeCard/DetailedLineIcon	Canvas/HUD/VerticalUIRoot/VerticalSafeAreaRoot/ContentSlot/Dimension1Panel/D1CommandCenterProductionRoot/CommandDashboard/TreeCard
03_center_drawer_closed	1080	1920	Canvas/HUD/VerticalUIRoot/VerticalSafeAreaRoot/ContentSlot/Dimension1Panel/OpenHangarPanelButton	0	1240.00	1426.00	OFFSCREEN	<none>	<none>
03_center_drawer_closed	1080	1920	Canvas/HUD/VerticalUIRoot/VerticalSafeAreaRoot/ContentSlot/Dimension1Panel/OpenHangarPanelButton	1	1192.00	1417.00	OFFSCREEN	<none>	<none>
03_center_drawer_closed	1080	1920	Canvas/HUD/VerticalUIRoot/VerticalSafeAreaRoot/ContentSlot/Dimension1Panel/OpenHangarPanelButton	2	1288.00	1417.00	OFFSCREEN	<none>	<none>
03_center_drawer_closed	1080	1920	Canvas/HUD/VerticalUIRoot/VerticalSafeAreaRoot/ContentSlot/Dimension1Panel/OpenHangarPanelButton	3	1192.00	1435.00	OFFSCREEN	<none>	<none>
03_center_drawer_closed	1080	1920	Canvas/HUD/VerticalUIRoot/VerticalSafeAreaRoot/ContentSlot/Dimension1Panel/OpenHangarPanelButton	4	1288.00	1435.00	OFFSCREEN	<none>	<none>
03_center_drawer_closed	1080	1920	Canvas/HUD/VerticalUIRoot/VerticalSafeAreaRoot/ContentSlot/Dimension1Panel/D1CommandCenterProductionRoot/Nav_RELIQUIAS	0	744.00	110.00	OK	Canvas/HUD/VerticalUIRoot/VerticalSafeAreaRoot/ContentSlot/Dimension1Panel/D1CommandCenterProductionRoot/Nav_RELIQUIAS	Canvas/HUD/VerticalUIRoot/VerticalSafeAreaRoot/ContentSlot/Dimension1Panel/D1CommandCenterProductionRoot/Nav_RELIQUIAS
03_center_drawer_closed	1080	1920	Canvas/HUD/VerticalUIRoot/VerticalSafeAreaRoot/ContentSlot/Dimension1Panel/D1CommandCenterProductionRoot/Nav_RELIQUIAS	1	684.60	57.20	OK	Canvas/HUD/VerticalUIRoot/VerticalSafeAreaRoot/ContentSlot/Dimension1Panel/D1CommandCenterProductionRoot/Nav_RELIQUIAS	Canvas/HUD/VerticalUIRoot/VerticalSafeAreaRoot/ContentSlot/Dimension1Panel/D1CommandCenterProductionRoot/Nav_RELIQUIAS
03_center_drawer_closed	1080	1920	Canvas/HUD/VerticalUIRoot/VerticalSafeAreaRoot/ContentSlot/Dimension1Panel/D1CommandCenterProductionRoot/Nav_RELIQUIAS	2	803.40	57.20	OK	Canvas/HUD/VerticalUIRoot/VerticalSafeAreaRoot/ContentSlot/Dimension1Panel/D1CommandCenterProductionRoot/Nav_RELIQUIAS	Canvas/HUD/VerticalUIRoot/VerticalSafeAreaRoot/ContentSlot/Dimension1Panel/D1CommandCenterProductionRoot/Nav_RELIQUIAS
03_center_drawer_closed	1080	1920	Canvas/HUD/VerticalUIRoot/VerticalSafeAreaRoot/ContentSlot/Dimension1Panel/D1CommandCenterProductionRoot/Nav_RELIQUIAS	3	684.60	162.80	OK	Canvas/HUD/VerticalUIRoot/VerticalSafeAreaRoot/ContentSlot/Dimension1Panel/D1CommandCenterProductionRoot/Nav_RELIQUIAS	Canvas/HUD/VerticalUIRoot/VerticalSafeAreaRoot/ContentSlot/Dimension1Panel/D1CommandCenterProductionRoot/Nav_RELIQUIAS
03_center_drawer_closed	1080	1920	Canvas/HUD/VerticalUIRoot/VerticalSafeAreaRoot/ContentSlot/Dimension1Panel/D1CommandCenterProductionRoot/Nav_RELIQUIAS	4	803.40	162.80	OK	Canvas/HUD/VerticalUIRoot/VerticalSafeAreaRoot/ContentSlot/Dimension1Panel/D1CommandCenterProductionRoot/Nav_RELIQUIAS	Canvas/HUD/VerticalUIRoot/VerticalSafeAreaRoot/ContentSlot/Dimension1Panel/D1CommandCenterProductionRoot/Nav_RELIQUIAS
03_center_drawer_closed	1080	1920	Canvas/HUD/VerticalUIRoot/VerticalSafeAreaRoot/ContentSlot/Dimension1Panel/D1CommandCenterProductionRoot/Nav_ÁRBOL	0	951.00	110.00	OK	Canvas/HUD/VerticalUIRoot/VerticalSafeAreaRoot/ContentSlot/Dimension1Panel/D1CommandCenterProductionRoot/Nav_ÁRBOL	Canvas/HUD/VerticalUIRoot/VerticalSafeAreaRoot/ContentSlot/Dimension1Panel/D1CommandCenterProductionRoot/Nav_ÁRBOL
03_center_drawer_closed	1080	1920	Canvas/HUD/VerticalUIRoot/VerticalSafeAreaRoot/ContentSlot/Dimension1Panel/D1CommandCenterProductionRoot/Nav_ÁRBOL	1	891.60	57.20	OK	Canvas/HUD/VerticalUIRoot/VerticalSafeAreaRoot/ContentSlot/Dimension1Panel/D1CommandCenterProductionRoot/Nav_ÁRBOL	Canvas/HUD/VerticalUIRoot/VerticalSafeAreaRoot/ContentSlot/Dimension1Panel/D1CommandCenterProductionRoot/Nav_ÁRBOL
03_center_drawer_closed	1080	1920	Canvas/HUD/VerticalUIRoot/VerticalSafeAreaRoot/ContentSlot/Dimension1Panel/D1CommandCenterProductionRoot/Nav_ÁRBOL	2	1010.40	57.20	OK	Canvas/HUD/VerticalUIRoot/VerticalSafeAreaRoot/ContentSlot/Dimension1Panel/D1CommandCenterProductionRoot/Nav_ÁRBOL	Canvas/HUD/VerticalUIRoot/VerticalSafeAreaRoot/ContentSlot/Dimension1Panel/D1CommandCenterProductionRoot/Nav_ÁRBOL
03_center_drawer_closed	1080	1920	Canvas/HUD/VerticalUIRoot/VerticalSafeAreaRoot/ContentSlot/Dimension1Panel/D1CommandCenterProductionRoot/Nav_ÁRBOL	3	891.60	162.80	OK	Canvas/HUD/VerticalUIRoot/VerticalSafeAreaRoot/ContentSlot/Dimension1Panel/D1CommandCenterProductionRoot/Nav_ÁRBOL	Canvas/HUD/VerticalUIRoot/VerticalSafeAreaRoot/ContentSlot/Dimension1Panel/D1CommandCenterProductionRoot/Nav_ÁRBOL
03_center_drawer_closed	1080	1920	Canvas/HUD/VerticalUIRoot/VerticalSafeAreaRoot/ContentSlot/Dimension1Panel/D1CommandCenterProductionRoot/Nav_ÁRBOL	4	1010.40	162.80	OK	Canvas/HUD/VerticalUIRoot/VerticalSafeAreaRoot/ContentSlot/Dimension1Panel/D1CommandCenterProductionRoot/Nav_ÁRBOL	Canvas/HUD/VerticalUIRoot/VerticalSafeAreaRoot/ContentSlot/Dimension1Panel/D1CommandCenterProductionRoot/Nav_ÁRBOL
03_center_drawer_closed	1080	1920	Canvas/HUD/VerticalUIRoot/VerticalSafeAreaRoot/ContentSlot/Dimension1Panel/D1CommandCenterProductionRoot/CommandDashboard/SectorCard	0	151.00	1292.00	OK	Canvas/HUD/VerticalUIRoot/VerticalSafeAreaRoot/ContentSlot/Dimension1Panel/D1CommandCenterProductionRoot/CommandDashboard/SectorCard	Canvas/HUD/VerticalUIRoot/VerticalSafeAreaRoot/ContentSlot/Dimension1Panel/D1CommandCenterProductionRoot/CommandDashboard/SectorCard
03_center_drawer_closed	1080	1920	Canvas/HUD/VerticalUIRoot/VerticalSafeAreaRoot/ContentSlot/Dimension1Panel/D1CommandCenterProductionRoot/CommandDashboard/SectorCard	1	65.20	1206.80	OK	Canvas/HUD/VerticalUIRoot/VerticalSafeAreaRoot/ContentSlot/Dimension1Panel/D1CommandCenterProductionRoot/CommandDashboard/SectorCard	Canvas/HUD/VerticalUIRoot/VerticalSafeAreaRoot/ContentSlot/Dimension1Panel/D1CommandCenterProductionRoot/CommandDashboard/SectorCard
03_center_drawer_closed	1080	1920	Canvas/HUD/VerticalUIRoot/VerticalSafeAreaRoot/ContentSlot/Dimension1Panel/D1CommandCenterProductionRoot/CommandDashboard/SectorCard	2	236.80	1206.80	OK	Canvas/HUD/VerticalUIRoot/VerticalSafeAreaRoot/ContentSlot/Dimension1Panel/D1CommandCenterProductionRoot/CommandDashboard/SectorCard	Canvas/HUD/VerticalUIRoot/VerticalSafeAreaRoot/ContentSlot/Dimension1Panel/D1CommandCenterProductionRoot/CommandDashboard/SectorCard
03_center_drawer_closed	1080	1920	Canvas/HUD/VerticalUIRoot/VerticalSafeAreaRoot/ContentSlot/Dimension1Panel/D1CommandCenterProductionRoot/CommandDashboard/SectorCard	3	65.20	1377.20	OK	Canvas/HUD/VerticalUIRoot/VerticalSafeAreaRoot/ContentSlot/Dimension1Panel/D1CommandCenterProductionRoot/CommandDashboard/SectorCard/DetailedLineIcon	Canvas/HUD/VerticalUIRoot/VerticalSafeAreaRoot/ContentSlot/Dimension1Panel/D1CommandCenterProductionRoot/CommandDashboard/SectorCard
03_center_drawer_closed	1080	1920	Canvas/HUD/VerticalUIRoot/VerticalSafeAreaRoot/ContentSlot/Dimension1Panel/D1CommandCenterProductionRoot/CommandDashboard/SectorCard	4	236.80	1377.20	OK	Canvas/HUD/VerticalUIRoot/VerticalSafeAreaRoot/ContentSlot/Dimension1Panel/D1CommandCenterProductionRoot/CommandDashboard/SectorCard/DetailedLineIcon	Canvas/HUD/VerticalUIRoot/VerticalSafeAreaRoot/ContentSlot/Dimension1Panel/D1CommandCenterProductionRoot/CommandDashboard/SectorCard
03_center_drawer_closed	1080	1920	Canvas/HUD/VerticalUIRoot/VerticalSafeAreaRoot/ContentSlot/Dimension1Panel/D1CommandCenterProductionRoot/Nav_GALAXIA	0	123.00	110.00	OK	Canvas/HUD/VerticalUIRoot/VerticalSafeAreaRoot/ContentSlot/Dimension1Panel/D1CommandCenterProductionRoot/Nav_GALAXIA	Canvas/HUD/VerticalUIRoot/VerticalSafeAreaRoot/ContentSlot/Dimension1Panel/D1CommandCenterProductionRoot/Nav_GALAXIA
03_center_drawer_closed	1080	1920	Canvas/HUD/VerticalUIRoot/VerticalSafeAreaRoot/ContentSlot/Dimension1Panel/D1CommandCenterProductionRoot/Nav_GALAXIA	1	63.60	57.20	OK	Canvas/HUD/VerticalUIRoot/VerticalSafeAreaRoot/ContentSlot/Dimension1Panel/D1CommandCenterProductionRoot/Nav_GALAXIA	Canvas/HUD/VerticalUIRoot/VerticalSafeAreaRoot/ContentSlot/Dimension1Panel/D1CommandCenterProductionRoot/Nav_GALAXIA
03_center_drawer_closed	1080	1920	Canvas/HUD/VerticalUIRoot/VerticalSafeAreaRoot/ContentSlot/Dimension1Panel/D1CommandCenterProductionRoot/Nav_GALAXIA	2	182.40	57.20	OK	Canvas/HUD/VerticalUIRoot/VerticalSafeAreaRoot/ContentSlot/Dimension1Panel/D1CommandCenterProductionRoot/Nav_GALAXIA	Canvas/HUD/VerticalUIRoot/VerticalSafeAreaRoot/ContentSlot/Dimension1Panel/D1CommandCenterProductionRoot/Nav_GALAXIA
03_center_drawer_closed	1080	1920	Canvas/HUD/VerticalUIRoot/VerticalSafeAreaRoot/ContentSlot/Dimension1Panel/D1CommandCenterProductionRoot/Nav_GALAXIA	3	63.60	162.80	OK	Canvas/HUD/VerticalUIRoot/VerticalSafeAreaRoot/ContentSlot/Dimension1Panel/D1CommandCenterProductionRoot/Nav_GALAXIA	Canvas/HUD/VerticalUIRoot/VerticalSafeAreaRoot/ContentSlot/Dimension1Panel/D1CommandCenterProductionRoot/Nav_GALAXIA
03_center_drawer_closed	1080	1920	Canvas/HUD/VerticalUIRoot/VerticalSafeAreaRoot/ContentSlot/Dimension1Panel/D1CommandCenterProductionRoot/Nav_GALAXIA	4	182.40	162.80	OK	Canvas/HUD/VerticalUIRoot/VerticalSafeAreaRoot/ContentSlot/Dimension1Panel/D1CommandCenterProductionRoot/Nav_GALAXIA	Canvas/HUD/VerticalUIRoot/VerticalSafeAreaRoot/ContentSlot/Dimension1Panel/D1CommandCenterProductionRoot/Nav_GALAXIA
03_center_drawer_closed	1080	1920	Canvas/HUD/VerticalUIRoot/VerticalSafeAreaRoot/ContentSlot/Dimension1Panel/Registro	0	-60.00	1426.00	OFFSCREEN	<none>	<none>
03_center_drawer_closed	1080	1920	Canvas/HUD/VerticalUIRoot/VerticalSafeAreaRoot/ContentSlot/Dimension1Panel/Registro	1	-108.00	1417.00	OFFSCREEN	<none>	<none>
03_center_drawer_closed	1080	1920	Canvas/HUD/VerticalUIRoot/VerticalSafeAreaRoot/ContentSlot/Dimension1Panel/Registro	2	-12.00	1417.00	OFFSCREEN	<none>	<none>
03_center_drawer_closed	1080	1920	Canvas/HUD/VerticalUIRoot/VerticalSafeAreaRoot/ContentSlot/Dimension1Panel/Registro	3	-108.00	1435.00	OFFSCREEN	<none>	<none>
03_center_drawer_closed	1080	1920	Canvas/HUD/VerticalUIRoot/VerticalSafeAreaRoot/ContentSlot/Dimension1Panel/Registro	4	-12.00	1435.00	OFFSCREEN	<none>	<none>
03_center_drawer_closed	1080	1920	Canvas/HUD/VerticalUIRoot/VerticalSafeAreaRoot/ContentSlot/Dimension1Panel/OpenGalaxyPanelButton	0	1240.00	1526.00	OFFSCREEN	<none>	<none>
03_center_drawer_closed	1080	1920	Canvas/HUD/VerticalUIRoot/VerticalSafeAreaRoot/ContentSlot/Dimension1Panel/OpenGalaxyPanelButton	1	1192.00	1517.00	OFFSCREEN	<none>	<none>
03_center_drawer_closed	1080	1920	Canvas/HUD/VerticalUIRoot/VerticalSafeAreaRoot/ContentSlot/Dimension1Panel/OpenGalaxyPanelButton	2	1288.00	1517.00	OFFSCREEN	<none>	<none>
03_center_drawer_closed	1080	1920	Canvas/HUD/VerticalUIRoot/VerticalSafeAreaRoot/ContentSlot/Dimension1Panel/OpenGalaxyPanelButton	3	1192.00	1535.00	OFFSCREEN	<none>	<none>
03_center_drawer_closed	1080	1920	Canvas/HUD/VerticalUIRoot/VerticalSafeAreaRoot/ContentSlot/Dimension1Panel/OpenGalaxyPanelButton	4	1288.00	1535.00	OFFSCREEN	<none>	<none>
04_galaxy_neutral	1080	1920	Canvas/HUD/VerticalUIRoot/VerticalSafeAreaRoot/ContentSlot/Dimension1Panel/GalaxyPanel/D1_GalaxyVisualRoot/AllMetals	0	921.50	1768.00	OK	Canvas/HUD/VerticalUIRoot/VerticalSafeAreaRoot/ContentSlot/Dimension1Panel/GalaxyPanel/D1_GalaxyVisualRoot/AllMetals	Canvas/HUD/VerticalUIRoot/VerticalSafeAreaRoot/ContentSlot/Dimension1Panel/GalaxyPanel/D1_GalaxyVisualRoot/AllMetals
04_galaxy_neutral	1080	1920	Canvas/HUD/VerticalUIRoot/VerticalSafeAreaRoot/ContentSlot/Dimension1Panel/GalaxyPanel/D1_GalaxyVisualRoot/AllMetals	1	848.00	1738.00	OK	Canvas/HUD/VerticalUIRoot/VerticalSafeAreaRoot/ContentSlot/Dimension1Panel/GalaxyPanel/D1_GalaxyVisualRoot/AllMetals	Canvas/HUD/VerticalUIRoot/VerticalSafeAreaRoot/ContentSlot/Dimension1Panel/GalaxyPanel/D1_GalaxyVisualRoot/AllMetals
04_galaxy_neutral	1080	1920	Canvas/HUD/VerticalUIRoot/VerticalSafeAreaRoot/ContentSlot/Dimension1Panel/GalaxyPanel/D1_GalaxyVisualRoot/AllMetals	2	995.00	1738.00	OK	Canvas/HUD/VerticalUIRoot/VerticalSafeAreaRoot/ContentSlot/Dimension1Panel/GalaxyPanel/D1_GalaxyVisualRoot/AllMetals	Canvas/HUD/VerticalUIRoot/VerticalSafeAreaRoot/ContentSlot/Dimension1Panel/GalaxyPanel/D1_GalaxyVisualRoot/AllMetals
04_galaxy_neutral	1080	1920	Canvas/HUD/VerticalUIRoot/VerticalSafeAreaRoot/ContentSlot/Dimension1Panel/GalaxyPanel/D1_GalaxyVisualRoot/AllMetals	3	848.00	1798.00	OK	Canvas/HUD/VerticalUIRoot/VerticalSafeAreaRoot/ContentSlot/Dimension1Panel/GalaxyPanel/D1_GalaxyVisualRoot/AllMetals	Canvas/HUD/VerticalUIRoot/VerticalSafeAreaRoot/ContentSlot/Dimension1Panel/GalaxyPanel/D1_GalaxyVisualRoot/AllMetals
04_galaxy_neutral	1080	1920	Canvas/HUD/VerticalUIRoot/VerticalSafeAreaRoot/ContentSlot/Dimension1Panel/GalaxyPanel/D1_GalaxyVisualRoot/AllMetals	4	995.00	1798.00	OK	Canvas/HUD/VerticalUIRoot/VerticalSafeAreaRoot/ContentSlot/Dimension1Panel/GalaxyPanel/D1_GalaxyVisualRoot/AllMetals	Canvas/HUD/VerticalUIRoot/VerticalSafeAreaRoot/ContentSlot/Dimension1Panel/GalaxyPanel/D1_GalaxyVisualRoot/AllMetals
04_galaxy_neutral	1080	1920	Canvas/HUD/VerticalUIRoot/VerticalSafeAreaRoot/ContentSlot/Dimension1Panel/GalaxyPanel/D1_GalaxyVisualRoot/FullBleedGalaxyMap/Planet02Node	0	351.35	863.00	OK	Canvas/HUD/VerticalUIRoot/VerticalSafeAreaRoot/ContentSlot/Dimension1Panel/GalaxyPanel/D1_GalaxyVisualRoot/FullBleedGalaxyMap/Planet02Node	Canvas/HUD/VerticalUIRoot/VerticalSafeAreaRoot/ContentSlot/Dimension1Panel/GalaxyPanel/D1_GalaxyVisualRoot/FullBleedGalaxyMap/Planet02Node
04_galaxy_neutral	1080	1920	Canvas/HUD/VerticalUIRoot/VerticalSafeAreaRoot/ContentSlot/Dimension1Panel/GalaxyPanel/D1_GalaxyVisualRoot/FullBleedGalaxyMap/Planet02Node	1	282.35	804.80	OK	Canvas/HUD/VerticalUIRoot/VerticalSafeAreaRoot/ContentSlot/Dimension1Panel/GalaxyPanel/D1_GalaxyVisualRoot/FullBleedGalaxyMap/Planet02Node	Canvas/HUD/VerticalUIRoot/VerticalSafeAreaRoot/ContentSlot/Dimension1Panel/GalaxyPanel/D1_GalaxyVisualRoot/FullBleedGalaxyMap/Planet02Node
04_galaxy_neutral	1080	1920	Canvas/HUD/VerticalUIRoot/VerticalSafeAreaRoot/ContentSlot/Dimension1Panel/GalaxyPanel/D1_GalaxyVisualRoot/FullBleedGalaxyMap/Planet02Node	2	420.35	804.80	OK	Canvas/HUD/VerticalUIRoot/VerticalSafeAreaRoot/ContentSlot/Dimension1Panel/GalaxyPanel/D1_GalaxyVisualRoot/FullBleedGalaxyMap/Planet02Node	Canvas/HUD/VerticalUIRoot/VerticalSafeAreaRoot/ContentSlot/Dimension1Panel/GalaxyPanel/D1_GalaxyVisualRoot/FullBleedGalaxyMap/Planet02Node
04_galaxy_neutral	1080	1920	Canvas/HUD/VerticalUIRoot/VerticalSafeAreaRoot/ContentSlot/Dimension1Panel/GalaxyPanel/D1_GalaxyVisualRoot/FullBleedGalaxyMap/Planet02Node	3	282.35	921.20	OK	Canvas/HUD/VerticalUIRoot/VerticalSafeAreaRoot/ContentSlot/Dimension1Panel/GalaxyPanel/D1_GalaxyVisualRoot/FullBleedGalaxyMap/Planet02Node	Canvas/HUD/VerticalUIRoot/VerticalSafeAreaRoot/ContentSlot/Dimension1Panel/GalaxyPanel/D1_GalaxyVisualRoot/FullBleedGalaxyMap/Planet02Node
04_galaxy_neutral	1080	1920	Canvas/HUD/VerticalUIRoot/VerticalSafeAreaRoot/ContentSlot/Dimension1Panel/GalaxyPanel/D1_GalaxyVisualRoot/FullBleedGalaxyMap/Planet02Node	4	420.35	921.20	OK	Canvas/HUD/VerticalUIRoot/VerticalSafeAreaRoot/ContentSlot/Dimension1Panel/GalaxyPanel/D1_GalaxyVisualRoot/FullBleedGalaxyMap/Planet02Node	Canvas/HUD/VerticalUIRoot/VerticalSafeAreaRoot/ContentSlot/Dimension1Panel/GalaxyPanel/D1_GalaxyVisualRoot/FullBleedGalaxyMap/Planet02Node
04_galaxy_neutral	1080	1920	Canvas/HUD/VerticalUIRoot/VerticalSafeAreaRoot/ContentSlot/Dimension1Panel/GalaxyPanel/D1_GalaxyVisualRoot/FullBleedGalaxyMap/Sector02	0	916.67	948.91	OK	Canvas/HUD/VerticalUIRoot/VerticalSafeAreaRoot/ContentSlot/Dimension1Panel/GalaxyPanel/D1_GalaxyVisualRoot/FullBleedGalaxyMap/Sector02	Canvas/HUD/VerticalUIRoot/VerticalSafeAreaRoot/ContentSlot/Dimension1Panel/GalaxyPanel/D1_GalaxyVisualRoot/FullBleedGalaxyMap/Sector02
04_galaxy_neutral	1080	1920	Canvas/HUD/VerticalUIRoot/VerticalSafeAreaRoot/ContentSlot/Dimension1Panel/GalaxyPanel/D1_GalaxyVisualRoot/FullBleedGalaxyMap/Sector02	1	826.67	878.11	OK	Canvas/HUD/VerticalUIRoot/VerticalSafeAreaRoot/ContentSlot/Dimension1Panel/GalaxyPanel/D1_GalaxyVisualRoot/FullBleedGalaxyMap/Sector02	Canvas/HUD/VerticalUIRoot/VerticalSafeAreaRoot/ContentSlot/Dimension1Panel/GalaxyPanel/D1_GalaxyVisualRoot/FullBleedGalaxyMap/Sector02
04_galaxy_neutral	1080	1920	Canvas/HUD/VerticalUIRoot/VerticalSafeAreaRoot/ContentSlot/Dimension1Panel/GalaxyPanel/D1_GalaxyVisualRoot/FullBleedGalaxyMap/Sector02	2	1006.67	878.11	OK	Canvas/HUD/VerticalUIRoot/VerticalSafeAreaRoot/ContentSlot/Dimension1Panel/GalaxyPanel/D1_GalaxyVisualRoot/FullBleedGalaxyMap/Sector02	Canvas/HUD/VerticalUIRoot/VerticalSafeAreaRoot/ContentSlot/Dimension1Panel/GalaxyPanel/D1_GalaxyVisualRoot/FullBleedGalaxyMap/Sector02
04_galaxy_neutral	1080	1920	Canvas/HUD/VerticalUIRoot/VerticalSafeAreaRoot/ContentSlot/Dimension1Panel/GalaxyPanel/D1_GalaxyVisualRoot/FullBleedGalaxyMap/Sector02	3	826.67	1019.71	OK	Canvas/HUD/VerticalUIRoot/VerticalSafeAreaRoot/ContentSlot/Dimension1Panel/GalaxyPanel/D1_GalaxyVisualRoot/FullBleedGalaxyMap/Sector02	Canvas/HUD/VerticalUIRoot/VerticalSafeAreaRoot/ContentSlot/Dimension1Panel/GalaxyPanel/D1_GalaxyVisualRoot/FullBleedGalaxyMap/Sector02
04_galaxy_neutral	1080	1920	Canvas/HUD/VerticalUIRoot/VerticalSafeAreaRoot/ContentSlot/Dimension1Panel/GalaxyPanel/D1_GalaxyVisualRoot/FullBleedGalaxyMap/Sector02	4	1006.67	1019.71	OK	Canvas/HUD/VerticalUIRoot/VerticalSafeAreaRoot/ContentSlot/Dimension1Panel/GalaxyPanel/D1_GalaxyVisualRoot/FullBleedGalaxyMap/Sector02	Canvas/HUD/VerticalUIRoot/VerticalSafeAreaRoot/ContentSlot/Dimension1Panel/GalaxyPanel/D1_GalaxyVisualRoot/FullBleedGalaxyMap/Sector02
04_galaxy_neutral	1080	1920	Canvas/HUD/VerticalUIRoot/VerticalSafeAreaRoot/ContentSlot/Dimension1Panel/GalaxyPanel/D1_GalaxyVisualRoot/CommandCenterBack	0	112.00	1768.00	OK	Canvas/HUD/VerticalUIRoot/VerticalSafeAreaRoot/ContentSlot/Dimension1Panel/GalaxyPanel/D1_GalaxyVisualRoot/CommandCenterBack	Canvas/HUD/VerticalUIRoot/VerticalSafeAreaRoot/ContentSlot/Dimension1Panel/GalaxyPanel/D1_GalaxyVisualRoot/CommandCenterBack
04_galaxy_neutral	1080	1920	Canvas/HUD/VerticalUIRoot/VerticalSafeAreaRoot/ContentSlot/Dimension1Panel/GalaxyPanel/D1_GalaxyVisualRoot/CommandCenterBack	1	59.20	1738.00	OK	Canvas/HUD/VerticalUIRoot/VerticalSafeAreaRoot/ContentSlot/Dimension1Panel/GalaxyPanel/D1_GalaxyVisualRoot/CommandCenterBack	Canvas/HUD/VerticalUIRoot/VerticalSafeAreaRoot/ContentSlot/Dimension1Panel/GalaxyPanel/D1_GalaxyVisualRoot/CommandCenterBack
04_galaxy_neutral	1080	1920	Canvas/HUD/VerticalUIRoot/VerticalSafeAreaRoot/ContentSlot/Dimension1Panel/GalaxyPanel/D1_GalaxyVisualRoot/CommandCenterBack	2	164.80	1738.00	OK	Canvas/HUD/VerticalUIRoot/VerticalSafeAreaRoot/ContentSlot/Dimension1Panel/GalaxyPanel/D1_GalaxyVisualRoot/CommandCenterBack	Canvas/HUD/VerticalUIRoot/VerticalSafeAreaRoot/ContentSlot/Dimension1Panel/GalaxyPanel/D1_GalaxyVisualRoot/CommandCenterBack
04_galaxy_neutral	1080	1920	Canvas/HUD/VerticalUIRoot/VerticalSafeAreaRoot/ContentSlot/Dimension1Panel/GalaxyPanel/D1_GalaxyVisualRoot/CommandCenterBack	3	59.20	1798.00	OK	Canvas/HUD/VerticalUIRoot/VerticalSafeAreaRoot/ContentSlot/Dimension1Panel/GalaxyPanel/D1_GalaxyVisualRoot/CommandCenterBack	Canvas/HUD/VerticalUIRoot/VerticalSafeAreaRoot/ContentSlot/Dimension1Panel/GalaxyPanel/D1_GalaxyVisualRoot/CommandCenterBack
04_galaxy_neutral	1080	1920	Canvas/HUD/VerticalUIRoot/VerticalSafeAreaRoot/ContentSlot/Dimension1Panel/GalaxyPanel/D1_GalaxyVisualRoot/CommandCenterBack	4	164.80	1798.00	OK	Canvas/HUD/VerticalUIRoot/VerticalSafeAreaRoot/ContentSlot/Dimension1Panel/GalaxyPanel/D1_GalaxyVisualRoot/CommandCenterBack	Canvas/HUD/VerticalUIRoot/VerticalSafeAreaRoot/ContentSlot/Dimension1Panel/GalaxyPanel/D1_GalaxyVisualRoot/CommandCenterBack
04_galaxy_neutral	1080	1920	Canvas/HUD/VerticalUIRoot/VerticalSafeAreaRoot/ContentSlot/Dimension1Panel/GalaxyPanel/D1_GalaxyVisualRoot/FullBleedGalaxyMap/Sector03	0	220.12	1186.27	OK	Canvas/HUD/VerticalUIRoot/VerticalSafeAreaRoot/ContentSlot/Dimension1Panel/GalaxyPanel/D1_GalaxyVisualRoot/FullBleedGalaxyMap/Sector03	Canvas/HUD/VerticalUIRoot/VerticalSafeAreaRoot/ContentSlot/Dimension1Panel/GalaxyPanel/D1_GalaxyVisualRoot/FullBleedGalaxyMap/Sector03
04_galaxy_neutral	1080	1920	Canvas/HUD/VerticalUIRoot/VerticalSafeAreaRoot/ContentSlot/Dimension1Panel/GalaxyPanel/D1_GalaxyVisualRoot/FullBleedGalaxyMap/Sector03	1	151.12	1126.87	OK	Canvas/HUD/VerticalUIRoot/VerticalSafeAreaRoot/ContentSlot/Dimension1Panel/GalaxyPanel/D1_GalaxyVisualRoot/FullBleedGalaxyMap/Sector03	Canvas/HUD/VerticalUIRoot/VerticalSafeAreaRoot/ContentSlot/Dimension1Panel/GalaxyPanel/D1_GalaxyVisualRoot/FullBleedGalaxyMap/Sector03
04_galaxy_neutral	1080	1920	Canvas/HUD/VerticalUIRoot/VerticalSafeAreaRoot/ContentSlot/Dimension1Panel/GalaxyPanel/D1_GalaxyVisualRoot/FullBleedGalaxyMap/Sector03	2	289.12	1126.87	OK	Canvas/HUD/VerticalUIRoot/VerticalSafeAreaRoot/ContentSlot/Dimension1Panel/GalaxyPanel/D1_GalaxyVisualRoot/FullBleedGalaxyMap/Sector03	Canvas/HUD/VerticalUIRoot/VerticalSafeAreaRoot/ContentSlot/Dimension1Panel/GalaxyPanel/D1_GalaxyVisualRoot/FullBleedGalaxyMap/Sector03
04_galaxy_neutral	1080	1920	Canvas/HUD/VerticalUIRoot/VerticalSafeAreaRoot/ContentSlot/Dimension1Panel/GalaxyPanel/D1_GalaxyVisualRoot/FullBleedGalaxyMap/Sector03	3	151.12	1245.67	OK	Canvas/HUD/VerticalUIRoot/VerticalSafeAreaRoot/ContentSlot/Dimension1Panel/GalaxyPanel/D1_GalaxyVisualRoot/FullBleedGalaxyMap/Sector03	Canvas/HUD/VerticalUIRoot/VerticalSafeAreaRoot/ContentSlot/Dimension1Panel/GalaxyPanel/D1_GalaxyVisualRoot/FullBleedGalaxyMap/Sector03
04_galaxy_neutral	1080	1920	Canvas/HUD/VerticalUIRoot/VerticalSafeAreaRoot/ContentSlot/Dimension1Panel/GalaxyPanel/D1_GalaxyVisualRoot/FullBleedGalaxyMap/Sector03	4	289.12	1245.67	OK	Canvas/HUD/VerticalUIRoot/VerticalSafeAreaRoot/ContentSlot/Dimension1Panel/GalaxyPanel/D1_GalaxyVisualRoot/FullBleedGalaxyMap/Sector03	Canvas/HUD/VerticalUIRoot/VerticalSafeAreaRoot/ContentSlot/Dimension1Panel/GalaxyPanel/D1_GalaxyVisualRoot/FullBleedGalaxyMap/Sector03
04_galaxy_neutral	1080	1920	Canvas/HUD/VerticalUIRoot/VerticalSafeAreaRoot/ContentSlot/Dimension1Panel/GalaxyPanel/D1_GalaxyVisualRoot/D1BottomNavigation/ÁRBOLButton	0	951.00	110.00	OK	Canvas/HUD/VerticalUIRoot/VerticalSafeAreaRoot/ContentSlot/Dimension1Panel/GalaxyPanel/D1_GalaxyVisualRoot/D1BottomNavigation/ÁRBOLButton	Canvas/HUD/VerticalUIRoot/VerticalSafeAreaRoot/ContentSlot/Dimension1Panel/GalaxyPanel/D1_GalaxyVisualRoot/D1BottomNavigation/ÁRBOLButton
04_galaxy_neutral	1080	1920	Canvas/HUD/VerticalUIRoot/VerticalSafeAreaRoot/ContentSlot/Dimension1Panel/GalaxyPanel/D1_GalaxyVisualRoot/D1BottomNavigation/ÁRBOLButton	1	891.60	57.20	OK	Canvas/HUD/VerticalUIRoot/VerticalSafeAreaRoot/ContentSlot/Dimension1Panel/GalaxyPanel/D1_GalaxyVisualRoot/D1BottomNavigation/ÁRBOLButton	Canvas/HUD/VerticalUIRoot/VerticalSafeAreaRoot/ContentSlot/Dimension1Panel/GalaxyPanel/D1_GalaxyVisualRoot/D1BottomNavigation/ÁRBOLButton
04_galaxy_neutral	1080	1920	Canvas/HUD/VerticalUIRoot/VerticalSafeAreaRoot/ContentSlot/Dimension1Panel/GalaxyPanel/D1_GalaxyVisualRoot/D1BottomNavigation/ÁRBOLButton	2	1010.40	57.20	OK	Canvas/HUD/VerticalUIRoot/VerticalSafeAreaRoot/ContentSlot/Dimension1Panel/GalaxyPanel/D1_GalaxyVisualRoot/D1BottomNavigation/ÁRBOLButton	Canvas/HUD/VerticalUIRoot/VerticalSafeAreaRoot/ContentSlot/Dimension1Panel/GalaxyPanel/D1_GalaxyVisualRoot/D1BottomNavigation/ÁRBOLButton
04_galaxy_neutral	1080	1920	Canvas/HUD/VerticalUIRoot/VerticalSafeAreaRoot/ContentSlot/Dimension1Panel/GalaxyPanel/D1_GalaxyVisualRoot/D1BottomNavigation/ÁRBOLButton	3	891.60	162.80	OK	Canvas/HUD/VerticalUIRoot/VerticalSafeAreaRoot/ContentSlot/Dimension1Panel/GalaxyPanel/D1_GalaxyVisualRoot/D1BottomNavigation/ÁRBOLButton	Canvas/HUD/VerticalUIRoot/VerticalSafeAreaRoot/ContentSlot/Dimension1Panel/GalaxyPanel/D1_GalaxyVisualRoot/D1BottomNavigation/ÁRBOLButton
04_galaxy_neutral	1080	1920	Canvas/HUD/VerticalUIRoot/VerticalSafeAreaRoot/ContentSlot/Dimension1Panel/GalaxyPanel/D1_GalaxyVisualRoot/D1BottomNavigation/ÁRBOLButton	4	1010.40	162.80	OK	Canvas/HUD/VerticalUIRoot/VerticalSafeAreaRoot/ContentSlot/Dimension1Panel/GalaxyPanel/D1_GalaxyVisualRoot/D1BottomNavigation/ÁRBOLButton	Canvas/HUD/VerticalUIRoot/VerticalSafeAreaRoot/ContentSlot/Dimension1Panel/GalaxyPanel/D1_GalaxyVisualRoot/D1BottomNavigation/ÁRBOLButton
04_galaxy_neutral	1080	1920	Canvas/HUD/VerticalUIRoot/VerticalSafeAreaRoot/ContentSlot/Dimension1Panel/GalaxyPanel/D1_GalaxyVisualRoot/FullBleedGalaxyMap/Sector01	0	688.33	1048.83	OK	Canvas/HUD/VerticalUIRoot/VerticalSafeAreaRoot/ContentSlot/Dimension1Panel/GalaxyPanel/D1_GalaxyVisualRoot/FullBleedGalaxyMap/Sector01	Canvas/HUD/VerticalUIRoot/VerticalSafeAreaRoot/ContentSlot/Dimension1Panel/GalaxyPanel/D1_GalaxyVisualRoot/FullBleedGalaxyMap/Sector01
04_galaxy_neutral	1080	1920	Canvas/HUD/VerticalUIRoot/VerticalSafeAreaRoot/ContentSlot/Dimension1Panel/GalaxyPanel/D1_GalaxyVisualRoot/FullBleedGalaxyMap/Sector01	1	619.33	989.43	OK	Canvas/HUD/VerticalUIRoot/VerticalSafeAreaRoot/ContentSlot/Dimension1Panel/GalaxyPanel/D1_GalaxyVisualRoot/FullBleedGalaxyMap/Sector01	Canvas/HUD/VerticalUIRoot/VerticalSafeAreaRoot/ContentSlot/Dimension1Panel/GalaxyPanel/D1_GalaxyVisualRoot/FullBleedGalaxyMap/Sector01
04_galaxy_neutral	1080	1920	Canvas/HUD/VerticalUIRoot/VerticalSafeAreaRoot/ContentSlot/Dimension1Panel/GalaxyPanel/D1_GalaxyVisualRoot/FullBleedGalaxyMap/Sector01	2	757.33	989.43	OK	Canvas/HUD/VerticalUIRoot/VerticalSafeAreaRoot/ContentSlot/Dimension1Panel/GalaxyPanel/D1_GalaxyVisualRoot/FullBleedGalaxyMap/Sector01	Canvas/HUD/VerticalUIRoot/VerticalSafeAreaRoot/ContentSlot/Dimension1Panel/GalaxyPanel/D1_GalaxyVisualRoot/FullBleedGalaxyMap/Sector01
04_galaxy_neutral	1080	1920	Canvas/HUD/VerticalUIRoot/VerticalSafeAreaRoot/ContentSlot/Dimension1Panel/GalaxyPanel/D1_GalaxyVisualRoot/FullBleedGalaxyMap/Sector01	3	619.33	1108.23	OK	Canvas/HUD/VerticalUIRoot/VerticalSafeAreaRoot/ContentSlot/Dimension1Panel/GalaxyPanel/D1_GalaxyVisualRoot/FullBleedGalaxyMap/Sector01	Canvas/HUD/VerticalUIRoot/VerticalSafeAreaRoot/ContentSlot/Dimension1Panel/GalaxyPanel/D1_GalaxyVisualRoot/FullBleedGalaxyMap/Sector01
04_galaxy_neutral	1080	1920	Canvas/HUD/VerticalUIRoot/VerticalSafeAreaRoot/ContentSlot/Dimension1Panel/GalaxyPanel/D1_GalaxyVisualRoot/FullBleedGalaxyMap/Sector01	4	757.33	1108.23	OK	Canvas/HUD/VerticalUIRoot/VerticalSafeAreaRoot/ContentSlot/Dimension1Panel/GalaxyPanel/D1_GalaxyVisualRoot/FullBleedGalaxyMap/Sector01	Canvas/HUD/VerticalUIRoot/VerticalSafeAreaRoot/ContentSlot/Dimension1Panel/GalaxyPanel/D1_GalaxyVisualRoot/FullBleedGalaxyMap/Sector01
04_galaxy_neutral	1080	1920	Canvas/HUD/VerticalUIRoot/VerticalSafeAreaRoot/ContentSlot/Dimension1Panel/GalaxyPanel/D1_GalaxyVisualRoot/FullBleedGalaxyMap/Planet07Node	0	159.47	650.99	OK	Canvas/HUD/VerticalUIRoot/VerticalSafeAreaRoot/ContentSlot/Dimension1Panel/GalaxyPanel/D1_GalaxyVisualRoot/FullBleedGalaxyMap/Planet07Node	Canvas/HUD/VerticalUIRoot/VerticalSafeAreaRoot/ContentSlot/Dimension1Panel/GalaxyPanel/D1_GalaxyVisualRoot/FullBleedGalaxyMap/Planet07Node
04_galaxy_neutral	1080	1920	Canvas/HUD/VerticalUIRoot/VerticalSafeAreaRoot/ContentSlot/Dimension1Panel/GalaxyPanel/D1_GalaxyVisualRoot/FullBleedGalaxyMap/Planet07Node	1	90.47	596.99	OK	Canvas/HUD/VerticalUIRoot/VerticalSafeAreaRoot/ContentSlot/Dimension1Panel/GalaxyPanel/D1_GalaxyVisualRoot/FullBleedGalaxyMap/Planet07Node	Canvas/HUD/VerticalUIRoot/VerticalSafeAreaRoot/ContentSlot/Dimension1Panel/GalaxyPanel/D1_GalaxyVisualRoot/FullBleedGalaxyMap/Planet07Node
04_galaxy_neutral	1080	1920	Canvas/HUD/VerticalUIRoot/VerticalSafeAreaRoot/ContentSlot/Dimension1Panel/GalaxyPanel/D1_GalaxyVisualRoot/FullBleedGalaxyMap/Planet07Node	2	228.47	596.99	OK	Canvas/HUD/VerticalUIRoot/VerticalSafeAreaRoot/ContentSlot/Dimension1Panel/GalaxyPanel/D1_GalaxyVisualRoot/FullBleedGalaxyMap/Planet07Node	Canvas/HUD/VerticalUIRoot/VerticalSafeAreaRoot/ContentSlot/Dimension1Panel/GalaxyPanel/D1_GalaxyVisualRoot/FullBleedGalaxyMap/Planet07Node
04_galaxy_neutral	1080	1920	Canvas/HUD/VerticalUIRoot/VerticalSafeAreaRoot/ContentSlot/Dimension1Panel/GalaxyPanel/D1_GalaxyVisualRoot/FullBleedGalaxyMap/Planet07Node	3	90.47	704.99	OK	Canvas/HUD/VerticalUIRoot/VerticalSafeAreaRoot/ContentSlot/Dimension1Panel/GalaxyPanel/D1_GalaxyVisualRoot/FullBleedGalaxyMap/Planet07Node	Canvas/HUD/VerticalUIRoot/VerticalSafeAreaRoot/ContentSlot/Dimension1Panel/GalaxyPanel/D1_GalaxyVisualRoot/FullBleedGalaxyMap/Planet07Node
04_galaxy_neutral	1080	1920	Canvas/HUD/VerticalUIRoot/VerticalSafeAreaRoot/ContentSlot/Dimension1Panel/GalaxyPanel/D1_GalaxyVisualRoot/FullBleedGalaxyMap/Planet07Node	4	228.47	704.99	OK	Canvas/HUD/VerticalUIRoot/VerticalSafeAreaRoot/ContentSlot/Dimension1Panel/GalaxyPanel/D1_GalaxyVisualRoot/FullBleedGalaxyMap/Planet07Node	Canvas/HUD/VerticalUIRoot/VerticalSafeAreaRoot/ContentSlot/Dimension1Panel/GalaxyPanel/D1_GalaxyVisualRoot/FullBleedGalaxyMap/Planet07Node
04_galaxy_neutral	1080	1920	Canvas/HUD/VerticalUIRoot/VerticalSafeAreaRoot/ContentSlot/Dimension1Panel/GalaxyPanel/D1_GalaxyVisualRoot/FullBleedGalaxyMap/GalacticCenter	0	540.00	1008.00	OK	Canvas/HUD/VerticalUIRoot/VerticalSafeAreaRoot/ContentSlot/Dimension1Panel/GalaxyPanel/D1_GalaxyVisualRoot/FullBleedGalaxyMap/GalacticCenter	Canvas/HUD/VerticalUIRoot/VerticalSafeAreaRoot/ContentSlot/Dimension1Panel/GalaxyPanel/D1_GalaxyVisualRoot/FullBleedGalaxyMap/GalacticCenter
04_galaxy_neutral	1080	1920	Canvas/HUD/VerticalUIRoot/VerticalSafeAreaRoot/ContentSlot/Dimension1Panel/GalaxyPanel/D1_GalaxyVisualRoot/FullBleedGalaxyMap/GalacticCenter	1	405.00	876.00	INTERCEPTED	Canvas/HUD/VerticalUIRoot/VerticalSafeAreaRoot/ContentSlot/Dimension1Panel/GalaxyPanel/D1_GalaxyVisualRoot/FullBleedGalaxyMap/Planet02Node	Canvas/HUD/VerticalUIRoot/VerticalSafeAreaRoot/ContentSlot/Dimension1Panel/GalaxyPanel/D1_GalaxyVisualRoot/FullBleedGalaxyMap/Planet02Node
04_galaxy_neutral	1080	1920	Canvas/HUD/VerticalUIRoot/VerticalSafeAreaRoot/ContentSlot/Dimension1Panel/GalaxyPanel/D1_GalaxyVisualRoot/FullBleedGalaxyMap/GalacticCenter	2	675.00	876.00	OK	Canvas/HUD/VerticalUIRoot/VerticalSafeAreaRoot/ContentSlot/Dimension1Panel/GalaxyPanel/D1_GalaxyVisualRoot/FullBleedGalaxyMap/GalacticCenter	Canvas/HUD/VerticalUIRoot/VerticalSafeAreaRoot/ContentSlot/Dimension1Panel/GalaxyPanel/D1_GalaxyVisualRoot/FullBleedGalaxyMap/GalacticCenter
04_galaxy_neutral	1080	1920	Canvas/HUD/VerticalUIRoot/VerticalSafeAreaRoot/ContentSlot/Dimension1Panel/GalaxyPanel/D1_GalaxyVisualRoot/FullBleedGalaxyMap/GalacticCenter	3	405.00	1140.00	OK	Canvas/HUD/VerticalUIRoot/VerticalSafeAreaRoot/ContentSlot/Dimension1Panel/GalaxyPanel/D1_GalaxyVisualRoot/FullBleedGalaxyMap/GalacticCenter	Canvas/HUD/VerticalUIRoot/VerticalSafeAreaRoot/ContentSlot/Dimension1Panel/GalaxyPanel/D1_GalaxyVisualRoot/FullBleedGalaxyMap/GalacticCenter
04_galaxy_neutral	1080	1920	Canvas/HUD/VerticalUIRoot/VerticalSafeAreaRoot/ContentSlot/Dimension1Panel/GalaxyPanel/D1_GalaxyVisualRoot/FullBleedGalaxyMap/GalacticCenter	4	675.00	1140.00	INTERCEPTED	Canvas/HUD/VerticalUIRoot/VerticalSafeAreaRoot/ContentSlot/Dimension1Panel/GalaxyPanel/D1_GalaxyVisualRoot/FullBleedGalaxyMap/Sector01	Canvas/HUD/VerticalUIRoot/VerticalSafeAreaRoot/ContentSlot/Dimension1Panel/GalaxyPanel/D1_GalaxyVisualRoot/FullBleedGalaxyMap/Sector01
04_galaxy_neutral	1080	1920	Canvas/HUD/VerticalUIRoot/VerticalSafeAreaRoot/ContentSlot/Dimension1Panel/GalaxyPanel/D1_GalaxyVisualRoot/D1BottomNavigation/EXPLORARButton	0	330.00	110.00	OK	Canvas/HUD/VerticalUIRoot/VerticalSafeAreaRoot/ContentSlot/Dimension1Panel/GalaxyPanel/D1_GalaxyVisualRoot/D1BottomNavigation/EXPLORARButton	Canvas/HUD/VerticalUIRoot/VerticalSafeAreaRoot/ContentSlot/Dimension1Panel/GalaxyPanel/D1_GalaxyVisualRoot/D1BottomNavigation/EXPLORARButton
04_galaxy_neutral	1080	1920	Canvas/HUD/VerticalUIRoot/VerticalSafeAreaRoot/ContentSlot/Dimension1Panel/GalaxyPanel/D1_GalaxyVisualRoot/D1BottomNavigation/EXPLORARButton	1	270.60	57.20	OK	Canvas/HUD/VerticalUIRoot/VerticalSafeAreaRoot/ContentSlot/Dimension1Panel/GalaxyPanel/D1_GalaxyVisualRoot/D1BottomNavigation/EXPLORARButton	Canvas/HUD/VerticalUIRoot/VerticalSafeAreaRoot/ContentSlot/Dimension1Panel/GalaxyPanel/D1_GalaxyVisualRoot/D1BottomNavigation/EXPLORARButton
04_galaxy_neutral	1080	1920	Canvas/HUD/VerticalUIRoot/VerticalSafeAreaRoot/ContentSlot/Dimension1Panel/GalaxyPanel/D1_GalaxyVisualRoot/D1BottomNavigation/EXPLORARButton	2	389.40	57.20	OK	Canvas/HUD/VerticalUIRoot/VerticalSafeAreaRoot/ContentSlot/Dimension1Panel/GalaxyPanel/D1_GalaxyVisualRoot/D1BottomNavigation/EXPLORARButton	Canvas/HUD/VerticalUIRoot/VerticalSafeAreaRoot/ContentSlot/Dimension1Panel/GalaxyPanel/D1_GalaxyVisualRoot/D1BottomNavigation/EXPLORARButton
04_galaxy_neutral	1080	1920	Canvas/HUD/VerticalUIRoot/VerticalSafeAreaRoot/ContentSlot/Dimension1Panel/GalaxyPanel/D1_GalaxyVisualRoot/D1BottomNavigation/EXPLORARButton	3	270.60	162.80	OK	Canvas/HUD/VerticalUIRoot/VerticalSafeAreaRoot/ContentSlot/Dimension1Panel/GalaxyPanel/D1_GalaxyVisualRoot/D1BottomNavigation/EXPLORARButton	Canvas/HUD/VerticalUIRoot/VerticalSafeAreaRoot/ContentSlot/Dimension1Panel/GalaxyPanel/D1_GalaxyVisualRoot/D1BottomNavigation/EXPLORARButton
04_galaxy_neutral	1080	1920	Canvas/HUD/VerticalUIRoot/VerticalSafeAreaRoot/ContentSlot/Dimension1Panel/GalaxyPanel/D1_GalaxyVisualRoot/D1BottomNavigation/EXPLORARButton	4	389.40	162.80	OK	Canvas/HUD/VerticalUIRoot/VerticalSafeAreaRoot/ContentSlot/Dimension1Panel/GalaxyPanel/D1_GalaxyVisualRoot/D1BottomNavigation/EXPLORARButton	Canvas/HUD/VerticalUIRoot/VerticalSafeAreaRoot/ContentSlot/Dimension1Panel/GalaxyPanel/D1_GalaxyVisualRoot/D1BottomNavigation/EXPLORARButton
04_galaxy_neutral	1080	1920	Canvas/HUD/VerticalUIRoot/VerticalSafeAreaRoot/ContentSlot/Dimension1Panel/GalaxyPanel/D1_GalaxyVisualRoot/FullBleedGalaxyMap/Sector04	0	871.32	631.06	OK	Canvas/HUD/VerticalUIRoot/VerticalSafeAreaRoot/ContentSlot/Dimension1Panel/GalaxyPanel/D1_GalaxyVisualRoot/FullBleedGalaxyMap/Sector04	Canvas/HUD/VerticalUIRoot/VerticalSafeAreaRoot/ContentSlot/Dimension1Panel/GalaxyPanel/D1_GalaxyVisualRoot/FullBleedGalaxyMap/Sector04
04_galaxy_neutral	1080	1920	Canvas/HUD/VerticalUIRoot/VerticalSafeAreaRoot/ContentSlot/Dimension1Panel/GalaxyPanel/D1_GalaxyVisualRoot/FullBleedGalaxyMap/Sector04	1	802.32	575.26	OK	Canvas/HUD/VerticalUIRoot/VerticalSafeAreaRoot/ContentSlot/Dimension1Panel/GalaxyPanel/D1_GalaxyVisualRoot/FullBleedGalaxyMap/Sector04	Canvas/HUD/VerticalUIRoot/VerticalSafeAreaRoot/ContentSlot/Dimension1Panel/GalaxyPanel/D1_GalaxyVisualRoot/FullBleedGalaxyMap/Sector04
04_galaxy_neutral	1080	1920	Canvas/HUD/VerticalUIRoot/VerticalSafeAreaRoot/ContentSlot/Dimension1Panel/GalaxyPanel/D1_GalaxyVisualRoot/FullBleedGalaxyMap/Sector04	2	940.32	575.26	OK	Canvas/HUD/VerticalUIRoot/VerticalSafeAreaRoot/ContentSlot/Dimension1Panel/GalaxyPanel/D1_GalaxyVisualRoot/FullBleedGalaxyMap/Sector04	Canvas/HUD/VerticalUIRoot/VerticalSafeAreaRoot/ContentSlot/Dimension1Panel/GalaxyPanel/D1_GalaxyVisualRoot/FullBleedGalaxyMap/Sector04
04_galaxy_neutral	1080	1920	Canvas/HUD/VerticalUIRoot/VerticalSafeAreaRoot/ContentSlot/Dimension1Panel/GalaxyPanel/D1_GalaxyVisualRoot/FullBleedGalaxyMap/Sector04	3	802.32	686.86	OK	Canvas/HUD/VerticalUIRoot/VerticalSafeAreaRoot/ContentSlot/Dimension1Panel/GalaxyPanel/D1_GalaxyVisualRoot/FullBleedGalaxyMap/Sector04	Canvas/HUD/VerticalUIRoot/VerticalSafeAreaRoot/ContentSlot/Dimension1Panel/GalaxyPanel/D1_GalaxyVisualRoot/FullBleedGalaxyMap/Sector04
04_galaxy_neutral	1080	1920	Canvas/HUD/VerticalUIRoot/VerticalSafeAreaRoot/ContentSlot/Dimension1Panel/GalaxyPanel/D1_GalaxyVisualRoot/FullBleedGalaxyMap/Sector04	4	940.32	686.86	OK	Canvas/HUD/VerticalUIRoot/VerticalSafeAreaRoot/ContentSlot/Dimension1Panel/GalaxyPanel/D1_GalaxyVisualRoot/FullBleedGalaxyMap/Sector04	Canvas/HUD/VerticalUIRoot/VerticalSafeAreaRoot/ContentSlot/Dimension1Panel/GalaxyPanel/D1_GalaxyVisualRoot/FullBleedGalaxyMap/Sector04
04_galaxy_neutral	1080	1920	Canvas/HUD/VerticalUIRoot/VerticalSafeAreaRoot/ContentSlot/Dimension1Panel/GalaxyPanel/D1_GalaxyVisualRoot/D1BottomNavigation/RELIQUIASButton	0	744.00	110.00	OK	Canvas/HUD/VerticalUIRoot/VerticalSafeAreaRoot/ContentSlot/Dimension1Panel/GalaxyPanel/D1_GalaxyVisualRoot/D1BottomNavigation/RELIQUIASButton	Canvas/HUD/VerticalUIRoot/VerticalSafeAreaRoot/ContentSlot/Dimension1Panel/GalaxyPanel/D1_GalaxyVisualRoot/D1BottomNavigation/RELIQUIASButton
04_galaxy_neutral	1080	1920	Canvas/HUD/VerticalUIRoot/VerticalSafeAreaRoot/ContentSlot/Dimension1Panel/GalaxyPanel/D1_GalaxyVisualRoot/D1BottomNavigation/RELIQUIASButton	1	684.60	57.20	OK	Canvas/HUD/VerticalUIRoot/VerticalSafeAreaRoot/ContentSlot/Dimension1Panel/GalaxyPanel/D1_GalaxyVisualRoot/D1BottomNavigation/RELIQUIASButton	Canvas/HUD/VerticalUIRoot/VerticalSafeAreaRoot/ContentSlot/Dimension1Panel/GalaxyPanel/D1_GalaxyVisualRoot/D1BottomNavigation/RELIQUIASButton
04_galaxy_neutral	1080	1920	Canvas/HUD/VerticalUIRoot/VerticalSafeAreaRoot/ContentSlot/Dimension1Panel/GalaxyPanel/D1_GalaxyVisualRoot/D1BottomNavigation/RELIQUIASButton	2	803.40	57.20	OK	Canvas/HUD/VerticalUIRoot/VerticalSafeAreaRoot/ContentSlot/Dimension1Panel/GalaxyPanel/D1_GalaxyVisualRoot/D1BottomNavigation/RELIQUIASButton	Canvas/HUD/VerticalUIRoot/VerticalSafeAreaRoot/ContentSlot/Dimension1Panel/GalaxyPanel/D1_GalaxyVisualRoot/D1BottomNavigation/RELIQUIASButton
04_galaxy_neutral	1080	1920	Canvas/HUD/VerticalUIRoot/VerticalSafeAreaRoot/ContentSlot/Dimension1Panel/GalaxyPanel/D1_GalaxyVisualRoot/D1BottomNavigation/RELIQUIASButton	3	684.60	162.80	OK	Canvas/HUD/VerticalUIRoot/VerticalSafeAreaRoot/ContentSlot/Dimension1Panel/GalaxyPanel/D1_GalaxyVisualRoot/D1BottomNavigation/RELIQUIASButton	Canvas/HUD/VerticalUIRoot/VerticalSafeAreaRoot/ContentSlot/Dimension1Panel/GalaxyPanel/D1_GalaxyVisualRoot/D1BottomNavigation/RELIQUIASButton
04_galaxy_neutral	1080	1920	Canvas/HUD/VerticalUIRoot/VerticalSafeAreaRoot/ContentSlot/Dimension1Panel/GalaxyPanel/D1_GalaxyVisualRoot/D1BottomNavigation/RELIQUIASButton	4	803.40	162.80	OK	Canvas/HUD/VerticalUIRoot/VerticalSafeAreaRoot/ContentSlot/Dimension1Panel/GalaxyPanel/D1_GalaxyVisualRoot/D1BottomNavigation/RELIQUIASButton	Canvas/HUD/VerticalUIRoot/VerticalSafeAreaRoot/ContentSlot/Dimension1Panel/GalaxyPanel/D1_GalaxyVisualRoot/D1BottomNavigation/RELIQUIASButton
04_galaxy_neutral	1080	1920	Canvas/HUD/VerticalUIRoot/VerticalSafeAreaRoot/ContentSlot/Dimension1Panel/GalaxyPanel/D1_GalaxyVisualRoot/D1BottomNavigation/HANGARButton	0	537.00	110.00	OK	Canvas/HUD/VerticalUIRoot/VerticalSafeAreaRoot/ContentSlot/Dimension1Panel/GalaxyPanel/D1_GalaxyVisualRoot/D1BottomNavigation/HANGARButton	Canvas/HUD/VerticalUIRoot/VerticalSafeAreaRoot/ContentSlot/Dimension1Panel/GalaxyPanel/D1_GalaxyVisualRoot/D1BottomNavigation/HANGARButton
04_galaxy_neutral	1080	1920	Canvas/HUD/VerticalUIRoot/VerticalSafeAreaRoot/ContentSlot/Dimension1Panel/GalaxyPanel/D1_GalaxyVisualRoot/D1BottomNavigation/HANGARButton	1	477.60	57.20	OK	Canvas/HUD/VerticalUIRoot/VerticalSafeAreaRoot/ContentSlot/Dimension1Panel/GalaxyPanel/D1_GalaxyVisualRoot/D1BottomNavigation/HANGARButton	Canvas/HUD/VerticalUIRoot/VerticalSafeAreaRoot/ContentSlot/Dimension1Panel/GalaxyPanel/D1_GalaxyVisualRoot/D1BottomNavigation/HANGARButton
04_galaxy_neutral	1080	1920	Canvas/HUD/VerticalUIRoot/VerticalSafeAreaRoot/ContentSlot/Dimension1Panel/GalaxyPanel/D1_GalaxyVisualRoot/D1BottomNavigation/HANGARButton	2	596.40	57.20	OK	Canvas/HUD/VerticalUIRoot/VerticalSafeAreaRoot/ContentSlot/Dimension1Panel/GalaxyPanel/D1_GalaxyVisualRoot/D1BottomNavigation/HANGARButton	Canvas/HUD/VerticalUIRoot/VerticalSafeAreaRoot/ContentSlot/Dimension1Panel/GalaxyPanel/D1_GalaxyVisualRoot/D1BottomNavigation/HANGARButton
04_galaxy_neutral	1080	1920	Canvas/HUD/VerticalUIRoot/VerticalSafeAreaRoot/ContentSlot/Dimension1Panel/GalaxyPanel/D1_GalaxyVisualRoot/D1BottomNavigation/HANGARButton	3	477.60	162.80	OK	Canvas/HUD/VerticalUIRoot/VerticalSafeAreaRoot/ContentSlot/Dimension1Panel/GalaxyPanel/D1_GalaxyVisualRoot/D1BottomNavigation/HANGARButton	Canvas/HUD/VerticalUIRoot/VerticalSafeAreaRoot/ContentSlot/Dimension1Panel/GalaxyPanel/D1_GalaxyVisualRoot/D1BottomNavigation/HANGARButton
04_galaxy_neutral	1080	1920	Canvas/HUD/VerticalUIRoot/VerticalSafeAreaRoot/ContentSlot/Dimension1Panel/GalaxyPanel/D1_GalaxyVisualRoot/D1BottomNavigation/HANGARButton	4	596.40	162.80	OK	Canvas/HUD/VerticalUIRoot/VerticalSafeAreaRoot/ContentSlot/Dimension1Panel/GalaxyPanel/D1_GalaxyVisualRoot/D1BottomNavigation/HANGARButton	Canvas/HUD/VerticalUIRoot/VerticalSafeAreaRoot/ContentSlot/Dimension1Panel/GalaxyPanel/D1_GalaxyVisualRoot/D1BottomNavigation/HANGARButton
04_galaxy_neutral	1080	1920	Canvas/HUD/VerticalUIRoot/VerticalSafeAreaRoot/ContentSlot/Dimension1Panel/GalaxyPanel/D1_GalaxyVisualRoot/FullBleedGalaxyMap/Planet05Node	0	727.23	1242.36	OK	Canvas/HUD/VerticalUIRoot/VerticalSafeAreaRoot/ContentSlot/Dimension1Panel/GalaxyPanel/D1_GalaxyVisualRoot/FullBleedGalaxyMap/Planet05Node	Canvas/HUD/VerticalUIRoot/VerticalSafeAreaRoot/ContentSlot/Dimension1Panel/GalaxyPanel/D1_GalaxyVisualRoot/FullBleedGalaxyMap/Planet05Node
04_galaxy_neutral	1080	1920	Canvas/HUD/VerticalUIRoot/VerticalSafeAreaRoot/ContentSlot/Dimension1Panel/GalaxyPanel/D1_GalaxyVisualRoot/FullBleedGalaxyMap/Planet05Node	1	658.23	1185.36	OK	Canvas/HUD/VerticalUIRoot/VerticalSafeAreaRoot/ContentSlot/Dimension1Panel/GalaxyPanel/D1_GalaxyVisualRoot/FullBleedGalaxyMap/Planet05Node	Canvas/HUD/VerticalUIRoot/VerticalSafeAreaRoot/ContentSlot/Dimension1Panel/GalaxyPanel/D1_GalaxyVisualRoot/FullBleedGalaxyMap/Planet05Node
04_galaxy_neutral	1080	1920	Canvas/HUD/VerticalUIRoot/VerticalSafeAreaRoot/ContentSlot/Dimension1Panel/GalaxyPanel/D1_GalaxyVisualRoot/FullBleedGalaxyMap/Planet05Node	2	796.23	1185.36	OK	Canvas/HUD/VerticalUIRoot/VerticalSafeAreaRoot/ContentSlot/Dimension1Panel/GalaxyPanel/D1_GalaxyVisualRoot/FullBleedGalaxyMap/Planet05Node	Canvas/HUD/VerticalUIRoot/VerticalSafeAreaRoot/ContentSlot/Dimension1Panel/GalaxyPanel/D1_GalaxyVisualRoot/FullBleedGalaxyMap/Planet05Node
04_galaxy_neutral	1080	1920	Canvas/HUD/VerticalUIRoot/VerticalSafeAreaRoot/ContentSlot/Dimension1Panel/GalaxyPanel/D1_GalaxyVisualRoot/FullBleedGalaxyMap/Planet05Node	3	658.23	1299.36	OK	Canvas/HUD/VerticalUIRoot/VerticalSafeAreaRoot/ContentSlot/Dimension1Panel/GalaxyPanel/D1_GalaxyVisualRoot/FullBleedGalaxyMap/Planet05Node	Canvas/HUD/VerticalUIRoot/VerticalSafeAreaRoot/ContentSlot/Dimension1Panel/GalaxyPanel/D1_GalaxyVisualRoot/FullBleedGalaxyMap/Planet05Node
04_galaxy_neutral	1080	1920	Canvas/HUD/VerticalUIRoot/VerticalSafeAreaRoot/ContentSlot/Dimension1Panel/GalaxyPanel/D1_GalaxyVisualRoot/FullBleedGalaxyMap/Planet05Node	4	796.23	1299.36	OK	Canvas/HUD/VerticalUIRoot/VerticalSafeAreaRoot/ContentSlot/Dimension1Panel/GalaxyPanel/D1_GalaxyVisualRoot/FullBleedGalaxyMap/Planet05Node	Canvas/HUD/VerticalUIRoot/VerticalSafeAreaRoot/ContentSlot/Dimension1Panel/GalaxyPanel/D1_GalaxyVisualRoot/FullBleedGalaxyMap/Planet05Node
05_explore_empty	1080	1920	Canvas/HUD/VerticalUIRoot/VerticalSafeAreaRoot/ContentSlot/Dimension1Panel/D1_ExploreVisualRoot/BottomNavigation/Nav_RELIQUIAS	0	744.00	110.00	OK	Canvas/HUD/VerticalUIRoot/VerticalSafeAreaRoot/ContentSlot/Dimension1Panel/D1_ExploreVisualRoot/BottomNavigation/Nav_RELIQUIAS	Canvas/HUD/VerticalUIRoot/VerticalSafeAreaRoot/ContentSlot/Dimension1Panel/D1_ExploreVisualRoot/BottomNavigation/Nav_RELIQUIAS
05_explore_empty	1080	1920	Canvas/HUD/VerticalUIRoot/VerticalSafeAreaRoot/ContentSlot/Dimension1Panel/D1_ExploreVisualRoot/BottomNavigation/Nav_RELIQUIAS	1	684.60	57.20	OK	Canvas/HUD/VerticalUIRoot/VerticalSafeAreaRoot/ContentSlot/Dimension1Panel/D1_ExploreVisualRoot/BottomNavigation/Nav_RELIQUIAS	Canvas/HUD/VerticalUIRoot/VerticalSafeAreaRoot/ContentSlot/Dimension1Panel/D1_ExploreVisualRoot/BottomNavigation/Nav_RELIQUIAS
05_explore_empty	1080	1920	Canvas/HUD/VerticalUIRoot/VerticalSafeAreaRoot/ContentSlot/Dimension1Panel/D1_ExploreVisualRoot/BottomNavigation/Nav_RELIQUIAS	2	803.40	57.20	OK	Canvas/HUD/VerticalUIRoot/VerticalSafeAreaRoot/ContentSlot/Dimension1Panel/D1_ExploreVisualRoot/BottomNavigation/Nav_RELIQUIAS	Canvas/HUD/VerticalUIRoot/VerticalSafeAreaRoot/ContentSlot/Dimension1Panel/D1_ExploreVisualRoot/BottomNavigation/Nav_RELIQUIAS
05_explore_empty	1080	1920	Canvas/HUD/VerticalUIRoot/VerticalSafeAreaRoot/ContentSlot/Dimension1Panel/D1_ExploreVisualRoot/BottomNavigation/Nav_RELIQUIAS	3	684.60	162.80	OK	Canvas/HUD/VerticalUIRoot/VerticalSafeAreaRoot/ContentSlot/Dimension1Panel/D1_ExploreVisualRoot/BottomNavigation/Nav_RELIQUIAS	Canvas/HUD/VerticalUIRoot/VerticalSafeAreaRoot/ContentSlot/Dimension1Panel/D1_ExploreVisualRoot/BottomNavigation/Nav_RELIQUIAS
05_explore_empty	1080	1920	Canvas/HUD/VerticalUIRoot/VerticalSafeAreaRoot/ContentSlot/Dimension1Panel/D1_ExploreVisualRoot/BottomNavigation/Nav_RELIQUIAS	4	803.40	162.80	OK	Canvas/HUD/VerticalUIRoot/VerticalSafeAreaRoot/ContentSlot/Dimension1Panel/D1_ExploreVisualRoot/BottomNavigation/Nav_RELIQUIAS	Canvas/HUD/VerticalUIRoot/VerticalSafeAreaRoot/ContentSlot/Dimension1Panel/D1_ExploreVisualRoot/BottomNavigation/Nav_RELIQUIAS
05_explore_empty	1080	1920	Canvas/HUD/VerticalUIRoot/VerticalSafeAreaRoot/ContentSlot/Dimension1Panel/D1_ExploreVisualRoot/ActiveExpedition/Next	0	718.00	420.00	OK	Canvas/HUD/VerticalUIRoot/VerticalSafeAreaRoot/ContentSlot/Dimension1Panel/D1_ExploreVisualRoot/ActiveExpedition/Next	Canvas/HUD/VerticalUIRoot/VerticalSafeAreaRoot/ContentSlot/Dimension1Panel/D1_ExploreVisualRoot/ActiveExpedition/Next
05_explore_empty	1080	1920	Canvas/HUD/VerticalUIRoot/VerticalSafeAreaRoot/ContentSlot/Dimension1Panel/D1_ExploreVisualRoot/ActiveExpedition/Next	1	696.40	398.40	OK	Canvas/HUD/VerticalUIRoot/VerticalSafeAreaRoot/ContentSlot/Dimension1Panel/D1_ExploreVisualRoot/ActiveExpedition/Next	Canvas/HUD/VerticalUIRoot/VerticalSafeAreaRoot/ContentSlot/Dimension1Panel/D1_ExploreVisualRoot/ActiveExpedition/Next
05_explore_empty	1080	1920	Canvas/HUD/VerticalUIRoot/VerticalSafeAreaRoot/ContentSlot/Dimension1Panel/D1_ExploreVisualRoot/ActiveExpedition/Next	2	739.60	398.40	OK	Canvas/HUD/VerticalUIRoot/VerticalSafeAreaRoot/ContentSlot/Dimension1Panel/D1_ExploreVisualRoot/ActiveExpedition/Next	Canvas/HUD/VerticalUIRoot/VerticalSafeAreaRoot/ContentSlot/Dimension1Panel/D1_ExploreVisualRoot/ActiveExpedition/Next
05_explore_empty	1080	1920	Canvas/HUD/VerticalUIRoot/VerticalSafeAreaRoot/ContentSlot/Dimension1Panel/D1_ExploreVisualRoot/ActiveExpedition/Next	3	696.40	441.60	OK	Canvas/HUD/VerticalUIRoot/VerticalSafeAreaRoot/ContentSlot/Dimension1Panel/D1_ExploreVisualRoot/ActiveExpedition/Next	Canvas/HUD/VerticalUIRoot/VerticalSafeAreaRoot/ContentSlot/Dimension1Panel/D1_ExploreVisualRoot/ActiveExpedition/Next
05_explore_empty	1080	1920	Canvas/HUD/VerticalUIRoot/VerticalSafeAreaRoot/ContentSlot/Dimension1Panel/D1_ExploreVisualRoot/ActiveExpedition/Next	4	739.60	441.60	OK	Canvas/HUD/VerticalUIRoot/VerticalSafeAreaRoot/ContentSlot/Dimension1Panel/D1_ExploreVisualRoot/ActiveExpedition/Next	Canvas/HUD/VerticalUIRoot/VerticalSafeAreaRoot/ContentSlot/Dimension1Panel/D1_ExploreVisualRoot/ActiveExpedition/Next
05_explore_empty	1080	1920	Canvas/HUD/VerticalUIRoot/VerticalSafeAreaRoot/ContentSlot/Dimension1Panel/D1_ExploreVisualRoot/ShipPanel/Previous	0	398.00	717.00	OK	Canvas/HUD/VerticalUIRoot/VerticalSafeAreaRoot/ContentSlot/Dimension1Panel/D1_ExploreVisualRoot/ShipPanel/Previous	Canvas/HUD/VerticalUIRoot/VerticalSafeAreaRoot/ContentSlot/Dimension1Panel/D1_ExploreVisualRoot/ShipPanel/Previous
05_explore_empty	1080	1920	Canvas/HUD/VerticalUIRoot/VerticalSafeAreaRoot/ContentSlot/Dimension1Panel/D1_ExploreVisualRoot/ShipPanel/Previous	1	376.40	695.40	OK	Canvas/HUD/VerticalUIRoot/VerticalSafeAreaRoot/ContentSlot/Dimension1Panel/D1_ExploreVisualRoot/ShipPanel/Previous	Canvas/HUD/VerticalUIRoot/VerticalSafeAreaRoot/ContentSlot/Dimension1Panel/D1_ExploreVisualRoot/ShipPanel/Previous
05_explore_empty	1080	1920	Canvas/HUD/VerticalUIRoot/VerticalSafeAreaRoot/ContentSlot/Dimension1Panel/D1_ExploreVisualRoot/ShipPanel/Previous	2	419.60	695.40	OK	Canvas/HUD/VerticalUIRoot/VerticalSafeAreaRoot/ContentSlot/Dimension1Panel/D1_ExploreVisualRoot/ShipPanel/Previous	Canvas/HUD/VerticalUIRoot/VerticalSafeAreaRoot/ContentSlot/Dimension1Panel/D1_ExploreVisualRoot/ShipPanel/Previous
05_explore_empty	1080	1920	Canvas/HUD/VerticalUIRoot/VerticalSafeAreaRoot/ContentSlot/Dimension1Panel/D1_ExploreVisualRoot/ShipPanel/Previous	3	376.40	738.60	OK	Canvas/HUD/VerticalUIRoot/VerticalSafeAreaRoot/ContentSlot/Dimension1Panel/D1_ExploreVisualRoot/ShipPanel/Previous	Canvas/HUD/VerticalUIRoot/VerticalSafeAreaRoot/ContentSlot/Dimension1Panel/D1_ExploreVisualRoot/ShipPanel/Previous
05_explore_empty	1080	1920	Canvas/HUD/VerticalUIRoot/VerticalSafeAreaRoot/ContentSlot/Dimension1Panel/D1_ExploreVisualRoot/ShipPanel/Previous	4	419.60	738.60	OK	Canvas/HUD/VerticalUIRoot/VerticalSafeAreaRoot/ContentSlot/Dimension1Panel/D1_ExploreVisualRoot/ShipPanel/Previous	Canvas/HUD/VerticalUIRoot/VerticalSafeAreaRoot/ContentSlot/Dimension1Panel/D1_ExploreVisualRoot/ShipPanel/Previous
05_explore_empty	1080	1920	Canvas/HUD/VerticalUIRoot/VerticalSafeAreaRoot/ContentSlot/Dimension1Panel/D1_ExploreVisualRoot/ModePanel/CoordinatedMode	0	772.00	575.00	OK	Canvas/HUD/VerticalUIRoot/VerticalSafeAreaRoot/ContentSlot/Dimension1Panel/D1_ExploreVisualRoot/ModePanel/CoordinatedMode	Canvas/HUD/VerticalUIRoot/VerticalSafeAreaRoot/ContentSlot/Dimension1Panel/D1_ExploreVisualRoot/ModePanel/CoordinatedMode
05_explore_empty	1080	1920	Canvas/HUD/VerticalUIRoot/VerticalSafeAreaRoot/ContentSlot/Dimension1Panel/D1_ExploreVisualRoot/ModePanel/CoordinatedMode	1	640.00	551.60	OK	Canvas/HUD/VerticalUIRoot/VerticalSafeAreaRoot/ContentSlot/Dimension1Panel/D1_ExploreVisualRoot/ModePanel/CoordinatedMode	Canvas/HUD/VerticalUIRoot/VerticalSafeAreaRoot/ContentSlot/Dimension1Panel/D1_ExploreVisualRoot/ModePanel/CoordinatedMode
05_explore_empty	1080	1920	Canvas/HUD/VerticalUIRoot/VerticalSafeAreaRoot/ContentSlot/Dimension1Panel/D1_ExploreVisualRoot/ModePanel/CoordinatedMode	2	904.00	551.60	OK	Canvas/HUD/VerticalUIRoot/VerticalSafeAreaRoot/ContentSlot/Dimension1Panel/D1_ExploreVisualRoot/ModePanel/CoordinatedMode	Canvas/HUD/VerticalUIRoot/VerticalSafeAreaRoot/ContentSlot/Dimension1Panel/D1_ExploreVisualRoot/ModePanel/CoordinatedMode
05_explore_empty	1080	1920	Canvas/HUD/VerticalUIRoot/VerticalSafeAreaRoot/ContentSlot/Dimension1Panel/D1_ExploreVisualRoot/ModePanel/CoordinatedMode	3	640.00	598.40	OK	Canvas/HUD/VerticalUIRoot/VerticalSafeAreaRoot/ContentSlot/Dimension1Panel/D1_ExploreVisualRoot/ModePanel/CoordinatedMode	Canvas/HUD/VerticalUIRoot/VerticalSafeAreaRoot/ContentSlot/Dimension1Panel/D1_ExploreVisualRoot/ModePanel/CoordinatedMode
05_explore_empty	1080	1920	Canvas/HUD/VerticalUIRoot/VerticalSafeAreaRoot/ContentSlot/Dimension1Panel/D1_ExploreVisualRoot/ModePanel/CoordinatedMode	4	904.00	598.40	OK	Canvas/HUD/VerticalUIRoot/VerticalSafeAreaRoot/ContentSlot/Dimension1Panel/D1_ExploreVisualRoot/ModePanel/CoordinatedMode	Canvas/HUD/VerticalUIRoot/VerticalSafeAreaRoot/ContentSlot/Dimension1Panel/D1_ExploreVisualRoot/ModePanel/CoordinatedMode
05_explore_empty	1080	1920	Canvas/HUD/VerticalUIRoot/VerticalSafeAreaRoot/ContentSlot/Dimension1Panel/D1_ExploreVisualRoot/SupportPanel/Next	0	976.00	717.00	OK	Canvas/HUD/VerticalUIRoot/VerticalSafeAreaRoot/ContentSlot/Dimension1Panel/D1_ExploreVisualRoot/SupportPanel/Next	Canvas/HUD/VerticalUIRoot/VerticalSafeAreaRoot/ContentSlot/Dimension1Panel/D1_ExploreVisualRoot/SupportPanel/Next
05_explore_empty	1080	1920	Canvas/HUD/VerticalUIRoot/VerticalSafeAreaRoot/ContentSlot/Dimension1Panel/D1_ExploreVisualRoot/SupportPanel/Next	1	954.40	695.40	OK	Canvas/HUD/VerticalUIRoot/VerticalSafeAreaRoot/ContentSlot/Dimension1Panel/D1_ExploreVisualRoot/SupportPanel/Next	Canvas/HUD/VerticalUIRoot/VerticalSafeAreaRoot/ContentSlot/Dimension1Panel/D1_ExploreVisualRoot/SupportPanel/Next
05_explore_empty	1080	1920	Canvas/HUD/VerticalUIRoot/VerticalSafeAreaRoot/ContentSlot/Dimension1Panel/D1_ExploreVisualRoot/SupportPanel/Next	2	997.60	695.40	OK	Canvas/HUD/VerticalUIRoot/VerticalSafeAreaRoot/ContentSlot/Dimension1Panel/D1_ExploreVisualRoot/SupportPanel/Next	Canvas/HUD/VerticalUIRoot/VerticalSafeAreaRoot/ContentSlot/Dimension1Panel/D1_ExploreVisualRoot/SupportPanel/Next
05_explore_empty	1080	1920	Canvas/HUD/VerticalUIRoot/VerticalSafeAreaRoot/ContentSlot/Dimension1Panel/D1_ExploreVisualRoot/SupportPanel/Next	3	954.40	738.60	OK	Canvas/HUD/VerticalUIRoot/VerticalSafeAreaRoot/ContentSlot/Dimension1Panel/D1_ExploreVisualRoot/SupportPanel/Next	Canvas/HUD/VerticalUIRoot/VerticalSafeAreaRoot/ContentSlot/Dimension1Panel/D1_ExploreVisualRoot/SupportPanel/Next
05_explore_empty	1080	1920	Canvas/HUD/VerticalUIRoot/VerticalSafeAreaRoot/ContentSlot/Dimension1Panel/D1_ExploreVisualRoot/SupportPanel/Next	4	997.60	738.60	OK	Canvas/HUD/VerticalUIRoot/VerticalSafeAreaRoot/ContentSlot/Dimension1Panel/D1_ExploreVisualRoot/SupportPanel/Next	Canvas/HUD/VerticalUIRoot/VerticalSafeAreaRoot/ContentSlot/Dimension1Panel/D1_ExploreVisualRoot/SupportPanel/Next
05_explore_empty	1080	1920	Canvas/HUD/VerticalUIRoot/VerticalSafeAreaRoot/ContentSlot/Dimension1Panel/D1_ExploreVisualRoot/ExplorationRecord	0	832.00	281.00	OK	Canvas/HUD/VerticalUIRoot/VerticalSafeAreaRoot/ContentSlot/Dimension1Panel/D1_ExploreVisualRoot/ExplorationRecord	Canvas/HUD/VerticalUIRoot/VerticalSafeAreaRoot/ContentSlot/Dimension1Panel/D1_ExploreVisualRoot/ExplorationRecord
05_explore_empty	1080	1920	Canvas/HUD/VerticalUIRoot/VerticalSafeAreaRoot/ContentSlot/Dimension1Panel/D1_ExploreVisualRoot/ExplorationRecord	1	721.60	244.40	OK	Canvas/HUD/VerticalUIRoot/VerticalSafeAreaRoot/ContentSlot/Dimension1Panel/D1_ExploreVisualRoot/ExplorationRecord	Canvas/HUD/VerticalUIRoot/VerticalSafeAreaRoot/ContentSlot/Dimension1Panel/D1_ExploreVisualRoot/ExplorationRecord
05_explore_empty	1080	1920	Canvas/HUD/VerticalUIRoot/VerticalSafeAreaRoot/ContentSlot/Dimension1Panel/D1_ExploreVisualRoot/ExplorationRecord	2	942.40	244.40	OK	Canvas/HUD/VerticalUIRoot/VerticalSafeAreaRoot/ContentSlot/Dimension1Panel/D1_ExploreVisualRoot/ExplorationRecord	Canvas/HUD/VerticalUIRoot/VerticalSafeAreaRoot/ContentSlot/Dimension1Panel/D1_ExploreVisualRoot/ExplorationRecord
05_explore_empty	1080	1920	Canvas/HUD/VerticalUIRoot/VerticalSafeAreaRoot/ContentSlot/Dimension1Panel/D1_ExploreVisualRoot/ExplorationRecord	3	721.60	317.60	OK	Canvas/HUD/VerticalUIRoot/VerticalSafeAreaRoot/ContentSlot/Dimension1Panel/D1_ExploreVisualRoot/ExplorationRecord	Canvas/HUD/VerticalUIRoot/VerticalSafeAreaRoot/ContentSlot/Dimension1Panel/D1_ExploreVisualRoot/ExplorationRecord
05_explore_empty	1080	1920	Canvas/HUD/VerticalUIRoot/VerticalSafeAreaRoot/ContentSlot/Dimension1Panel/D1_ExploreVisualRoot/ExplorationRecord	4	942.40	317.60	OK	Canvas/HUD/VerticalUIRoot/VerticalSafeAreaRoot/ContentSlot/Dimension1Panel/D1_ExploreVisualRoot/ExplorationRecord	Canvas/HUD/VerticalUIRoot/VerticalSafeAreaRoot/ContentSlot/Dimension1Panel/D1_ExploreVisualRoot/ExplorationRecord
05_explore_empty	1080	1920	Canvas/HUD/VerticalUIRoot/VerticalSafeAreaRoot/ContentSlot/Dimension1Panel/D1_ExploreVisualRoot/BottomNavigation/Nav_ÁRBOL	0	951.00	110.00	OK	Canvas/HUD/VerticalUIRoot/VerticalSafeAreaRoot/ContentSlot/Dimension1Panel/D1_ExploreVisualRoot/BottomNavigation/Nav_ÁRBOL	Canvas/HUD/VerticalUIRoot/VerticalSafeAreaRoot/ContentSlot/Dimension1Panel/D1_ExploreVisualRoot/BottomNavigation/Nav_ÁRBOL
05_explore_empty	1080	1920	Canvas/HUD/VerticalUIRoot/VerticalSafeAreaRoot/ContentSlot/Dimension1Panel/D1_ExploreVisualRoot/BottomNavigation/Nav_ÁRBOL	1	891.60	57.20	OK	Canvas/HUD/VerticalUIRoot/VerticalSafeAreaRoot/ContentSlot/Dimension1Panel/D1_ExploreVisualRoot/BottomNavigation/Nav_ÁRBOL	Canvas/HUD/VerticalUIRoot/VerticalSafeAreaRoot/ContentSlot/Dimension1Panel/D1_ExploreVisualRoot/BottomNavigation/Nav_ÁRBOL
05_explore_empty	1080	1920	Canvas/HUD/VerticalUIRoot/VerticalSafeAreaRoot/ContentSlot/Dimension1Panel/D1_ExploreVisualRoot/BottomNavigation/Nav_ÁRBOL	2	1010.40	57.20	OK	Canvas/HUD/VerticalUIRoot/VerticalSafeAreaRoot/ContentSlot/Dimension1Panel/D1_ExploreVisualRoot/BottomNavigation/Nav_ÁRBOL	Canvas/HUD/VerticalUIRoot/VerticalSafeAreaRoot/ContentSlot/Dimension1Panel/D1_ExploreVisualRoot/BottomNavigation/Nav_ÁRBOL
05_explore_empty	1080	1920	Canvas/HUD/VerticalUIRoot/VerticalSafeAreaRoot/ContentSlot/Dimension1Panel/D1_ExploreVisualRoot/BottomNavigation/Nav_ÁRBOL	3	891.60	162.80	OK	Canvas/HUD/VerticalUIRoot/VerticalSafeAreaRoot/ContentSlot/Dimension1Panel/D1_ExploreVisualRoot/BottomNavigation/Nav_ÁRBOL	Canvas/HUD/VerticalUIRoot/VerticalSafeAreaRoot/ContentSlot/Dimension1Panel/D1_ExploreVisualRoot/BottomNavigation/Nav_ÁRBOL
05_explore_empty	1080	1920	Canvas/HUD/VerticalUIRoot/VerticalSafeAreaRoot/ContentSlot/Dimension1Panel/D1_ExploreVisualRoot/BottomNavigation/Nav_ÁRBOL	4	1010.40	162.80	OK	Canvas/HUD/VerticalUIRoot/VerticalSafeAreaRoot/ContentSlot/Dimension1Panel/D1_ExploreVisualRoot/BottomNavigation/Nav_ÁRBOL	Canvas/HUD/VerticalUIRoot/VerticalSafeAreaRoot/ContentSlot/Dimension1Panel/D1_ExploreVisualRoot/BottomNavigation/Nav_ÁRBOL
05_explore_empty	1080	1920	Canvas/HUD/VerticalUIRoot/VerticalSafeAreaRoot/ContentSlot/Dimension1Panel/D1_ExploreVisualRoot/SupportPanel/Previous	0	890.00	717.00	OK	Canvas/HUD/VerticalUIRoot/VerticalSafeAreaRoot/ContentSlot/Dimension1Panel/D1_ExploreVisualRoot/SupportPanel/Previous	Canvas/HUD/VerticalUIRoot/VerticalSafeAreaRoot/ContentSlot/Dimension1Panel/D1_ExploreVisualRoot/SupportPanel/Previous
05_explore_empty	1080	1920	Canvas/HUD/VerticalUIRoot/VerticalSafeAreaRoot/ContentSlot/Dimension1Panel/D1_ExploreVisualRoot/SupportPanel/Previous	1	868.40	695.40	OK	Canvas/HUD/VerticalUIRoot/VerticalSafeAreaRoot/ContentSlot/Dimension1Panel/D1_ExploreVisualRoot/SupportPanel/Previous	Canvas/HUD/VerticalUIRoot/VerticalSafeAreaRoot/ContentSlot/Dimension1Panel/D1_ExploreVisualRoot/SupportPanel/Previous
05_explore_empty	1080	1920	Canvas/HUD/VerticalUIRoot/VerticalSafeAreaRoot/ContentSlot/Dimension1Panel/D1_ExploreVisualRoot/SupportPanel/Previous	2	911.60	695.40	OK	Canvas/HUD/VerticalUIRoot/VerticalSafeAreaRoot/ContentSlot/Dimension1Panel/D1_ExploreVisualRoot/SupportPanel/Previous	Canvas/HUD/VerticalUIRoot/VerticalSafeAreaRoot/ContentSlot/Dimension1Panel/D1_ExploreVisualRoot/SupportPanel/Previous
05_explore_empty	1080	1920	Canvas/HUD/VerticalUIRoot/VerticalSafeAreaRoot/ContentSlot/Dimension1Panel/D1_ExploreVisualRoot/SupportPanel/Previous	3	868.40	738.60	OK	Canvas/HUD/VerticalUIRoot/VerticalSafeAreaRoot/ContentSlot/Dimension1Panel/D1_ExploreVisualRoot/SupportPanel/Previous	Canvas/HUD/VerticalUIRoot/VerticalSafeAreaRoot/ContentSlot/Dimension1Panel/D1_ExploreVisualRoot/SupportPanel/Previous
05_explore_empty	1080	1920	Canvas/HUD/VerticalUIRoot/VerticalSafeAreaRoot/ContentSlot/Dimension1Panel/D1_ExploreVisualRoot/SupportPanel/Previous	4	911.60	738.60	OK	Canvas/HUD/VerticalUIRoot/VerticalSafeAreaRoot/ContentSlot/Dimension1Panel/D1_ExploreVisualRoot/SupportPanel/Previous	Canvas/HUD/VerticalUIRoot/VerticalSafeAreaRoot/ContentSlot/Dimension1Panel/D1_ExploreVisualRoot/SupportPanel/Previous
05_explore_empty	1080	1920	Canvas/HUD/VerticalUIRoot/VerticalSafeAreaRoot/ContentSlot/Dimension1Panel/D1_ExploreVisualRoot/ShipPanel/Next	0	484.00	717.00	OK	Canvas/HUD/VerticalUIRoot/VerticalSafeAreaRoot/ContentSlot/Dimension1Panel/D1_ExploreVisualRoot/ShipPanel/Next	Canvas/HUD/VerticalUIRoot/VerticalSafeAreaRoot/ContentSlot/Dimension1Panel/D1_ExploreVisualRoot/ShipPanel/Next
05_explore_empty	1080	1920	Canvas/HUD/VerticalUIRoot/VerticalSafeAreaRoot/ContentSlot/Dimension1Panel/D1_ExploreVisualRoot/ShipPanel/Next	1	462.40	695.40	OK	Canvas/HUD/VerticalUIRoot/VerticalSafeAreaRoot/ContentSlot/Dimension1Panel/D1_ExploreVisualRoot/ShipPanel/Next	Canvas/HUD/VerticalUIRoot/VerticalSafeAreaRoot/ContentSlot/Dimension1Panel/D1_ExploreVisualRoot/ShipPanel/Next
05_explore_empty	1080	1920	Canvas/HUD/VerticalUIRoot/VerticalSafeAreaRoot/ContentSlot/Dimension1Panel/D1_ExploreVisualRoot/ShipPanel/Next	2	505.60	695.40	OK	Canvas/HUD/VerticalUIRoot/VerticalSafeAreaRoot/ContentSlot/Dimension1Panel/D1_ExploreVisualRoot/ShipPanel/Next	Canvas/HUD/VerticalUIRoot/VerticalSafeAreaRoot/ContentSlot/Dimension1Panel/D1_ExploreVisualRoot/ShipPanel/Next
05_explore_empty	1080	1920	Canvas/HUD/VerticalUIRoot/VerticalSafeAreaRoot/ContentSlot/Dimension1Panel/D1_ExploreVisualRoot/ShipPanel/Next	3	462.40	738.60	OK	Canvas/HUD/VerticalUIRoot/VerticalSafeAreaRoot/ContentSlot/Dimension1Panel/D1_ExploreVisualRoot/ShipPanel/Next	Canvas/HUD/VerticalUIRoot/VerticalSafeAreaRoot/ContentSlot/Dimension1Panel/D1_ExploreVisualRoot/ShipPanel/Next
05_explore_empty	1080	1920	Canvas/HUD/VerticalUIRoot/VerticalSafeAreaRoot/ContentSlot/Dimension1Panel/D1_ExploreVisualRoot/ShipPanel/Next	4	505.60	738.60	OK	Canvas/HUD/VerticalUIRoot/VerticalSafeAreaRoot/ContentSlot/Dimension1Panel/D1_ExploreVisualRoot/ShipPanel/Next	Canvas/HUD/VerticalUIRoot/VerticalSafeAreaRoot/ContentSlot/Dimension1Panel/D1_ExploreVisualRoot/ShipPanel/Next
05_explore_empty	1080	1920	Canvas/HUD/VerticalUIRoot/VerticalSafeAreaRoot/ContentSlot/Dimension1Panel/D1_ExploreVisualRoot/DestinationPanel/OpenDetails	0	918.00	1218.00	OK	Canvas/HUD/VerticalUIRoot/VerticalSafeAreaRoot/ContentSlot/Dimension1Panel/D1_ExploreVisualRoot/DestinationPanel/OpenDetails	Canvas/HUD/VerticalUIRoot/VerticalSafeAreaRoot/ContentSlot/Dimension1Panel/D1_ExploreVisualRoot/DestinationPanel/OpenDetails
05_explore_empty	1080	1920	Canvas/HUD/VerticalUIRoot/VerticalSafeAreaRoot/ContentSlot/Dimension1Panel/D1_ExploreVisualRoot/DestinationPanel/OpenDetails	1	876.00	1200.60	OK	Canvas/HUD/VerticalUIRoot/VerticalSafeAreaRoot/ContentSlot/Dimension1Panel/D1_ExploreVisualRoot/DestinationPanel/OpenDetails	Canvas/HUD/VerticalUIRoot/VerticalSafeAreaRoot/ContentSlot/Dimension1Panel/D1_ExploreVisualRoot/DestinationPanel/OpenDetails
05_explore_empty	1080	1920	Canvas/HUD/VerticalUIRoot/VerticalSafeAreaRoot/ContentSlot/Dimension1Panel/D1_ExploreVisualRoot/DestinationPanel/OpenDetails	2	960.00	1200.60	OK	Canvas/HUD/VerticalUIRoot/VerticalSafeAreaRoot/ContentSlot/Dimension1Panel/D1_ExploreVisualRoot/DestinationPanel/OpenDetails	Canvas/HUD/VerticalUIRoot/VerticalSafeAreaRoot/ContentSlot/Dimension1Panel/D1_ExploreVisualRoot/DestinationPanel/OpenDetails
05_explore_empty	1080	1920	Canvas/HUD/VerticalUIRoot/VerticalSafeAreaRoot/ContentSlot/Dimension1Panel/D1_ExploreVisualRoot/DestinationPanel/OpenDetails	3	876.00	1235.40	OK	Canvas/HUD/VerticalUIRoot/VerticalSafeAreaRoot/ContentSlot/Dimension1Panel/D1_ExploreVisualRoot/DestinationPanel/OpenDetails	Canvas/HUD/VerticalUIRoot/VerticalSafeAreaRoot/ContentSlot/Dimension1Panel/D1_ExploreVisualRoot/DestinationPanel/OpenDetails
05_explore_empty	1080	1920	Canvas/HUD/VerticalUIRoot/VerticalSafeAreaRoot/ContentSlot/Dimension1Panel/D1_ExploreVisualRoot/DestinationPanel/OpenDetails	4	960.00	1235.40	OK	Canvas/HUD/VerticalUIRoot/VerticalSafeAreaRoot/ContentSlot/Dimension1Panel/D1_ExploreVisualRoot/DestinationPanel/OpenDetails	Canvas/HUD/VerticalUIRoot/VerticalSafeAreaRoot/ContentSlot/Dimension1Panel/D1_ExploreVisualRoot/DestinationPanel/OpenDetails
05_explore_empty	1080	1920	Canvas/HUD/VerticalUIRoot/VerticalSafeAreaRoot/ContentSlot/Dimension1Panel/D1_ExploreVisualRoot/ModePanel/SimpleMode	0	306.00	575.00	OK	Canvas/HUD/VerticalUIRoot/VerticalSafeAreaRoot/ContentSlot/Dimension1Panel/D1_ExploreVisualRoot/ModePanel/SimpleMode	Canvas/HUD/VerticalUIRoot/VerticalSafeAreaRoot/ContentSlot/Dimension1Panel/D1_ExploreVisualRoot/ModePanel/SimpleMode
05_explore_empty	1080	1920	Canvas/HUD/VerticalUIRoot/VerticalSafeAreaRoot/ContentSlot/Dimension1Panel/D1_ExploreVisualRoot/ModePanel/SimpleMode	1	174.00	551.60	OK	Canvas/HUD/VerticalUIRoot/VerticalSafeAreaRoot/ContentSlot/Dimension1Panel/D1_ExploreVisualRoot/ModePanel/SimpleMode	Canvas/HUD/VerticalUIRoot/VerticalSafeAreaRoot/ContentSlot/Dimension1Panel/D1_ExploreVisualRoot/ModePanel/SimpleMode
05_explore_empty	1080	1920	Canvas/HUD/VerticalUIRoot/VerticalSafeAreaRoot/ContentSlot/Dimension1Panel/D1_ExploreVisualRoot/ModePanel/SimpleMode	2	438.00	551.60	OK	Canvas/HUD/VerticalUIRoot/VerticalSafeAreaRoot/ContentSlot/Dimension1Panel/D1_ExploreVisualRoot/ModePanel/SimpleMode	Canvas/HUD/VerticalUIRoot/VerticalSafeAreaRoot/ContentSlot/Dimension1Panel/D1_ExploreVisualRoot/ModePanel/SimpleMode
05_explore_empty	1080	1920	Canvas/HUD/VerticalUIRoot/VerticalSafeAreaRoot/ContentSlot/Dimension1Panel/D1_ExploreVisualRoot/ModePanel/SimpleMode	3	174.00	598.40	OK	Canvas/HUD/VerticalUIRoot/VerticalSafeAreaRoot/ContentSlot/Dimension1Panel/D1_ExploreVisualRoot/ModePanel/SimpleMode	Canvas/HUD/VerticalUIRoot/VerticalSafeAreaRoot/ContentSlot/Dimension1Panel/D1_ExploreVisualRoot/ModePanel/SimpleMode
05_explore_empty	1080	1920	Canvas/HUD/VerticalUIRoot/VerticalSafeAreaRoot/ContentSlot/Dimension1Panel/D1_ExploreVisualRoot/ModePanel/SimpleMode	4	438.00	598.40	OK	Canvas/HUD/VerticalUIRoot/VerticalSafeAreaRoot/ContentSlot/Dimension1Panel/D1_ExploreVisualRoot/ModePanel/SimpleMode	Canvas/HUD/VerticalUIRoot/VerticalSafeAreaRoot/ContentSlot/Dimension1Panel/D1_ExploreVisualRoot/ModePanel/SimpleMode
05_explore_empty	1080	1920	Canvas/HUD/VerticalUIRoot/VerticalSafeAreaRoot/ContentSlot/Dimension1Panel/OpenRelicChamberPanelButton	0	1240.00	1476.00	OFFSCREEN	<none>	<none>
05_explore_empty	1080	1920	Canvas/HUD/VerticalUIRoot/VerticalSafeAreaRoot/ContentSlot/Dimension1Panel/OpenRelicChamberPanelButton	1	1192.00	1467.00	OFFSCREEN	<none>	<none>
05_explore_empty	1080	1920	Canvas/HUD/VerticalUIRoot/VerticalSafeAreaRoot/ContentSlot/Dimension1Panel/OpenRelicChamberPanelButton	2	1288.00	1467.00	OFFSCREEN	<none>	<none>
05_explore_empty	1080	1920	Canvas/HUD/VerticalUIRoot/VerticalSafeAreaRoot/ContentSlot/Dimension1Panel/OpenRelicChamberPanelButton	3	1192.00	1485.00	OFFSCREEN	<none>	<none>
05_explore_empty	1080	1920	Canvas/HUD/VerticalUIRoot/VerticalSafeAreaRoot/ContentSlot/Dimension1Panel/OpenRelicChamberPanelButton	4	1288.00	1485.00	OFFSCREEN	<none>	<none>
05_explore_empty	1080	1920	Canvas/HUD/VerticalUIRoot/VerticalSafeAreaRoot/ContentSlot/Dimension1Panel/D1_ExploreVisualRoot/StartExpedition	0	334.00	281.00	OK	Canvas/HUD/VerticalUIRoot/VerticalSafeAreaRoot/ContentSlot/Dimension1Panel/D1_ExploreVisualRoot/StartExpedition	Canvas/HUD/VerticalUIRoot/VerticalSafeAreaRoot/ContentSlot/Dimension1Panel/D1_ExploreVisualRoot/StartExpedition
05_explore_empty	1080	1920	Canvas/HUD/VerticalUIRoot/VerticalSafeAreaRoot/ContentSlot/Dimension1Panel/D1_ExploreVisualRoot/StartExpedition	1	170.80	244.40	OK	Canvas/HUD/VerticalUIRoot/VerticalSafeAreaRoot/ContentSlot/Dimension1Panel/D1_ExploreVisualRoot/StartExpedition	Canvas/HUD/VerticalUIRoot/VerticalSafeAreaRoot/ContentSlot/Dimension1Panel/D1_ExploreVisualRoot/StartExpedition
05_explore_empty	1080	1920	Canvas/HUD/VerticalUIRoot/VerticalSafeAreaRoot/ContentSlot/Dimension1Panel/D1_ExploreVisualRoot/StartExpedition	2	497.20	244.40	OK	Canvas/HUD/VerticalUIRoot/VerticalSafeAreaRoot/ContentSlot/Dimension1Panel/D1_ExploreVisualRoot/StartExpedition	Canvas/HUD/VerticalUIRoot/VerticalSafeAreaRoot/ContentSlot/Dimension1Panel/D1_ExploreVisualRoot/StartExpedition
05_explore_empty	1080	1920	Canvas/HUD/VerticalUIRoot/VerticalSafeAreaRoot/ContentSlot/Dimension1Panel/D1_ExploreVisualRoot/StartExpedition	3	170.80	317.60	OK	Canvas/HUD/VerticalUIRoot/VerticalSafeAreaRoot/ContentSlot/Dimension1Panel/D1_ExploreVisualRoot/StartExpedition	Canvas/HUD/VerticalUIRoot/VerticalSafeAreaRoot/ContentSlot/Dimension1Panel/D1_ExploreVisualRoot/StartExpedition
05_explore_empty	1080	1920	Canvas/HUD/VerticalUIRoot/VerticalSafeAreaRoot/ContentSlot/Dimension1Panel/D1_ExploreVisualRoot/StartExpedition	4	497.20	317.60	OK	Canvas/HUD/VerticalUIRoot/VerticalSafeAreaRoot/ContentSlot/Dimension1Panel/D1_ExploreVisualRoot/StartExpedition	Canvas/HUD/VerticalUIRoot/VerticalSafeAreaRoot/ContentSlot/Dimension1Panel/D1_ExploreVisualRoot/StartExpedition
05_explore_empty	1080	1920	Canvas/HUD/VerticalUIRoot/VerticalSafeAreaRoot/ContentSlot/Dimension1Panel/OpenDimension1TreePanelButton	0	1240.00	1376.00	OFFSCREEN	<none>	<none>
05_explore_empty	1080	1920	Canvas/HUD/VerticalUIRoot/VerticalSafeAreaRoot/ContentSlot/Dimension1Panel/OpenDimension1TreePanelButton	1	1192.00	1367.00	OFFSCREEN	<none>	<none>
05_explore_empty	1080	1920	Canvas/HUD/VerticalUIRoot/VerticalSafeAreaRoot/ContentSlot/Dimension1Panel/OpenDimension1TreePanelButton	2	1288.00	1367.00	OFFSCREEN	<none>	<none>
05_explore_empty	1080	1920	Canvas/HUD/VerticalUIRoot/VerticalSafeAreaRoot/ContentSlot/Dimension1Panel/OpenDimension1TreePanelButton	3	1192.00	1385.00	OFFSCREEN	<none>	<none>
05_explore_empty	1080	1920	Canvas/HUD/VerticalUIRoot/VerticalSafeAreaRoot/ContentSlot/Dimension1Panel/OpenDimension1TreePanelButton	4	1288.00	1385.00	OFFSCREEN	<none>	<none>
05_explore_empty	1080	1920	Canvas/HUD/VerticalUIRoot/VerticalSafeAreaRoot/ContentSlot/Dimension1Panel/D1_ExploreVisualRoot/BottomNavigation/Nav_HANGAR	0	537.00	110.00	OK	Canvas/HUD/VerticalUIRoot/VerticalSafeAreaRoot/ContentSlot/Dimension1Panel/D1_ExploreVisualRoot/BottomNavigation/Nav_HANGAR	Canvas/HUD/VerticalUIRoot/VerticalSafeAreaRoot/ContentSlot/Dimension1Panel/D1_ExploreVisualRoot/BottomNavigation/Nav_HANGAR
05_explore_empty	1080	1920	Canvas/HUD/VerticalUIRoot/VerticalSafeAreaRoot/ContentSlot/Dimension1Panel/D1_ExploreVisualRoot/BottomNavigation/Nav_HANGAR	1	477.60	57.20	OK	Canvas/HUD/VerticalUIRoot/VerticalSafeAreaRoot/ContentSlot/Dimension1Panel/D1_ExploreVisualRoot/BottomNavigation/Nav_HANGAR	Canvas/HUD/VerticalUIRoot/VerticalSafeAreaRoot/ContentSlot/Dimension1Panel/D1_ExploreVisualRoot/BottomNavigation/Nav_HANGAR
05_explore_empty	1080	1920	Canvas/HUD/VerticalUIRoot/VerticalSafeAreaRoot/ContentSlot/Dimension1Panel/D1_ExploreVisualRoot/BottomNavigation/Nav_HANGAR	2	596.40	57.20	OK	Canvas/HUD/VerticalUIRoot/VerticalSafeAreaRoot/ContentSlot/Dimension1Panel/D1_ExploreVisualRoot/BottomNavigation/Nav_HANGAR	Canvas/HUD/VerticalUIRoot/VerticalSafeAreaRoot/ContentSlot/Dimension1Panel/D1_ExploreVisualRoot/BottomNavigation/Nav_HANGAR
05_explore_empty	1080	1920	Canvas/HUD/VerticalUIRoot/VerticalSafeAreaRoot/ContentSlot/Dimension1Panel/D1_ExploreVisualRoot/BottomNavigation/Nav_HANGAR	3	477.60	162.80	OK	Canvas/HUD/VerticalUIRoot/VerticalSafeAreaRoot/ContentSlot/Dimension1Panel/D1_ExploreVisualRoot/BottomNavigation/Nav_HANGAR	Canvas/HUD/VerticalUIRoot/VerticalSafeAreaRoot/ContentSlot/Dimension1Panel/D1_ExploreVisualRoot/BottomNavigation/Nav_HANGAR
05_explore_empty	1080	1920	Canvas/HUD/VerticalUIRoot/VerticalSafeAreaRoot/ContentSlot/Dimension1Panel/D1_ExploreVisualRoot/BottomNavigation/Nav_HANGAR	4	596.40	162.80	OK	Canvas/HUD/VerticalUIRoot/VerticalSafeAreaRoot/ContentSlot/Dimension1Panel/D1_ExploreVisualRoot/BottomNavigation/Nav_HANGAR	Canvas/HUD/VerticalUIRoot/VerticalSafeAreaRoot/ContentSlot/Dimension1Panel/D1_ExploreVisualRoot/BottomNavigation/Nav_HANGAR
05_explore_empty	1080	1920	Canvas/HUD/VerticalUIRoot/VerticalSafeAreaRoot/ContentSlot/Dimension1Panel/D1_ExploreVisualRoot/CommandCenter	0	112.00	1768.00	OK	Canvas/HUD/VerticalUIRoot/VerticalSafeAreaRoot/ContentSlot/Dimension1Panel/D1_ExploreVisualRoot/CommandCenter	Canvas/HUD/VerticalUIRoot/VerticalSafeAreaRoot/ContentSlot/Dimension1Panel/D1_ExploreVisualRoot/CommandCenter
05_explore_empty	1080	1920	Canvas/HUD/VerticalUIRoot/VerticalSafeAreaRoot/ContentSlot/Dimension1Panel/D1_ExploreVisualRoot/CommandCenter	1	59.20	1738.00	OK	Canvas/HUD/VerticalUIRoot/VerticalSafeAreaRoot/ContentSlot/Dimension1Panel/D1_ExploreVisualRoot/CommandCenter	Canvas/HUD/VerticalUIRoot/VerticalSafeAreaRoot/ContentSlot/Dimension1Panel/D1_ExploreVisualRoot/CommandCenter
05_explore_empty	1080	1920	Canvas/HUD/VerticalUIRoot/VerticalSafeAreaRoot/ContentSlot/Dimension1Panel/D1_ExploreVisualRoot/CommandCenter	2	164.80	1738.00	OK	Canvas/HUD/VerticalUIRoot/VerticalSafeAreaRoot/ContentSlot/Dimension1Panel/D1_ExploreVisualRoot/CommandCenter	Canvas/HUD/VerticalUIRoot/VerticalSafeAreaRoot/ContentSlot/Dimension1Panel/D1_ExploreVisualRoot/CommandCenter
05_explore_empty	1080	1920	Canvas/HUD/VerticalUIRoot/VerticalSafeAreaRoot/ContentSlot/Dimension1Panel/D1_ExploreVisualRoot/CommandCenter	3	59.20	1798.00	OK	Canvas/HUD/VerticalUIRoot/VerticalSafeAreaRoot/ContentSlot/Dimension1Panel/D1_ExploreVisualRoot/CommandCenter	Canvas/HUD/VerticalUIRoot/VerticalSafeAreaRoot/ContentSlot/Dimension1Panel/D1_ExploreVisualRoot/CommandCenter
05_explore_empty	1080	1920	Canvas/HUD/VerticalUIRoot/VerticalSafeAreaRoot/ContentSlot/Dimension1Panel/D1_ExploreVisualRoot/CommandCenter	4	164.80	1798.00	OK	Canvas/HUD/VerticalUIRoot/VerticalSafeAreaRoot/ContentSlot/Dimension1Panel/D1_ExploreVisualRoot/CommandCenter	Canvas/HUD/VerticalUIRoot/VerticalSafeAreaRoot/ContentSlot/Dimension1Panel/D1_ExploreVisualRoot/CommandCenter
05_explore_empty	1080	1920	Canvas/HUD/VerticalUIRoot/VerticalSafeAreaRoot/ContentSlot/Dimension1Panel/OpenHangarPanelButton	0	1240.00	1426.00	OFFSCREEN	<none>	<none>
05_explore_empty	1080	1920	Canvas/HUD/VerticalUIRoot/VerticalSafeAreaRoot/ContentSlot/Dimension1Panel/OpenHangarPanelButton	1	1192.00	1417.00	OFFSCREEN	<none>	<none>
05_explore_empty	1080	1920	Canvas/HUD/VerticalUIRoot/VerticalSafeAreaRoot/ContentSlot/Dimension1Panel/OpenHangarPanelButton	2	1288.00	1417.00	OFFSCREEN	<none>	<none>
05_explore_empty	1080	1920	Canvas/HUD/VerticalUIRoot/VerticalSafeAreaRoot/ContentSlot/Dimension1Panel/OpenHangarPanelButton	3	1192.00	1435.00	OFFSCREEN	<none>	<none>
05_explore_empty	1080	1920	Canvas/HUD/VerticalUIRoot/VerticalSafeAreaRoot/ContentSlot/Dimension1Panel/OpenHangarPanelButton	4	1288.00	1435.00	OFFSCREEN	<none>	<none>
05_explore_empty	1080	1920	Canvas/HUD/VerticalUIRoot/VerticalSafeAreaRoot/ContentSlot/Dimension1Panel/D1_ExploreVisualRoot/ActiveExpedition/Previous	0	632.00	420.00	OK	Canvas/HUD/VerticalUIRoot/VerticalSafeAreaRoot/ContentSlot/Dimension1Panel/D1_ExploreVisualRoot/ActiveExpedition/Previous	Canvas/HUD/VerticalUIRoot/VerticalSafeAreaRoot/ContentSlot/Dimension1Panel/D1_ExploreVisualRoot/ActiveExpedition/Previous
05_explore_empty	1080	1920	Canvas/HUD/VerticalUIRoot/VerticalSafeAreaRoot/ContentSlot/Dimension1Panel/D1_ExploreVisualRoot/ActiveExpedition/Previous	1	610.40	398.40	OK	Canvas/HUD/VerticalUIRoot/VerticalSafeAreaRoot/ContentSlot/Dimension1Panel/D1_ExploreVisualRoot/ActiveExpedition/Previous	Canvas/HUD/VerticalUIRoot/VerticalSafeAreaRoot/ContentSlot/Dimension1Panel/D1_ExploreVisualRoot/ActiveExpedition/Previous
05_explore_empty	1080	1920	Canvas/HUD/VerticalUIRoot/VerticalSafeAreaRoot/ContentSlot/Dimension1Panel/D1_ExploreVisualRoot/ActiveExpedition/Previous	2	653.60	398.40	OK	Canvas/HUD/VerticalUIRoot/VerticalSafeAreaRoot/ContentSlot/Dimension1Panel/D1_ExploreVisualRoot/ActiveExpedition/Previous	Canvas/HUD/VerticalUIRoot/VerticalSafeAreaRoot/ContentSlot/Dimension1Panel/D1_ExploreVisualRoot/ActiveExpedition/Previous
05_explore_empty	1080	1920	Canvas/HUD/VerticalUIRoot/VerticalSafeAreaRoot/ContentSlot/Dimension1Panel/D1_ExploreVisualRoot/ActiveExpedition/Previous	3	610.40	441.60	OK	Canvas/HUD/VerticalUIRoot/VerticalSafeAreaRoot/ContentSlot/Dimension1Panel/D1_ExploreVisualRoot/ActiveExpedition/Previous	Canvas/HUD/VerticalUIRoot/VerticalSafeAreaRoot/ContentSlot/Dimension1Panel/D1_ExploreVisualRoot/ActiveExpedition/Previous
05_explore_empty	1080	1920	Canvas/HUD/VerticalUIRoot/VerticalSafeAreaRoot/ContentSlot/Dimension1Panel/D1_ExploreVisualRoot/ActiveExpedition/Previous	4	653.60	441.60	OK	Canvas/HUD/VerticalUIRoot/VerticalSafeAreaRoot/ContentSlot/Dimension1Panel/D1_ExploreVisualRoot/ActiveExpedition/Previous	Canvas/HUD/VerticalUIRoot/VerticalSafeAreaRoot/ContentSlot/Dimension1Panel/D1_ExploreVisualRoot/ActiveExpedition/Previous
05_explore_empty	1080	1920	Canvas/HUD/VerticalUIRoot/VerticalSafeAreaRoot/ContentSlot/Dimension1Panel/D1_ExploreVisualRoot/BottomNavigation/Nav_GALAXIA	0	123.00	110.00	OK	Canvas/HUD/VerticalUIRoot/VerticalSafeAreaRoot/ContentSlot/Dimension1Panel/D1_ExploreVisualRoot/BottomNavigation/Nav_GALAXIA	Canvas/HUD/VerticalUIRoot/VerticalSafeAreaRoot/ContentSlot/Dimension1Panel/D1_ExploreVisualRoot/BottomNavigation/Nav_GALAXIA
05_explore_empty	1080	1920	Canvas/HUD/VerticalUIRoot/VerticalSafeAreaRoot/ContentSlot/Dimension1Panel/D1_ExploreVisualRoot/BottomNavigation/Nav_GALAXIA	1	63.60	57.20	OK	Canvas/HUD/VerticalUIRoot/VerticalSafeAreaRoot/ContentSlot/Dimension1Panel/D1_ExploreVisualRoot/BottomNavigation/Nav_GALAXIA	Canvas/HUD/VerticalUIRoot/VerticalSafeAreaRoot/ContentSlot/Dimension1Panel/D1_ExploreVisualRoot/BottomNavigation/Nav_GALAXIA
05_explore_empty	1080	1920	Canvas/HUD/VerticalUIRoot/VerticalSafeAreaRoot/ContentSlot/Dimension1Panel/D1_ExploreVisualRoot/BottomNavigation/Nav_GALAXIA	2	182.40	57.20	OK	Canvas/HUD/VerticalUIRoot/VerticalSafeAreaRoot/ContentSlot/Dimension1Panel/D1_ExploreVisualRoot/BottomNavigation/Nav_GALAXIA	Canvas/HUD/VerticalUIRoot/VerticalSafeAreaRoot/ContentSlot/Dimension1Panel/D1_ExploreVisualRoot/BottomNavigation/Nav_GALAXIA
05_explore_empty	1080	1920	Canvas/HUD/VerticalUIRoot/VerticalSafeAreaRoot/ContentSlot/Dimension1Panel/D1_ExploreVisualRoot/BottomNavigation/Nav_GALAXIA	3	63.60	162.80	OK	Canvas/HUD/VerticalUIRoot/VerticalSafeAreaRoot/ContentSlot/Dimension1Panel/D1_ExploreVisualRoot/BottomNavigation/Nav_GALAXIA	Canvas/HUD/VerticalUIRoot/VerticalSafeAreaRoot/ContentSlot/Dimension1Panel/D1_ExploreVisualRoot/BottomNavigation/Nav_GALAXIA
05_explore_empty	1080	1920	Canvas/HUD/VerticalUIRoot/VerticalSafeAreaRoot/ContentSlot/Dimension1Panel/D1_ExploreVisualRoot/BottomNavigation/Nav_GALAXIA	4	182.40	162.80	OK	Canvas/HUD/VerticalUIRoot/VerticalSafeAreaRoot/ContentSlot/Dimension1Panel/D1_ExploreVisualRoot/BottomNavigation/Nav_GALAXIA	Canvas/HUD/VerticalUIRoot/VerticalSafeAreaRoot/ContentSlot/Dimension1Panel/D1_ExploreVisualRoot/BottomNavigation/Nav_GALAXIA
05_explore_empty	1080	1920	Canvas/HUD/VerticalUIRoot/VerticalSafeAreaRoot/ContentSlot/Dimension1Panel/Registro	0	-60.00	1426.00	OFFSCREEN	<none>	<none>
05_explore_empty	1080	1920	Canvas/HUD/VerticalUIRoot/VerticalSafeAreaRoot/ContentSlot/Dimension1Panel/Registro	1	-108.00	1417.00	OFFSCREEN	<none>	<none>
05_explore_empty	1080	1920	Canvas/HUD/VerticalUIRoot/VerticalSafeAreaRoot/ContentSlot/Dimension1Panel/Registro	2	-12.00	1417.00	OFFSCREEN	<none>	<none>
05_explore_empty	1080	1920	Canvas/HUD/VerticalUIRoot/VerticalSafeAreaRoot/ContentSlot/Dimension1Panel/Registro	3	-108.00	1435.00	OFFSCREEN	<none>	<none>
05_explore_empty	1080	1920	Canvas/HUD/VerticalUIRoot/VerticalSafeAreaRoot/ContentSlot/Dimension1Panel/Registro	4	-12.00	1435.00	OFFSCREEN	<none>	<none>
05_explore_empty	1080	1920	Canvas/HUD/VerticalUIRoot/VerticalSafeAreaRoot/ContentSlot/Dimension1Panel/D1_ExploreVisualRoot/ScannerPanel/ChangeSector	0	864.00	1567.00	OK	Canvas/HUD/VerticalUIRoot/VerticalSafeAreaRoot/ContentSlot/Dimension1Panel/D1_ExploreVisualRoot/ScannerPanel/ChangeSector	Canvas/HUD/VerticalUIRoot/VerticalSafeAreaRoot/ContentSlot/Dimension1Panel/D1_ExploreVisualRoot/ScannerPanel/ChangeSector
05_explore_empty	1080	1920	Canvas/HUD/VerticalUIRoot/VerticalSafeAreaRoot/ContentSlot/Dimension1Panel/D1_ExploreVisualRoot/ScannerPanel/ChangeSector	1	794.40	1548.40	OK	Canvas/HUD/VerticalUIRoot/VerticalSafeAreaRoot/ContentSlot/Dimension1Panel/D1_ExploreVisualRoot/ScannerPanel/ChangeSector	Canvas/HUD/VerticalUIRoot/VerticalSafeAreaRoot/ContentSlot/Dimension1Panel/D1_ExploreVisualRoot/ScannerPanel/ChangeSector
05_explore_empty	1080	1920	Canvas/HUD/VerticalUIRoot/VerticalSafeAreaRoot/ContentSlot/Dimension1Panel/D1_ExploreVisualRoot/ScannerPanel/ChangeSector	2	933.60	1548.40	OK	Canvas/HUD/VerticalUIRoot/VerticalSafeAreaRoot/ContentSlot/Dimension1Panel/D1_ExploreVisualRoot/ScannerPanel/ChangeSector	Canvas/HUD/VerticalUIRoot/VerticalSafeAreaRoot/ContentSlot/Dimension1Panel/D1_ExploreVisualRoot/ScannerPanel/ChangeSector
05_explore_empty	1080	1920	Canvas/HUD/VerticalUIRoot/VerticalSafeAreaRoot/ContentSlot/Dimension1Panel/D1_ExploreVisualRoot/ScannerPanel/ChangeSector	3	794.40	1585.60	OK	Canvas/HUD/VerticalUIRoot/VerticalSafeAreaRoot/ContentSlot/Dimension1Panel/D1_ExploreVisualRoot/ScannerPanel/ChangeSector	Canvas/HUD/VerticalUIRoot/VerticalSafeAreaRoot/ContentSlot/Dimension1Panel/D1_ExploreVisualRoot/ScannerPanel/ChangeSector
05_explore_empty	1080	1920	Canvas/HUD/VerticalUIRoot/VerticalSafeAreaRoot/ContentSlot/Dimension1Panel/D1_ExploreVisualRoot/ScannerPanel/ChangeSector	4	933.60	1585.60	OK	Canvas/HUD/VerticalUIRoot/VerticalSafeAreaRoot/ContentSlot/Dimension1Panel/D1_ExploreVisualRoot/ScannerPanel/ChangeSector	Canvas/HUD/VerticalUIRoot/VerticalSafeAreaRoot/ContentSlot/Dimension1Panel/D1_ExploreVisualRoot/ScannerPanel/ChangeSector
05_explore_empty	1080	1920	Canvas/HUD/VerticalUIRoot/VerticalSafeAreaRoot/ContentSlot/Dimension1Panel/D1_ExploreVisualRoot/MetalsButton	0	921.50	1768.00	OK	Canvas/HUD/VerticalUIRoot/VerticalSafeAreaRoot/ContentSlot/Dimension1Panel/D1_ExploreVisualRoot/MetalsButton	Canvas/HUD/VerticalUIRoot/VerticalSafeAreaRoot/ContentSlot/Dimension1Panel/D1_ExploreVisualRoot/MetalsButton
05_explore_empty	1080	1920	Canvas/HUD/VerticalUIRoot/VerticalSafeAreaRoot/ContentSlot/Dimension1Panel/D1_ExploreVisualRoot/MetalsButton	1	848.00	1738.00	OK	Canvas/HUD/VerticalUIRoot/VerticalSafeAreaRoot/ContentSlot/Dimension1Panel/D1_ExploreVisualRoot/MetalsButton	Canvas/HUD/VerticalUIRoot/VerticalSafeAreaRoot/ContentSlot/Dimension1Panel/D1_ExploreVisualRoot/MetalsButton
05_explore_empty	1080	1920	Canvas/HUD/VerticalUIRoot/VerticalSafeAreaRoot/ContentSlot/Dimension1Panel/D1_ExploreVisualRoot/MetalsButton	2	995.00	1738.00	OK	Canvas/HUD/VerticalUIRoot/VerticalSafeAreaRoot/ContentSlot/Dimension1Panel/D1_ExploreVisualRoot/MetalsButton	Canvas/HUD/VerticalUIRoot/VerticalSafeAreaRoot/ContentSlot/Dimension1Panel/D1_ExploreVisualRoot/MetalsButton
05_explore_empty	1080	1920	Canvas/HUD/VerticalUIRoot/VerticalSafeAreaRoot/ContentSlot/Dimension1Panel/D1_ExploreVisualRoot/MetalsButton	3	848.00	1798.00	OK	Canvas/HUD/VerticalUIRoot/VerticalSafeAreaRoot/ContentSlot/Dimension1Panel/D1_ExploreVisualRoot/MetalsButton	Canvas/HUD/VerticalUIRoot/VerticalSafeAreaRoot/ContentSlot/Dimension1Panel/D1_ExploreVisualRoot/MetalsButton
05_explore_empty	1080	1920	Canvas/HUD/VerticalUIRoot/VerticalSafeAreaRoot/ContentSlot/Dimension1Panel/D1_ExploreVisualRoot/MetalsButton	4	995.00	1798.00	OK	Canvas/HUD/VerticalUIRoot/VerticalSafeAreaRoot/ContentSlot/Dimension1Panel/D1_ExploreVisualRoot/MetalsButton	Canvas/HUD/VerticalUIRoot/VerticalSafeAreaRoot/ContentSlot/Dimension1Panel/D1_ExploreVisualRoot/MetalsButton
05_explore_empty	1080	1920	Canvas/HUD/VerticalUIRoot/VerticalSafeAreaRoot/ContentSlot/Dimension1Panel/OpenGalaxyPanelButton	0	1240.00	1526.00	OFFSCREEN	<none>	<none>
05_explore_empty	1080	1920	Canvas/HUD/VerticalUIRoot/VerticalSafeAreaRoot/ContentSlot/Dimension1Panel/OpenGalaxyPanelButton	1	1192.00	1517.00	OFFSCREEN	<none>	<none>
05_explore_empty	1080	1920	Canvas/HUD/VerticalUIRoot/VerticalSafeAreaRoot/ContentSlot/Dimension1Panel/OpenGalaxyPanelButton	2	1288.00	1517.00	OFFSCREEN	<none>	<none>
05_explore_empty	1080	1920	Canvas/HUD/VerticalUIRoot/VerticalSafeAreaRoot/ContentSlot/Dimension1Panel/OpenGalaxyPanelButton	3	1192.00	1535.00	OFFSCREEN	<none>	<none>
05_explore_empty	1080	1920	Canvas/HUD/VerticalUIRoot/VerticalSafeAreaRoot/ContentSlot/Dimension1Panel/OpenGalaxyPanelButton	4	1288.00	1535.00	OFFSCREEN	<none>	<none>
06_hangar	1080	1920	Canvas/HUD/VerticalUIRoot/VerticalSafeAreaRoot/ContentSlot/Dimension1Panel/HangarPanel/D1_HangarVisualRoot/ShipCard_0	0	173.50	1339.50	OK	Canvas/HUD/VerticalUIRoot/VerticalSafeAreaRoot/ContentSlot/Dimension1Panel/HangarPanel/D1_HangarVisualRoot/ShipCard_0	Canvas/HUD/VerticalUIRoot/VerticalSafeAreaRoot/ContentSlot/Dimension1Panel/HangarPanel/D1_HangarVisualRoot/ShipCard_0
06_hangar	1080	1920	Canvas/HUD/VerticalUIRoot/VerticalSafeAreaRoot/ContentSlot/Dimension1Panel/HangarPanel/D1_HangarVisualRoot/ShipCard_0	1	104.80	1234.80	OK	Canvas/HUD/VerticalUIRoot/VerticalSafeAreaRoot/ContentSlot/Dimension1Panel/HangarPanel/D1_HangarVisualRoot/ShipCard_0	Canvas/HUD/VerticalUIRoot/VerticalSafeAreaRoot/ContentSlot/Dimension1Panel/HangarPanel/D1_HangarVisualRoot/ShipCard_0
06_hangar	1080	1920	Canvas/HUD/VerticalUIRoot/VerticalSafeAreaRoot/ContentSlot/Dimension1Panel/HangarPanel/D1_HangarVisualRoot/ShipCard_0	2	242.20	1234.80	OK	Canvas/HUD/VerticalUIRoot/VerticalSafeAreaRoot/ContentSlot/Dimension1Panel/HangarPanel/D1_HangarVisualRoot/ShipCard_0	Canvas/HUD/VerticalUIRoot/VerticalSafeAreaRoot/ContentSlot/Dimension1Panel/HangarPanel/D1_HangarVisualRoot/ShipCard_0
06_hangar	1080	1920	Canvas/HUD/VerticalUIRoot/VerticalSafeAreaRoot/ContentSlot/Dimension1Panel/HangarPanel/D1_HangarVisualRoot/ShipCard_0	3	104.80	1444.20	OK	Canvas/HUD/VerticalUIRoot/VerticalSafeAreaRoot/ContentSlot/Dimension1Panel/HangarPanel/D1_HangarVisualRoot/ShipCard_0	Canvas/HUD/VerticalUIRoot/VerticalSafeAreaRoot/ContentSlot/Dimension1Panel/HangarPanel/D1_HangarVisualRoot/ShipCard_0
06_hangar	1080	1920	Canvas/HUD/VerticalUIRoot/VerticalSafeAreaRoot/ContentSlot/Dimension1Panel/HangarPanel/D1_HangarVisualRoot/ShipCard_0	4	242.20	1444.20	OK	Canvas/HUD/VerticalUIRoot/VerticalSafeAreaRoot/ContentSlot/Dimension1Panel/HangarPanel/D1_HangarVisualRoot/ShipCard_0	Canvas/HUD/VerticalUIRoot/VerticalSafeAreaRoot/ContentSlot/Dimension1Panel/HangarPanel/D1_HangarVisualRoot/ShipCard_0
06_hangar	1080	1920	Canvas/HUD/VerticalUIRoot/VerticalSafeAreaRoot/ContentSlot/Dimension1Panel/HangarPanel/D1_HangarVisualRoot/BottomNavigation/Nav_GALAXIA	0	123.00	110.00	OK	Canvas/HUD/VerticalUIRoot/VerticalSafeAreaRoot/ContentSlot/Dimension1Panel/HangarPanel/D1_HangarVisualRoot/BottomNavigation/Nav_GALAXIA	Canvas/HUD/VerticalUIRoot/VerticalSafeAreaRoot/ContentSlot/Dimension1Panel/HangarPanel/D1_HangarVisualRoot/BottomNavigation/Nav_GALAXIA
06_hangar	1080	1920	Canvas/HUD/VerticalUIRoot/VerticalSafeAreaRoot/ContentSlot/Dimension1Panel/HangarPanel/D1_HangarVisualRoot/BottomNavigation/Nav_GALAXIA	1	63.60	57.20	OK	Canvas/HUD/VerticalUIRoot/VerticalSafeAreaRoot/ContentSlot/Dimension1Panel/HangarPanel/D1_HangarVisualRoot/BottomNavigation/Nav_GALAXIA	Canvas/HUD/VerticalUIRoot/VerticalSafeAreaRoot/ContentSlot/Dimension1Panel/HangarPanel/D1_HangarVisualRoot/BottomNavigation/Nav_GALAXIA
06_hangar	1080	1920	Canvas/HUD/VerticalUIRoot/VerticalSafeAreaRoot/ContentSlot/Dimension1Panel/HangarPanel/D1_HangarVisualRoot/BottomNavigation/Nav_GALAXIA	2	182.40	57.20	OK	Canvas/HUD/VerticalUIRoot/VerticalSafeAreaRoot/ContentSlot/Dimension1Panel/HangarPanel/D1_HangarVisualRoot/BottomNavigation/Nav_GALAXIA	Canvas/HUD/VerticalUIRoot/VerticalSafeAreaRoot/ContentSlot/Dimension1Panel/HangarPanel/D1_HangarVisualRoot/BottomNavigation/Nav_GALAXIA
06_hangar	1080	1920	Canvas/HUD/VerticalUIRoot/VerticalSafeAreaRoot/ContentSlot/Dimension1Panel/HangarPanel/D1_HangarVisualRoot/BottomNavigation/Nav_GALAXIA	3	63.60	162.80	OK	Canvas/HUD/VerticalUIRoot/VerticalSafeAreaRoot/ContentSlot/Dimension1Panel/HangarPanel/D1_HangarVisualRoot/BottomNavigation/Nav_GALAXIA	Canvas/HUD/VerticalUIRoot/VerticalSafeAreaRoot/ContentSlot/Dimension1Panel/HangarPanel/D1_HangarVisualRoot/BottomNavigation/Nav_GALAXIA
06_hangar	1080	1920	Canvas/HUD/VerticalUIRoot/VerticalSafeAreaRoot/ContentSlot/Dimension1Panel/HangarPanel/D1_HangarVisualRoot/BottomNavigation/Nav_GALAXIA	4	182.40	162.80	OK	Canvas/HUD/VerticalUIRoot/VerticalSafeAreaRoot/ContentSlot/Dimension1Panel/HangarPanel/D1_HangarVisualRoot/BottomNavigation/Nav_GALAXIA	Canvas/HUD/VerticalUIRoot/VerticalSafeAreaRoot/ContentSlot/Dimension1Panel/HangarPanel/D1_HangarVisualRoot/BottomNavigation/Nav_GALAXIA
06_hangar	1080	1920	Canvas/HUD/VerticalUIRoot/VerticalSafeAreaRoot/ContentSlot/Dimension1Panel/HangarPanel/D1_HangarVisualRoot/BottomNavigation/Nav_RELIQUIAS	0	744.00	110.00	OK	Canvas/HUD/VerticalUIRoot/VerticalSafeAreaRoot/ContentSlot/Dimension1Panel/HangarPanel/D1_HangarVisualRoot/BottomNavigation/Nav_RELIQUIAS	Canvas/HUD/VerticalUIRoot/VerticalSafeAreaRoot/ContentSlot/Dimension1Panel/HangarPanel/D1_HangarVisualRoot/BottomNavigation/Nav_RELIQUIAS
06_hangar	1080	1920	Canvas/HUD/VerticalUIRoot/VerticalSafeAreaRoot/ContentSlot/Dimension1Panel/HangarPanel/D1_HangarVisualRoot/BottomNavigation/Nav_RELIQUIAS	1	684.60	57.20	OK	Canvas/HUD/VerticalUIRoot/VerticalSafeAreaRoot/ContentSlot/Dimension1Panel/HangarPanel/D1_HangarVisualRoot/BottomNavigation/Nav_RELIQUIAS	Canvas/HUD/VerticalUIRoot/VerticalSafeAreaRoot/ContentSlot/Dimension1Panel/HangarPanel/D1_HangarVisualRoot/BottomNavigation/Nav_RELIQUIAS
06_hangar	1080	1920	Canvas/HUD/VerticalUIRoot/VerticalSafeAreaRoot/ContentSlot/Dimension1Panel/HangarPanel/D1_HangarVisualRoot/BottomNavigation/Nav_RELIQUIAS	2	803.40	57.20	OK	Canvas/HUD/VerticalUIRoot/VerticalSafeAreaRoot/ContentSlot/Dimension1Panel/HangarPanel/D1_HangarVisualRoot/BottomNavigation/Nav_RELIQUIAS	Canvas/HUD/VerticalUIRoot/VerticalSafeAreaRoot/ContentSlot/Dimension1Panel/HangarPanel/D1_HangarVisualRoot/BottomNavigation/Nav_RELIQUIAS
06_hangar	1080	1920	Canvas/HUD/VerticalUIRoot/VerticalSafeAreaRoot/ContentSlot/Dimension1Panel/HangarPanel/D1_HangarVisualRoot/BottomNavigation/Nav_RELIQUIAS	3	684.60	162.80	OK	Canvas/HUD/VerticalUIRoot/VerticalSafeAreaRoot/ContentSlot/Dimension1Panel/HangarPanel/D1_HangarVisualRoot/BottomNavigation/Nav_RELIQUIAS	Canvas/HUD/VerticalUIRoot/VerticalSafeAreaRoot/ContentSlot/Dimension1Panel/HangarPanel/D1_HangarVisualRoot/BottomNavigation/Nav_RELIQUIAS
06_hangar	1080	1920	Canvas/HUD/VerticalUIRoot/VerticalSafeAreaRoot/ContentSlot/Dimension1Panel/HangarPanel/D1_HangarVisualRoot/BottomNavigation/Nav_RELIQUIAS	4	803.40	162.80	OK	Canvas/HUD/VerticalUIRoot/VerticalSafeAreaRoot/ContentSlot/Dimension1Panel/HangarPanel/D1_HangarVisualRoot/BottomNavigation/Nav_RELIQUIAS	Canvas/HUD/VerticalUIRoot/VerticalSafeAreaRoot/ContentSlot/Dimension1Panel/HangarPanel/D1_HangarVisualRoot/BottomNavigation/Nav_RELIQUIAS
06_hangar	1080	1920	Canvas/HUD/VerticalUIRoot/VerticalSafeAreaRoot/ContentSlot/Dimension1Panel/HangarPanel/D1_HangarVisualRoot/PartCard_3	0	735.00	662.50	OK	Canvas/HUD/VerticalUIRoot/VerticalSafeAreaRoot/ContentSlot/Dimension1Panel/HangarPanel/D1_HangarVisualRoot/PartCard_3	Canvas/HUD/VerticalUIRoot/VerticalSafeAreaRoot/ContentSlot/Dimension1Panel/HangarPanel/D1_HangarVisualRoot/PartCard_3
06_hangar	1080	1920	Canvas/HUD/VerticalUIRoot/VerticalSafeAreaRoot/ContentSlot/Dimension1Panel/HangarPanel/D1_HangarVisualRoot/PartCard_3	1	565.20	625.60	OK	Canvas/HUD/VerticalUIRoot/VerticalSafeAreaRoot/ContentSlot/Dimension1Panel/HangarPanel/D1_HangarVisualRoot/PartCard_3	Canvas/HUD/VerticalUIRoot/VerticalSafeAreaRoot/ContentSlot/Dimension1Panel/HangarPanel/D1_HangarVisualRoot/PartCard_3
06_hangar	1080	1920	Canvas/HUD/VerticalUIRoot/VerticalSafeAreaRoot/ContentSlot/Dimension1Panel/HangarPanel/D1_HangarVisualRoot/PartCard_3	2	904.80	625.60	OK	Canvas/HUD/VerticalUIRoot/VerticalSafeAreaRoot/ContentSlot/Dimension1Panel/HangarPanel/D1_HangarVisualRoot/PartCard_3	Canvas/HUD/VerticalUIRoot/VerticalSafeAreaRoot/ContentSlot/Dimension1Panel/HangarPanel/D1_HangarVisualRoot/PartCard_3
06_hangar	1080	1920	Canvas/HUD/VerticalUIRoot/VerticalSafeAreaRoot/ContentSlot/Dimension1Panel/HangarPanel/D1_HangarVisualRoot/PartCard_3	3	565.20	699.40	OK	Canvas/HUD/VerticalUIRoot/VerticalSafeAreaRoot/ContentSlot/Dimension1Panel/HangarPanel/D1_HangarVisualRoot/PartCard_3	Canvas/HUD/VerticalUIRoot/VerticalSafeAreaRoot/ContentSlot/Dimension1Panel/HangarPanel/D1_HangarVisualRoot/PartCard_3
06_hangar	1080	1920	Canvas/HUD/VerticalUIRoot/VerticalSafeAreaRoot/ContentSlot/Dimension1Panel/HangarPanel/D1_HangarVisualRoot/PartCard_3	4	904.80	699.40	OK	Canvas/HUD/VerticalUIRoot/VerticalSafeAreaRoot/ContentSlot/Dimension1Panel/HangarPanel/D1_HangarVisualRoot/PartCard_3	Canvas/HUD/VerticalUIRoot/VerticalSafeAreaRoot/ContentSlot/Dimension1Panel/HangarPanel/D1_HangarVisualRoot/PartCard_3
06_hangar	1080	1920	Canvas/HUD/VerticalUIRoot/VerticalSafeAreaRoot/ContentSlot/Dimension1Panel/HangarPanel/D1_HangarVisualRoot/BottomNavigation/Nav_EXPLORAR	0	330.00	110.00	OK	Canvas/HUD/VerticalUIRoot/VerticalSafeAreaRoot/ContentSlot/Dimension1Panel/HangarPanel/D1_HangarVisualRoot/BottomNavigation/Nav_EXPLORAR	Canvas/HUD/VerticalUIRoot/VerticalSafeAreaRoot/ContentSlot/Dimension1Panel/HangarPanel/D1_HangarVisualRoot/BottomNavigation/Nav_EXPLORAR
06_hangar	1080	1920	Canvas/HUD/VerticalUIRoot/VerticalSafeAreaRoot/ContentSlot/Dimension1Panel/HangarPanel/D1_HangarVisualRoot/BottomNavigation/Nav_EXPLORAR	1	270.60	57.20	OK	Canvas/HUD/VerticalUIRoot/VerticalSafeAreaRoot/ContentSlot/Dimension1Panel/HangarPanel/D1_HangarVisualRoot/BottomNavigation/Nav_EXPLORAR	Canvas/HUD/VerticalUIRoot/VerticalSafeAreaRoot/ContentSlot/Dimension1Panel/HangarPanel/D1_HangarVisualRoot/BottomNavigation/Nav_EXPLORAR
06_hangar	1080	1920	Canvas/HUD/VerticalUIRoot/VerticalSafeAreaRoot/ContentSlot/Dimension1Panel/HangarPanel/D1_HangarVisualRoot/BottomNavigation/Nav_EXPLORAR	2	389.40	57.20	OK	Canvas/HUD/VerticalUIRoot/VerticalSafeAreaRoot/ContentSlot/Dimension1Panel/HangarPanel/D1_HangarVisualRoot/BottomNavigation/Nav_EXPLORAR	Canvas/HUD/VerticalUIRoot/VerticalSafeAreaRoot/ContentSlot/Dimension1Panel/HangarPanel/D1_HangarVisualRoot/BottomNavigation/Nav_EXPLORAR
06_hangar	1080	1920	Canvas/HUD/VerticalUIRoot/VerticalSafeAreaRoot/ContentSlot/Dimension1Panel/HangarPanel/D1_HangarVisualRoot/BottomNavigation/Nav_EXPLORAR	3	270.60	162.80	OK	Canvas/HUD/VerticalUIRoot/VerticalSafeAreaRoot/ContentSlot/Dimension1Panel/HangarPanel/D1_HangarVisualRoot/BottomNavigation/Nav_EXPLORAR	Canvas/HUD/VerticalUIRoot/VerticalSafeAreaRoot/ContentSlot/Dimension1Panel/HangarPanel/D1_HangarVisualRoot/BottomNavigation/Nav_EXPLORAR
06_hangar	1080	1920	Canvas/HUD/VerticalUIRoot/VerticalSafeAreaRoot/ContentSlot/Dimension1Panel/HangarPanel/D1_HangarVisualRoot/BottomNavigation/Nav_EXPLORAR	4	389.40	162.80	OK	Canvas/HUD/VerticalUIRoot/VerticalSafeAreaRoot/ContentSlot/Dimension1Panel/HangarPanel/D1_HangarVisualRoot/BottomNavigation/Nav_EXPLORAR	Canvas/HUD/VerticalUIRoot/VerticalSafeAreaRoot/ContentSlot/Dimension1Panel/HangarPanel/D1_HangarVisualRoot/BottomNavigation/Nav_EXPLORAR
06_hangar	1080	1920	Canvas/HUD/VerticalUIRoot/VerticalSafeAreaRoot/ContentSlot/Dimension1Panel/HangarPanel/D1_HangarVisualRoot/ShipCard_1	0	417.50	1339.50	OK	Canvas/HUD/VerticalUIRoot/VerticalSafeAreaRoot/ContentSlot/Dimension1Panel/HangarPanel/D1_HangarVisualRoot/ShipCard_1	Canvas/HUD/VerticalUIRoot/VerticalSafeAreaRoot/ContentSlot/Dimension1Panel/HangarPanel/D1_HangarVisualRoot/ShipCard_1
06_hangar	1080	1920	Canvas/HUD/VerticalUIRoot/VerticalSafeAreaRoot/ContentSlot/Dimension1Panel/HangarPanel/D1_HangarVisualRoot/ShipCard_1	1	348.80	1234.80	OK	Canvas/HUD/VerticalUIRoot/VerticalSafeAreaRoot/ContentSlot/Dimension1Panel/HangarPanel/D1_HangarVisualRoot/ShipCard_1	Canvas/HUD/VerticalUIRoot/VerticalSafeAreaRoot/ContentSlot/Dimension1Panel/HangarPanel/D1_HangarVisualRoot/ShipCard_1
06_hangar	1080	1920	Canvas/HUD/VerticalUIRoot/VerticalSafeAreaRoot/ContentSlot/Dimension1Panel/HangarPanel/D1_HangarVisualRoot/ShipCard_1	2	486.20	1234.80	OK	Canvas/HUD/VerticalUIRoot/VerticalSafeAreaRoot/ContentSlot/Dimension1Panel/HangarPanel/D1_HangarVisualRoot/ShipCard_1	Canvas/HUD/VerticalUIRoot/VerticalSafeAreaRoot/ContentSlot/Dimension1Panel/HangarPanel/D1_HangarVisualRoot/ShipCard_1
06_hangar	1080	1920	Canvas/HUD/VerticalUIRoot/VerticalSafeAreaRoot/ContentSlot/Dimension1Panel/HangarPanel/D1_HangarVisualRoot/ShipCard_1	3	348.80	1444.20	OK	Canvas/HUD/VerticalUIRoot/VerticalSafeAreaRoot/ContentSlot/Dimension1Panel/HangarPanel/D1_HangarVisualRoot/ShipCard_1	Canvas/HUD/VerticalUIRoot/VerticalSafeAreaRoot/ContentSlot/Dimension1Panel/HangarPanel/D1_HangarVisualRoot/ShipCard_1
06_hangar	1080	1920	Canvas/HUD/VerticalUIRoot/VerticalSafeAreaRoot/ContentSlot/Dimension1Panel/HangarPanel/D1_HangarVisualRoot/ShipCard_1	4	486.20	1444.20	OK	Canvas/HUD/VerticalUIRoot/VerticalSafeAreaRoot/ContentSlot/Dimension1Panel/HangarPanel/D1_HangarVisualRoot/ShipCard_1	Canvas/HUD/VerticalUIRoot/VerticalSafeAreaRoot/ContentSlot/Dimension1Panel/HangarPanel/D1_HangarVisualRoot/ShipCard_1
06_hangar	1080	1920	Canvas/HUD/VerticalUIRoot/VerticalSafeAreaRoot/ContentSlot/Dimension1Panel/HangarPanel/D1_HangarVisualRoot/PartCard_1	0	735.00	936.50	OK	Canvas/HUD/VerticalUIRoot/VerticalSafeAreaRoot/ContentSlot/Dimension1Panel/HangarPanel/D1_HangarVisualRoot/PartCard_1	Canvas/HUD/VerticalUIRoot/VerticalSafeAreaRoot/ContentSlot/Dimension1Panel/HangarPanel/D1_HangarVisualRoot/PartCard_1
06_hangar	1080	1920	Canvas/HUD/VerticalUIRoot/VerticalSafeAreaRoot/ContentSlot/Dimension1Panel/HangarPanel/D1_HangarVisualRoot/PartCard_1	1	565.20	899.60	OK	Canvas/HUD/VerticalUIRoot/VerticalSafeAreaRoot/ContentSlot/Dimension1Panel/HangarPanel/D1_HangarVisualRoot/PartCard_1	Canvas/HUD/VerticalUIRoot/VerticalSafeAreaRoot/ContentSlot/Dimension1Panel/HangarPanel/D1_HangarVisualRoot/PartCard_1
06_hangar	1080	1920	Canvas/HUD/VerticalUIRoot/VerticalSafeAreaRoot/ContentSlot/Dimension1Panel/HangarPanel/D1_HangarVisualRoot/PartCard_1	2	904.80	899.60	OK	Canvas/HUD/VerticalUIRoot/VerticalSafeAreaRoot/ContentSlot/Dimension1Panel/HangarPanel/D1_HangarVisualRoot/PartCard_1	Canvas/HUD/VerticalUIRoot/VerticalSafeAreaRoot/ContentSlot/Dimension1Panel/HangarPanel/D1_HangarVisualRoot/PartCard_1
06_hangar	1080	1920	Canvas/HUD/VerticalUIRoot/VerticalSafeAreaRoot/ContentSlot/Dimension1Panel/HangarPanel/D1_HangarVisualRoot/PartCard_1	3	565.20	973.40	OK	Canvas/HUD/VerticalUIRoot/VerticalSafeAreaRoot/ContentSlot/Dimension1Panel/HangarPanel/D1_HangarVisualRoot/PartCard_1	Canvas/HUD/VerticalUIRoot/VerticalSafeAreaRoot/ContentSlot/Dimension1Panel/HangarPanel/D1_HangarVisualRoot/PartCard_1
06_hangar	1080	1920	Canvas/HUD/VerticalUIRoot/VerticalSafeAreaRoot/ContentSlot/Dimension1Panel/HangarPanel/D1_HangarVisualRoot/PartCard_1	4	904.80	973.40	OK	Canvas/HUD/VerticalUIRoot/VerticalSafeAreaRoot/ContentSlot/Dimension1Panel/HangarPanel/D1_HangarVisualRoot/PartCard_1	Canvas/HUD/VerticalUIRoot/VerticalSafeAreaRoot/ContentSlot/Dimension1Panel/HangarPanel/D1_HangarVisualRoot/PartCard_1
06_hangar	1080	1920	Canvas/HUD/VerticalUIRoot/VerticalSafeAreaRoot/ContentSlot/Dimension1Panel/HangarPanel/D1_HangarVisualRoot/ShipCard_2	0	661.50	1339.50	OK	Canvas/HUD/VerticalUIRoot/VerticalSafeAreaRoot/ContentSlot/Dimension1Panel/HangarPanel/D1_HangarVisualRoot/ShipCard_2	Canvas/HUD/VerticalUIRoot/VerticalSafeAreaRoot/ContentSlot/Dimension1Panel/HangarPanel/D1_HangarVisualRoot/ShipCard_2
06_hangar	1080	1920	Canvas/HUD/VerticalUIRoot/VerticalSafeAreaRoot/ContentSlot/Dimension1Panel/HangarPanel/D1_HangarVisualRoot/ShipCard_2	1	592.80	1234.80	OK	Canvas/HUD/VerticalUIRoot/VerticalSafeAreaRoot/ContentSlot/Dimension1Panel/HangarPanel/D1_HangarVisualRoot/ShipCard_2	Canvas/HUD/VerticalUIRoot/VerticalSafeAreaRoot/ContentSlot/Dimension1Panel/HangarPanel/D1_HangarVisualRoot/ShipCard_2
06_hangar	1080	1920	Canvas/HUD/VerticalUIRoot/VerticalSafeAreaRoot/ContentSlot/Dimension1Panel/HangarPanel/D1_HangarVisualRoot/ShipCard_2	2	730.20	1234.80	OK	Canvas/HUD/VerticalUIRoot/VerticalSafeAreaRoot/ContentSlot/Dimension1Panel/HangarPanel/D1_HangarVisualRoot/ShipCard_2	Canvas/HUD/VerticalUIRoot/VerticalSafeAreaRoot/ContentSlot/Dimension1Panel/HangarPanel/D1_HangarVisualRoot/ShipCard_2
06_hangar	1080	1920	Canvas/HUD/VerticalUIRoot/VerticalSafeAreaRoot/ContentSlot/Dimension1Panel/HangarPanel/D1_HangarVisualRoot/ShipCard_2	3	592.80	1444.20	OK	Canvas/HUD/VerticalUIRoot/VerticalSafeAreaRoot/ContentSlot/Dimension1Panel/HangarPanel/D1_HangarVisualRoot/ShipCard_2	Canvas/HUD/VerticalUIRoot/VerticalSafeAreaRoot/ContentSlot/Dimension1Panel/HangarPanel/D1_HangarVisualRoot/ShipCard_2
06_hangar	1080	1920	Canvas/HUD/VerticalUIRoot/VerticalSafeAreaRoot/ContentSlot/Dimension1Panel/HangarPanel/D1_HangarVisualRoot/ShipCard_2	4	730.20	1444.20	OK	Canvas/HUD/VerticalUIRoot/VerticalSafeAreaRoot/ContentSlot/Dimension1Panel/HangarPanel/D1_HangarVisualRoot/ShipCard_2	Canvas/HUD/VerticalUIRoot/VerticalSafeAreaRoot/ContentSlot/Dimension1Panel/HangarPanel/D1_HangarVisualRoot/ShipCard_2
06_hangar	1080	1920	Canvas/HUD/VerticalUIRoot/VerticalSafeAreaRoot/ContentSlot/Dimension1Panel/HangarPanel/D1_HangarVisualRoot/PartCard_0	0	735.00	1073.50	OK	Canvas/HUD/VerticalUIRoot/VerticalSafeAreaRoot/ContentSlot/Dimension1Panel/HangarPanel/D1_HangarVisualRoot/PartCard_0	Canvas/HUD/VerticalUIRoot/VerticalSafeAreaRoot/ContentSlot/Dimension1Panel/HangarPanel/D1_HangarVisualRoot/PartCard_0
06_hangar	1080	1920	Canvas/HUD/VerticalUIRoot/VerticalSafeAreaRoot/ContentSlot/Dimension1Panel/HangarPanel/D1_HangarVisualRoot/PartCard_0	1	565.20	1036.60	OK	Canvas/HUD/VerticalUIRoot/VerticalSafeAreaRoot/ContentSlot/Dimension1Panel/HangarPanel/D1_HangarVisualRoot/PartCard_0	Canvas/HUD/VerticalUIRoot/VerticalSafeAreaRoot/ContentSlot/Dimension1Panel/HangarPanel/D1_HangarVisualRoot/PartCard_0
06_hangar	1080	1920	Canvas/HUD/VerticalUIRoot/VerticalSafeAreaRoot/ContentSlot/Dimension1Panel/HangarPanel/D1_HangarVisualRoot/PartCard_0	2	904.80	1036.60	OK	Canvas/HUD/VerticalUIRoot/VerticalSafeAreaRoot/ContentSlot/Dimension1Panel/HangarPanel/D1_HangarVisualRoot/PartCard_0	Canvas/HUD/VerticalUIRoot/VerticalSafeAreaRoot/ContentSlot/Dimension1Panel/HangarPanel/D1_HangarVisualRoot/PartCard_0
06_hangar	1080	1920	Canvas/HUD/VerticalUIRoot/VerticalSafeAreaRoot/ContentSlot/Dimension1Panel/HangarPanel/D1_HangarVisualRoot/PartCard_0	3	565.20	1110.40	OK	Canvas/HUD/VerticalUIRoot/VerticalSafeAreaRoot/ContentSlot/Dimension1Panel/HangarPanel/D1_HangarVisualRoot/PartCard_0	Canvas/HUD/VerticalUIRoot/VerticalSafeAreaRoot/ContentSlot/Dimension1Panel/HangarPanel/D1_HangarVisualRoot/PartCard_0
06_hangar	1080	1920	Canvas/HUD/VerticalUIRoot/VerticalSafeAreaRoot/ContentSlot/Dimension1Panel/HangarPanel/D1_HangarVisualRoot/PartCard_0	4	904.80	1110.40	OK	Canvas/HUD/VerticalUIRoot/VerticalSafeAreaRoot/ContentSlot/Dimension1Panel/HangarPanel/D1_HangarVisualRoot/PartCard_0	Canvas/HUD/VerticalUIRoot/VerticalSafeAreaRoot/ContentSlot/Dimension1Panel/HangarPanel/D1_HangarVisualRoot/PartCard_0
06_hangar	1080	1920	Canvas/HUD/VerticalUIRoot/VerticalSafeAreaRoot/ContentSlot/Dimension1Panel/HangarPanel/D1_HangarVisualRoot/MetalsButton	0	921.50	1768.00	OK	Canvas/HUD/VerticalUIRoot/VerticalSafeAreaRoot/ContentSlot/Dimension1Panel/HangarPanel/D1_HangarVisualRoot/MetalsButton	Canvas/HUD/VerticalUIRoot/VerticalSafeAreaRoot/ContentSlot/Dimension1Panel/HangarPanel/D1_HangarVisualRoot/MetalsButton
06_hangar	1080	1920	Canvas/HUD/VerticalUIRoot/VerticalSafeAreaRoot/ContentSlot/Dimension1Panel/HangarPanel/D1_HangarVisualRoot/MetalsButton	1	848.00	1738.00	OK	Canvas/HUD/VerticalUIRoot/VerticalSafeAreaRoot/ContentSlot/Dimension1Panel/HangarPanel/D1_HangarVisualRoot/MetalsButton	Canvas/HUD/VerticalUIRoot/VerticalSafeAreaRoot/ContentSlot/Dimension1Panel/HangarPanel/D1_HangarVisualRoot/MetalsButton
06_hangar	1080	1920	Canvas/HUD/VerticalUIRoot/VerticalSafeAreaRoot/ContentSlot/Dimension1Panel/HangarPanel/D1_HangarVisualRoot/MetalsButton	2	995.00	1738.00	OK	Canvas/HUD/VerticalUIRoot/VerticalSafeAreaRoot/ContentSlot/Dimension1Panel/HangarPanel/D1_HangarVisualRoot/MetalsButton	Canvas/HUD/VerticalUIRoot/VerticalSafeAreaRoot/ContentSlot/Dimension1Panel/HangarPanel/D1_HangarVisualRoot/MetalsButton
06_hangar	1080	1920	Canvas/HUD/VerticalUIRoot/VerticalSafeAreaRoot/ContentSlot/Dimension1Panel/HangarPanel/D1_HangarVisualRoot/MetalsButton	3	848.00	1798.00	OK	Canvas/HUD/VerticalUIRoot/VerticalSafeAreaRoot/ContentSlot/Dimension1Panel/HangarPanel/D1_HangarVisualRoot/MetalsButton	Canvas/HUD/VerticalUIRoot/VerticalSafeAreaRoot/ContentSlot/Dimension1Panel/HangarPanel/D1_HangarVisualRoot/MetalsButton
06_hangar	1080	1920	Canvas/HUD/VerticalUIRoot/VerticalSafeAreaRoot/ContentSlot/Dimension1Panel/HangarPanel/D1_HangarVisualRoot/MetalsButton	4	995.00	1798.00	OK	Canvas/HUD/VerticalUIRoot/VerticalSafeAreaRoot/ContentSlot/Dimension1Panel/HangarPanel/D1_HangarVisualRoot/MetalsButton	Canvas/HUD/VerticalUIRoot/VerticalSafeAreaRoot/ContentSlot/Dimension1Panel/HangarPanel/D1_HangarVisualRoot/MetalsButton
06_hangar	1080	1920	Canvas/HUD/VerticalUIRoot/VerticalSafeAreaRoot/ContentSlot/Dimension1Panel/HangarPanel/D1_HangarVisualRoot/PartCard_2	0	735.00	799.50	OK	Canvas/HUD/VerticalUIRoot/VerticalSafeAreaRoot/ContentSlot/Dimension1Panel/HangarPanel/D1_HangarVisualRoot/PartCard_2	Canvas/HUD/VerticalUIRoot/VerticalSafeAreaRoot/ContentSlot/Dimension1Panel/HangarPanel/D1_HangarVisualRoot/PartCard_2
06_hangar	1080	1920	Canvas/HUD/VerticalUIRoot/VerticalSafeAreaRoot/ContentSlot/Dimension1Panel/HangarPanel/D1_HangarVisualRoot/PartCard_2	1	565.20	762.60	OK	Canvas/HUD/VerticalUIRoot/VerticalSafeAreaRoot/ContentSlot/Dimension1Panel/HangarPanel/D1_HangarVisualRoot/PartCard_2	Canvas/HUD/VerticalUIRoot/VerticalSafeAreaRoot/ContentSlot/Dimension1Panel/HangarPanel/D1_HangarVisualRoot/PartCard_2
06_hangar	1080	1920	Canvas/HUD/VerticalUIRoot/VerticalSafeAreaRoot/ContentSlot/Dimension1Panel/HangarPanel/D1_HangarVisualRoot/PartCard_2	2	904.80	762.60	OK	Canvas/HUD/VerticalUIRoot/VerticalSafeAreaRoot/ContentSlot/Dimension1Panel/HangarPanel/D1_HangarVisualRoot/PartCard_2	Canvas/HUD/VerticalUIRoot/VerticalSafeAreaRoot/ContentSlot/Dimension1Panel/HangarPanel/D1_HangarVisualRoot/PartCard_2
06_hangar	1080	1920	Canvas/HUD/VerticalUIRoot/VerticalSafeAreaRoot/ContentSlot/Dimension1Panel/HangarPanel/D1_HangarVisualRoot/PartCard_2	3	565.20	836.40	OK	Canvas/HUD/VerticalUIRoot/VerticalSafeAreaRoot/ContentSlot/Dimension1Panel/HangarPanel/D1_HangarVisualRoot/PartCard_2	Canvas/HUD/VerticalUIRoot/VerticalSafeAreaRoot/ContentSlot/Dimension1Panel/HangarPanel/D1_HangarVisualRoot/PartCard_2
06_hangar	1080	1920	Canvas/HUD/VerticalUIRoot/VerticalSafeAreaRoot/ContentSlot/Dimension1Panel/HangarPanel/D1_HangarVisualRoot/PartCard_2	4	904.80	836.40	OK	Canvas/HUD/VerticalUIRoot/VerticalSafeAreaRoot/ContentSlot/Dimension1Panel/HangarPanel/D1_HangarVisualRoot/PartCard_2	Canvas/HUD/VerticalUIRoot/VerticalSafeAreaRoot/ContentSlot/Dimension1Panel/HangarPanel/D1_HangarVisualRoot/PartCard_2
06_hangar	1080	1920	Canvas/HUD/VerticalUIRoot/VerticalSafeAreaRoot/ContentSlot/Dimension1Panel/HangarPanel/D1_HangarVisualRoot/CommandCenter	0	112.00	1768.00	OK	Canvas/HUD/VerticalUIRoot/VerticalSafeAreaRoot/ContentSlot/Dimension1Panel/HangarPanel/D1_HangarVisualRoot/CommandCenter	Canvas/HUD/VerticalUIRoot/VerticalSafeAreaRoot/ContentSlot/Dimension1Panel/HangarPanel/D1_HangarVisualRoot/CommandCenter
06_hangar	1080	1920	Canvas/HUD/VerticalUIRoot/VerticalSafeAreaRoot/ContentSlot/Dimension1Panel/HangarPanel/D1_HangarVisualRoot/CommandCenter	1	59.20	1738.00	OK	Canvas/HUD/VerticalUIRoot/VerticalSafeAreaRoot/ContentSlot/Dimension1Panel/HangarPanel/D1_HangarVisualRoot/CommandCenter	Canvas/HUD/VerticalUIRoot/VerticalSafeAreaRoot/ContentSlot/Dimension1Panel/HangarPanel/D1_HangarVisualRoot/CommandCenter
06_hangar	1080	1920	Canvas/HUD/VerticalUIRoot/VerticalSafeAreaRoot/ContentSlot/Dimension1Panel/HangarPanel/D1_HangarVisualRoot/CommandCenter	2	164.80	1738.00	OK	Canvas/HUD/VerticalUIRoot/VerticalSafeAreaRoot/ContentSlot/Dimension1Panel/HangarPanel/D1_HangarVisualRoot/CommandCenter	Canvas/HUD/VerticalUIRoot/VerticalSafeAreaRoot/ContentSlot/Dimension1Panel/HangarPanel/D1_HangarVisualRoot/CommandCenter
06_hangar	1080	1920	Canvas/HUD/VerticalUIRoot/VerticalSafeAreaRoot/ContentSlot/Dimension1Panel/HangarPanel/D1_HangarVisualRoot/CommandCenter	3	59.20	1798.00	OK	Canvas/HUD/VerticalUIRoot/VerticalSafeAreaRoot/ContentSlot/Dimension1Panel/HangarPanel/D1_HangarVisualRoot/CommandCenter	Canvas/HUD/VerticalUIRoot/VerticalSafeAreaRoot/ContentSlot/Dimension1Panel/HangarPanel/D1_HangarVisualRoot/CommandCenter
06_hangar	1080	1920	Canvas/HUD/VerticalUIRoot/VerticalSafeAreaRoot/ContentSlot/Dimension1Panel/HangarPanel/D1_HangarVisualRoot/CommandCenter	4	164.80	1798.00	OK	Canvas/HUD/VerticalUIRoot/VerticalSafeAreaRoot/ContentSlot/Dimension1Panel/HangarPanel/D1_HangarVisualRoot/CommandCenter	Canvas/HUD/VerticalUIRoot/VerticalSafeAreaRoot/ContentSlot/Dimension1Panel/HangarPanel/D1_HangarVisualRoot/CommandCenter
06_hangar	1080	1920	Canvas/HUD/VerticalUIRoot/VerticalSafeAreaRoot/ContentSlot/Dimension1Panel/HangarPanel/D1_HangarVisualRoot/ShipCard_3	0	905.50	1339.50	OK	Canvas/HUD/VerticalUIRoot/VerticalSafeAreaRoot/ContentSlot/Dimension1Panel/HangarPanel/D1_HangarVisualRoot/ShipCard_3	Canvas/HUD/VerticalUIRoot/VerticalSafeAreaRoot/ContentSlot/Dimension1Panel/HangarPanel/D1_HangarVisualRoot/ShipCard_3
06_hangar	1080	1920	Canvas/HUD/VerticalUIRoot/VerticalSafeAreaRoot/ContentSlot/Dimension1Panel/HangarPanel/D1_HangarVisualRoot/ShipCard_3	1	836.80	1234.80	OK	Canvas/HUD/VerticalUIRoot/VerticalSafeAreaRoot/ContentSlot/Dimension1Panel/HangarPanel/D1_HangarVisualRoot/ShipCard_3	Canvas/HUD/VerticalUIRoot/VerticalSafeAreaRoot/ContentSlot/Dimension1Panel/HangarPanel/D1_HangarVisualRoot/ShipCard_3
06_hangar	1080	1920	Canvas/HUD/VerticalUIRoot/VerticalSafeAreaRoot/ContentSlot/Dimension1Panel/HangarPanel/D1_HangarVisualRoot/ShipCard_3	2	974.20	1234.80	OK	Canvas/HUD/VerticalUIRoot/VerticalSafeAreaRoot/ContentSlot/Dimension1Panel/HangarPanel/D1_HangarVisualRoot/ShipCard_3	Canvas/HUD/VerticalUIRoot/VerticalSafeAreaRoot/ContentSlot/Dimension1Panel/HangarPanel/D1_HangarVisualRoot/ShipCard_3
06_hangar	1080	1920	Canvas/HUD/VerticalUIRoot/VerticalSafeAreaRoot/ContentSlot/Dimension1Panel/HangarPanel/D1_HangarVisualRoot/ShipCard_3	3	836.80	1444.20	OK	Canvas/HUD/VerticalUIRoot/VerticalSafeAreaRoot/ContentSlot/Dimension1Panel/HangarPanel/D1_HangarVisualRoot/ShipCard_3	Canvas/HUD/VerticalUIRoot/VerticalSafeAreaRoot/ContentSlot/Dimension1Panel/HangarPanel/D1_HangarVisualRoot/ShipCard_3
06_hangar	1080	1920	Canvas/HUD/VerticalUIRoot/VerticalSafeAreaRoot/ContentSlot/Dimension1Panel/HangarPanel/D1_HangarVisualRoot/ShipCard_3	4	974.20	1444.20	OK	Canvas/HUD/VerticalUIRoot/VerticalSafeAreaRoot/ContentSlot/Dimension1Panel/HangarPanel/D1_HangarVisualRoot/ShipCard_3	Canvas/HUD/VerticalUIRoot/VerticalSafeAreaRoot/ContentSlot/Dimension1Panel/HangarPanel/D1_HangarVisualRoot/ShipCard_3
06_hangar	1080	1920	Canvas/HUD/VerticalUIRoot/VerticalSafeAreaRoot/ContentSlot/Dimension1Panel/HangarPanel/D1_HangarVisualRoot/BottomNavigation/Nav_ÁRBOL	0	951.00	110.00	OK	Canvas/HUD/VerticalUIRoot/VerticalSafeAreaRoot/ContentSlot/Dimension1Panel/HangarPanel/D1_HangarVisualRoot/BottomNavigation/Nav_ÁRBOL	Canvas/HUD/VerticalUIRoot/VerticalSafeAreaRoot/ContentSlot/Dimension1Panel/HangarPanel/D1_HangarVisualRoot/BottomNavigation/Nav_ÁRBOL
06_hangar	1080	1920	Canvas/HUD/VerticalUIRoot/VerticalSafeAreaRoot/ContentSlot/Dimension1Panel/HangarPanel/D1_HangarVisualRoot/BottomNavigation/Nav_ÁRBOL	1	891.60	57.20	OK	Canvas/HUD/VerticalUIRoot/VerticalSafeAreaRoot/ContentSlot/Dimension1Panel/HangarPanel/D1_HangarVisualRoot/BottomNavigation/Nav_ÁRBOL	Canvas/HUD/VerticalUIRoot/VerticalSafeAreaRoot/ContentSlot/Dimension1Panel/HangarPanel/D1_HangarVisualRoot/BottomNavigation/Nav_ÁRBOL
06_hangar	1080	1920	Canvas/HUD/VerticalUIRoot/VerticalSafeAreaRoot/ContentSlot/Dimension1Panel/HangarPanel/D1_HangarVisualRoot/BottomNavigation/Nav_ÁRBOL	2	1010.40	57.20	OK	Canvas/HUD/VerticalUIRoot/VerticalSafeAreaRoot/ContentSlot/Dimension1Panel/HangarPanel/D1_HangarVisualRoot/BottomNavigation/Nav_ÁRBOL	Canvas/HUD/VerticalUIRoot/VerticalSafeAreaRoot/ContentSlot/Dimension1Panel/HangarPanel/D1_HangarVisualRoot/BottomNavigation/Nav_ÁRBOL
06_hangar	1080	1920	Canvas/HUD/VerticalUIRoot/VerticalSafeAreaRoot/ContentSlot/Dimension1Panel/HangarPanel/D1_HangarVisualRoot/BottomNavigation/Nav_ÁRBOL	3	891.60	162.80	OK	Canvas/HUD/VerticalUIRoot/VerticalSafeAreaRoot/ContentSlot/Dimension1Panel/HangarPanel/D1_HangarVisualRoot/BottomNavigation/Nav_ÁRBOL	Canvas/HUD/VerticalUIRoot/VerticalSafeAreaRoot/ContentSlot/Dimension1Panel/HangarPanel/D1_HangarVisualRoot/BottomNavigation/Nav_ÁRBOL
06_hangar	1080	1920	Canvas/HUD/VerticalUIRoot/VerticalSafeAreaRoot/ContentSlot/Dimension1Panel/HangarPanel/D1_HangarVisualRoot/BottomNavigation/Nav_ÁRBOL	4	1010.40	162.80	OK	Canvas/HUD/VerticalUIRoot/VerticalSafeAreaRoot/ContentSlot/Dimension1Panel/HangarPanel/D1_HangarVisualRoot/BottomNavigation/Nav_ÁRBOL	Canvas/HUD/VerticalUIRoot/VerticalSafeAreaRoot/ContentSlot/Dimension1Panel/HangarPanel/D1_HangarVisualRoot/BottomNavigation/Nav_ÁRBOL
07_hangar_to_center	1080	1920	Canvas/HUD/VerticalUIRoot/VerticalSafeAreaRoot/ContentSlot/Dimension1Panel/D1CommandCenterProductionRoot/DimensionDrawerToggle	0	540.00	227.00	OK	Canvas/HUD/VerticalUIRoot/VerticalSafeAreaRoot/ContentSlot/Dimension1Panel/D1CommandCenterProductionRoot/DimensionDrawerToggle	Canvas/HUD/VerticalUIRoot/VerticalSafeAreaRoot/ContentSlot/Dimension1Panel/D1CommandCenterProductionRoot/DimensionDrawerToggle
07_hangar_to_center	1080	1920	Canvas/HUD/VerticalUIRoot/VerticalSafeAreaRoot/ContentSlot/Dimension1Panel/D1CommandCenterProductionRoot/DimensionDrawerToggle	1	465.00	216.80	OK	Canvas/HUD/VerticalUIRoot/VerticalSafeAreaRoot/ContentSlot/Dimension1Panel/D1CommandCenterProductionRoot/DimensionDrawerToggle	Canvas/HUD/VerticalUIRoot/VerticalSafeAreaRoot/ContentSlot/Dimension1Panel/D1CommandCenterProductionRoot/DimensionDrawerToggle
07_hangar_to_center	1080	1920	Canvas/HUD/VerticalUIRoot/VerticalSafeAreaRoot/ContentSlot/Dimension1Panel/D1CommandCenterProductionRoot/DimensionDrawerToggle	2	615.00	216.80	OK	Canvas/HUD/VerticalUIRoot/VerticalSafeAreaRoot/ContentSlot/Dimension1Panel/D1CommandCenterProductionRoot/DimensionDrawerToggle	Canvas/HUD/VerticalUIRoot/VerticalSafeAreaRoot/ContentSlot/Dimension1Panel/D1CommandCenterProductionRoot/DimensionDrawerToggle
07_hangar_to_center	1080	1920	Canvas/HUD/VerticalUIRoot/VerticalSafeAreaRoot/ContentSlot/Dimension1Panel/D1CommandCenterProductionRoot/DimensionDrawerToggle	3	465.00	237.20	OK	Canvas/HUD/VerticalUIRoot/VerticalSafeAreaRoot/ContentSlot/Dimension1Panel/D1CommandCenterProductionRoot/DimensionDrawerToggle	Canvas/HUD/VerticalUIRoot/VerticalSafeAreaRoot/ContentSlot/Dimension1Panel/D1CommandCenterProductionRoot/DimensionDrawerToggle
07_hangar_to_center	1080	1920	Canvas/HUD/VerticalUIRoot/VerticalSafeAreaRoot/ContentSlot/Dimension1Panel/D1CommandCenterProductionRoot/DimensionDrawerToggle	4	615.00	237.20	OK	Canvas/HUD/VerticalUIRoot/VerticalSafeAreaRoot/ContentSlot/Dimension1Panel/D1CommandCenterProductionRoot/DimensionDrawerToggle	Canvas/HUD/VerticalUIRoot/VerticalSafeAreaRoot/ContentSlot/Dimension1Panel/D1CommandCenterProductionRoot/DimensionDrawerToggle
07_hangar_to_center	1080	1920	Canvas/HUD/VerticalUIRoot/VerticalSafeAreaRoot/ContentSlot/Dimension1Panel/D1CommandCenterProductionRoot/CommandDashboard/ScannerCard	0	151.00	989.00	OK	Canvas/HUD/VerticalUIRoot/VerticalSafeAreaRoot/ContentSlot/Dimension1Panel/D1CommandCenterProductionRoot/CommandDashboard/ScannerCard	Canvas/HUD/VerticalUIRoot/VerticalSafeAreaRoot/ContentSlot/Dimension1Panel/D1CommandCenterProductionRoot/CommandDashboard/ScannerCard
07_hangar_to_center	1080	1920	Canvas/HUD/VerticalUIRoot/VerticalSafeAreaRoot/ContentSlot/Dimension1Panel/D1CommandCenterProductionRoot/CommandDashboard/ScannerCard	1	65.20	903.80	OK	Canvas/HUD/VerticalUIRoot/VerticalSafeAreaRoot/ContentSlot/Dimension1Panel/D1CommandCenterProductionRoot/CommandDashboard/ScannerCard	Canvas/HUD/VerticalUIRoot/VerticalSafeAreaRoot/ContentSlot/Dimension1Panel/D1CommandCenterProductionRoot/CommandDashboard/ScannerCard
07_hangar_to_center	1080	1920	Canvas/HUD/VerticalUIRoot/VerticalSafeAreaRoot/ContentSlot/Dimension1Panel/D1CommandCenterProductionRoot/CommandDashboard/ScannerCard	2	236.80	903.80	OK	Canvas/HUD/VerticalUIRoot/VerticalSafeAreaRoot/ContentSlot/Dimension1Panel/D1CommandCenterProductionRoot/CommandDashboard/ScannerCard	Canvas/HUD/VerticalUIRoot/VerticalSafeAreaRoot/ContentSlot/Dimension1Panel/D1CommandCenterProductionRoot/CommandDashboard/ScannerCard
07_hangar_to_center	1080	1920	Canvas/HUD/VerticalUIRoot/VerticalSafeAreaRoot/ContentSlot/Dimension1Panel/D1CommandCenterProductionRoot/CommandDashboard/ScannerCard	3	65.20	1074.20	OK	Canvas/HUD/VerticalUIRoot/VerticalSafeAreaRoot/ContentSlot/Dimension1Panel/D1CommandCenterProductionRoot/CommandDashboard/ScannerCard/DetailedLineIcon	Canvas/HUD/VerticalUIRoot/VerticalSafeAreaRoot/ContentSlot/Dimension1Panel/D1CommandCenterProductionRoot/CommandDashboard/ScannerCard
07_hangar_to_center	1080	1920	Canvas/HUD/VerticalUIRoot/VerticalSafeAreaRoot/ContentSlot/Dimension1Panel/D1CommandCenterProductionRoot/CommandDashboard/ScannerCard	4	236.80	1074.20	OK	Canvas/HUD/VerticalUIRoot/VerticalSafeAreaRoot/ContentSlot/Dimension1Panel/D1CommandCenterProductionRoot/CommandDashboard/ScannerCard/DetailedLineIcon	Canvas/HUD/VerticalUIRoot/VerticalSafeAreaRoot/ContentSlot/Dimension1Panel/D1CommandCenterProductionRoot/CommandDashboard/ScannerCard
07_hangar_to_center	1080	1920	Canvas/HUD/VerticalUIRoot/VerticalSafeAreaRoot/ContentSlot/Dimension1Panel/D1CommandCenterProductionRoot/CommandDashboard/FleetCard	0	151.00	686.00	OK	Canvas/HUD/VerticalUIRoot/VerticalSafeAreaRoot/ContentSlot/Dimension1Panel/D1CommandCenterProductionRoot/CommandDashboard/FleetCard	Canvas/HUD/VerticalUIRoot/VerticalSafeAreaRoot/ContentSlot/Dimension1Panel/D1CommandCenterProductionRoot/CommandDashboard/FleetCard
07_hangar_to_center	1080	1920	Canvas/HUD/VerticalUIRoot/VerticalSafeAreaRoot/ContentSlot/Dimension1Panel/D1CommandCenterProductionRoot/CommandDashboard/FleetCard	1	65.20	600.80	OK	Canvas/HUD/VerticalUIRoot/VerticalSafeAreaRoot/ContentSlot/Dimension1Panel/D1CommandCenterProductionRoot/CommandDashboard/FleetCard	Canvas/HUD/VerticalUIRoot/VerticalSafeAreaRoot/ContentSlot/Dimension1Panel/D1CommandCenterProductionRoot/CommandDashboard/FleetCard
07_hangar_to_center	1080	1920	Canvas/HUD/VerticalUIRoot/VerticalSafeAreaRoot/ContentSlot/Dimension1Panel/D1CommandCenterProductionRoot/CommandDashboard/FleetCard	2	236.80	600.80	OK	Canvas/HUD/VerticalUIRoot/VerticalSafeAreaRoot/ContentSlot/Dimension1Panel/D1CommandCenterProductionRoot/CommandDashboard/FleetCard	Canvas/HUD/VerticalUIRoot/VerticalSafeAreaRoot/ContentSlot/Dimension1Panel/D1CommandCenterProductionRoot/CommandDashboard/FleetCard
07_hangar_to_center	1080	1920	Canvas/HUD/VerticalUIRoot/VerticalSafeAreaRoot/ContentSlot/Dimension1Panel/D1CommandCenterProductionRoot/CommandDashboard/FleetCard	3	65.20	771.20	OK	Canvas/HUD/VerticalUIRoot/VerticalSafeAreaRoot/ContentSlot/Dimension1Panel/D1CommandCenterProductionRoot/CommandDashboard/FleetCard/DetailedLineIcon	Canvas/HUD/VerticalUIRoot/VerticalSafeAreaRoot/ContentSlot/Dimension1Panel/D1CommandCenterProductionRoot/CommandDashboard/FleetCard
07_hangar_to_center	1080	1920	Canvas/HUD/VerticalUIRoot/VerticalSafeAreaRoot/ContentSlot/Dimension1Panel/D1CommandCenterProductionRoot/CommandDashboard/FleetCard	4	236.80	771.20	OK	Canvas/HUD/VerticalUIRoot/VerticalSafeAreaRoot/ContentSlot/Dimension1Panel/D1CommandCenterProductionRoot/CommandDashboard/FleetCard/DetailedLineIcon	Canvas/HUD/VerticalUIRoot/VerticalSafeAreaRoot/ContentSlot/Dimension1Panel/D1CommandCenterProductionRoot/CommandDashboard/FleetCard
07_hangar_to_center	1080	1920	Canvas/HUD/VerticalUIRoot/VerticalSafeAreaRoot/ContentSlot/Dimension1Panel/D1CommandCenterProductionRoot/Nav_EXPLORAR	0	330.00	110.00	OK	Canvas/HUD/VerticalUIRoot/VerticalSafeAreaRoot/ContentSlot/Dimension1Panel/D1CommandCenterProductionRoot/Nav_EXPLORAR	Canvas/HUD/VerticalUIRoot/VerticalSafeAreaRoot/ContentSlot/Dimension1Panel/D1CommandCenterProductionRoot/Nav_EXPLORAR
07_hangar_to_center	1080	1920	Canvas/HUD/VerticalUIRoot/VerticalSafeAreaRoot/ContentSlot/Dimension1Panel/D1CommandCenterProductionRoot/Nav_EXPLORAR	1	270.60	57.20	OK	Canvas/HUD/VerticalUIRoot/VerticalSafeAreaRoot/ContentSlot/Dimension1Panel/D1CommandCenterProductionRoot/Nav_EXPLORAR	Canvas/HUD/VerticalUIRoot/VerticalSafeAreaRoot/ContentSlot/Dimension1Panel/D1CommandCenterProductionRoot/Nav_EXPLORAR
07_hangar_to_center	1080	1920	Canvas/HUD/VerticalUIRoot/VerticalSafeAreaRoot/ContentSlot/Dimension1Panel/D1CommandCenterProductionRoot/Nav_EXPLORAR	2	389.40	57.20	OK	Canvas/HUD/VerticalUIRoot/VerticalSafeAreaRoot/ContentSlot/Dimension1Panel/D1CommandCenterProductionRoot/Nav_EXPLORAR	Canvas/HUD/VerticalUIRoot/VerticalSafeAreaRoot/ContentSlot/Dimension1Panel/D1CommandCenterProductionRoot/Nav_EXPLORAR
07_hangar_to_center	1080	1920	Canvas/HUD/VerticalUIRoot/VerticalSafeAreaRoot/ContentSlot/Dimension1Panel/D1CommandCenterProductionRoot/Nav_EXPLORAR	3	270.60	162.80	OK	Canvas/HUD/VerticalUIRoot/VerticalSafeAreaRoot/ContentSlot/Dimension1Panel/D1CommandCenterProductionRoot/Nav_EXPLORAR	Canvas/HUD/VerticalUIRoot/VerticalSafeAreaRoot/ContentSlot/Dimension1Panel/D1CommandCenterProductionRoot/Nav_EXPLORAR
07_hangar_to_center	1080	1920	Canvas/HUD/VerticalUIRoot/VerticalSafeAreaRoot/ContentSlot/Dimension1Panel/D1CommandCenterProductionRoot/Nav_EXPLORAR	4	389.40	162.80	OK	Canvas/HUD/VerticalUIRoot/VerticalSafeAreaRoot/ContentSlot/Dimension1Panel/D1CommandCenterProductionRoot/Nav_EXPLORAR	Canvas/HUD/VerticalUIRoot/VerticalSafeAreaRoot/ContentSlot/Dimension1Panel/D1CommandCenterProductionRoot/Nav_EXPLORAR
07_hangar_to_center	1080	1920	Canvas/HUD/VerticalUIRoot/VerticalSafeAreaRoot/ContentSlot/Dimension1Panel/D1CommandCenterProductionRoot/CommandDashboard/RelicsCard	0	929.00	1292.00	OK	Canvas/HUD/VerticalUIRoot/VerticalSafeAreaRoot/ContentSlot/Dimension1Panel/D1CommandCenterProductionRoot/CommandDashboard/RelicsCard	Canvas/HUD/VerticalUIRoot/VerticalSafeAreaRoot/ContentSlot/Dimension1Panel/D1CommandCenterProductionRoot/CommandDashboard/RelicsCard
07_hangar_to_center	1080	1920	Canvas/HUD/VerticalUIRoot/VerticalSafeAreaRoot/ContentSlot/Dimension1Panel/D1CommandCenterProductionRoot/CommandDashboard/RelicsCard	1	843.20	1206.80	OK	Canvas/HUD/VerticalUIRoot/VerticalSafeAreaRoot/ContentSlot/Dimension1Panel/D1CommandCenterProductionRoot/CommandDashboard/RelicsCard	Canvas/HUD/VerticalUIRoot/VerticalSafeAreaRoot/ContentSlot/Dimension1Panel/D1CommandCenterProductionRoot/CommandDashboard/RelicsCard
07_hangar_to_center	1080	1920	Canvas/HUD/VerticalUIRoot/VerticalSafeAreaRoot/ContentSlot/Dimension1Panel/D1CommandCenterProductionRoot/CommandDashboard/RelicsCard	2	1014.80	1206.80	OK	Canvas/HUD/VerticalUIRoot/VerticalSafeAreaRoot/ContentSlot/Dimension1Panel/D1CommandCenterProductionRoot/CommandDashboard/RelicsCard	Canvas/HUD/VerticalUIRoot/VerticalSafeAreaRoot/ContentSlot/Dimension1Panel/D1CommandCenterProductionRoot/CommandDashboard/RelicsCard
07_hangar_to_center	1080	1920	Canvas/HUD/VerticalUIRoot/VerticalSafeAreaRoot/ContentSlot/Dimension1Panel/D1CommandCenterProductionRoot/CommandDashboard/RelicsCard	3	843.20	1377.20	OK	Canvas/HUD/VerticalUIRoot/VerticalSafeAreaRoot/ContentSlot/Dimension1Panel/D1CommandCenterProductionRoot/CommandDashboard/RelicsCard/DetailedLineIcon	Canvas/HUD/VerticalUIRoot/VerticalSafeAreaRoot/ContentSlot/Dimension1Panel/D1CommandCenterProductionRoot/CommandDashboard/RelicsCard
07_hangar_to_center	1080	1920	Canvas/HUD/VerticalUIRoot/VerticalSafeAreaRoot/ContentSlot/Dimension1Panel/D1CommandCenterProductionRoot/CommandDashboard/RelicsCard	4	1014.80	1377.20	OK	Canvas/HUD/VerticalUIRoot/VerticalSafeAreaRoot/ContentSlot/Dimension1Panel/D1CommandCenterProductionRoot/CommandDashboard/RelicsCard/DetailedLineIcon	Canvas/HUD/VerticalUIRoot/VerticalSafeAreaRoot/ContentSlot/Dimension1Panel/D1CommandCenterProductionRoot/CommandDashboard/RelicsCard
07_hangar_to_center	1080	1920	Canvas/HUD/VerticalUIRoot/VerticalSafeAreaRoot/ContentSlot/Dimension1Panel/OpenRelicChamberPanelButton	0	1240.00	1476.00	OFFSCREEN	<none>	<none>
07_hangar_to_center	1080	1920	Canvas/HUD/VerticalUIRoot/VerticalSafeAreaRoot/ContentSlot/Dimension1Panel/OpenRelicChamberPanelButton	1	1192.00	1467.00	OFFSCREEN	<none>	<none>
07_hangar_to_center	1080	1920	Canvas/HUD/VerticalUIRoot/VerticalSafeAreaRoot/ContentSlot/Dimension1Panel/OpenRelicChamberPanelButton	2	1288.00	1467.00	OFFSCREEN	<none>	<none>
07_hangar_to_center	1080	1920	Canvas/HUD/VerticalUIRoot/VerticalSafeAreaRoot/ContentSlot/Dimension1Panel/OpenRelicChamberPanelButton	3	1192.00	1485.00	OFFSCREEN	<none>	<none>
07_hangar_to_center	1080	1920	Canvas/HUD/VerticalUIRoot/VerticalSafeAreaRoot/ContentSlot/Dimension1Panel/OpenRelicChamberPanelButton	4	1288.00	1485.00	OFFSCREEN	<none>	<none>
07_hangar_to_center	1080	1920	Canvas/HUD/VerticalUIRoot/VerticalSafeAreaRoot/ContentSlot/Dimension1Panel/D1CommandCenterProductionRoot/CommandDashboard/ExpeditionsCard	0	929.00	686.00	OK	Canvas/HUD/VerticalUIRoot/VerticalSafeAreaRoot/ContentSlot/Dimension1Panel/D1CommandCenterProductionRoot/CommandDashboard/ExpeditionsCard	Canvas/HUD/VerticalUIRoot/VerticalSafeAreaRoot/ContentSlot/Dimension1Panel/D1CommandCenterProductionRoot/CommandDashboard/ExpeditionsCard
07_hangar_to_center	1080	1920	Canvas/HUD/VerticalUIRoot/VerticalSafeAreaRoot/ContentSlot/Dimension1Panel/D1CommandCenterProductionRoot/CommandDashboard/ExpeditionsCard	1	843.20	600.80	OK	Canvas/HUD/VerticalUIRoot/VerticalSafeAreaRoot/ContentSlot/Dimension1Panel/D1CommandCenterProductionRoot/CommandDashboard/ExpeditionsCard	Canvas/HUD/VerticalUIRoot/VerticalSafeAreaRoot/ContentSlot/Dimension1Panel/D1CommandCenterProductionRoot/CommandDashboard/ExpeditionsCard
07_hangar_to_center	1080	1920	Canvas/HUD/VerticalUIRoot/VerticalSafeAreaRoot/ContentSlot/Dimension1Panel/D1CommandCenterProductionRoot/CommandDashboard/ExpeditionsCard	2	1014.80	600.80	OK	Canvas/HUD/VerticalUIRoot/VerticalSafeAreaRoot/ContentSlot/Dimension1Panel/D1CommandCenterProductionRoot/CommandDashboard/ExpeditionsCard	Canvas/HUD/VerticalUIRoot/VerticalSafeAreaRoot/ContentSlot/Dimension1Panel/D1CommandCenterProductionRoot/CommandDashboard/ExpeditionsCard
07_hangar_to_center	1080	1920	Canvas/HUD/VerticalUIRoot/VerticalSafeAreaRoot/ContentSlot/Dimension1Panel/D1CommandCenterProductionRoot/CommandDashboard/ExpeditionsCard	3	843.20	771.20	OK	Canvas/HUD/VerticalUIRoot/VerticalSafeAreaRoot/ContentSlot/Dimension1Panel/D1CommandCenterProductionRoot/CommandDashboard/ExpeditionsCard/DetailedLineIcon	Canvas/HUD/VerticalUIRoot/VerticalSafeAreaRoot/ContentSlot/Dimension1Panel/D1CommandCenterProductionRoot/CommandDashboard/ExpeditionsCard
07_hangar_to_center	1080	1920	Canvas/HUD/VerticalUIRoot/VerticalSafeAreaRoot/ContentSlot/Dimension1Panel/D1CommandCenterProductionRoot/CommandDashboard/ExpeditionsCard	4	1014.80	771.20	OK	Canvas/HUD/VerticalUIRoot/VerticalSafeAreaRoot/ContentSlot/Dimension1Panel/D1CommandCenterProductionRoot/CommandDashboard/ExpeditionsCard/DetailedLineIcon	Canvas/HUD/VerticalUIRoot/VerticalSafeAreaRoot/ContentSlot/Dimension1Panel/D1CommandCenterProductionRoot/CommandDashboard/ExpeditionsCard
07_hangar_to_center	1080	1920	Canvas/HUD/VerticalUIRoot/VerticalSafeAreaRoot/ContentSlot/Dimension1Panel/OpenDimension1TreePanelButton	0	1240.00	1376.00	OFFSCREEN	<none>	<none>
07_hangar_to_center	1080	1920	Canvas/HUD/VerticalUIRoot/VerticalSafeAreaRoot/ContentSlot/Dimension1Panel/OpenDimension1TreePanelButton	1	1192.00	1367.00	OFFSCREEN	<none>	<none>
07_hangar_to_center	1080	1920	Canvas/HUD/VerticalUIRoot/VerticalSafeAreaRoot/ContentSlot/Dimension1Panel/OpenDimension1TreePanelButton	2	1288.00	1367.00	OFFSCREEN	<none>	<none>
07_hangar_to_center	1080	1920	Canvas/HUD/VerticalUIRoot/VerticalSafeAreaRoot/ContentSlot/Dimension1Panel/OpenDimension1TreePanelButton	3	1192.00	1385.00	OFFSCREEN	<none>	<none>
07_hangar_to_center	1080	1920	Canvas/HUD/VerticalUIRoot/VerticalSafeAreaRoot/ContentSlot/Dimension1Panel/OpenDimension1TreePanelButton	4	1288.00	1385.00	OFFSCREEN	<none>	<none>
07_hangar_to_center	1080	1920	Canvas/HUD/VerticalUIRoot/VerticalSafeAreaRoot/ContentSlot/Dimension1Panel/D1CommandCenterProductionRoot/MetalsButton	0	921.50	1768.00	OK	Canvas/HUD/VerticalUIRoot/VerticalSafeAreaRoot/ContentSlot/Dimension1Panel/D1CommandCenterProductionRoot/MetalsButton	Canvas/HUD/VerticalUIRoot/VerticalSafeAreaRoot/ContentSlot/Dimension1Panel/D1CommandCenterProductionRoot/MetalsButton
07_hangar_to_center	1080	1920	Canvas/HUD/VerticalUIRoot/VerticalSafeAreaRoot/ContentSlot/Dimension1Panel/D1CommandCenterProductionRoot/MetalsButton	1	848.00	1738.00	OK	Canvas/HUD/VerticalUIRoot/VerticalSafeAreaRoot/ContentSlot/Dimension1Panel/D1CommandCenterProductionRoot/MetalsButton	Canvas/HUD/VerticalUIRoot/VerticalSafeAreaRoot/ContentSlot/Dimension1Panel/D1CommandCenterProductionRoot/MetalsButton
07_hangar_to_center	1080	1920	Canvas/HUD/VerticalUIRoot/VerticalSafeAreaRoot/ContentSlot/Dimension1Panel/D1CommandCenterProductionRoot/MetalsButton	2	995.00	1738.00	OK	Canvas/HUD/VerticalUIRoot/VerticalSafeAreaRoot/ContentSlot/Dimension1Panel/D1CommandCenterProductionRoot/MetalsButton	Canvas/HUD/VerticalUIRoot/VerticalSafeAreaRoot/ContentSlot/Dimension1Panel/D1CommandCenterProductionRoot/MetalsButton
07_hangar_to_center	1080	1920	Canvas/HUD/VerticalUIRoot/VerticalSafeAreaRoot/ContentSlot/Dimension1Panel/D1CommandCenterProductionRoot/MetalsButton	3	848.00	1798.00	OK	Canvas/HUD/VerticalUIRoot/VerticalSafeAreaRoot/ContentSlot/Dimension1Panel/D1CommandCenterProductionRoot/MetalsButton	Canvas/HUD/VerticalUIRoot/VerticalSafeAreaRoot/ContentSlot/Dimension1Panel/D1CommandCenterProductionRoot/MetalsButton
07_hangar_to_center	1080	1920	Canvas/HUD/VerticalUIRoot/VerticalSafeAreaRoot/ContentSlot/Dimension1Panel/D1CommandCenterProductionRoot/MetalsButton	4	995.00	1798.00	OK	Canvas/HUD/VerticalUIRoot/VerticalSafeAreaRoot/ContentSlot/Dimension1Panel/D1CommandCenterProductionRoot/MetalsButton	Canvas/HUD/VerticalUIRoot/VerticalSafeAreaRoot/ContentSlot/Dimension1Panel/D1CommandCenterProductionRoot/MetalsButton
07_hangar_to_center	1080	1920	Canvas/HUD/VerticalUIRoot/VerticalSafeAreaRoot/ContentSlot/Dimension1Panel/D1CommandCenterProductionRoot/Nav_HANGAR	0	537.00	110.00	OK	Canvas/HUD/VerticalUIRoot/VerticalSafeAreaRoot/ContentSlot/Dimension1Panel/D1CommandCenterProductionRoot/Nav_HANGAR	Canvas/HUD/VerticalUIRoot/VerticalSafeAreaRoot/ContentSlot/Dimension1Panel/D1CommandCenterProductionRoot/Nav_HANGAR
07_hangar_to_center	1080	1920	Canvas/HUD/VerticalUIRoot/VerticalSafeAreaRoot/ContentSlot/Dimension1Panel/D1CommandCenterProductionRoot/Nav_HANGAR	1	477.60	57.20	OK	Canvas/HUD/VerticalUIRoot/VerticalSafeAreaRoot/ContentSlot/Dimension1Panel/D1CommandCenterProductionRoot/Nav_HANGAR	Canvas/HUD/VerticalUIRoot/VerticalSafeAreaRoot/ContentSlot/Dimension1Panel/D1CommandCenterProductionRoot/Nav_HANGAR
07_hangar_to_center	1080	1920	Canvas/HUD/VerticalUIRoot/VerticalSafeAreaRoot/ContentSlot/Dimension1Panel/D1CommandCenterProductionRoot/Nav_HANGAR	2	596.40	57.20	OK	Canvas/HUD/VerticalUIRoot/VerticalSafeAreaRoot/ContentSlot/Dimension1Panel/D1CommandCenterProductionRoot/Nav_HANGAR	Canvas/HUD/VerticalUIRoot/VerticalSafeAreaRoot/ContentSlot/Dimension1Panel/D1CommandCenterProductionRoot/Nav_HANGAR
07_hangar_to_center	1080	1920	Canvas/HUD/VerticalUIRoot/VerticalSafeAreaRoot/ContentSlot/Dimension1Panel/D1CommandCenterProductionRoot/Nav_HANGAR	3	477.60	162.80	OK	Canvas/HUD/VerticalUIRoot/VerticalSafeAreaRoot/ContentSlot/Dimension1Panel/D1CommandCenterProductionRoot/Nav_HANGAR	Canvas/HUD/VerticalUIRoot/VerticalSafeAreaRoot/ContentSlot/Dimension1Panel/D1CommandCenterProductionRoot/Nav_HANGAR
07_hangar_to_center	1080	1920	Canvas/HUD/VerticalUIRoot/VerticalSafeAreaRoot/ContentSlot/Dimension1Panel/D1CommandCenterProductionRoot/Nav_HANGAR	4	596.40	162.80	OK	Canvas/HUD/VerticalUIRoot/VerticalSafeAreaRoot/ContentSlot/Dimension1Panel/D1CommandCenterProductionRoot/Nav_HANGAR	Canvas/HUD/VerticalUIRoot/VerticalSafeAreaRoot/ContentSlot/Dimension1Panel/D1CommandCenterProductionRoot/Nav_HANGAR
07_hangar_to_center	1080	1920	Canvas/HUD/VerticalUIRoot/VerticalSafeAreaRoot/ContentSlot/Dimension1Panel/D1CommandCenterProductionRoot/CommandDashboard/TreeCard	0	929.00	989.00	OK	Canvas/HUD/VerticalUIRoot/VerticalSafeAreaRoot/ContentSlot/Dimension1Panel/D1CommandCenterProductionRoot/CommandDashboard/TreeCard	Canvas/HUD/VerticalUIRoot/VerticalSafeAreaRoot/ContentSlot/Dimension1Panel/D1CommandCenterProductionRoot/CommandDashboard/TreeCard
07_hangar_to_center	1080	1920	Canvas/HUD/VerticalUIRoot/VerticalSafeAreaRoot/ContentSlot/Dimension1Panel/D1CommandCenterProductionRoot/CommandDashboard/TreeCard	1	843.20	903.80	OK	Canvas/HUD/VerticalUIRoot/VerticalSafeAreaRoot/ContentSlot/Dimension1Panel/D1CommandCenterProductionRoot/CommandDashboard/TreeCard	Canvas/HUD/VerticalUIRoot/VerticalSafeAreaRoot/ContentSlot/Dimension1Panel/D1CommandCenterProductionRoot/CommandDashboard/TreeCard
07_hangar_to_center	1080	1920	Canvas/HUD/VerticalUIRoot/VerticalSafeAreaRoot/ContentSlot/Dimension1Panel/D1CommandCenterProductionRoot/CommandDashboard/TreeCard	2	1014.80	903.80	OK	Canvas/HUD/VerticalUIRoot/VerticalSafeAreaRoot/ContentSlot/Dimension1Panel/D1CommandCenterProductionRoot/CommandDashboard/TreeCard	Canvas/HUD/VerticalUIRoot/VerticalSafeAreaRoot/ContentSlot/Dimension1Panel/D1CommandCenterProductionRoot/CommandDashboard/TreeCard
07_hangar_to_center	1080	1920	Canvas/HUD/VerticalUIRoot/VerticalSafeAreaRoot/ContentSlot/Dimension1Panel/D1CommandCenterProductionRoot/CommandDashboard/TreeCard	3	843.20	1074.20	OK	Canvas/HUD/VerticalUIRoot/VerticalSafeAreaRoot/ContentSlot/Dimension1Panel/D1CommandCenterProductionRoot/CommandDashboard/TreeCard/DetailedLineIcon	Canvas/HUD/VerticalUIRoot/VerticalSafeAreaRoot/ContentSlot/Dimension1Panel/D1CommandCenterProductionRoot/CommandDashboard/TreeCard
07_hangar_to_center	1080	1920	Canvas/HUD/VerticalUIRoot/VerticalSafeAreaRoot/ContentSlot/Dimension1Panel/D1CommandCenterProductionRoot/CommandDashboard/TreeCard	4	1014.80	1074.20	OK	Canvas/HUD/VerticalUIRoot/VerticalSafeAreaRoot/ContentSlot/Dimension1Panel/D1CommandCenterProductionRoot/CommandDashboard/TreeCard/DetailedLineIcon	Canvas/HUD/VerticalUIRoot/VerticalSafeAreaRoot/ContentSlot/Dimension1Panel/D1CommandCenterProductionRoot/CommandDashboard/TreeCard
07_hangar_to_center	1080	1920	Canvas/HUD/VerticalUIRoot/VerticalSafeAreaRoot/ContentSlot/Dimension1Panel/OpenHangarPanelButton	0	1240.00	1426.00	OFFSCREEN	<none>	<none>
07_hangar_to_center	1080	1920	Canvas/HUD/VerticalUIRoot/VerticalSafeAreaRoot/ContentSlot/Dimension1Panel/OpenHangarPanelButton	1	1192.00	1417.00	OFFSCREEN	<none>	<none>
07_hangar_to_center	1080	1920	Canvas/HUD/VerticalUIRoot/VerticalSafeAreaRoot/ContentSlot/Dimension1Panel/OpenHangarPanelButton	2	1288.00	1417.00	OFFSCREEN	<none>	<none>
07_hangar_to_center	1080	1920	Canvas/HUD/VerticalUIRoot/VerticalSafeAreaRoot/ContentSlot/Dimension1Panel/OpenHangarPanelButton	3	1192.00	1435.00	OFFSCREEN	<none>	<none>
07_hangar_to_center	1080	1920	Canvas/HUD/VerticalUIRoot/VerticalSafeAreaRoot/ContentSlot/Dimension1Panel/OpenHangarPanelButton	4	1288.00	1435.00	OFFSCREEN	<none>	<none>
07_hangar_to_center	1080	1920	Canvas/HUD/VerticalUIRoot/VerticalSafeAreaRoot/ContentSlot/Dimension1Panel/D1CommandCenterProductionRoot/Nav_RELIQUIAS	0	744.00	110.00	OK	Canvas/HUD/VerticalUIRoot/VerticalSafeAreaRoot/ContentSlot/Dimension1Panel/D1CommandCenterProductionRoot/Nav_RELIQUIAS	Canvas/HUD/VerticalUIRoot/VerticalSafeAreaRoot/ContentSlot/Dimension1Panel/D1CommandCenterProductionRoot/Nav_RELIQUIAS
07_hangar_to_center	1080	1920	Canvas/HUD/VerticalUIRoot/VerticalSafeAreaRoot/ContentSlot/Dimension1Panel/D1CommandCenterProductionRoot/Nav_RELIQUIAS	1	684.60	57.20	OK	Canvas/HUD/VerticalUIRoot/VerticalSafeAreaRoot/ContentSlot/Dimension1Panel/D1CommandCenterProductionRoot/Nav_RELIQUIAS	Canvas/HUD/VerticalUIRoot/VerticalSafeAreaRoot/ContentSlot/Dimension1Panel/D1CommandCenterProductionRoot/Nav_RELIQUIAS
07_hangar_to_center	1080	1920	Canvas/HUD/VerticalUIRoot/VerticalSafeAreaRoot/ContentSlot/Dimension1Panel/D1CommandCenterProductionRoot/Nav_RELIQUIAS	2	803.40	57.20	OK	Canvas/HUD/VerticalUIRoot/VerticalSafeAreaRoot/ContentSlot/Dimension1Panel/D1CommandCenterProductionRoot/Nav_RELIQUIAS	Canvas/HUD/VerticalUIRoot/VerticalSafeAreaRoot/ContentSlot/Dimension1Panel/D1CommandCenterProductionRoot/Nav_RELIQUIAS
07_hangar_to_center	1080	1920	Canvas/HUD/VerticalUIRoot/VerticalSafeAreaRoot/ContentSlot/Dimension1Panel/D1CommandCenterProductionRoot/Nav_RELIQUIAS	3	684.60	162.80	OK	Canvas/HUD/VerticalUIRoot/VerticalSafeAreaRoot/ContentSlot/Dimension1Panel/D1CommandCenterProductionRoot/Nav_RELIQUIAS	Canvas/HUD/VerticalUIRoot/VerticalSafeAreaRoot/ContentSlot/Dimension1Panel/D1CommandCenterProductionRoot/Nav_RELIQUIAS
07_hangar_to_center	1080	1920	Canvas/HUD/VerticalUIRoot/VerticalSafeAreaRoot/ContentSlot/Dimension1Panel/D1CommandCenterProductionRoot/Nav_RELIQUIAS	4	803.40	162.80	OK	Canvas/HUD/VerticalUIRoot/VerticalSafeAreaRoot/ContentSlot/Dimension1Panel/D1CommandCenterProductionRoot/Nav_RELIQUIAS	Canvas/HUD/VerticalUIRoot/VerticalSafeAreaRoot/ContentSlot/Dimension1Panel/D1CommandCenterProductionRoot/Nav_RELIQUIAS
07_hangar_to_center	1080	1920	Canvas/HUD/VerticalUIRoot/VerticalSafeAreaRoot/ContentSlot/Dimension1Panel/D1CommandCenterProductionRoot/Nav_ÁRBOL	0	951.00	110.00	OK	Canvas/HUD/VerticalUIRoot/VerticalSafeAreaRoot/ContentSlot/Dimension1Panel/D1CommandCenterProductionRoot/Nav_ÁRBOL	Canvas/HUD/VerticalUIRoot/VerticalSafeAreaRoot/ContentSlot/Dimension1Panel/D1CommandCenterProductionRoot/Nav_ÁRBOL
07_hangar_to_center	1080	1920	Canvas/HUD/VerticalUIRoot/VerticalSafeAreaRoot/ContentSlot/Dimension1Panel/D1CommandCenterProductionRoot/Nav_ÁRBOL	1	891.60	57.20	OK	Canvas/HUD/VerticalUIRoot/VerticalSafeAreaRoot/ContentSlot/Dimension1Panel/D1CommandCenterProductionRoot/Nav_ÁRBOL	Canvas/HUD/VerticalUIRoot/VerticalSafeAreaRoot/ContentSlot/Dimension1Panel/D1CommandCenterProductionRoot/Nav_ÁRBOL
07_hangar_to_center	1080	1920	Canvas/HUD/VerticalUIRoot/VerticalSafeAreaRoot/ContentSlot/Dimension1Panel/D1CommandCenterProductionRoot/Nav_ÁRBOL	2	1010.40	57.20	OK	Canvas/HUD/VerticalUIRoot/VerticalSafeAreaRoot/ContentSlot/Dimension1Panel/D1CommandCenterProductionRoot/Nav_ÁRBOL	Canvas/HUD/VerticalUIRoot/VerticalSafeAreaRoot/ContentSlot/Dimension1Panel/D1CommandCenterProductionRoot/Nav_ÁRBOL
07_hangar_to_center	1080	1920	Canvas/HUD/VerticalUIRoot/VerticalSafeAreaRoot/ContentSlot/Dimension1Panel/D1CommandCenterProductionRoot/Nav_ÁRBOL	3	891.60	162.80	OK	Canvas/HUD/VerticalUIRoot/VerticalSafeAreaRoot/ContentSlot/Dimension1Panel/D1CommandCenterProductionRoot/Nav_ÁRBOL	Canvas/HUD/VerticalUIRoot/VerticalSafeAreaRoot/ContentSlot/Dimension1Panel/D1CommandCenterProductionRoot/Nav_ÁRBOL
07_hangar_to_center	1080	1920	Canvas/HUD/VerticalUIRoot/VerticalSafeAreaRoot/ContentSlot/Dimension1Panel/D1CommandCenterProductionRoot/Nav_ÁRBOL	4	1010.40	162.80	OK	Canvas/HUD/VerticalUIRoot/VerticalSafeAreaRoot/ContentSlot/Dimension1Panel/D1CommandCenterProductionRoot/Nav_ÁRBOL	Canvas/HUD/VerticalUIRoot/VerticalSafeAreaRoot/ContentSlot/Dimension1Panel/D1CommandCenterProductionRoot/Nav_ÁRBOL
07_hangar_to_center	1080	1920	Canvas/HUD/VerticalUIRoot/VerticalSafeAreaRoot/ContentSlot/Dimension1Panel/D1CommandCenterProductionRoot/CommandDashboard/SectorCard	0	151.00	1292.00	OK	Canvas/HUD/VerticalUIRoot/VerticalSafeAreaRoot/ContentSlot/Dimension1Panel/D1CommandCenterProductionRoot/CommandDashboard/SectorCard	Canvas/HUD/VerticalUIRoot/VerticalSafeAreaRoot/ContentSlot/Dimension1Panel/D1CommandCenterProductionRoot/CommandDashboard/SectorCard
07_hangar_to_center	1080	1920	Canvas/HUD/VerticalUIRoot/VerticalSafeAreaRoot/ContentSlot/Dimension1Panel/D1CommandCenterProductionRoot/CommandDashboard/SectorCard	1	65.20	1206.80	OK	Canvas/HUD/VerticalUIRoot/VerticalSafeAreaRoot/ContentSlot/Dimension1Panel/D1CommandCenterProductionRoot/CommandDashboard/SectorCard	Canvas/HUD/VerticalUIRoot/VerticalSafeAreaRoot/ContentSlot/Dimension1Panel/D1CommandCenterProductionRoot/CommandDashboard/SectorCard
07_hangar_to_center	1080	1920	Canvas/HUD/VerticalUIRoot/VerticalSafeAreaRoot/ContentSlot/Dimension1Panel/D1CommandCenterProductionRoot/CommandDashboard/SectorCard	2	236.80	1206.80	OK	Canvas/HUD/VerticalUIRoot/VerticalSafeAreaRoot/ContentSlot/Dimension1Panel/D1CommandCenterProductionRoot/CommandDashboard/SectorCard	Canvas/HUD/VerticalUIRoot/VerticalSafeAreaRoot/ContentSlot/Dimension1Panel/D1CommandCenterProductionRoot/CommandDashboard/SectorCard
07_hangar_to_center	1080	1920	Canvas/HUD/VerticalUIRoot/VerticalSafeAreaRoot/ContentSlot/Dimension1Panel/D1CommandCenterProductionRoot/CommandDashboard/SectorCard	3	65.20	1377.20	OK	Canvas/HUD/VerticalUIRoot/VerticalSafeAreaRoot/ContentSlot/Dimension1Panel/D1CommandCenterProductionRoot/CommandDashboard/SectorCard/DetailedLineIcon	Canvas/HUD/VerticalUIRoot/VerticalSafeAreaRoot/ContentSlot/Dimension1Panel/D1CommandCenterProductionRoot/CommandDashboard/SectorCard
07_hangar_to_center	1080	1920	Canvas/HUD/VerticalUIRoot/VerticalSafeAreaRoot/ContentSlot/Dimension1Panel/D1CommandCenterProductionRoot/CommandDashboard/SectorCard	4	236.80	1377.20	OK	Canvas/HUD/VerticalUIRoot/VerticalSafeAreaRoot/ContentSlot/Dimension1Panel/D1CommandCenterProductionRoot/CommandDashboard/SectorCard/DetailedLineIcon	Canvas/HUD/VerticalUIRoot/VerticalSafeAreaRoot/ContentSlot/Dimension1Panel/D1CommandCenterProductionRoot/CommandDashboard/SectorCard
07_hangar_to_center	1080	1920	Canvas/HUD/VerticalUIRoot/VerticalSafeAreaRoot/ContentSlot/Dimension1Panel/D1CommandCenterProductionRoot/Nav_GALAXIA	0	123.00	110.00	OK	Canvas/HUD/VerticalUIRoot/VerticalSafeAreaRoot/ContentSlot/Dimension1Panel/D1CommandCenterProductionRoot/Nav_GALAXIA	Canvas/HUD/VerticalUIRoot/VerticalSafeAreaRoot/ContentSlot/Dimension1Panel/D1CommandCenterProductionRoot/Nav_GALAXIA
07_hangar_to_center	1080	1920	Canvas/HUD/VerticalUIRoot/VerticalSafeAreaRoot/ContentSlot/Dimension1Panel/D1CommandCenterProductionRoot/Nav_GALAXIA	1	63.60	57.20	OK	Canvas/HUD/VerticalUIRoot/VerticalSafeAreaRoot/ContentSlot/Dimension1Panel/D1CommandCenterProductionRoot/Nav_GALAXIA	Canvas/HUD/VerticalUIRoot/VerticalSafeAreaRoot/ContentSlot/Dimension1Panel/D1CommandCenterProductionRoot/Nav_GALAXIA
07_hangar_to_center	1080	1920	Canvas/HUD/VerticalUIRoot/VerticalSafeAreaRoot/ContentSlot/Dimension1Panel/D1CommandCenterProductionRoot/Nav_GALAXIA	2	182.40	57.20	OK	Canvas/HUD/VerticalUIRoot/VerticalSafeAreaRoot/ContentSlot/Dimension1Panel/D1CommandCenterProductionRoot/Nav_GALAXIA	Canvas/HUD/VerticalUIRoot/VerticalSafeAreaRoot/ContentSlot/Dimension1Panel/D1CommandCenterProductionRoot/Nav_GALAXIA
07_hangar_to_center	1080	1920	Canvas/HUD/VerticalUIRoot/VerticalSafeAreaRoot/ContentSlot/Dimension1Panel/D1CommandCenterProductionRoot/Nav_GALAXIA	3	63.60	162.80	OK	Canvas/HUD/VerticalUIRoot/VerticalSafeAreaRoot/ContentSlot/Dimension1Panel/D1CommandCenterProductionRoot/Nav_GALAXIA	Canvas/HUD/VerticalUIRoot/VerticalSafeAreaRoot/ContentSlot/Dimension1Panel/D1CommandCenterProductionRoot/Nav_GALAXIA
07_hangar_to_center	1080	1920	Canvas/HUD/VerticalUIRoot/VerticalSafeAreaRoot/ContentSlot/Dimension1Panel/D1CommandCenterProductionRoot/Nav_GALAXIA	4	182.40	162.80	OK	Canvas/HUD/VerticalUIRoot/VerticalSafeAreaRoot/ContentSlot/Dimension1Panel/D1CommandCenterProductionRoot/Nav_GALAXIA	Canvas/HUD/VerticalUIRoot/VerticalSafeAreaRoot/ContentSlot/Dimension1Panel/D1CommandCenterProductionRoot/Nav_GALAXIA
07_hangar_to_center	1080	1920	Canvas/HUD/VerticalUIRoot/VerticalSafeAreaRoot/ContentSlot/Dimension1Panel/Registro	0	-60.00	1426.00	OFFSCREEN	<none>	<none>
07_hangar_to_center	1080	1920	Canvas/HUD/VerticalUIRoot/VerticalSafeAreaRoot/ContentSlot/Dimension1Panel/Registro	1	-108.00	1417.00	OFFSCREEN	<none>	<none>
07_hangar_to_center	1080	1920	Canvas/HUD/VerticalUIRoot/VerticalSafeAreaRoot/ContentSlot/Dimension1Panel/Registro	2	-12.00	1417.00	OFFSCREEN	<none>	<none>
07_hangar_to_center	1080	1920	Canvas/HUD/VerticalUIRoot/VerticalSafeAreaRoot/ContentSlot/Dimension1Panel/Registro	3	-108.00	1435.00	OFFSCREEN	<none>	<none>
07_hangar_to_center	1080	1920	Canvas/HUD/VerticalUIRoot/VerticalSafeAreaRoot/ContentSlot/Dimension1Panel/Registro	4	-12.00	1435.00	OFFSCREEN	<none>	<none>
07_hangar_to_center	1080	1920	Canvas/HUD/VerticalUIRoot/VerticalSafeAreaRoot/ContentSlot/Dimension1Panel/OpenGalaxyPanelButton	0	1240.00	1526.00	OFFSCREEN	<none>	<none>
07_hangar_to_center	1080	1920	Canvas/HUD/VerticalUIRoot/VerticalSafeAreaRoot/ContentSlot/Dimension1Panel/OpenGalaxyPanelButton	1	1192.00	1517.00	OFFSCREEN	<none>	<none>
07_hangar_to_center	1080	1920	Canvas/HUD/VerticalUIRoot/VerticalSafeAreaRoot/ContentSlot/Dimension1Panel/OpenGalaxyPanelButton	2	1288.00	1517.00	OFFSCREEN	<none>	<none>
07_hangar_to_center	1080	1920	Canvas/HUD/VerticalUIRoot/VerticalSafeAreaRoot/ContentSlot/Dimension1Panel/OpenGalaxyPanelButton	3	1192.00	1535.00	OFFSCREEN	<none>	<none>
07_hangar_to_center	1080	1920	Canvas/HUD/VerticalUIRoot/VerticalSafeAreaRoot/ContentSlot/Dimension1Panel/OpenGalaxyPanelButton	4	1288.00	1535.00	OFFSCREEN	<none>	<none>
08_hangar_to_explore	1080	1920	Canvas/HUD/VerticalUIRoot/VerticalSafeAreaRoot/ContentSlot/Dimension1Panel/D1_ExploreVisualRoot/BottomNavigation/Nav_RELIQUIAS	0	744.00	110.00	OK	Canvas/HUD/VerticalUIRoot/VerticalSafeAreaRoot/ContentSlot/Dimension1Panel/D1_ExploreVisualRoot/BottomNavigation/Nav_RELIQUIAS	Canvas/HUD/VerticalUIRoot/VerticalSafeAreaRoot/ContentSlot/Dimension1Panel/D1_ExploreVisualRoot/BottomNavigation/Nav_RELIQUIAS
08_hangar_to_explore	1080	1920	Canvas/HUD/VerticalUIRoot/VerticalSafeAreaRoot/ContentSlot/Dimension1Panel/D1_ExploreVisualRoot/BottomNavigation/Nav_RELIQUIAS	1	684.60	57.20	OK	Canvas/HUD/VerticalUIRoot/VerticalSafeAreaRoot/ContentSlot/Dimension1Panel/D1_ExploreVisualRoot/BottomNavigation/Nav_RELIQUIAS	Canvas/HUD/VerticalUIRoot/VerticalSafeAreaRoot/ContentSlot/Dimension1Panel/D1_ExploreVisualRoot/BottomNavigation/Nav_RELIQUIAS
08_hangar_to_explore	1080	1920	Canvas/HUD/VerticalUIRoot/VerticalSafeAreaRoot/ContentSlot/Dimension1Panel/D1_ExploreVisualRoot/BottomNavigation/Nav_RELIQUIAS	2	803.40	57.20	OK	Canvas/HUD/VerticalUIRoot/VerticalSafeAreaRoot/ContentSlot/Dimension1Panel/D1_ExploreVisualRoot/BottomNavigation/Nav_RELIQUIAS	Canvas/HUD/VerticalUIRoot/VerticalSafeAreaRoot/ContentSlot/Dimension1Panel/D1_ExploreVisualRoot/BottomNavigation/Nav_RELIQUIAS
08_hangar_to_explore	1080	1920	Canvas/HUD/VerticalUIRoot/VerticalSafeAreaRoot/ContentSlot/Dimension1Panel/D1_ExploreVisualRoot/BottomNavigation/Nav_RELIQUIAS	3	684.60	162.80	OK	Canvas/HUD/VerticalUIRoot/VerticalSafeAreaRoot/ContentSlot/Dimension1Panel/D1_ExploreVisualRoot/BottomNavigation/Nav_RELIQUIAS	Canvas/HUD/VerticalUIRoot/VerticalSafeAreaRoot/ContentSlot/Dimension1Panel/D1_ExploreVisualRoot/BottomNavigation/Nav_RELIQUIAS
08_hangar_to_explore	1080	1920	Canvas/HUD/VerticalUIRoot/VerticalSafeAreaRoot/ContentSlot/Dimension1Panel/D1_ExploreVisualRoot/BottomNavigation/Nav_RELIQUIAS	4	803.40	162.80	OK	Canvas/HUD/VerticalUIRoot/VerticalSafeAreaRoot/ContentSlot/Dimension1Panel/D1_ExploreVisualRoot/BottomNavigation/Nav_RELIQUIAS	Canvas/HUD/VerticalUIRoot/VerticalSafeAreaRoot/ContentSlot/Dimension1Panel/D1_ExploreVisualRoot/BottomNavigation/Nav_RELIQUIAS
08_hangar_to_explore	1080	1920	Canvas/HUD/VerticalUIRoot/VerticalSafeAreaRoot/ContentSlot/Dimension1Panel/D1_ExploreVisualRoot/ActiveExpedition/Next	0	718.00	420.00	OK	Canvas/HUD/VerticalUIRoot/VerticalSafeAreaRoot/ContentSlot/Dimension1Panel/D1_ExploreVisualRoot/ActiveExpedition/Next	Canvas/HUD/VerticalUIRoot/VerticalSafeAreaRoot/ContentSlot/Dimension1Panel/D1_ExploreVisualRoot/ActiveExpedition/Next
08_hangar_to_explore	1080	1920	Canvas/HUD/VerticalUIRoot/VerticalSafeAreaRoot/ContentSlot/Dimension1Panel/D1_ExploreVisualRoot/ActiveExpedition/Next	1	696.40	398.40	OK	Canvas/HUD/VerticalUIRoot/VerticalSafeAreaRoot/ContentSlot/Dimension1Panel/D1_ExploreVisualRoot/ActiveExpedition/Next	Canvas/HUD/VerticalUIRoot/VerticalSafeAreaRoot/ContentSlot/Dimension1Panel/D1_ExploreVisualRoot/ActiveExpedition/Next
08_hangar_to_explore	1080	1920	Canvas/HUD/VerticalUIRoot/VerticalSafeAreaRoot/ContentSlot/Dimension1Panel/D1_ExploreVisualRoot/ActiveExpedition/Next	2	739.60	398.40	OK	Canvas/HUD/VerticalUIRoot/VerticalSafeAreaRoot/ContentSlot/Dimension1Panel/D1_ExploreVisualRoot/ActiveExpedition/Next	Canvas/HUD/VerticalUIRoot/VerticalSafeAreaRoot/ContentSlot/Dimension1Panel/D1_ExploreVisualRoot/ActiveExpedition/Next
08_hangar_to_explore	1080	1920	Canvas/HUD/VerticalUIRoot/VerticalSafeAreaRoot/ContentSlot/Dimension1Panel/D1_ExploreVisualRoot/ActiveExpedition/Next	3	696.40	441.60	OK	Canvas/HUD/VerticalUIRoot/VerticalSafeAreaRoot/ContentSlot/Dimension1Panel/D1_ExploreVisualRoot/ActiveExpedition/Next	Canvas/HUD/VerticalUIRoot/VerticalSafeAreaRoot/ContentSlot/Dimension1Panel/D1_ExploreVisualRoot/ActiveExpedition/Next
08_hangar_to_explore	1080	1920	Canvas/HUD/VerticalUIRoot/VerticalSafeAreaRoot/ContentSlot/Dimension1Panel/D1_ExploreVisualRoot/ActiveExpedition/Next	4	739.60	441.60	OK	Canvas/HUD/VerticalUIRoot/VerticalSafeAreaRoot/ContentSlot/Dimension1Panel/D1_ExploreVisualRoot/ActiveExpedition/Next	Canvas/HUD/VerticalUIRoot/VerticalSafeAreaRoot/ContentSlot/Dimension1Panel/D1_ExploreVisualRoot/ActiveExpedition/Next
08_hangar_to_explore	1080	1920	Canvas/HUD/VerticalUIRoot/VerticalSafeAreaRoot/ContentSlot/Dimension1Panel/D1_ExploreVisualRoot/ShipPanel/Previous	0	398.00	717.00	OK	Canvas/HUD/VerticalUIRoot/VerticalSafeAreaRoot/ContentSlot/Dimension1Panel/D1_ExploreVisualRoot/ShipPanel/Previous	Canvas/HUD/VerticalUIRoot/VerticalSafeAreaRoot/ContentSlot/Dimension1Panel/D1_ExploreVisualRoot/ShipPanel/Previous
08_hangar_to_explore	1080	1920	Canvas/HUD/VerticalUIRoot/VerticalSafeAreaRoot/ContentSlot/Dimension1Panel/D1_ExploreVisualRoot/ShipPanel/Previous	1	376.40	695.40	OK	Canvas/HUD/VerticalUIRoot/VerticalSafeAreaRoot/ContentSlot/Dimension1Panel/D1_ExploreVisualRoot/ShipPanel/Previous	Canvas/HUD/VerticalUIRoot/VerticalSafeAreaRoot/ContentSlot/Dimension1Panel/D1_ExploreVisualRoot/ShipPanel/Previous
08_hangar_to_explore	1080	1920	Canvas/HUD/VerticalUIRoot/VerticalSafeAreaRoot/ContentSlot/Dimension1Panel/D1_ExploreVisualRoot/ShipPanel/Previous	2	419.60	695.40	OK	Canvas/HUD/VerticalUIRoot/VerticalSafeAreaRoot/ContentSlot/Dimension1Panel/D1_ExploreVisualRoot/ShipPanel/Previous	Canvas/HUD/VerticalUIRoot/VerticalSafeAreaRoot/ContentSlot/Dimension1Panel/D1_ExploreVisualRoot/ShipPanel/Previous
08_hangar_to_explore	1080	1920	Canvas/HUD/VerticalUIRoot/VerticalSafeAreaRoot/ContentSlot/Dimension1Panel/D1_ExploreVisualRoot/ShipPanel/Previous	3	376.40	738.60	OK	Canvas/HUD/VerticalUIRoot/VerticalSafeAreaRoot/ContentSlot/Dimension1Panel/D1_ExploreVisualRoot/ShipPanel/Previous	Canvas/HUD/VerticalUIRoot/VerticalSafeAreaRoot/ContentSlot/Dimension1Panel/D1_ExploreVisualRoot/ShipPanel/Previous
08_hangar_to_explore	1080	1920	Canvas/HUD/VerticalUIRoot/VerticalSafeAreaRoot/ContentSlot/Dimension1Panel/D1_ExploreVisualRoot/ShipPanel/Previous	4	419.60	738.60	OK	Canvas/HUD/VerticalUIRoot/VerticalSafeAreaRoot/ContentSlot/Dimension1Panel/D1_ExploreVisualRoot/ShipPanel/Previous	Canvas/HUD/VerticalUIRoot/VerticalSafeAreaRoot/ContentSlot/Dimension1Panel/D1_ExploreVisualRoot/ShipPanel/Previous
08_hangar_to_explore	1080	1920	Canvas/HUD/VerticalUIRoot/VerticalSafeAreaRoot/ContentSlot/Dimension1Panel/D1_ExploreVisualRoot/ModePanel/CoordinatedMode	0	772.00	575.00	OK	Canvas/HUD/VerticalUIRoot/VerticalSafeAreaRoot/ContentSlot/Dimension1Panel/D1_ExploreVisualRoot/ModePanel/CoordinatedMode	Canvas/HUD/VerticalUIRoot/VerticalSafeAreaRoot/ContentSlot/Dimension1Panel/D1_ExploreVisualRoot/ModePanel/CoordinatedMode
08_hangar_to_explore	1080	1920	Canvas/HUD/VerticalUIRoot/VerticalSafeAreaRoot/ContentSlot/Dimension1Panel/D1_ExploreVisualRoot/ModePanel/CoordinatedMode	1	640.00	551.60	OK	Canvas/HUD/VerticalUIRoot/VerticalSafeAreaRoot/ContentSlot/Dimension1Panel/D1_ExploreVisualRoot/ModePanel/CoordinatedMode	Canvas/HUD/VerticalUIRoot/VerticalSafeAreaRoot/ContentSlot/Dimension1Panel/D1_ExploreVisualRoot/ModePanel/CoordinatedMode
08_hangar_to_explore	1080	1920	Canvas/HUD/VerticalUIRoot/VerticalSafeAreaRoot/ContentSlot/Dimension1Panel/D1_ExploreVisualRoot/ModePanel/CoordinatedMode	2	904.00	551.60	OK	Canvas/HUD/VerticalUIRoot/VerticalSafeAreaRoot/ContentSlot/Dimension1Panel/D1_ExploreVisualRoot/ModePanel/CoordinatedMode	Canvas/HUD/VerticalUIRoot/VerticalSafeAreaRoot/ContentSlot/Dimension1Panel/D1_ExploreVisualRoot/ModePanel/CoordinatedMode
08_hangar_to_explore	1080	1920	Canvas/HUD/VerticalUIRoot/VerticalSafeAreaRoot/ContentSlot/Dimension1Panel/D1_ExploreVisualRoot/ModePanel/CoordinatedMode	3	640.00	598.40	OK	Canvas/HUD/VerticalUIRoot/VerticalSafeAreaRoot/ContentSlot/Dimension1Panel/D1_ExploreVisualRoot/ModePanel/CoordinatedMode	Canvas/HUD/VerticalUIRoot/VerticalSafeAreaRoot/ContentSlot/Dimension1Panel/D1_ExploreVisualRoot/ModePanel/CoordinatedMode
08_hangar_to_explore	1080	1920	Canvas/HUD/VerticalUIRoot/VerticalSafeAreaRoot/ContentSlot/Dimension1Panel/D1_ExploreVisualRoot/ModePanel/CoordinatedMode	4	904.00	598.40	OK	Canvas/HUD/VerticalUIRoot/VerticalSafeAreaRoot/ContentSlot/Dimension1Panel/D1_ExploreVisualRoot/ModePanel/CoordinatedMode	Canvas/HUD/VerticalUIRoot/VerticalSafeAreaRoot/ContentSlot/Dimension1Panel/D1_ExploreVisualRoot/ModePanel/CoordinatedMode
08_hangar_to_explore	1080	1920	Canvas/HUD/VerticalUIRoot/VerticalSafeAreaRoot/ContentSlot/Dimension1Panel/D1_ExploreVisualRoot/SupportPanel/Next	0	976.00	717.00	OK	Canvas/HUD/VerticalUIRoot/VerticalSafeAreaRoot/ContentSlot/Dimension1Panel/D1_ExploreVisualRoot/SupportPanel/Next	Canvas/HUD/VerticalUIRoot/VerticalSafeAreaRoot/ContentSlot/Dimension1Panel/D1_ExploreVisualRoot/SupportPanel/Next
08_hangar_to_explore	1080	1920	Canvas/HUD/VerticalUIRoot/VerticalSafeAreaRoot/ContentSlot/Dimension1Panel/D1_ExploreVisualRoot/SupportPanel/Next	1	954.40	695.40	OK	Canvas/HUD/VerticalUIRoot/VerticalSafeAreaRoot/ContentSlot/Dimension1Panel/D1_ExploreVisualRoot/SupportPanel/Next	Canvas/HUD/VerticalUIRoot/VerticalSafeAreaRoot/ContentSlot/Dimension1Panel/D1_ExploreVisualRoot/SupportPanel/Next
08_hangar_to_explore	1080	1920	Canvas/HUD/VerticalUIRoot/VerticalSafeAreaRoot/ContentSlot/Dimension1Panel/D1_ExploreVisualRoot/SupportPanel/Next	2	997.60	695.40	OK	Canvas/HUD/VerticalUIRoot/VerticalSafeAreaRoot/ContentSlot/Dimension1Panel/D1_ExploreVisualRoot/SupportPanel/Next	Canvas/HUD/VerticalUIRoot/VerticalSafeAreaRoot/ContentSlot/Dimension1Panel/D1_ExploreVisualRoot/SupportPanel/Next
08_hangar_to_explore	1080	1920	Canvas/HUD/VerticalUIRoot/VerticalSafeAreaRoot/ContentSlot/Dimension1Panel/D1_ExploreVisualRoot/SupportPanel/Next	3	954.40	738.60	OK	Canvas/HUD/VerticalUIRoot/VerticalSafeAreaRoot/ContentSlot/Dimension1Panel/D1_ExploreVisualRoot/SupportPanel/Next	Canvas/HUD/VerticalUIRoot/VerticalSafeAreaRoot/ContentSlot/Dimension1Panel/D1_ExploreVisualRoot/SupportPanel/Next
08_hangar_to_explore	1080	1920	Canvas/HUD/VerticalUIRoot/VerticalSafeAreaRoot/ContentSlot/Dimension1Panel/D1_ExploreVisualRoot/SupportPanel/Next	4	997.60	738.60	OK	Canvas/HUD/VerticalUIRoot/VerticalSafeAreaRoot/ContentSlot/Dimension1Panel/D1_ExploreVisualRoot/SupportPanel/Next	Canvas/HUD/VerticalUIRoot/VerticalSafeAreaRoot/ContentSlot/Dimension1Panel/D1_ExploreVisualRoot/SupportPanel/Next
08_hangar_to_explore	1080	1920	Canvas/HUD/VerticalUIRoot/VerticalSafeAreaRoot/ContentSlot/Dimension1Panel/D1_ExploreVisualRoot/ExplorationRecord	0	832.00	281.00	OK	Canvas/HUD/VerticalUIRoot/VerticalSafeAreaRoot/ContentSlot/Dimension1Panel/D1_ExploreVisualRoot/ExplorationRecord	Canvas/HUD/VerticalUIRoot/VerticalSafeAreaRoot/ContentSlot/Dimension1Panel/D1_ExploreVisualRoot/ExplorationRecord
08_hangar_to_explore	1080	1920	Canvas/HUD/VerticalUIRoot/VerticalSafeAreaRoot/ContentSlot/Dimension1Panel/D1_ExploreVisualRoot/ExplorationRecord	1	721.60	244.40	OK	Canvas/HUD/VerticalUIRoot/VerticalSafeAreaRoot/ContentSlot/Dimension1Panel/D1_ExploreVisualRoot/ExplorationRecord	Canvas/HUD/VerticalUIRoot/VerticalSafeAreaRoot/ContentSlot/Dimension1Panel/D1_ExploreVisualRoot/ExplorationRecord
08_hangar_to_explore	1080	1920	Canvas/HUD/VerticalUIRoot/VerticalSafeAreaRoot/ContentSlot/Dimension1Panel/D1_ExploreVisualRoot/ExplorationRecord	2	942.40	244.40	OK	Canvas/HUD/VerticalUIRoot/VerticalSafeAreaRoot/ContentSlot/Dimension1Panel/D1_ExploreVisualRoot/ExplorationRecord	Canvas/HUD/VerticalUIRoot/VerticalSafeAreaRoot/ContentSlot/Dimension1Panel/D1_ExploreVisualRoot/ExplorationRecord
08_hangar_to_explore	1080	1920	Canvas/HUD/VerticalUIRoot/VerticalSafeAreaRoot/ContentSlot/Dimension1Panel/D1_ExploreVisualRoot/ExplorationRecord	3	721.60	317.60	OK	Canvas/HUD/VerticalUIRoot/VerticalSafeAreaRoot/ContentSlot/Dimension1Panel/D1_ExploreVisualRoot/ExplorationRecord	Canvas/HUD/VerticalUIRoot/VerticalSafeAreaRoot/ContentSlot/Dimension1Panel/D1_ExploreVisualRoot/ExplorationRecord
08_hangar_to_explore	1080	1920	Canvas/HUD/VerticalUIRoot/VerticalSafeAreaRoot/ContentSlot/Dimension1Panel/D1_ExploreVisualRoot/ExplorationRecord	4	942.40	317.60	OK	Canvas/HUD/VerticalUIRoot/VerticalSafeAreaRoot/ContentSlot/Dimension1Panel/D1_ExploreVisualRoot/ExplorationRecord	Canvas/HUD/VerticalUIRoot/VerticalSafeAreaRoot/ContentSlot/Dimension1Panel/D1_ExploreVisualRoot/ExplorationRecord
08_hangar_to_explore	1080	1920	Canvas/HUD/VerticalUIRoot/VerticalSafeAreaRoot/ContentSlot/Dimension1Panel/D1_ExploreVisualRoot/BottomNavigation/Nav_ÁRBOL	0	951.00	110.00	OK	Canvas/HUD/VerticalUIRoot/VerticalSafeAreaRoot/ContentSlot/Dimension1Panel/D1_ExploreVisualRoot/BottomNavigation/Nav_ÁRBOL	Canvas/HUD/VerticalUIRoot/VerticalSafeAreaRoot/ContentSlot/Dimension1Panel/D1_ExploreVisualRoot/BottomNavigation/Nav_ÁRBOL
08_hangar_to_explore	1080	1920	Canvas/HUD/VerticalUIRoot/VerticalSafeAreaRoot/ContentSlot/Dimension1Panel/D1_ExploreVisualRoot/BottomNavigation/Nav_ÁRBOL	1	891.60	57.20	OK	Canvas/HUD/VerticalUIRoot/VerticalSafeAreaRoot/ContentSlot/Dimension1Panel/D1_ExploreVisualRoot/BottomNavigation/Nav_ÁRBOL	Canvas/HUD/VerticalUIRoot/VerticalSafeAreaRoot/ContentSlot/Dimension1Panel/D1_ExploreVisualRoot/BottomNavigation/Nav_ÁRBOL
08_hangar_to_explore	1080	1920	Canvas/HUD/VerticalUIRoot/VerticalSafeAreaRoot/ContentSlot/Dimension1Panel/D1_ExploreVisualRoot/BottomNavigation/Nav_ÁRBOL	2	1010.40	57.20	OK	Canvas/HUD/VerticalUIRoot/VerticalSafeAreaRoot/ContentSlot/Dimension1Panel/D1_ExploreVisualRoot/BottomNavigation/Nav_ÁRBOL	Canvas/HUD/VerticalUIRoot/VerticalSafeAreaRoot/ContentSlot/Dimension1Panel/D1_ExploreVisualRoot/BottomNavigation/Nav_ÁRBOL
08_hangar_to_explore	1080	1920	Canvas/HUD/VerticalUIRoot/VerticalSafeAreaRoot/ContentSlot/Dimension1Panel/D1_ExploreVisualRoot/BottomNavigation/Nav_ÁRBOL	3	891.60	162.80	OK	Canvas/HUD/VerticalUIRoot/VerticalSafeAreaRoot/ContentSlot/Dimension1Panel/D1_ExploreVisualRoot/BottomNavigation/Nav_ÁRBOL	Canvas/HUD/VerticalUIRoot/VerticalSafeAreaRoot/ContentSlot/Dimension1Panel/D1_ExploreVisualRoot/BottomNavigation/Nav_ÁRBOL
08_hangar_to_explore	1080	1920	Canvas/HUD/VerticalUIRoot/VerticalSafeAreaRoot/ContentSlot/Dimension1Panel/D1_ExploreVisualRoot/BottomNavigation/Nav_ÁRBOL	4	1010.40	162.80	OK	Canvas/HUD/VerticalUIRoot/VerticalSafeAreaRoot/ContentSlot/Dimension1Panel/D1_ExploreVisualRoot/BottomNavigation/Nav_ÁRBOL	Canvas/HUD/VerticalUIRoot/VerticalSafeAreaRoot/ContentSlot/Dimension1Panel/D1_ExploreVisualRoot/BottomNavigation/Nav_ÁRBOL
08_hangar_to_explore	1080	1920	Canvas/HUD/VerticalUIRoot/VerticalSafeAreaRoot/ContentSlot/Dimension1Panel/D1_ExploreVisualRoot/SupportPanel/Previous	0	890.00	717.00	OK	Canvas/HUD/VerticalUIRoot/VerticalSafeAreaRoot/ContentSlot/Dimension1Panel/D1_ExploreVisualRoot/SupportPanel/Previous	Canvas/HUD/VerticalUIRoot/VerticalSafeAreaRoot/ContentSlot/Dimension1Panel/D1_ExploreVisualRoot/SupportPanel/Previous
08_hangar_to_explore	1080	1920	Canvas/HUD/VerticalUIRoot/VerticalSafeAreaRoot/ContentSlot/Dimension1Panel/D1_ExploreVisualRoot/SupportPanel/Previous	1	868.40	695.40	OK	Canvas/HUD/VerticalUIRoot/VerticalSafeAreaRoot/ContentSlot/Dimension1Panel/D1_ExploreVisualRoot/SupportPanel/Previous	Canvas/HUD/VerticalUIRoot/VerticalSafeAreaRoot/ContentSlot/Dimension1Panel/D1_ExploreVisualRoot/SupportPanel/Previous
08_hangar_to_explore	1080	1920	Canvas/HUD/VerticalUIRoot/VerticalSafeAreaRoot/ContentSlot/Dimension1Panel/D1_ExploreVisualRoot/SupportPanel/Previous	2	911.60	695.40	OK	Canvas/HUD/VerticalUIRoot/VerticalSafeAreaRoot/ContentSlot/Dimension1Panel/D1_ExploreVisualRoot/SupportPanel/Previous	Canvas/HUD/VerticalUIRoot/VerticalSafeAreaRoot/ContentSlot/Dimension1Panel/D1_ExploreVisualRoot/SupportPanel/Previous
08_hangar_to_explore	1080	1920	Canvas/HUD/VerticalUIRoot/VerticalSafeAreaRoot/ContentSlot/Dimension1Panel/D1_ExploreVisualRoot/SupportPanel/Previous	3	868.40	738.60	OK	Canvas/HUD/VerticalUIRoot/VerticalSafeAreaRoot/ContentSlot/Dimension1Panel/D1_ExploreVisualRoot/SupportPanel/Previous	Canvas/HUD/VerticalUIRoot/VerticalSafeAreaRoot/ContentSlot/Dimension1Panel/D1_ExploreVisualRoot/SupportPanel/Previous
08_hangar_to_explore	1080	1920	Canvas/HUD/VerticalUIRoot/VerticalSafeAreaRoot/ContentSlot/Dimension1Panel/D1_ExploreVisualRoot/SupportPanel/Previous	4	911.60	738.60	OK	Canvas/HUD/VerticalUIRoot/VerticalSafeAreaRoot/ContentSlot/Dimension1Panel/D1_ExploreVisualRoot/SupportPanel/Previous	Canvas/HUD/VerticalUIRoot/VerticalSafeAreaRoot/ContentSlot/Dimension1Panel/D1_ExploreVisualRoot/SupportPanel/Previous
08_hangar_to_explore	1080	1920	Canvas/HUD/VerticalUIRoot/VerticalSafeAreaRoot/ContentSlot/Dimension1Panel/D1_ExploreVisualRoot/ShipPanel/Next	0	484.00	717.00	OK	Canvas/HUD/VerticalUIRoot/VerticalSafeAreaRoot/ContentSlot/Dimension1Panel/D1_ExploreVisualRoot/ShipPanel/Next	Canvas/HUD/VerticalUIRoot/VerticalSafeAreaRoot/ContentSlot/Dimension1Panel/D1_ExploreVisualRoot/ShipPanel/Next
08_hangar_to_explore	1080	1920	Canvas/HUD/VerticalUIRoot/VerticalSafeAreaRoot/ContentSlot/Dimension1Panel/D1_ExploreVisualRoot/ShipPanel/Next	1	462.40	695.40	OK	Canvas/HUD/VerticalUIRoot/VerticalSafeAreaRoot/ContentSlot/Dimension1Panel/D1_ExploreVisualRoot/ShipPanel/Next	Canvas/HUD/VerticalUIRoot/VerticalSafeAreaRoot/ContentSlot/Dimension1Panel/D1_ExploreVisualRoot/ShipPanel/Next
08_hangar_to_explore	1080	1920	Canvas/HUD/VerticalUIRoot/VerticalSafeAreaRoot/ContentSlot/Dimension1Panel/D1_ExploreVisualRoot/ShipPanel/Next	2	505.60	695.40	OK	Canvas/HUD/VerticalUIRoot/VerticalSafeAreaRoot/ContentSlot/Dimension1Panel/D1_ExploreVisualRoot/ShipPanel/Next	Canvas/HUD/VerticalUIRoot/VerticalSafeAreaRoot/ContentSlot/Dimension1Panel/D1_ExploreVisualRoot/ShipPanel/Next
08_hangar_to_explore	1080	1920	Canvas/HUD/VerticalUIRoot/VerticalSafeAreaRoot/ContentSlot/Dimension1Panel/D1_ExploreVisualRoot/ShipPanel/Next	3	462.40	738.60	OK	Canvas/HUD/VerticalUIRoot/VerticalSafeAreaRoot/ContentSlot/Dimension1Panel/D1_ExploreVisualRoot/ShipPanel/Next	Canvas/HUD/VerticalUIRoot/VerticalSafeAreaRoot/ContentSlot/Dimension1Panel/D1_ExploreVisualRoot/ShipPanel/Next
08_hangar_to_explore	1080	1920	Canvas/HUD/VerticalUIRoot/VerticalSafeAreaRoot/ContentSlot/Dimension1Panel/D1_ExploreVisualRoot/ShipPanel/Next	4	505.60	738.60	OK	Canvas/HUD/VerticalUIRoot/VerticalSafeAreaRoot/ContentSlot/Dimension1Panel/D1_ExploreVisualRoot/ShipPanel/Next	Canvas/HUD/VerticalUIRoot/VerticalSafeAreaRoot/ContentSlot/Dimension1Panel/D1_ExploreVisualRoot/ShipPanel/Next
08_hangar_to_explore	1080	1920	Canvas/HUD/VerticalUIRoot/VerticalSafeAreaRoot/ContentSlot/Dimension1Panel/D1_ExploreVisualRoot/DestinationPanel/OpenDetails	0	918.00	1218.00	OK	Canvas/HUD/VerticalUIRoot/VerticalSafeAreaRoot/ContentSlot/Dimension1Panel/D1_ExploreVisualRoot/DestinationPanel/OpenDetails	Canvas/HUD/VerticalUIRoot/VerticalSafeAreaRoot/ContentSlot/Dimension1Panel/D1_ExploreVisualRoot/DestinationPanel/OpenDetails
08_hangar_to_explore	1080	1920	Canvas/HUD/VerticalUIRoot/VerticalSafeAreaRoot/ContentSlot/Dimension1Panel/D1_ExploreVisualRoot/DestinationPanel/OpenDetails	1	876.00	1200.60	OK	Canvas/HUD/VerticalUIRoot/VerticalSafeAreaRoot/ContentSlot/Dimension1Panel/D1_ExploreVisualRoot/DestinationPanel/OpenDetails	Canvas/HUD/VerticalUIRoot/VerticalSafeAreaRoot/ContentSlot/Dimension1Panel/D1_ExploreVisualRoot/DestinationPanel/OpenDetails
08_hangar_to_explore	1080	1920	Canvas/HUD/VerticalUIRoot/VerticalSafeAreaRoot/ContentSlot/Dimension1Panel/D1_ExploreVisualRoot/DestinationPanel/OpenDetails	2	960.00	1200.60	OK	Canvas/HUD/VerticalUIRoot/VerticalSafeAreaRoot/ContentSlot/Dimension1Panel/D1_ExploreVisualRoot/DestinationPanel/OpenDetails	Canvas/HUD/VerticalUIRoot/VerticalSafeAreaRoot/ContentSlot/Dimension1Panel/D1_ExploreVisualRoot/DestinationPanel/OpenDetails
08_hangar_to_explore	1080	1920	Canvas/HUD/VerticalUIRoot/VerticalSafeAreaRoot/ContentSlot/Dimension1Panel/D1_ExploreVisualRoot/DestinationPanel/OpenDetails	3	876.00	1235.40	OK	Canvas/HUD/VerticalUIRoot/VerticalSafeAreaRoot/ContentSlot/Dimension1Panel/D1_ExploreVisualRoot/DestinationPanel/OpenDetails	Canvas/HUD/VerticalUIRoot/VerticalSafeAreaRoot/ContentSlot/Dimension1Panel/D1_ExploreVisualRoot/DestinationPanel/OpenDetails
08_hangar_to_explore	1080	1920	Canvas/HUD/VerticalUIRoot/VerticalSafeAreaRoot/ContentSlot/Dimension1Panel/D1_ExploreVisualRoot/DestinationPanel/OpenDetails	4	960.00	1235.40	OK	Canvas/HUD/VerticalUIRoot/VerticalSafeAreaRoot/ContentSlot/Dimension1Panel/D1_ExploreVisualRoot/DestinationPanel/OpenDetails	Canvas/HUD/VerticalUIRoot/VerticalSafeAreaRoot/ContentSlot/Dimension1Panel/D1_ExploreVisualRoot/DestinationPanel/OpenDetails
08_hangar_to_explore	1080	1920	Canvas/HUD/VerticalUIRoot/VerticalSafeAreaRoot/ContentSlot/Dimension1Panel/D1_ExploreVisualRoot/ModePanel/SimpleMode	0	306.00	575.00	OK	Canvas/HUD/VerticalUIRoot/VerticalSafeAreaRoot/ContentSlot/Dimension1Panel/D1_ExploreVisualRoot/ModePanel/SimpleMode	Canvas/HUD/VerticalUIRoot/VerticalSafeAreaRoot/ContentSlot/Dimension1Panel/D1_ExploreVisualRoot/ModePanel/SimpleMode
08_hangar_to_explore	1080	1920	Canvas/HUD/VerticalUIRoot/VerticalSafeAreaRoot/ContentSlot/Dimension1Panel/D1_ExploreVisualRoot/ModePanel/SimpleMode	1	174.00	551.60	OK	Canvas/HUD/VerticalUIRoot/VerticalSafeAreaRoot/ContentSlot/Dimension1Panel/D1_ExploreVisualRoot/ModePanel/SimpleMode	Canvas/HUD/VerticalUIRoot/VerticalSafeAreaRoot/ContentSlot/Dimension1Panel/D1_ExploreVisualRoot/ModePanel/SimpleMode
08_hangar_to_explore	1080	1920	Canvas/HUD/VerticalUIRoot/VerticalSafeAreaRoot/ContentSlot/Dimension1Panel/D1_ExploreVisualRoot/ModePanel/SimpleMode	2	438.00	551.60	OK	Canvas/HUD/VerticalUIRoot/VerticalSafeAreaRoot/ContentSlot/Dimension1Panel/D1_ExploreVisualRoot/ModePanel/SimpleMode	Canvas/HUD/VerticalUIRoot/VerticalSafeAreaRoot/ContentSlot/Dimension1Panel/D1_ExploreVisualRoot/ModePanel/SimpleMode
08_hangar_to_explore	1080	1920	Canvas/HUD/VerticalUIRoot/VerticalSafeAreaRoot/ContentSlot/Dimension1Panel/D1_ExploreVisualRoot/ModePanel/SimpleMode	3	174.00	598.40	OK	Canvas/HUD/VerticalUIRoot/VerticalSafeAreaRoot/ContentSlot/Dimension1Panel/D1_ExploreVisualRoot/ModePanel/SimpleMode	Canvas/HUD/VerticalUIRoot/VerticalSafeAreaRoot/ContentSlot/Dimension1Panel/D1_ExploreVisualRoot/ModePanel/SimpleMode
08_hangar_to_explore	1080	1920	Canvas/HUD/VerticalUIRoot/VerticalSafeAreaRoot/ContentSlot/Dimension1Panel/D1_ExploreVisualRoot/ModePanel/SimpleMode	4	438.00	598.40	OK	Canvas/HUD/VerticalUIRoot/VerticalSafeAreaRoot/ContentSlot/Dimension1Panel/D1_ExploreVisualRoot/ModePanel/SimpleMode	Canvas/HUD/VerticalUIRoot/VerticalSafeAreaRoot/ContentSlot/Dimension1Panel/D1_ExploreVisualRoot/ModePanel/SimpleMode
08_hangar_to_explore	1080	1920	Canvas/HUD/VerticalUIRoot/VerticalSafeAreaRoot/ContentSlot/Dimension1Panel/OpenRelicChamberPanelButton	0	1240.00	1476.00	OFFSCREEN	<none>	<none>
08_hangar_to_explore	1080	1920	Canvas/HUD/VerticalUIRoot/VerticalSafeAreaRoot/ContentSlot/Dimension1Panel/OpenRelicChamberPanelButton	1	1192.00	1467.00	OFFSCREEN	<none>	<none>
08_hangar_to_explore	1080	1920	Canvas/HUD/VerticalUIRoot/VerticalSafeAreaRoot/ContentSlot/Dimension1Panel/OpenRelicChamberPanelButton	2	1288.00	1467.00	OFFSCREEN	<none>	<none>
08_hangar_to_explore	1080	1920	Canvas/HUD/VerticalUIRoot/VerticalSafeAreaRoot/ContentSlot/Dimension1Panel/OpenRelicChamberPanelButton	3	1192.00	1485.00	OFFSCREEN	<none>	<none>
08_hangar_to_explore	1080	1920	Canvas/HUD/VerticalUIRoot/VerticalSafeAreaRoot/ContentSlot/Dimension1Panel/OpenRelicChamberPanelButton	4	1288.00	1485.00	OFFSCREEN	<none>	<none>
08_hangar_to_explore	1080	1920	Canvas/HUD/VerticalUIRoot/VerticalSafeAreaRoot/ContentSlot/Dimension1Panel/D1_ExploreVisualRoot/StartExpedition	0	334.00	281.00	OK	Canvas/HUD/VerticalUIRoot/VerticalSafeAreaRoot/ContentSlot/Dimension1Panel/D1_ExploreVisualRoot/StartExpedition	Canvas/HUD/VerticalUIRoot/VerticalSafeAreaRoot/ContentSlot/Dimension1Panel/D1_ExploreVisualRoot/StartExpedition
08_hangar_to_explore	1080	1920	Canvas/HUD/VerticalUIRoot/VerticalSafeAreaRoot/ContentSlot/Dimension1Panel/D1_ExploreVisualRoot/StartExpedition	1	170.80	244.40	OK	Canvas/HUD/VerticalUIRoot/VerticalSafeAreaRoot/ContentSlot/Dimension1Panel/D1_ExploreVisualRoot/StartExpedition	Canvas/HUD/VerticalUIRoot/VerticalSafeAreaRoot/ContentSlot/Dimension1Panel/D1_ExploreVisualRoot/StartExpedition
08_hangar_to_explore	1080	1920	Canvas/HUD/VerticalUIRoot/VerticalSafeAreaRoot/ContentSlot/Dimension1Panel/D1_ExploreVisualRoot/StartExpedition	2	497.20	244.40	OK	Canvas/HUD/VerticalUIRoot/VerticalSafeAreaRoot/ContentSlot/Dimension1Panel/D1_ExploreVisualRoot/StartExpedition	Canvas/HUD/VerticalUIRoot/VerticalSafeAreaRoot/ContentSlot/Dimension1Panel/D1_ExploreVisualRoot/StartExpedition
08_hangar_to_explore	1080	1920	Canvas/HUD/VerticalUIRoot/VerticalSafeAreaRoot/ContentSlot/Dimension1Panel/D1_ExploreVisualRoot/StartExpedition	3	170.80	317.60	OK	Canvas/HUD/VerticalUIRoot/VerticalSafeAreaRoot/ContentSlot/Dimension1Panel/D1_ExploreVisualRoot/StartExpedition	Canvas/HUD/VerticalUIRoot/VerticalSafeAreaRoot/ContentSlot/Dimension1Panel/D1_ExploreVisualRoot/StartExpedition
08_hangar_to_explore	1080	1920	Canvas/HUD/VerticalUIRoot/VerticalSafeAreaRoot/ContentSlot/Dimension1Panel/D1_ExploreVisualRoot/StartExpedition	4	497.20	317.60	OK	Canvas/HUD/VerticalUIRoot/VerticalSafeAreaRoot/ContentSlot/Dimension1Panel/D1_ExploreVisualRoot/StartExpedition	Canvas/HUD/VerticalUIRoot/VerticalSafeAreaRoot/ContentSlot/Dimension1Panel/D1_ExploreVisualRoot/StartExpedition
08_hangar_to_explore	1080	1920	Canvas/HUD/VerticalUIRoot/VerticalSafeAreaRoot/ContentSlot/Dimension1Panel/OpenDimension1TreePanelButton	0	1240.00	1376.00	OFFSCREEN	<none>	<none>
08_hangar_to_explore	1080	1920	Canvas/HUD/VerticalUIRoot/VerticalSafeAreaRoot/ContentSlot/Dimension1Panel/OpenDimension1TreePanelButton	1	1192.00	1367.00	OFFSCREEN	<none>	<none>
08_hangar_to_explore	1080	1920	Canvas/HUD/VerticalUIRoot/VerticalSafeAreaRoot/ContentSlot/Dimension1Panel/OpenDimension1TreePanelButton	2	1288.00	1367.00	OFFSCREEN	<none>	<none>
08_hangar_to_explore	1080	1920	Canvas/HUD/VerticalUIRoot/VerticalSafeAreaRoot/ContentSlot/Dimension1Panel/OpenDimension1TreePanelButton	3	1192.00	1385.00	OFFSCREEN	<none>	<none>
08_hangar_to_explore	1080	1920	Canvas/HUD/VerticalUIRoot/VerticalSafeAreaRoot/ContentSlot/Dimension1Panel/OpenDimension1TreePanelButton	4	1288.00	1385.00	OFFSCREEN	<none>	<none>
08_hangar_to_explore	1080	1920	Canvas/HUD/VerticalUIRoot/VerticalSafeAreaRoot/ContentSlot/Dimension1Panel/D1_ExploreVisualRoot/BottomNavigation/Nav_HANGAR	0	537.00	110.00	OK	Canvas/HUD/VerticalUIRoot/VerticalSafeAreaRoot/ContentSlot/Dimension1Panel/D1_ExploreVisualRoot/BottomNavigation/Nav_HANGAR	Canvas/HUD/VerticalUIRoot/VerticalSafeAreaRoot/ContentSlot/Dimension1Panel/D1_ExploreVisualRoot/BottomNavigation/Nav_HANGAR
08_hangar_to_explore	1080	1920	Canvas/HUD/VerticalUIRoot/VerticalSafeAreaRoot/ContentSlot/Dimension1Panel/D1_ExploreVisualRoot/BottomNavigation/Nav_HANGAR	1	477.60	57.20	OK	Canvas/HUD/VerticalUIRoot/VerticalSafeAreaRoot/ContentSlot/Dimension1Panel/D1_ExploreVisualRoot/BottomNavigation/Nav_HANGAR	Canvas/HUD/VerticalUIRoot/VerticalSafeAreaRoot/ContentSlot/Dimension1Panel/D1_ExploreVisualRoot/BottomNavigation/Nav_HANGAR
08_hangar_to_explore	1080	1920	Canvas/HUD/VerticalUIRoot/VerticalSafeAreaRoot/ContentSlot/Dimension1Panel/D1_ExploreVisualRoot/BottomNavigation/Nav_HANGAR	2	596.40	57.20	OK	Canvas/HUD/VerticalUIRoot/VerticalSafeAreaRoot/ContentSlot/Dimension1Panel/D1_ExploreVisualRoot/BottomNavigation/Nav_HANGAR	Canvas/HUD/VerticalUIRoot/VerticalSafeAreaRoot/ContentSlot/Dimension1Panel/D1_ExploreVisualRoot/BottomNavigation/Nav_HANGAR
08_hangar_to_explore	1080	1920	Canvas/HUD/VerticalUIRoot/VerticalSafeAreaRoot/ContentSlot/Dimension1Panel/D1_ExploreVisualRoot/BottomNavigation/Nav_HANGAR	3	477.60	162.80	OK	Canvas/HUD/VerticalUIRoot/VerticalSafeAreaRoot/ContentSlot/Dimension1Panel/D1_ExploreVisualRoot/BottomNavigation/Nav_HANGAR	Canvas/HUD/VerticalUIRoot/VerticalSafeAreaRoot/ContentSlot/Dimension1Panel/D1_ExploreVisualRoot/BottomNavigation/Nav_HANGAR
08_hangar_to_explore	1080	1920	Canvas/HUD/VerticalUIRoot/VerticalSafeAreaRoot/ContentSlot/Dimension1Panel/D1_ExploreVisualRoot/BottomNavigation/Nav_HANGAR	4	596.40	162.80	OK	Canvas/HUD/VerticalUIRoot/VerticalSafeAreaRoot/ContentSlot/Dimension1Panel/D1_ExploreVisualRoot/BottomNavigation/Nav_HANGAR	Canvas/HUD/VerticalUIRoot/VerticalSafeAreaRoot/ContentSlot/Dimension1Panel/D1_ExploreVisualRoot/BottomNavigation/Nav_HANGAR
08_hangar_to_explore	1080	1920	Canvas/HUD/VerticalUIRoot/VerticalSafeAreaRoot/ContentSlot/Dimension1Panel/D1_ExploreVisualRoot/CommandCenter	0	112.00	1768.00	OK	Canvas/HUD/VerticalUIRoot/VerticalSafeAreaRoot/ContentSlot/Dimension1Panel/D1_ExploreVisualRoot/CommandCenter	Canvas/HUD/VerticalUIRoot/VerticalSafeAreaRoot/ContentSlot/Dimension1Panel/D1_ExploreVisualRoot/CommandCenter
08_hangar_to_explore	1080	1920	Canvas/HUD/VerticalUIRoot/VerticalSafeAreaRoot/ContentSlot/Dimension1Panel/D1_ExploreVisualRoot/CommandCenter	1	59.20	1738.00	OK	Canvas/HUD/VerticalUIRoot/VerticalSafeAreaRoot/ContentSlot/Dimension1Panel/D1_ExploreVisualRoot/CommandCenter	Canvas/HUD/VerticalUIRoot/VerticalSafeAreaRoot/ContentSlot/Dimension1Panel/D1_ExploreVisualRoot/CommandCenter
08_hangar_to_explore	1080	1920	Canvas/HUD/VerticalUIRoot/VerticalSafeAreaRoot/ContentSlot/Dimension1Panel/D1_ExploreVisualRoot/CommandCenter	2	164.80	1738.00	OK	Canvas/HUD/VerticalUIRoot/VerticalSafeAreaRoot/ContentSlot/Dimension1Panel/D1_ExploreVisualRoot/CommandCenter	Canvas/HUD/VerticalUIRoot/VerticalSafeAreaRoot/ContentSlot/Dimension1Panel/D1_ExploreVisualRoot/CommandCenter
08_hangar_to_explore	1080	1920	Canvas/HUD/VerticalUIRoot/VerticalSafeAreaRoot/ContentSlot/Dimension1Panel/D1_ExploreVisualRoot/CommandCenter	3	59.20	1798.00	OK	Canvas/HUD/VerticalUIRoot/VerticalSafeAreaRoot/ContentSlot/Dimension1Panel/D1_ExploreVisualRoot/CommandCenter	Canvas/HUD/VerticalUIRoot/VerticalSafeAreaRoot/ContentSlot/Dimension1Panel/D1_ExploreVisualRoot/CommandCenter
08_hangar_to_explore	1080	1920	Canvas/HUD/VerticalUIRoot/VerticalSafeAreaRoot/ContentSlot/Dimension1Panel/D1_ExploreVisualRoot/CommandCenter	4	164.80	1798.00	OK	Canvas/HUD/VerticalUIRoot/VerticalSafeAreaRoot/ContentSlot/Dimension1Panel/D1_ExploreVisualRoot/CommandCenter	Canvas/HUD/VerticalUIRoot/VerticalSafeAreaRoot/ContentSlot/Dimension1Panel/D1_ExploreVisualRoot/CommandCenter
08_hangar_to_explore	1080	1920	Canvas/HUD/VerticalUIRoot/VerticalSafeAreaRoot/ContentSlot/Dimension1Panel/OpenHangarPanelButton	0	1240.00	1426.00	OFFSCREEN	<none>	<none>
08_hangar_to_explore	1080	1920	Canvas/HUD/VerticalUIRoot/VerticalSafeAreaRoot/ContentSlot/Dimension1Panel/OpenHangarPanelButton	1	1192.00	1417.00	OFFSCREEN	<none>	<none>
08_hangar_to_explore	1080	1920	Canvas/HUD/VerticalUIRoot/VerticalSafeAreaRoot/ContentSlot/Dimension1Panel/OpenHangarPanelButton	2	1288.00	1417.00	OFFSCREEN	<none>	<none>
08_hangar_to_explore	1080	1920	Canvas/HUD/VerticalUIRoot/VerticalSafeAreaRoot/ContentSlot/Dimension1Panel/OpenHangarPanelButton	3	1192.00	1435.00	OFFSCREEN	<none>	<none>
08_hangar_to_explore	1080	1920	Canvas/HUD/VerticalUIRoot/VerticalSafeAreaRoot/ContentSlot/Dimension1Panel/OpenHangarPanelButton	4	1288.00	1435.00	OFFSCREEN	<none>	<none>
08_hangar_to_explore	1080	1920	Canvas/HUD/VerticalUIRoot/VerticalSafeAreaRoot/ContentSlot/Dimension1Panel/D1_ExploreVisualRoot/ActiveExpedition/Previous	0	632.00	420.00	OK	Canvas/HUD/VerticalUIRoot/VerticalSafeAreaRoot/ContentSlot/Dimension1Panel/D1_ExploreVisualRoot/ActiveExpedition/Previous	Canvas/HUD/VerticalUIRoot/VerticalSafeAreaRoot/ContentSlot/Dimension1Panel/D1_ExploreVisualRoot/ActiveExpedition/Previous
08_hangar_to_explore	1080	1920	Canvas/HUD/VerticalUIRoot/VerticalSafeAreaRoot/ContentSlot/Dimension1Panel/D1_ExploreVisualRoot/ActiveExpedition/Previous	1	610.40	398.40	OK	Canvas/HUD/VerticalUIRoot/VerticalSafeAreaRoot/ContentSlot/Dimension1Panel/D1_ExploreVisualRoot/ActiveExpedition/Previous	Canvas/HUD/VerticalUIRoot/VerticalSafeAreaRoot/ContentSlot/Dimension1Panel/D1_ExploreVisualRoot/ActiveExpedition/Previous
08_hangar_to_explore	1080	1920	Canvas/HUD/VerticalUIRoot/VerticalSafeAreaRoot/ContentSlot/Dimension1Panel/D1_ExploreVisualRoot/ActiveExpedition/Previous	2	653.60	398.40	OK	Canvas/HUD/VerticalUIRoot/VerticalSafeAreaRoot/ContentSlot/Dimension1Panel/D1_ExploreVisualRoot/ActiveExpedition/Previous	Canvas/HUD/VerticalUIRoot/VerticalSafeAreaRoot/ContentSlot/Dimension1Panel/D1_ExploreVisualRoot/ActiveExpedition/Previous
08_hangar_to_explore	1080	1920	Canvas/HUD/VerticalUIRoot/VerticalSafeAreaRoot/ContentSlot/Dimension1Panel/D1_ExploreVisualRoot/ActiveExpedition/Previous	3	610.40	441.60	OK	Canvas/HUD/VerticalUIRoot/VerticalSafeAreaRoot/ContentSlot/Dimension1Panel/D1_ExploreVisualRoot/ActiveExpedition/Previous	Canvas/HUD/VerticalUIRoot/VerticalSafeAreaRoot/ContentSlot/Dimension1Panel/D1_ExploreVisualRoot/ActiveExpedition/Previous
08_hangar_to_explore	1080	1920	Canvas/HUD/VerticalUIRoot/VerticalSafeAreaRoot/ContentSlot/Dimension1Panel/D1_ExploreVisualRoot/ActiveExpedition/Previous	4	653.60	441.60	OK	Canvas/HUD/VerticalUIRoot/VerticalSafeAreaRoot/ContentSlot/Dimension1Panel/D1_ExploreVisualRoot/ActiveExpedition/Previous	Canvas/HUD/VerticalUIRoot/VerticalSafeAreaRoot/ContentSlot/Dimension1Panel/D1_ExploreVisualRoot/ActiveExpedition/Previous
08_hangar_to_explore	1080	1920	Canvas/HUD/VerticalUIRoot/VerticalSafeAreaRoot/ContentSlot/Dimension1Panel/D1_ExploreVisualRoot/BottomNavigation/Nav_GALAXIA	0	123.00	110.00	OK	Canvas/HUD/VerticalUIRoot/VerticalSafeAreaRoot/ContentSlot/Dimension1Panel/D1_ExploreVisualRoot/BottomNavigation/Nav_GALAXIA	Canvas/HUD/VerticalUIRoot/VerticalSafeAreaRoot/ContentSlot/Dimension1Panel/D1_ExploreVisualRoot/BottomNavigation/Nav_GALAXIA
08_hangar_to_explore	1080	1920	Canvas/HUD/VerticalUIRoot/VerticalSafeAreaRoot/ContentSlot/Dimension1Panel/D1_ExploreVisualRoot/BottomNavigation/Nav_GALAXIA	1	63.60	57.20	OK	Canvas/HUD/VerticalUIRoot/VerticalSafeAreaRoot/ContentSlot/Dimension1Panel/D1_ExploreVisualRoot/BottomNavigation/Nav_GALAXIA	Canvas/HUD/VerticalUIRoot/VerticalSafeAreaRoot/ContentSlot/Dimension1Panel/D1_ExploreVisualRoot/BottomNavigation/Nav_GALAXIA
08_hangar_to_explore	1080	1920	Canvas/HUD/VerticalUIRoot/VerticalSafeAreaRoot/ContentSlot/Dimension1Panel/D1_ExploreVisualRoot/BottomNavigation/Nav_GALAXIA	2	182.40	57.20	OK	Canvas/HUD/VerticalUIRoot/VerticalSafeAreaRoot/ContentSlot/Dimension1Panel/D1_ExploreVisualRoot/BottomNavigation/Nav_GALAXIA	Canvas/HUD/VerticalUIRoot/VerticalSafeAreaRoot/ContentSlot/Dimension1Panel/D1_ExploreVisualRoot/BottomNavigation/Nav_GALAXIA
08_hangar_to_explore	1080	1920	Canvas/HUD/VerticalUIRoot/VerticalSafeAreaRoot/ContentSlot/Dimension1Panel/D1_ExploreVisualRoot/BottomNavigation/Nav_GALAXIA	3	63.60	162.80	OK	Canvas/HUD/VerticalUIRoot/VerticalSafeAreaRoot/ContentSlot/Dimension1Panel/D1_ExploreVisualRoot/BottomNavigation/Nav_GALAXIA	Canvas/HUD/VerticalUIRoot/VerticalSafeAreaRoot/ContentSlot/Dimension1Panel/D1_ExploreVisualRoot/BottomNavigation/Nav_GALAXIA
08_hangar_to_explore	1080	1920	Canvas/HUD/VerticalUIRoot/VerticalSafeAreaRoot/ContentSlot/Dimension1Panel/D1_ExploreVisualRoot/BottomNavigation/Nav_GALAXIA	4	182.40	162.80	OK	Canvas/HUD/VerticalUIRoot/VerticalSafeAreaRoot/ContentSlot/Dimension1Panel/D1_ExploreVisualRoot/BottomNavigation/Nav_GALAXIA	Canvas/HUD/VerticalUIRoot/VerticalSafeAreaRoot/ContentSlot/Dimension1Panel/D1_ExploreVisualRoot/BottomNavigation/Nav_GALAXIA
08_hangar_to_explore	1080	1920	Canvas/HUD/VerticalUIRoot/VerticalSafeAreaRoot/ContentSlot/Dimension1Panel/Registro	0	-60.00	1426.00	OFFSCREEN	<none>	<none>
08_hangar_to_explore	1080	1920	Canvas/HUD/VerticalUIRoot/VerticalSafeAreaRoot/ContentSlot/Dimension1Panel/Registro	1	-108.00	1417.00	OFFSCREEN	<none>	<none>
08_hangar_to_explore	1080	1920	Canvas/HUD/VerticalUIRoot/VerticalSafeAreaRoot/ContentSlot/Dimension1Panel/Registro	2	-12.00	1417.00	OFFSCREEN	<none>	<none>
08_hangar_to_explore	1080	1920	Canvas/HUD/VerticalUIRoot/VerticalSafeAreaRoot/ContentSlot/Dimension1Panel/Registro	3	-108.00	1435.00	OFFSCREEN	<none>	<none>
08_hangar_to_explore	1080	1920	Canvas/HUD/VerticalUIRoot/VerticalSafeAreaRoot/ContentSlot/Dimension1Panel/Registro	4	-12.00	1435.00	OFFSCREEN	<none>	<none>
08_hangar_to_explore	1080	1920	Canvas/HUD/VerticalUIRoot/VerticalSafeAreaRoot/ContentSlot/Dimension1Panel/D1_ExploreVisualRoot/ScannerPanel/ChangeSector	0	864.00	1567.00	OK	Canvas/HUD/VerticalUIRoot/VerticalSafeAreaRoot/ContentSlot/Dimension1Panel/D1_ExploreVisualRoot/ScannerPanel/ChangeSector	Canvas/HUD/VerticalUIRoot/VerticalSafeAreaRoot/ContentSlot/Dimension1Panel/D1_ExploreVisualRoot/ScannerPanel/ChangeSector
08_hangar_to_explore	1080	1920	Canvas/HUD/VerticalUIRoot/VerticalSafeAreaRoot/ContentSlot/Dimension1Panel/D1_ExploreVisualRoot/ScannerPanel/ChangeSector	1	794.40	1548.40	OK	Canvas/HUD/VerticalUIRoot/VerticalSafeAreaRoot/ContentSlot/Dimension1Panel/D1_ExploreVisualRoot/ScannerPanel/ChangeSector	Canvas/HUD/VerticalUIRoot/VerticalSafeAreaRoot/ContentSlot/Dimension1Panel/D1_ExploreVisualRoot/ScannerPanel/ChangeSector
08_hangar_to_explore	1080	1920	Canvas/HUD/VerticalUIRoot/VerticalSafeAreaRoot/ContentSlot/Dimension1Panel/D1_ExploreVisualRoot/ScannerPanel/ChangeSector	2	933.60	1548.40	OK	Canvas/HUD/VerticalUIRoot/VerticalSafeAreaRoot/ContentSlot/Dimension1Panel/D1_ExploreVisualRoot/ScannerPanel/ChangeSector	Canvas/HUD/VerticalUIRoot/VerticalSafeAreaRoot/ContentSlot/Dimension1Panel/D1_ExploreVisualRoot/ScannerPanel/ChangeSector
08_hangar_to_explore	1080	1920	Canvas/HUD/VerticalUIRoot/VerticalSafeAreaRoot/ContentSlot/Dimension1Panel/D1_ExploreVisualRoot/ScannerPanel/ChangeSector	3	794.40	1585.60	OK	Canvas/HUD/VerticalUIRoot/VerticalSafeAreaRoot/ContentSlot/Dimension1Panel/D1_ExploreVisualRoot/ScannerPanel/ChangeSector	Canvas/HUD/VerticalUIRoot/VerticalSafeAreaRoot/ContentSlot/Dimension1Panel/D1_ExploreVisualRoot/ScannerPanel/ChangeSector
08_hangar_to_explore	1080	1920	Canvas/HUD/VerticalUIRoot/VerticalSafeAreaRoot/ContentSlot/Dimension1Panel/D1_ExploreVisualRoot/ScannerPanel/ChangeSector	4	933.60	1585.60	OK	Canvas/HUD/VerticalUIRoot/VerticalSafeAreaRoot/ContentSlot/Dimension1Panel/D1_ExploreVisualRoot/ScannerPanel/ChangeSector	Canvas/HUD/VerticalUIRoot/VerticalSafeAreaRoot/ContentSlot/Dimension1Panel/D1_ExploreVisualRoot/ScannerPanel/ChangeSector
08_hangar_to_explore	1080	1920	Canvas/HUD/VerticalUIRoot/VerticalSafeAreaRoot/ContentSlot/Dimension1Panel/D1_ExploreVisualRoot/MetalsButton	0	921.50	1768.00	OK	Canvas/HUD/VerticalUIRoot/VerticalSafeAreaRoot/ContentSlot/Dimension1Panel/D1_ExploreVisualRoot/MetalsButton	Canvas/HUD/VerticalUIRoot/VerticalSafeAreaRoot/ContentSlot/Dimension1Panel/D1_ExploreVisualRoot/MetalsButton
08_hangar_to_explore	1080	1920	Canvas/HUD/VerticalUIRoot/VerticalSafeAreaRoot/ContentSlot/Dimension1Panel/D1_ExploreVisualRoot/MetalsButton	1	848.00	1738.00	OK	Canvas/HUD/VerticalUIRoot/VerticalSafeAreaRoot/ContentSlot/Dimension1Panel/D1_ExploreVisualRoot/MetalsButton	Canvas/HUD/VerticalUIRoot/VerticalSafeAreaRoot/ContentSlot/Dimension1Panel/D1_ExploreVisualRoot/MetalsButton
08_hangar_to_explore	1080	1920	Canvas/HUD/VerticalUIRoot/VerticalSafeAreaRoot/ContentSlot/Dimension1Panel/D1_ExploreVisualRoot/MetalsButton	2	995.00	1738.00	OK	Canvas/HUD/VerticalUIRoot/VerticalSafeAreaRoot/ContentSlot/Dimension1Panel/D1_ExploreVisualRoot/MetalsButton	Canvas/HUD/VerticalUIRoot/VerticalSafeAreaRoot/ContentSlot/Dimension1Panel/D1_ExploreVisualRoot/MetalsButton
08_hangar_to_explore	1080	1920	Canvas/HUD/VerticalUIRoot/VerticalSafeAreaRoot/ContentSlot/Dimension1Panel/D1_ExploreVisualRoot/MetalsButton	3	848.00	1798.00	OK	Canvas/HUD/VerticalUIRoot/VerticalSafeAreaRoot/ContentSlot/Dimension1Panel/D1_ExploreVisualRoot/MetalsButton	Canvas/HUD/VerticalUIRoot/VerticalSafeAreaRoot/ContentSlot/Dimension1Panel/D1_ExploreVisualRoot/MetalsButton
08_hangar_to_explore	1080	1920	Canvas/HUD/VerticalUIRoot/VerticalSafeAreaRoot/ContentSlot/Dimension1Panel/D1_ExploreVisualRoot/MetalsButton	4	995.00	1798.00	OK	Canvas/HUD/VerticalUIRoot/VerticalSafeAreaRoot/ContentSlot/Dimension1Panel/D1_ExploreVisualRoot/MetalsButton	Canvas/HUD/VerticalUIRoot/VerticalSafeAreaRoot/ContentSlot/Dimension1Panel/D1_ExploreVisualRoot/MetalsButton
08_hangar_to_explore	1080	1920	Canvas/HUD/VerticalUIRoot/VerticalSafeAreaRoot/ContentSlot/Dimension1Panel/OpenGalaxyPanelButton	0	1240.00	1526.00	OFFSCREEN	<none>	<none>
08_hangar_to_explore	1080	1920	Canvas/HUD/VerticalUIRoot/VerticalSafeAreaRoot/ContentSlot/Dimension1Panel/OpenGalaxyPanelButton	1	1192.00	1517.00	OFFSCREEN	<none>	<none>
08_hangar_to_explore	1080	1920	Canvas/HUD/VerticalUIRoot/VerticalSafeAreaRoot/ContentSlot/Dimension1Panel/OpenGalaxyPanelButton	2	1288.00	1517.00	OFFSCREEN	<none>	<none>
08_hangar_to_explore	1080	1920	Canvas/HUD/VerticalUIRoot/VerticalSafeAreaRoot/ContentSlot/Dimension1Panel/OpenGalaxyPanelButton	3	1192.00	1535.00	OFFSCREEN	<none>	<none>
08_hangar_to_explore	1080	1920	Canvas/HUD/VerticalUIRoot/VerticalSafeAreaRoot/ContentSlot/Dimension1Panel/OpenGalaxyPanelButton	4	1288.00	1535.00	OFFSCREEN	<none>	<none>
09_relics_page1	1080	1920	Canvas/HUD/VerticalUIRoot/VerticalSafeAreaRoot/ContentSlot/Dimension1Panel/RelicChamberPanel/D1_RelicsVisualRoot/BottomNavigation/Nav_ÁRBOL	0	951.00	110.00	OK	Canvas/HUD/VerticalUIRoot/VerticalSafeAreaRoot/ContentSlot/Dimension1Panel/RelicChamberPanel/D1_RelicsVisualRoot/BottomNavigation/Nav_ÁRBOL	Canvas/HUD/VerticalUIRoot/VerticalSafeAreaRoot/ContentSlot/Dimension1Panel/RelicChamberPanel/D1_RelicsVisualRoot/BottomNavigation/Nav_ÁRBOL
09_relics_page1	1080	1920	Canvas/HUD/VerticalUIRoot/VerticalSafeAreaRoot/ContentSlot/Dimension1Panel/RelicChamberPanel/D1_RelicsVisualRoot/BottomNavigation/Nav_ÁRBOL	1	891.60	57.20	OK	Canvas/HUD/VerticalUIRoot/VerticalSafeAreaRoot/ContentSlot/Dimension1Panel/RelicChamberPanel/D1_RelicsVisualRoot/BottomNavigation/Nav_ÁRBOL	Canvas/HUD/VerticalUIRoot/VerticalSafeAreaRoot/ContentSlot/Dimension1Panel/RelicChamberPanel/D1_RelicsVisualRoot/BottomNavigation/Nav_ÁRBOL
09_relics_page1	1080	1920	Canvas/HUD/VerticalUIRoot/VerticalSafeAreaRoot/ContentSlot/Dimension1Panel/RelicChamberPanel/D1_RelicsVisualRoot/BottomNavigation/Nav_ÁRBOL	2	1010.40	57.20	OK	Canvas/HUD/VerticalUIRoot/VerticalSafeAreaRoot/ContentSlot/Dimension1Panel/RelicChamberPanel/D1_RelicsVisualRoot/BottomNavigation/Nav_ÁRBOL	Canvas/HUD/VerticalUIRoot/VerticalSafeAreaRoot/ContentSlot/Dimension1Panel/RelicChamberPanel/D1_RelicsVisualRoot/BottomNavigation/Nav_ÁRBOL
09_relics_page1	1080	1920	Canvas/HUD/VerticalUIRoot/VerticalSafeAreaRoot/ContentSlot/Dimension1Panel/RelicChamberPanel/D1_RelicsVisualRoot/BottomNavigation/Nav_ÁRBOL	3	891.60	162.80	OK	Canvas/HUD/VerticalUIRoot/VerticalSafeAreaRoot/ContentSlot/Dimension1Panel/RelicChamberPanel/D1_RelicsVisualRoot/BottomNavigation/Nav_ÁRBOL	Canvas/HUD/VerticalUIRoot/VerticalSafeAreaRoot/ContentSlot/Dimension1Panel/RelicChamberPanel/D1_RelicsVisualRoot/BottomNavigation/Nav_ÁRBOL
09_relics_page1	1080	1920	Canvas/HUD/VerticalUIRoot/VerticalSafeAreaRoot/ContentSlot/Dimension1Panel/RelicChamberPanel/D1_RelicsVisualRoot/BottomNavigation/Nav_ÁRBOL	4	1010.40	162.80	OK	Canvas/HUD/VerticalUIRoot/VerticalSafeAreaRoot/ContentSlot/Dimension1Panel/RelicChamberPanel/D1_RelicsVisualRoot/BottomNavigation/Nav_ÁRBOL	Canvas/HUD/VerticalUIRoot/VerticalSafeAreaRoot/ContentSlot/Dimension1Panel/RelicChamberPanel/D1_RelicsVisualRoot/BottomNavigation/Nav_ÁRBOL
09_relics_page1	1080	1920	Canvas/HUD/VerticalUIRoot/VerticalSafeAreaRoot/ContentSlot/Dimension1Panel/RelicChamberPanel/D1_RelicsVisualRoot/RelicCard_1	0	408.00	1405.00	OK	Canvas/HUD/VerticalUIRoot/VerticalSafeAreaRoot/ContentSlot/Dimension1Panel/RelicChamberPanel/D1_RelicsVisualRoot/RelicCard_1	Canvas/HUD/VerticalUIRoot/VerticalSafeAreaRoot/ContentSlot/Dimension1Panel/RelicChamberPanel/D1_RelicsVisualRoot/RelicCard_1
09_relics_page1	1080	1920	Canvas/HUD/VerticalUIRoot/VerticalSafeAreaRoot/ContentSlot/Dimension1Panel/RelicChamberPanel/D1_RelicsVisualRoot/RelicCard_1	1	337.20	1291.60	OK	Canvas/HUD/VerticalUIRoot/VerticalSafeAreaRoot/ContentSlot/Dimension1Panel/RelicChamberPanel/D1_RelicsVisualRoot/RelicCard_1	Canvas/HUD/VerticalUIRoot/VerticalSafeAreaRoot/ContentSlot/Dimension1Panel/RelicChamberPanel/D1_RelicsVisualRoot/RelicCard_1
09_relics_page1	1080	1920	Canvas/HUD/VerticalUIRoot/VerticalSafeAreaRoot/ContentSlot/Dimension1Panel/RelicChamberPanel/D1_RelicsVisualRoot/RelicCard_1	2	478.80	1291.60	OK	Canvas/HUD/VerticalUIRoot/VerticalSafeAreaRoot/ContentSlot/Dimension1Panel/RelicChamberPanel/D1_RelicsVisualRoot/RelicCard_1	Canvas/HUD/VerticalUIRoot/VerticalSafeAreaRoot/ContentSlot/Dimension1Panel/RelicChamberPanel/D1_RelicsVisualRoot/RelicCard_1
09_relics_page1	1080	1920	Canvas/HUD/VerticalUIRoot/VerticalSafeAreaRoot/ContentSlot/Dimension1Panel/RelicChamberPanel/D1_RelicsVisualRoot/RelicCard_1	3	337.20	1518.40	OK	Canvas/HUD/VerticalUIRoot/VerticalSafeAreaRoot/ContentSlot/Dimension1Panel/RelicChamberPanel/D1_RelicsVisualRoot/RelicCard_1	Canvas/HUD/VerticalUIRoot/VerticalSafeAreaRoot/ContentSlot/Dimension1Panel/RelicChamberPanel/D1_RelicsVisualRoot/RelicCard_1
09_relics_page1	1080	1920	Canvas/HUD/VerticalUIRoot/VerticalSafeAreaRoot/ContentSlot/Dimension1Panel/RelicChamberPanel/D1_RelicsVisualRoot/RelicCard_1	4	478.80	1518.40	OK	Canvas/HUD/VerticalUIRoot/VerticalSafeAreaRoot/ContentSlot/Dimension1Panel/RelicChamberPanel/D1_RelicsVisualRoot/RelicCard_1	Canvas/HUD/VerticalUIRoot/VerticalSafeAreaRoot/ContentSlot/Dimension1Panel/RelicChamberPanel/D1_RelicsVisualRoot/RelicCard_1
09_relics_page1	1080	1920	Canvas/HUD/VerticalUIRoot/VerticalSafeAreaRoot/ContentSlot/Dimension1Panel/RelicChamberPanel/D1_RelicsVisualRoot/RelicCard_4	0	156.00	1008.00	OK	Canvas/HUD/VerticalUIRoot/VerticalSafeAreaRoot/ContentSlot/Dimension1Panel/RelicChamberPanel/D1_RelicsVisualRoot/RelicCard_4	Canvas/HUD/VerticalUIRoot/VerticalSafeAreaRoot/ContentSlot/Dimension1Panel/RelicChamberPanel/D1_RelicsVisualRoot/RelicCard_4
09_relics_page1	1080	1920	Canvas/HUD/VerticalUIRoot/VerticalSafeAreaRoot/ContentSlot/Dimension1Panel/RelicChamberPanel/D1_RelicsVisualRoot/RelicCard_4	1	85.20	894.60	OK	Canvas/HUD/VerticalUIRoot/VerticalSafeAreaRoot/ContentSlot/Dimension1Panel/RelicChamberPanel/D1_RelicsVisualRoot/RelicCard_4	Canvas/HUD/VerticalUIRoot/VerticalSafeAreaRoot/ContentSlot/Dimension1Panel/RelicChamberPanel/D1_RelicsVisualRoot/RelicCard_4
09_relics_page1	1080	1920	Canvas/HUD/VerticalUIRoot/VerticalSafeAreaRoot/ContentSlot/Dimension1Panel/RelicChamberPanel/D1_RelicsVisualRoot/RelicCard_4	2	226.80	894.60	OK	Canvas/HUD/VerticalUIRoot/VerticalSafeAreaRoot/ContentSlot/Dimension1Panel/RelicChamberPanel/D1_RelicsVisualRoot/RelicCard_4	Canvas/HUD/VerticalUIRoot/VerticalSafeAreaRoot/ContentSlot/Dimension1Panel/RelicChamberPanel/D1_RelicsVisualRoot/RelicCard_4
09_relics_page1	1080	1920	Canvas/HUD/VerticalUIRoot/VerticalSafeAreaRoot/ContentSlot/Dimension1Panel/RelicChamberPanel/D1_RelicsVisualRoot/RelicCard_4	3	85.20	1121.40	OK	Canvas/HUD/VerticalUIRoot/VerticalSafeAreaRoot/ContentSlot/Dimension1Panel/RelicChamberPanel/D1_RelicsVisualRoot/RelicCard_4	Canvas/HUD/VerticalUIRoot/VerticalSafeAreaRoot/ContentSlot/Dimension1Panel/RelicChamberPanel/D1_RelicsVisualRoot/RelicCard_4
09_relics_page1	1080	1920	Canvas/HUD/VerticalUIRoot/VerticalSafeAreaRoot/ContentSlot/Dimension1Panel/RelicChamberPanel/D1_RelicsVisualRoot/RelicCard_4	4	226.80	1121.40	OK	Canvas/HUD/VerticalUIRoot/VerticalSafeAreaRoot/ContentSlot/Dimension1Panel/RelicChamberPanel/D1_RelicsVisualRoot/RelicCard_4	Canvas/HUD/VerticalUIRoot/VerticalSafeAreaRoot/ContentSlot/Dimension1Panel/RelicChamberPanel/D1_RelicsVisualRoot/RelicCard_4
09_relics_page1	1080	1920	Canvas/HUD/VerticalUIRoot/VerticalSafeAreaRoot/ContentSlot/Dimension1Panel/RelicChamberPanel/CloseRelicChamberPanelButton	0	1240.00	626.00	OFFSCREEN	<none>	<none>
09_relics_page1	1080	1920	Canvas/HUD/VerticalUIRoot/VerticalSafeAreaRoot/ContentSlot/Dimension1Panel/RelicChamberPanel/CloseRelicChamberPanelButton	1	1192.00	617.00	OFFSCREEN	<none>	<none>
09_relics_page1	1080	1920	Canvas/HUD/VerticalUIRoot/VerticalSafeAreaRoot/ContentSlot/Dimension1Panel/RelicChamberPanel/CloseRelicChamberPanelButton	2	1288.00	617.00	OFFSCREEN	<none>	<none>
09_relics_page1	1080	1920	Canvas/HUD/VerticalUIRoot/VerticalSafeAreaRoot/ContentSlot/Dimension1Panel/RelicChamberPanel/CloseRelicChamberPanelButton	3	1192.00	635.00	OFFSCREEN	<none>	<none>
09_relics_page1	1080	1920	Canvas/HUD/VerticalUIRoot/VerticalSafeAreaRoot/ContentSlot/Dimension1Panel/RelicChamberPanel/CloseRelicChamberPanelButton	4	1288.00	635.00	OFFSCREEN	<none>	<none>
09_relics_page1	1080	1920	Canvas/HUD/VerticalUIRoot/VerticalSafeAreaRoot/ContentSlot/Dimension1Panel/RelicChamberPanel/D1_RelicsVisualRoot/RelicCard_6	0	660.00	1008.00	OK	Canvas/HUD/VerticalUIRoot/VerticalSafeAreaRoot/ContentSlot/Dimension1Panel/RelicChamberPanel/D1_RelicsVisualRoot/RelicCard_6	Canvas/HUD/VerticalUIRoot/VerticalSafeAreaRoot/ContentSlot/Dimension1Panel/RelicChamberPanel/D1_RelicsVisualRoot/RelicCard_6
09_relics_page1	1080	1920	Canvas/HUD/VerticalUIRoot/VerticalSafeAreaRoot/ContentSlot/Dimension1Panel/RelicChamberPanel/D1_RelicsVisualRoot/RelicCard_6	1	589.20	894.60	OK	Canvas/HUD/VerticalUIRoot/VerticalSafeAreaRoot/ContentSlot/Dimension1Panel/RelicChamberPanel/D1_RelicsVisualRoot/RelicCard_6	Canvas/HUD/VerticalUIRoot/VerticalSafeAreaRoot/ContentSlot/Dimension1Panel/RelicChamberPanel/D1_RelicsVisualRoot/RelicCard_6
09_relics_page1	1080	1920	Canvas/HUD/VerticalUIRoot/VerticalSafeAreaRoot/ContentSlot/Dimension1Panel/RelicChamberPanel/D1_RelicsVisualRoot/RelicCard_6	2	730.80	894.60	OK	Canvas/HUD/VerticalUIRoot/VerticalSafeAreaRoot/ContentSlot/Dimension1Panel/RelicChamberPanel/D1_RelicsVisualRoot/RelicCard_6	Canvas/HUD/VerticalUIRoot/VerticalSafeAreaRoot/ContentSlot/Dimension1Panel/RelicChamberPanel/D1_RelicsVisualRoot/RelicCard_6
09_relics_page1	1080	1920	Canvas/HUD/VerticalUIRoot/VerticalSafeAreaRoot/ContentSlot/Dimension1Panel/RelicChamberPanel/D1_RelicsVisualRoot/RelicCard_6	3	589.20	1121.40	OK	Canvas/HUD/VerticalUIRoot/VerticalSafeAreaRoot/ContentSlot/Dimension1Panel/RelicChamberPanel/D1_RelicsVisualRoot/RelicCard_6	Canvas/HUD/VerticalUIRoot/VerticalSafeAreaRoot/ContentSlot/Dimension1Panel/RelicChamberPanel/D1_RelicsVisualRoot/RelicCard_6
09_relics_page1	1080	1920	Canvas/HUD/VerticalUIRoot/VerticalSafeAreaRoot/ContentSlot/Dimension1Panel/RelicChamberPanel/D1_RelicsVisualRoot/RelicCard_6	4	730.80	1121.40	OK	Canvas/HUD/VerticalUIRoot/VerticalSafeAreaRoot/ContentSlot/Dimension1Panel/RelicChamberPanel/D1_RelicsVisualRoot/RelicCard_6	Canvas/HUD/VerticalUIRoot/VerticalSafeAreaRoot/ContentSlot/Dimension1Panel/RelicChamberPanel/D1_RelicsVisualRoot/RelicCard_6
09_relics_page1	1080	1920	Canvas/HUD/VerticalUIRoot/VerticalSafeAreaRoot/ContentSlot/Dimension1Panel/RelicChamberPanel/D1_RelicsVisualRoot/BottomNavigation/Nav_EXPLORAR	0	330.00	110.00	OK	Canvas/HUD/VerticalUIRoot/VerticalSafeAreaRoot/ContentSlot/Dimension1Panel/RelicChamberPanel/D1_RelicsVisualRoot/BottomNavigation/Nav_EXPLORAR	Canvas/HUD/VerticalUIRoot/VerticalSafeAreaRoot/ContentSlot/Dimension1Panel/RelicChamberPanel/D1_RelicsVisualRoot/BottomNavigation/Nav_EXPLORAR
09_relics_page1	1080	1920	Canvas/HUD/VerticalUIRoot/VerticalSafeAreaRoot/ContentSlot/Dimension1Panel/RelicChamberPanel/D1_RelicsVisualRoot/BottomNavigation/Nav_EXPLORAR	1	270.60	57.20	OK	Canvas/HUD/VerticalUIRoot/VerticalSafeAreaRoot/ContentSlot/Dimension1Panel/RelicChamberPanel/D1_RelicsVisualRoot/BottomNavigation/Nav_EXPLORAR	Canvas/HUD/VerticalUIRoot/VerticalSafeAreaRoot/ContentSlot/Dimension1Panel/RelicChamberPanel/D1_RelicsVisualRoot/BottomNavigation/Nav_EXPLORAR
09_relics_page1	1080	1920	Canvas/HUD/VerticalUIRoot/VerticalSafeAreaRoot/ContentSlot/Dimension1Panel/RelicChamberPanel/D1_RelicsVisualRoot/BottomNavigation/Nav_EXPLORAR	2	389.40	57.20	OK	Canvas/HUD/VerticalUIRoot/VerticalSafeAreaRoot/ContentSlot/Dimension1Panel/RelicChamberPanel/D1_RelicsVisualRoot/BottomNavigation/Nav_EXPLORAR	Canvas/HUD/VerticalUIRoot/VerticalSafeAreaRoot/ContentSlot/Dimension1Panel/RelicChamberPanel/D1_RelicsVisualRoot/BottomNavigation/Nav_EXPLORAR
09_relics_page1	1080	1920	Canvas/HUD/VerticalUIRoot/VerticalSafeAreaRoot/ContentSlot/Dimension1Panel/RelicChamberPanel/D1_RelicsVisualRoot/BottomNavigation/Nav_EXPLORAR	3	270.60	162.80	OK	Canvas/HUD/VerticalUIRoot/VerticalSafeAreaRoot/ContentSlot/Dimension1Panel/RelicChamberPanel/D1_RelicsVisualRoot/BottomNavigation/Nav_EXPLORAR	Canvas/HUD/VerticalUIRoot/VerticalSafeAreaRoot/ContentSlot/Dimension1Panel/RelicChamberPanel/D1_RelicsVisualRoot/BottomNavigation/Nav_EXPLORAR
09_relics_page1	1080	1920	Canvas/HUD/VerticalUIRoot/VerticalSafeAreaRoot/ContentSlot/Dimension1Panel/RelicChamberPanel/D1_RelicsVisualRoot/BottomNavigation/Nav_EXPLORAR	4	389.40	162.80	OK	Canvas/HUD/VerticalUIRoot/VerticalSafeAreaRoot/ContentSlot/Dimension1Panel/RelicChamberPanel/D1_RelicsVisualRoot/BottomNavigation/Nav_EXPLORAR	Canvas/HUD/VerticalUIRoot/VerticalSafeAreaRoot/ContentSlot/Dimension1Panel/RelicChamberPanel/D1_RelicsVisualRoot/BottomNavigation/Nav_EXPLORAR
09_relics_page1	1080	1920	Canvas/HUD/VerticalUIRoot/VerticalSafeAreaRoot/ContentSlot/Dimension1Panel/RelicChamberPanel/D1_RelicsVisualRoot/RelicCard_3	0	912.00	1405.00	OK	Canvas/HUD/VerticalUIRoot/VerticalSafeAreaRoot/ContentSlot/Dimension1Panel/RelicChamberPanel/D1_RelicsVisualRoot/RelicCard_3	Canvas/HUD/VerticalUIRoot/VerticalSafeAreaRoot/ContentSlot/Dimension1Panel/RelicChamberPanel/D1_RelicsVisualRoot/RelicCard_3
09_relics_page1	1080	1920	Canvas/HUD/VerticalUIRoot/VerticalSafeAreaRoot/ContentSlot/Dimension1Panel/RelicChamberPanel/D1_RelicsVisualRoot/RelicCard_3	1	841.20	1291.60	OK	Canvas/HUD/VerticalUIRoot/VerticalSafeAreaRoot/ContentSlot/Dimension1Panel/RelicChamberPanel/D1_RelicsVisualRoot/RelicCard_3	Canvas/HUD/VerticalUIRoot/VerticalSafeAreaRoot/ContentSlot/Dimension1Panel/RelicChamberPanel/D1_RelicsVisualRoot/RelicCard_3
09_relics_page1	1080	1920	Canvas/HUD/VerticalUIRoot/VerticalSafeAreaRoot/ContentSlot/Dimension1Panel/RelicChamberPanel/D1_RelicsVisualRoot/RelicCard_3	2	982.80	1291.60	OK	Canvas/HUD/VerticalUIRoot/VerticalSafeAreaRoot/ContentSlot/Dimension1Panel/RelicChamberPanel/D1_RelicsVisualRoot/RelicCard_3	Canvas/HUD/VerticalUIRoot/VerticalSafeAreaRoot/ContentSlot/Dimension1Panel/RelicChamberPanel/D1_RelicsVisualRoot/RelicCard_3
09_relics_page1	1080	1920	Canvas/HUD/VerticalUIRoot/VerticalSafeAreaRoot/ContentSlot/Dimension1Panel/RelicChamberPanel/D1_RelicsVisualRoot/RelicCard_3	3	841.20	1518.40	OK	Canvas/HUD/VerticalUIRoot/VerticalSafeAreaRoot/ContentSlot/Dimension1Panel/RelicChamberPanel/D1_RelicsVisualRoot/RelicCard_3	Canvas/HUD/VerticalUIRoot/VerticalSafeAreaRoot/ContentSlot/Dimension1Panel/RelicChamberPanel/D1_RelicsVisualRoot/RelicCard_3
09_relics_page1	1080	1920	Canvas/HUD/VerticalUIRoot/VerticalSafeAreaRoot/ContentSlot/Dimension1Panel/RelicChamberPanel/D1_RelicsVisualRoot/RelicCard_3	4	982.80	1518.40	OK	Canvas/HUD/VerticalUIRoot/VerticalSafeAreaRoot/ContentSlot/Dimension1Panel/RelicChamberPanel/D1_RelicsVisualRoot/RelicCard_3	Canvas/HUD/VerticalUIRoot/VerticalSafeAreaRoot/ContentSlot/Dimension1Panel/RelicChamberPanel/D1_RelicsVisualRoot/RelicCard_3
09_relics_page1	1080	1920	Canvas/HUD/VerticalUIRoot/VerticalSafeAreaRoot/ContentSlot/Dimension1Panel/RelicChamberPanel/D1_RelicsVisualRoot/RelicCard_0	0	156.00	1405.00	OK	Canvas/HUD/VerticalUIRoot/VerticalSafeAreaRoot/ContentSlot/Dimension1Panel/RelicChamberPanel/D1_RelicsVisualRoot/RelicCard_0	Canvas/HUD/VerticalUIRoot/VerticalSafeAreaRoot/ContentSlot/Dimension1Panel/RelicChamberPanel/D1_RelicsVisualRoot/RelicCard_0
09_relics_page1	1080	1920	Canvas/HUD/VerticalUIRoot/VerticalSafeAreaRoot/ContentSlot/Dimension1Panel/RelicChamberPanel/D1_RelicsVisualRoot/RelicCard_0	1	85.20	1291.60	OK	Canvas/HUD/VerticalUIRoot/VerticalSafeAreaRoot/ContentSlot/Dimension1Panel/RelicChamberPanel/D1_RelicsVisualRoot/RelicCard_0	Canvas/HUD/VerticalUIRoot/VerticalSafeAreaRoot/ContentSlot/Dimension1Panel/RelicChamberPanel/D1_RelicsVisualRoot/RelicCard_0
09_relics_page1	1080	1920	Canvas/HUD/VerticalUIRoot/VerticalSafeAreaRoot/ContentSlot/Dimension1Panel/RelicChamberPanel/D1_RelicsVisualRoot/RelicCard_0	2	226.80	1291.60	OK	Canvas/HUD/VerticalUIRoot/VerticalSafeAreaRoot/ContentSlot/Dimension1Panel/RelicChamberPanel/D1_RelicsVisualRoot/RelicCard_0	Canvas/HUD/VerticalUIRoot/VerticalSafeAreaRoot/ContentSlot/Dimension1Panel/RelicChamberPanel/D1_RelicsVisualRoot/RelicCard_0
09_relics_page1	1080	1920	Canvas/HUD/VerticalUIRoot/VerticalSafeAreaRoot/ContentSlot/Dimension1Panel/RelicChamberPanel/D1_RelicsVisualRoot/RelicCard_0	3	85.20	1518.40	OK	Canvas/HUD/VerticalUIRoot/VerticalSafeAreaRoot/ContentSlot/Dimension1Panel/RelicChamberPanel/D1_RelicsVisualRoot/RelicCard_0	Canvas/HUD/VerticalUIRoot/VerticalSafeAreaRoot/ContentSlot/Dimension1Panel/RelicChamberPanel/D1_RelicsVisualRoot/RelicCard_0
09_relics_page1	1080	1920	Canvas/HUD/VerticalUIRoot/VerticalSafeAreaRoot/ContentSlot/Dimension1Panel/RelicChamberPanel/D1_RelicsVisualRoot/RelicCard_0	4	226.80	1518.40	OK	Canvas/HUD/VerticalUIRoot/VerticalSafeAreaRoot/ContentSlot/Dimension1Panel/RelicChamberPanel/D1_RelicsVisualRoot/RelicCard_0	Canvas/HUD/VerticalUIRoot/VerticalSafeAreaRoot/ContentSlot/Dimension1Panel/RelicChamberPanel/D1_RelicsVisualRoot/RelicCard_0
09_relics_page1	1080	1920	Canvas/HUD/VerticalUIRoot/VerticalSafeAreaRoot/ContentSlot/Dimension1Panel/RelicChamberPanel/D1_RelicsVisualRoot/BottomNavigation/Nav_HANGAR	0	537.00	110.00	OK	Canvas/HUD/VerticalUIRoot/VerticalSafeAreaRoot/ContentSlot/Dimension1Panel/RelicChamberPanel/D1_RelicsVisualRoot/BottomNavigation/Nav_HANGAR	Canvas/HUD/VerticalUIRoot/VerticalSafeAreaRoot/ContentSlot/Dimension1Panel/RelicChamberPanel/D1_RelicsVisualRoot/BottomNavigation/Nav_HANGAR
09_relics_page1	1080	1920	Canvas/HUD/VerticalUIRoot/VerticalSafeAreaRoot/ContentSlot/Dimension1Panel/RelicChamberPanel/D1_RelicsVisualRoot/BottomNavigation/Nav_HANGAR	1	477.60	57.20	OK	Canvas/HUD/VerticalUIRoot/VerticalSafeAreaRoot/ContentSlot/Dimension1Panel/RelicChamberPanel/D1_RelicsVisualRoot/BottomNavigation/Nav_HANGAR	Canvas/HUD/VerticalUIRoot/VerticalSafeAreaRoot/ContentSlot/Dimension1Panel/RelicChamberPanel/D1_RelicsVisualRoot/BottomNavigation/Nav_HANGAR
09_relics_page1	1080	1920	Canvas/HUD/VerticalUIRoot/VerticalSafeAreaRoot/ContentSlot/Dimension1Panel/RelicChamberPanel/D1_RelicsVisualRoot/BottomNavigation/Nav_HANGAR	2	596.40	57.20	OK	Canvas/HUD/VerticalUIRoot/VerticalSafeAreaRoot/ContentSlot/Dimension1Panel/RelicChamberPanel/D1_RelicsVisualRoot/BottomNavigation/Nav_HANGAR	Canvas/HUD/VerticalUIRoot/VerticalSafeAreaRoot/ContentSlot/Dimension1Panel/RelicChamberPanel/D1_RelicsVisualRoot/BottomNavigation/Nav_HANGAR
09_relics_page1	1080	1920	Canvas/HUD/VerticalUIRoot/VerticalSafeAreaRoot/ContentSlot/Dimension1Panel/RelicChamberPanel/D1_RelicsVisualRoot/BottomNavigation/Nav_HANGAR	3	477.60	162.80	OK	Canvas/HUD/VerticalUIRoot/VerticalSafeAreaRoot/ContentSlot/Dimension1Panel/RelicChamberPanel/D1_RelicsVisualRoot/BottomNavigation/Nav_HANGAR	Canvas/HUD/VerticalUIRoot/VerticalSafeAreaRoot/ContentSlot/Dimension1Panel/RelicChamberPanel/D1_RelicsVisualRoot/BottomNavigation/Nav_HANGAR
09_relics_page1	1080	1920	Canvas/HUD/VerticalUIRoot/VerticalSafeAreaRoot/ContentSlot/Dimension1Panel/RelicChamberPanel/D1_RelicsVisualRoot/BottomNavigation/Nav_HANGAR	4	596.40	162.80	OK	Canvas/HUD/VerticalUIRoot/VerticalSafeAreaRoot/ContentSlot/Dimension1Panel/RelicChamberPanel/D1_RelicsVisualRoot/BottomNavigation/Nav_HANGAR	Canvas/HUD/VerticalUIRoot/VerticalSafeAreaRoot/ContentSlot/Dimension1Panel/RelicChamberPanel/D1_RelicsVisualRoot/BottomNavigation/Nav_HANGAR
09_relics_page1	1080	1920	Canvas/HUD/VerticalUIRoot/VerticalSafeAreaRoot/ContentSlot/Dimension1Panel/RelicChamberPanel/D1_RelicsVisualRoot/BottomNavigation/Nav_GALAXIA	0	123.00	110.00	OK	Canvas/HUD/VerticalUIRoot/VerticalSafeAreaRoot/ContentSlot/Dimension1Panel/RelicChamberPanel/D1_RelicsVisualRoot/BottomNavigation/Nav_GALAXIA	Canvas/HUD/VerticalUIRoot/VerticalSafeAreaRoot/ContentSlot/Dimension1Panel/RelicChamberPanel/D1_RelicsVisualRoot/BottomNavigation/Nav_GALAXIA
09_relics_page1	1080	1920	Canvas/HUD/VerticalUIRoot/VerticalSafeAreaRoot/ContentSlot/Dimension1Panel/RelicChamberPanel/D1_RelicsVisualRoot/BottomNavigation/Nav_GALAXIA	1	63.60	57.20	OK	Canvas/HUD/VerticalUIRoot/VerticalSafeAreaRoot/ContentSlot/Dimension1Panel/RelicChamberPanel/D1_RelicsVisualRoot/BottomNavigation/Nav_GALAXIA	Canvas/HUD/VerticalUIRoot/VerticalSafeAreaRoot/ContentSlot/Dimension1Panel/RelicChamberPanel/D1_RelicsVisualRoot/BottomNavigation/Nav_GALAXIA
09_relics_page1	1080	1920	Canvas/HUD/VerticalUIRoot/VerticalSafeAreaRoot/ContentSlot/Dimension1Panel/RelicChamberPanel/D1_RelicsVisualRoot/BottomNavigation/Nav_GALAXIA	2	182.40	57.20	OK	Canvas/HUD/VerticalUIRoot/VerticalSafeAreaRoot/ContentSlot/Dimension1Panel/RelicChamberPanel/D1_RelicsVisualRoot/BottomNavigation/Nav_GALAXIA	Canvas/HUD/VerticalUIRoot/VerticalSafeAreaRoot/ContentSlot/Dimension1Panel/RelicChamberPanel/D1_RelicsVisualRoot/BottomNavigation/Nav_GALAXIA
09_relics_page1	1080	1920	Canvas/HUD/VerticalUIRoot/VerticalSafeAreaRoot/ContentSlot/Dimension1Panel/RelicChamberPanel/D1_RelicsVisualRoot/BottomNavigation/Nav_GALAXIA	3	63.60	162.80	OK	Canvas/HUD/VerticalUIRoot/VerticalSafeAreaRoot/ContentSlot/Dimension1Panel/RelicChamberPanel/D1_RelicsVisualRoot/BottomNavigation/Nav_GALAXIA	Canvas/HUD/VerticalUIRoot/VerticalSafeAreaRoot/ContentSlot/Dimension1Panel/RelicChamberPanel/D1_RelicsVisualRoot/BottomNavigation/Nav_GALAXIA
09_relics_page1	1080	1920	Canvas/HUD/VerticalUIRoot/VerticalSafeAreaRoot/ContentSlot/Dimension1Panel/RelicChamberPanel/D1_RelicsVisualRoot/BottomNavigation/Nav_GALAXIA	4	182.40	162.80	OK	Canvas/HUD/VerticalUIRoot/VerticalSafeAreaRoot/ContentSlot/Dimension1Panel/RelicChamberPanel/D1_RelicsVisualRoot/BottomNavigation/Nav_GALAXIA	Canvas/HUD/VerticalUIRoot/VerticalSafeAreaRoot/ContentSlot/Dimension1Panel/RelicChamberPanel/D1_RelicsVisualRoot/BottomNavigation/Nav_GALAXIA
09_relics_page1	1080	1920	Canvas/HUD/VerticalUIRoot/VerticalSafeAreaRoot/ContentSlot/Dimension1Panel/RelicChamberPanel/D1_RelicsVisualRoot/NextPage	0	751.00	1641.00	OK	Canvas/HUD/VerticalUIRoot/VerticalSafeAreaRoot/ContentSlot/Dimension1Panel/RelicChamberPanel/D1_RelicsVisualRoot/NextPage	Canvas/HUD/VerticalUIRoot/VerticalSafeAreaRoot/ContentSlot/Dimension1Panel/RelicChamberPanel/D1_RelicsVisualRoot/NextPage
09_relics_page1	1080	1920	Canvas/HUD/VerticalUIRoot/VerticalSafeAreaRoot/ContentSlot/Dimension1Panel/RelicChamberPanel/D1_RelicsVisualRoot/NextPage	1	739.60	1629.60	OK	Canvas/HUD/VerticalUIRoot/VerticalSafeAreaRoot/ContentSlot/Dimension1Panel/RelicChamberPanel/D1_RelicsVisualRoot/NextPage	Canvas/HUD/VerticalUIRoot/VerticalSafeAreaRoot/ContentSlot/Dimension1Panel/RelicChamberPanel/D1_RelicsVisualRoot/NextPage
09_relics_page1	1080	1920	Canvas/HUD/VerticalUIRoot/VerticalSafeAreaRoot/ContentSlot/Dimension1Panel/RelicChamberPanel/D1_RelicsVisualRoot/NextPage	2	762.40	1629.60	OK	Canvas/HUD/VerticalUIRoot/VerticalSafeAreaRoot/ContentSlot/Dimension1Panel/RelicChamberPanel/D1_RelicsVisualRoot/NextPage	Canvas/HUD/VerticalUIRoot/VerticalSafeAreaRoot/ContentSlot/Dimension1Panel/RelicChamberPanel/D1_RelicsVisualRoot/NextPage
09_relics_page1	1080	1920	Canvas/HUD/VerticalUIRoot/VerticalSafeAreaRoot/ContentSlot/Dimension1Panel/RelicChamberPanel/D1_RelicsVisualRoot/NextPage	3	739.60	1652.40	OK	Canvas/HUD/VerticalUIRoot/VerticalSafeAreaRoot/ContentSlot/Dimension1Panel/RelicChamberPanel/D1_RelicsVisualRoot/NextPage	Canvas/HUD/VerticalUIRoot/VerticalSafeAreaRoot/ContentSlot/Dimension1Panel/RelicChamberPanel/D1_RelicsVisualRoot/NextPage
09_relics_page1	1080	1920	Canvas/HUD/VerticalUIRoot/VerticalSafeAreaRoot/ContentSlot/Dimension1Panel/RelicChamberPanel/D1_RelicsVisualRoot/NextPage	4	762.40	1652.40	OK	Canvas/HUD/VerticalUIRoot/VerticalSafeAreaRoot/ContentSlot/Dimension1Panel/RelicChamberPanel/D1_RelicsVisualRoot/NextPage	Canvas/HUD/VerticalUIRoot/VerticalSafeAreaRoot/ContentSlot/Dimension1Panel/RelicChamberPanel/D1_RelicsVisualRoot/NextPage
09_relics_page1	1080	1920	Canvas/HUD/VerticalUIRoot/VerticalSafeAreaRoot/ContentSlot/Dimension1Panel/RelicChamberPanel/D1_RelicsVisualRoot/RelicCard_7	0	912.00	1008.00	OK	Canvas/HUD/VerticalUIRoot/VerticalSafeAreaRoot/ContentSlot/Dimension1Panel/RelicChamberPanel/D1_RelicsVisualRoot/RelicCard_7	Canvas/HUD/VerticalUIRoot/VerticalSafeAreaRoot/ContentSlot/Dimension1Panel/RelicChamberPanel/D1_RelicsVisualRoot/RelicCard_7
09_relics_page1	1080	1920	Canvas/HUD/VerticalUIRoot/VerticalSafeAreaRoot/ContentSlot/Dimension1Panel/RelicChamberPanel/D1_RelicsVisualRoot/RelicCard_7	1	841.20	894.60	OK	Canvas/HUD/VerticalUIRoot/VerticalSafeAreaRoot/ContentSlot/Dimension1Panel/RelicChamberPanel/D1_RelicsVisualRoot/RelicCard_7	Canvas/HUD/VerticalUIRoot/VerticalSafeAreaRoot/ContentSlot/Dimension1Panel/RelicChamberPanel/D1_RelicsVisualRoot/RelicCard_7
09_relics_page1	1080	1920	Canvas/HUD/VerticalUIRoot/VerticalSafeAreaRoot/ContentSlot/Dimension1Panel/RelicChamberPanel/D1_RelicsVisualRoot/RelicCard_7	2	982.80	894.60	OK	Canvas/HUD/VerticalUIRoot/VerticalSafeAreaRoot/ContentSlot/Dimension1Panel/RelicChamberPanel/D1_RelicsVisualRoot/RelicCard_7	Canvas/HUD/VerticalUIRoot/VerticalSafeAreaRoot/ContentSlot/Dimension1Panel/RelicChamberPanel/D1_RelicsVisualRoot/RelicCard_7
09_relics_page1	1080	1920	Canvas/HUD/VerticalUIRoot/VerticalSafeAreaRoot/ContentSlot/Dimension1Panel/RelicChamberPanel/D1_RelicsVisualRoot/RelicCard_7	3	841.20	1121.40	OK	Canvas/HUD/VerticalUIRoot/VerticalSafeAreaRoot/ContentSlot/Dimension1Panel/RelicChamberPanel/D1_RelicsVisualRoot/RelicCard_7	Canvas/HUD/VerticalUIRoot/VerticalSafeAreaRoot/ContentSlot/Dimension1Panel/RelicChamberPanel/D1_RelicsVisualRoot/RelicCard_7
09_relics_page1	1080	1920	Canvas/HUD/VerticalUIRoot/VerticalSafeAreaRoot/ContentSlot/Dimension1Panel/RelicChamberPanel/D1_RelicsVisualRoot/RelicCard_7	4	982.80	1121.40	OK	Canvas/HUD/VerticalUIRoot/VerticalSafeAreaRoot/ContentSlot/Dimension1Panel/RelicChamberPanel/D1_RelicsVisualRoot/RelicCard_7	Canvas/HUD/VerticalUIRoot/VerticalSafeAreaRoot/ContentSlot/Dimension1Panel/RelicChamberPanel/D1_RelicsVisualRoot/RelicCard_7
09_relics_page1	1080	1920	Canvas/HUD/VerticalUIRoot/VerticalSafeAreaRoot/ContentSlot/Dimension1Panel/RelicChamberPanel/D1_RelicsVisualRoot/CommandCenter	0	112.00	1768.00	OK	Canvas/HUD/VerticalUIRoot/VerticalSafeAreaRoot/ContentSlot/Dimension1Panel/RelicChamberPanel/D1_RelicsVisualRoot/CommandCenter	Canvas/HUD/VerticalUIRoot/VerticalSafeAreaRoot/ContentSlot/Dimension1Panel/RelicChamberPanel/D1_RelicsVisualRoot/CommandCenter
09_relics_page1	1080	1920	Canvas/HUD/VerticalUIRoot/VerticalSafeAreaRoot/ContentSlot/Dimension1Panel/RelicChamberPanel/D1_RelicsVisualRoot/CommandCenter	1	59.20	1738.00	OK	Canvas/HUD/VerticalUIRoot/VerticalSafeAreaRoot/ContentSlot/Dimension1Panel/RelicChamberPanel/D1_RelicsVisualRoot/CommandCenter	Canvas/HUD/VerticalUIRoot/VerticalSafeAreaRoot/ContentSlot/Dimension1Panel/RelicChamberPanel/D1_RelicsVisualRoot/CommandCenter
09_relics_page1	1080	1920	Canvas/HUD/VerticalUIRoot/VerticalSafeAreaRoot/ContentSlot/Dimension1Panel/RelicChamberPanel/D1_RelicsVisualRoot/CommandCenter	2	164.80	1738.00	OK	Canvas/HUD/VerticalUIRoot/VerticalSafeAreaRoot/ContentSlot/Dimension1Panel/RelicChamberPanel/D1_RelicsVisualRoot/CommandCenter	Canvas/HUD/VerticalUIRoot/VerticalSafeAreaRoot/ContentSlot/Dimension1Panel/RelicChamberPanel/D1_RelicsVisualRoot/CommandCenter
09_relics_page1	1080	1920	Canvas/HUD/VerticalUIRoot/VerticalSafeAreaRoot/ContentSlot/Dimension1Panel/RelicChamberPanel/D1_RelicsVisualRoot/CommandCenter	3	59.20	1798.00	OK	Canvas/HUD/VerticalUIRoot/VerticalSafeAreaRoot/ContentSlot/Dimension1Panel/RelicChamberPanel/D1_RelicsVisualRoot/CommandCenter	Canvas/HUD/VerticalUIRoot/VerticalSafeAreaRoot/ContentSlot/Dimension1Panel/RelicChamberPanel/D1_RelicsVisualRoot/CommandCenter
09_relics_page1	1080	1920	Canvas/HUD/VerticalUIRoot/VerticalSafeAreaRoot/ContentSlot/Dimension1Panel/RelicChamberPanel/D1_RelicsVisualRoot/CommandCenter	4	164.80	1798.00	OK	Canvas/HUD/VerticalUIRoot/VerticalSafeAreaRoot/ContentSlot/Dimension1Panel/RelicChamberPanel/D1_RelicsVisualRoot/CommandCenter	Canvas/HUD/VerticalUIRoot/VerticalSafeAreaRoot/ContentSlot/Dimension1Panel/RelicChamberPanel/D1_RelicsVisualRoot/CommandCenter
09_relics_page1	1080	1920	Canvas/HUD/VerticalUIRoot/VerticalSafeAreaRoot/ContentSlot/Dimension1Panel/RelicChamberPanel/D1_RelicsVisualRoot/MetalsButton	0	921.50	1768.00	OK	Canvas/HUD/VerticalUIRoot/VerticalSafeAreaRoot/ContentSlot/Dimension1Panel/RelicChamberPanel/D1_RelicsVisualRoot/MetalsButton	Canvas/HUD/VerticalUIRoot/VerticalSafeAreaRoot/ContentSlot/Dimension1Panel/RelicChamberPanel/D1_RelicsVisualRoot/MetalsButton
09_relics_page1	1080	1920	Canvas/HUD/VerticalUIRoot/VerticalSafeAreaRoot/ContentSlot/Dimension1Panel/RelicChamberPanel/D1_RelicsVisualRoot/MetalsButton	1	848.00	1738.00	OK	Canvas/HUD/VerticalUIRoot/VerticalSafeAreaRoot/ContentSlot/Dimension1Panel/RelicChamberPanel/D1_RelicsVisualRoot/MetalsButton	Canvas/HUD/VerticalUIRoot/VerticalSafeAreaRoot/ContentSlot/Dimension1Panel/RelicChamberPanel/D1_RelicsVisualRoot/MetalsButton
09_relics_page1	1080	1920	Canvas/HUD/VerticalUIRoot/VerticalSafeAreaRoot/ContentSlot/Dimension1Panel/RelicChamberPanel/D1_RelicsVisualRoot/MetalsButton	2	995.00	1738.00	OK	Canvas/HUD/VerticalUIRoot/VerticalSafeAreaRoot/ContentSlot/Dimension1Panel/RelicChamberPanel/D1_RelicsVisualRoot/MetalsButton	Canvas/HUD/VerticalUIRoot/VerticalSafeAreaRoot/ContentSlot/Dimension1Panel/RelicChamberPanel/D1_RelicsVisualRoot/MetalsButton
09_relics_page1	1080	1920	Canvas/HUD/VerticalUIRoot/VerticalSafeAreaRoot/ContentSlot/Dimension1Panel/RelicChamberPanel/D1_RelicsVisualRoot/MetalsButton	3	848.00	1798.00	OK	Canvas/HUD/VerticalUIRoot/VerticalSafeAreaRoot/ContentSlot/Dimension1Panel/RelicChamberPanel/D1_RelicsVisualRoot/MetalsButton	Canvas/HUD/VerticalUIRoot/VerticalSafeAreaRoot/ContentSlot/Dimension1Panel/RelicChamberPanel/D1_RelicsVisualRoot/MetalsButton
09_relics_page1	1080	1920	Canvas/HUD/VerticalUIRoot/VerticalSafeAreaRoot/ContentSlot/Dimension1Panel/RelicChamberPanel/D1_RelicsVisualRoot/MetalsButton	4	995.00	1798.00	OK	Canvas/HUD/VerticalUIRoot/VerticalSafeAreaRoot/ContentSlot/Dimension1Panel/RelicChamberPanel/D1_RelicsVisualRoot/MetalsButton	Canvas/HUD/VerticalUIRoot/VerticalSafeAreaRoot/ContentSlot/Dimension1Panel/RelicChamberPanel/D1_RelicsVisualRoot/MetalsButton
09_relics_page1	1080	1920	Canvas/HUD/VerticalUIRoot/VerticalSafeAreaRoot/ContentSlot/Dimension1Panel/RelicChamberPanel/D1_RelicsVisualRoot/RelicCard_5	0	408.00	1008.00	OK	Canvas/HUD/VerticalUIRoot/VerticalSafeAreaRoot/ContentSlot/Dimension1Panel/RelicChamberPanel/D1_RelicsVisualRoot/RelicCard_5	Canvas/HUD/VerticalUIRoot/VerticalSafeAreaRoot/ContentSlot/Dimension1Panel/RelicChamberPanel/D1_RelicsVisualRoot/RelicCard_5
09_relics_page1	1080	1920	Canvas/HUD/VerticalUIRoot/VerticalSafeAreaRoot/ContentSlot/Dimension1Panel/RelicChamberPanel/D1_RelicsVisualRoot/RelicCard_5	1	337.20	894.60	OK	Canvas/HUD/VerticalUIRoot/VerticalSafeAreaRoot/ContentSlot/Dimension1Panel/RelicChamberPanel/D1_RelicsVisualRoot/RelicCard_5	Canvas/HUD/VerticalUIRoot/VerticalSafeAreaRoot/ContentSlot/Dimension1Panel/RelicChamberPanel/D1_RelicsVisualRoot/RelicCard_5
09_relics_page1	1080	1920	Canvas/HUD/VerticalUIRoot/VerticalSafeAreaRoot/ContentSlot/Dimension1Panel/RelicChamberPanel/D1_RelicsVisualRoot/RelicCard_5	2	478.80	894.60	OK	Canvas/HUD/VerticalUIRoot/VerticalSafeAreaRoot/ContentSlot/Dimension1Panel/RelicChamberPanel/D1_RelicsVisualRoot/RelicCard_5	Canvas/HUD/VerticalUIRoot/VerticalSafeAreaRoot/ContentSlot/Dimension1Panel/RelicChamberPanel/D1_RelicsVisualRoot/RelicCard_5
09_relics_page1	1080	1920	Canvas/HUD/VerticalUIRoot/VerticalSafeAreaRoot/ContentSlot/Dimension1Panel/RelicChamberPanel/D1_RelicsVisualRoot/RelicCard_5	3	337.20	1121.40	OK	Canvas/HUD/VerticalUIRoot/VerticalSafeAreaRoot/ContentSlot/Dimension1Panel/RelicChamberPanel/D1_RelicsVisualRoot/RelicCard_5	Canvas/HUD/VerticalUIRoot/VerticalSafeAreaRoot/ContentSlot/Dimension1Panel/RelicChamberPanel/D1_RelicsVisualRoot/RelicCard_5
09_relics_page1	1080	1920	Canvas/HUD/VerticalUIRoot/VerticalSafeAreaRoot/ContentSlot/Dimension1Panel/RelicChamberPanel/D1_RelicsVisualRoot/RelicCard_5	4	478.80	1121.40	OK	Canvas/HUD/VerticalUIRoot/VerticalSafeAreaRoot/ContentSlot/Dimension1Panel/RelicChamberPanel/D1_RelicsVisualRoot/RelicCard_5	Canvas/HUD/VerticalUIRoot/VerticalSafeAreaRoot/ContentSlot/Dimension1Panel/RelicChamberPanel/D1_RelicsVisualRoot/RelicCard_5
09_relics_page1	1080	1920	Canvas/HUD/VerticalUIRoot/VerticalSafeAreaRoot/ContentSlot/Dimension1Panel/RelicChamberPanel/D1_RelicsVisualRoot/RelicCard_2	0	660.00	1405.00	OK	Canvas/HUD/VerticalUIRoot/VerticalSafeAreaRoot/ContentSlot/Dimension1Panel/RelicChamberPanel/D1_RelicsVisualRoot/RelicCard_2	Canvas/HUD/VerticalUIRoot/VerticalSafeAreaRoot/ContentSlot/Dimension1Panel/RelicChamberPanel/D1_RelicsVisualRoot/RelicCard_2
09_relics_page1	1080	1920	Canvas/HUD/VerticalUIRoot/VerticalSafeAreaRoot/ContentSlot/Dimension1Panel/RelicChamberPanel/D1_RelicsVisualRoot/RelicCard_2	1	589.20	1291.60	OK	Canvas/HUD/VerticalUIRoot/VerticalSafeAreaRoot/ContentSlot/Dimension1Panel/RelicChamberPanel/D1_RelicsVisualRoot/RelicCard_2	Canvas/HUD/VerticalUIRoot/VerticalSafeAreaRoot/ContentSlot/Dimension1Panel/RelicChamberPanel/D1_RelicsVisualRoot/RelicCard_2
09_relics_page1	1080	1920	Canvas/HUD/VerticalUIRoot/VerticalSafeAreaRoot/ContentSlot/Dimension1Panel/RelicChamberPanel/D1_RelicsVisualRoot/RelicCard_2	2	730.80	1291.60	OK	Canvas/HUD/VerticalUIRoot/VerticalSafeAreaRoot/ContentSlot/Dimension1Panel/RelicChamberPanel/D1_RelicsVisualRoot/RelicCard_2	Canvas/HUD/VerticalUIRoot/VerticalSafeAreaRoot/ContentSlot/Dimension1Panel/RelicChamberPanel/D1_RelicsVisualRoot/RelicCard_2
09_relics_page1	1080	1920	Canvas/HUD/VerticalUIRoot/VerticalSafeAreaRoot/ContentSlot/Dimension1Panel/RelicChamberPanel/D1_RelicsVisualRoot/RelicCard_2	3	589.20	1518.40	OK	Canvas/HUD/VerticalUIRoot/VerticalSafeAreaRoot/ContentSlot/Dimension1Panel/RelicChamberPanel/D1_RelicsVisualRoot/RelicCard_2	Canvas/HUD/VerticalUIRoot/VerticalSafeAreaRoot/ContentSlot/Dimension1Panel/RelicChamberPanel/D1_RelicsVisualRoot/RelicCard_2
09_relics_page1	1080	1920	Canvas/HUD/VerticalUIRoot/VerticalSafeAreaRoot/ContentSlot/Dimension1Panel/RelicChamberPanel/D1_RelicsVisualRoot/RelicCard_2	4	730.80	1518.40	OK	Canvas/HUD/VerticalUIRoot/VerticalSafeAreaRoot/ContentSlot/Dimension1Panel/RelicChamberPanel/D1_RelicsVisualRoot/RelicCard_2	Canvas/HUD/VerticalUIRoot/VerticalSafeAreaRoot/ContentSlot/Dimension1Panel/RelicChamberPanel/D1_RelicsVisualRoot/RelicCard_2
10_relics_page2	1080	1920	Canvas/HUD/VerticalUIRoot/VerticalSafeAreaRoot/ContentSlot/Dimension1Panel/RelicChamberPanel/D1_RelicsVisualRoot/BottomNavigation/Nav_ÁRBOL	0	951.00	110.00	OK	Canvas/HUD/VerticalUIRoot/VerticalSafeAreaRoot/ContentSlot/Dimension1Panel/RelicChamberPanel/D1_RelicsVisualRoot/BottomNavigation/Nav_ÁRBOL	Canvas/HUD/VerticalUIRoot/VerticalSafeAreaRoot/ContentSlot/Dimension1Panel/RelicChamberPanel/D1_RelicsVisualRoot/BottomNavigation/Nav_ÁRBOL
10_relics_page2	1080	1920	Canvas/HUD/VerticalUIRoot/VerticalSafeAreaRoot/ContentSlot/Dimension1Panel/RelicChamberPanel/D1_RelicsVisualRoot/BottomNavigation/Nav_ÁRBOL	1	891.60	57.20	OK	Canvas/HUD/VerticalUIRoot/VerticalSafeAreaRoot/ContentSlot/Dimension1Panel/RelicChamberPanel/D1_RelicsVisualRoot/BottomNavigation/Nav_ÁRBOL	Canvas/HUD/VerticalUIRoot/VerticalSafeAreaRoot/ContentSlot/Dimension1Panel/RelicChamberPanel/D1_RelicsVisualRoot/BottomNavigation/Nav_ÁRBOL
10_relics_page2	1080	1920	Canvas/HUD/VerticalUIRoot/VerticalSafeAreaRoot/ContentSlot/Dimension1Panel/RelicChamberPanel/D1_RelicsVisualRoot/BottomNavigation/Nav_ÁRBOL	2	1010.40	57.20	OK	Canvas/HUD/VerticalUIRoot/VerticalSafeAreaRoot/ContentSlot/Dimension1Panel/RelicChamberPanel/D1_RelicsVisualRoot/BottomNavigation/Nav_ÁRBOL	Canvas/HUD/VerticalUIRoot/VerticalSafeAreaRoot/ContentSlot/Dimension1Panel/RelicChamberPanel/D1_RelicsVisualRoot/BottomNavigation/Nav_ÁRBOL
10_relics_page2	1080	1920	Canvas/HUD/VerticalUIRoot/VerticalSafeAreaRoot/ContentSlot/Dimension1Panel/RelicChamberPanel/D1_RelicsVisualRoot/BottomNavigation/Nav_ÁRBOL	3	891.60	162.80	OK	Canvas/HUD/VerticalUIRoot/VerticalSafeAreaRoot/ContentSlot/Dimension1Panel/RelicChamberPanel/D1_RelicsVisualRoot/BottomNavigation/Nav_ÁRBOL	Canvas/HUD/VerticalUIRoot/VerticalSafeAreaRoot/ContentSlot/Dimension1Panel/RelicChamberPanel/D1_RelicsVisualRoot/BottomNavigation/Nav_ÁRBOL
10_relics_page2	1080	1920	Canvas/HUD/VerticalUIRoot/VerticalSafeAreaRoot/ContentSlot/Dimension1Panel/RelicChamberPanel/D1_RelicsVisualRoot/BottomNavigation/Nav_ÁRBOL	4	1010.40	162.80	OK	Canvas/HUD/VerticalUIRoot/VerticalSafeAreaRoot/ContentSlot/Dimension1Panel/RelicChamberPanel/D1_RelicsVisualRoot/BottomNavigation/Nav_ÁRBOL	Canvas/HUD/VerticalUIRoot/VerticalSafeAreaRoot/ContentSlot/Dimension1Panel/RelicChamberPanel/D1_RelicsVisualRoot/BottomNavigation/Nav_ÁRBOL
10_relics_page2	1080	1920	Canvas/HUD/VerticalUIRoot/VerticalSafeAreaRoot/ContentSlot/Dimension1Panel/RelicChamberPanel/D1_RelicsVisualRoot/RelicCard_1	0	408.00	1405.00	OK	Canvas/HUD/VerticalUIRoot/VerticalSafeAreaRoot/ContentSlot/Dimension1Panel/RelicChamberPanel/D1_RelicsVisualRoot/RelicCard_1	Canvas/HUD/VerticalUIRoot/VerticalSafeAreaRoot/ContentSlot/Dimension1Panel/RelicChamberPanel/D1_RelicsVisualRoot/RelicCard_1
10_relics_page2	1080	1920	Canvas/HUD/VerticalUIRoot/VerticalSafeAreaRoot/ContentSlot/Dimension1Panel/RelicChamberPanel/D1_RelicsVisualRoot/RelicCard_1	1	337.20	1291.60	OK	Canvas/HUD/VerticalUIRoot/VerticalSafeAreaRoot/ContentSlot/Dimension1Panel/RelicChamberPanel/D1_RelicsVisualRoot/RelicCard_1	Canvas/HUD/VerticalUIRoot/VerticalSafeAreaRoot/ContentSlot/Dimension1Panel/RelicChamberPanel/D1_RelicsVisualRoot/RelicCard_1
10_relics_page2	1080	1920	Canvas/HUD/VerticalUIRoot/VerticalSafeAreaRoot/ContentSlot/Dimension1Panel/RelicChamberPanel/D1_RelicsVisualRoot/RelicCard_1	2	478.80	1291.60	OK	Canvas/HUD/VerticalUIRoot/VerticalSafeAreaRoot/ContentSlot/Dimension1Panel/RelicChamberPanel/D1_RelicsVisualRoot/RelicCard_1	Canvas/HUD/VerticalUIRoot/VerticalSafeAreaRoot/ContentSlot/Dimension1Panel/RelicChamberPanel/D1_RelicsVisualRoot/RelicCard_1
10_relics_page2	1080	1920	Canvas/HUD/VerticalUIRoot/VerticalSafeAreaRoot/ContentSlot/Dimension1Panel/RelicChamberPanel/D1_RelicsVisualRoot/RelicCard_1	3	337.20	1518.40	OK	Canvas/HUD/VerticalUIRoot/VerticalSafeAreaRoot/ContentSlot/Dimension1Panel/RelicChamberPanel/D1_RelicsVisualRoot/RelicCard_1	Canvas/HUD/VerticalUIRoot/VerticalSafeAreaRoot/ContentSlot/Dimension1Panel/RelicChamberPanel/D1_RelicsVisualRoot/RelicCard_1
10_relics_page2	1080	1920	Canvas/HUD/VerticalUIRoot/VerticalSafeAreaRoot/ContentSlot/Dimension1Panel/RelicChamberPanel/D1_RelicsVisualRoot/RelicCard_1	4	478.80	1518.40	OK	Canvas/HUD/VerticalUIRoot/VerticalSafeAreaRoot/ContentSlot/Dimension1Panel/RelicChamberPanel/D1_RelicsVisualRoot/RelicCard_1	Canvas/HUD/VerticalUIRoot/VerticalSafeAreaRoot/ContentSlot/Dimension1Panel/RelicChamberPanel/D1_RelicsVisualRoot/RelicCard_1
10_relics_page2	1080	1920	Canvas/HUD/VerticalUIRoot/VerticalSafeAreaRoot/ContentSlot/Dimension1Panel/RelicChamberPanel/D1_RelicsVisualRoot/RelicCard_4	0	156.00	1008.00	OK	Canvas/HUD/VerticalUIRoot/VerticalSafeAreaRoot/ContentSlot/Dimension1Panel/RelicChamberPanel/D1_RelicsVisualRoot/RelicCard_4	Canvas/HUD/VerticalUIRoot/VerticalSafeAreaRoot/ContentSlot/Dimension1Panel/RelicChamberPanel/D1_RelicsVisualRoot/RelicCard_4
10_relics_page2	1080	1920	Canvas/HUD/VerticalUIRoot/VerticalSafeAreaRoot/ContentSlot/Dimension1Panel/RelicChamberPanel/D1_RelicsVisualRoot/RelicCard_4	1	85.20	894.60	OK	Canvas/HUD/VerticalUIRoot/VerticalSafeAreaRoot/ContentSlot/Dimension1Panel/RelicChamberPanel/D1_RelicsVisualRoot/RelicCard_4	Canvas/HUD/VerticalUIRoot/VerticalSafeAreaRoot/ContentSlot/Dimension1Panel/RelicChamberPanel/D1_RelicsVisualRoot/RelicCard_4
10_relics_page2	1080	1920	Canvas/HUD/VerticalUIRoot/VerticalSafeAreaRoot/ContentSlot/Dimension1Panel/RelicChamberPanel/D1_RelicsVisualRoot/RelicCard_4	2	226.80	894.60	OK	Canvas/HUD/VerticalUIRoot/VerticalSafeAreaRoot/ContentSlot/Dimension1Panel/RelicChamberPanel/D1_RelicsVisualRoot/RelicCard_4	Canvas/HUD/VerticalUIRoot/VerticalSafeAreaRoot/ContentSlot/Dimension1Panel/RelicChamberPanel/D1_RelicsVisualRoot/RelicCard_4
10_relics_page2	1080	1920	Canvas/HUD/VerticalUIRoot/VerticalSafeAreaRoot/ContentSlot/Dimension1Panel/RelicChamberPanel/D1_RelicsVisualRoot/RelicCard_4	3	85.20	1121.40	OK	Canvas/HUD/VerticalUIRoot/VerticalSafeAreaRoot/ContentSlot/Dimension1Panel/RelicChamberPanel/D1_RelicsVisualRoot/RelicCard_4	Canvas/HUD/VerticalUIRoot/VerticalSafeAreaRoot/ContentSlot/Dimension1Panel/RelicChamberPanel/D1_RelicsVisualRoot/RelicCard_4
10_relics_page2	1080	1920	Canvas/HUD/VerticalUIRoot/VerticalSafeAreaRoot/ContentSlot/Dimension1Panel/RelicChamberPanel/D1_RelicsVisualRoot/RelicCard_4	4	226.80	1121.40	OK	Canvas/HUD/VerticalUIRoot/VerticalSafeAreaRoot/ContentSlot/Dimension1Panel/RelicChamberPanel/D1_RelicsVisualRoot/RelicCard_4	Canvas/HUD/VerticalUIRoot/VerticalSafeAreaRoot/ContentSlot/Dimension1Panel/RelicChamberPanel/D1_RelicsVisualRoot/RelicCard_4
10_relics_page2	1080	1920	Canvas/HUD/VerticalUIRoot/VerticalSafeAreaRoot/ContentSlot/Dimension1Panel/RelicChamberPanel/CloseRelicChamberPanelButton	0	1240.00	626.00	OFFSCREEN	<none>	<none>
10_relics_page2	1080	1920	Canvas/HUD/VerticalUIRoot/VerticalSafeAreaRoot/ContentSlot/Dimension1Panel/RelicChamberPanel/CloseRelicChamberPanelButton	1	1192.00	617.00	OFFSCREEN	<none>	<none>
10_relics_page2	1080	1920	Canvas/HUD/VerticalUIRoot/VerticalSafeAreaRoot/ContentSlot/Dimension1Panel/RelicChamberPanel/CloseRelicChamberPanelButton	2	1288.00	617.00	OFFSCREEN	<none>	<none>
10_relics_page2	1080	1920	Canvas/HUD/VerticalUIRoot/VerticalSafeAreaRoot/ContentSlot/Dimension1Panel/RelicChamberPanel/CloseRelicChamberPanelButton	3	1192.00	635.00	OFFSCREEN	<none>	<none>
10_relics_page2	1080	1920	Canvas/HUD/VerticalUIRoot/VerticalSafeAreaRoot/ContentSlot/Dimension1Panel/RelicChamberPanel/CloseRelicChamberPanelButton	4	1288.00	635.00	OFFSCREEN	<none>	<none>
10_relics_page2	1080	1920	Canvas/HUD/VerticalUIRoot/VerticalSafeAreaRoot/ContentSlot/Dimension1Panel/RelicChamberPanel/D1_RelicsVisualRoot/RelicCard_6	0	660.00	1008.00	OK	Canvas/HUD/VerticalUIRoot/VerticalSafeAreaRoot/ContentSlot/Dimension1Panel/RelicChamberPanel/D1_RelicsVisualRoot/RelicCard_6	Canvas/HUD/VerticalUIRoot/VerticalSafeAreaRoot/ContentSlot/Dimension1Panel/RelicChamberPanel/D1_RelicsVisualRoot/RelicCard_6
10_relics_page2	1080	1920	Canvas/HUD/VerticalUIRoot/VerticalSafeAreaRoot/ContentSlot/Dimension1Panel/RelicChamberPanel/D1_RelicsVisualRoot/RelicCard_6	1	589.20	894.60	OK	Canvas/HUD/VerticalUIRoot/VerticalSafeAreaRoot/ContentSlot/Dimension1Panel/RelicChamberPanel/D1_RelicsVisualRoot/RelicCard_6	Canvas/HUD/VerticalUIRoot/VerticalSafeAreaRoot/ContentSlot/Dimension1Panel/RelicChamberPanel/D1_RelicsVisualRoot/RelicCard_6
10_relics_page2	1080	1920	Canvas/HUD/VerticalUIRoot/VerticalSafeAreaRoot/ContentSlot/Dimension1Panel/RelicChamberPanel/D1_RelicsVisualRoot/RelicCard_6	2	730.80	894.60	OK	Canvas/HUD/VerticalUIRoot/VerticalSafeAreaRoot/ContentSlot/Dimension1Panel/RelicChamberPanel/D1_RelicsVisualRoot/RelicCard_6	Canvas/HUD/VerticalUIRoot/VerticalSafeAreaRoot/ContentSlot/Dimension1Panel/RelicChamberPanel/D1_RelicsVisualRoot/RelicCard_6
10_relics_page2	1080	1920	Canvas/HUD/VerticalUIRoot/VerticalSafeAreaRoot/ContentSlot/Dimension1Panel/RelicChamberPanel/D1_RelicsVisualRoot/RelicCard_6	3	589.20	1121.40	OK	Canvas/HUD/VerticalUIRoot/VerticalSafeAreaRoot/ContentSlot/Dimension1Panel/RelicChamberPanel/D1_RelicsVisualRoot/RelicCard_6	Canvas/HUD/VerticalUIRoot/VerticalSafeAreaRoot/ContentSlot/Dimension1Panel/RelicChamberPanel/D1_RelicsVisualRoot/RelicCard_6
10_relics_page2	1080	1920	Canvas/HUD/VerticalUIRoot/VerticalSafeAreaRoot/ContentSlot/Dimension1Panel/RelicChamberPanel/D1_RelicsVisualRoot/RelicCard_6	4	730.80	1121.40	OK	Canvas/HUD/VerticalUIRoot/VerticalSafeAreaRoot/ContentSlot/Dimension1Panel/RelicChamberPanel/D1_RelicsVisualRoot/RelicCard_6	Canvas/HUD/VerticalUIRoot/VerticalSafeAreaRoot/ContentSlot/Dimension1Panel/RelicChamberPanel/D1_RelicsVisualRoot/RelicCard_6
10_relics_page2	1080	1920	Canvas/HUD/VerticalUIRoot/VerticalSafeAreaRoot/ContentSlot/Dimension1Panel/RelicChamberPanel/D1_RelicsVisualRoot/BottomNavigation/Nav_EXPLORAR	0	330.00	110.00	OK	Canvas/HUD/VerticalUIRoot/VerticalSafeAreaRoot/ContentSlot/Dimension1Panel/RelicChamberPanel/D1_RelicsVisualRoot/BottomNavigation/Nav_EXPLORAR	Canvas/HUD/VerticalUIRoot/VerticalSafeAreaRoot/ContentSlot/Dimension1Panel/RelicChamberPanel/D1_RelicsVisualRoot/BottomNavigation/Nav_EXPLORAR
10_relics_page2	1080	1920	Canvas/HUD/VerticalUIRoot/VerticalSafeAreaRoot/ContentSlot/Dimension1Panel/RelicChamberPanel/D1_RelicsVisualRoot/BottomNavigation/Nav_EXPLORAR	1	270.60	57.20	OK	Canvas/HUD/VerticalUIRoot/VerticalSafeAreaRoot/ContentSlot/Dimension1Panel/RelicChamberPanel/D1_RelicsVisualRoot/BottomNavigation/Nav_EXPLORAR	Canvas/HUD/VerticalUIRoot/VerticalSafeAreaRoot/ContentSlot/Dimension1Panel/RelicChamberPanel/D1_RelicsVisualRoot/BottomNavigation/Nav_EXPLORAR
10_relics_page2	1080	1920	Canvas/HUD/VerticalUIRoot/VerticalSafeAreaRoot/ContentSlot/Dimension1Panel/RelicChamberPanel/D1_RelicsVisualRoot/BottomNavigation/Nav_EXPLORAR	2	389.40	57.20	OK	Canvas/HUD/VerticalUIRoot/VerticalSafeAreaRoot/ContentSlot/Dimension1Panel/RelicChamberPanel/D1_RelicsVisualRoot/BottomNavigation/Nav_EXPLORAR	Canvas/HUD/VerticalUIRoot/VerticalSafeAreaRoot/ContentSlot/Dimension1Panel/RelicChamberPanel/D1_RelicsVisualRoot/BottomNavigation/Nav_EXPLORAR
10_relics_page2	1080	1920	Canvas/HUD/VerticalUIRoot/VerticalSafeAreaRoot/ContentSlot/Dimension1Panel/RelicChamberPanel/D1_RelicsVisualRoot/BottomNavigation/Nav_EXPLORAR	3	270.60	162.80	OK	Canvas/HUD/VerticalUIRoot/VerticalSafeAreaRoot/ContentSlot/Dimension1Panel/RelicChamberPanel/D1_RelicsVisualRoot/BottomNavigation/Nav_EXPLORAR	Canvas/HUD/VerticalUIRoot/VerticalSafeAreaRoot/ContentSlot/Dimension1Panel/RelicChamberPanel/D1_RelicsVisualRoot/BottomNavigation/Nav_EXPLORAR
10_relics_page2	1080	1920	Canvas/HUD/VerticalUIRoot/VerticalSafeAreaRoot/ContentSlot/Dimension1Panel/RelicChamberPanel/D1_RelicsVisualRoot/BottomNavigation/Nav_EXPLORAR	4	389.40	162.80	OK	Canvas/HUD/VerticalUIRoot/VerticalSafeAreaRoot/ContentSlot/Dimension1Panel/RelicChamberPanel/D1_RelicsVisualRoot/BottomNavigation/Nav_EXPLORAR	Canvas/HUD/VerticalUIRoot/VerticalSafeAreaRoot/ContentSlot/Dimension1Panel/RelicChamberPanel/D1_RelicsVisualRoot/BottomNavigation/Nav_EXPLORAR
10_relics_page2	1080	1920	Canvas/HUD/VerticalUIRoot/VerticalSafeAreaRoot/ContentSlot/Dimension1Panel/RelicChamberPanel/D1_RelicsVisualRoot/RelicCard_3	0	912.00	1405.00	OK	Canvas/HUD/VerticalUIRoot/VerticalSafeAreaRoot/ContentSlot/Dimension1Panel/RelicChamberPanel/D1_RelicsVisualRoot/RelicCard_3	Canvas/HUD/VerticalUIRoot/VerticalSafeAreaRoot/ContentSlot/Dimension1Panel/RelicChamberPanel/D1_RelicsVisualRoot/RelicCard_3
10_relics_page2	1080	1920	Canvas/HUD/VerticalUIRoot/VerticalSafeAreaRoot/ContentSlot/Dimension1Panel/RelicChamberPanel/D1_RelicsVisualRoot/RelicCard_3	1	841.20	1291.60	OK	Canvas/HUD/VerticalUIRoot/VerticalSafeAreaRoot/ContentSlot/Dimension1Panel/RelicChamberPanel/D1_RelicsVisualRoot/RelicCard_3	Canvas/HUD/VerticalUIRoot/VerticalSafeAreaRoot/ContentSlot/Dimension1Panel/RelicChamberPanel/D1_RelicsVisualRoot/RelicCard_3
10_relics_page2	1080	1920	Canvas/HUD/VerticalUIRoot/VerticalSafeAreaRoot/ContentSlot/Dimension1Panel/RelicChamberPanel/D1_RelicsVisualRoot/RelicCard_3	2	982.80	1291.60	OK	Canvas/HUD/VerticalUIRoot/VerticalSafeAreaRoot/ContentSlot/Dimension1Panel/RelicChamberPanel/D1_RelicsVisualRoot/RelicCard_3	Canvas/HUD/VerticalUIRoot/VerticalSafeAreaRoot/ContentSlot/Dimension1Panel/RelicChamberPanel/D1_RelicsVisualRoot/RelicCard_3
10_relics_page2	1080	1920	Canvas/HUD/VerticalUIRoot/VerticalSafeAreaRoot/ContentSlot/Dimension1Panel/RelicChamberPanel/D1_RelicsVisualRoot/RelicCard_3	3	841.20	1518.40	OK	Canvas/HUD/VerticalUIRoot/VerticalSafeAreaRoot/ContentSlot/Dimension1Panel/RelicChamberPanel/D1_RelicsVisualRoot/RelicCard_3	Canvas/HUD/VerticalUIRoot/VerticalSafeAreaRoot/ContentSlot/Dimension1Panel/RelicChamberPanel/D1_RelicsVisualRoot/RelicCard_3
10_relics_page2	1080	1920	Canvas/HUD/VerticalUIRoot/VerticalSafeAreaRoot/ContentSlot/Dimension1Panel/RelicChamberPanel/D1_RelicsVisualRoot/RelicCard_3	4	982.80	1518.40	OK	Canvas/HUD/VerticalUIRoot/VerticalSafeAreaRoot/ContentSlot/Dimension1Panel/RelicChamberPanel/D1_RelicsVisualRoot/RelicCard_3	Canvas/HUD/VerticalUIRoot/VerticalSafeAreaRoot/ContentSlot/Dimension1Panel/RelicChamberPanel/D1_RelicsVisualRoot/RelicCard_3
10_relics_page2	1080	1920	Canvas/HUD/VerticalUIRoot/VerticalSafeAreaRoot/ContentSlot/Dimension1Panel/RelicChamberPanel/D1_RelicsVisualRoot/RelicCard_0	0	156.00	1405.00	OK	Canvas/HUD/VerticalUIRoot/VerticalSafeAreaRoot/ContentSlot/Dimension1Panel/RelicChamberPanel/D1_RelicsVisualRoot/RelicCard_0	Canvas/HUD/VerticalUIRoot/VerticalSafeAreaRoot/ContentSlot/Dimension1Panel/RelicChamberPanel/D1_RelicsVisualRoot/RelicCard_0
10_relics_page2	1080	1920	Canvas/HUD/VerticalUIRoot/VerticalSafeAreaRoot/ContentSlot/Dimension1Panel/RelicChamberPanel/D1_RelicsVisualRoot/RelicCard_0	1	85.20	1291.60	OK	Canvas/HUD/VerticalUIRoot/VerticalSafeAreaRoot/ContentSlot/Dimension1Panel/RelicChamberPanel/D1_RelicsVisualRoot/RelicCard_0	Canvas/HUD/VerticalUIRoot/VerticalSafeAreaRoot/ContentSlot/Dimension1Panel/RelicChamberPanel/D1_RelicsVisualRoot/RelicCard_0
10_relics_page2	1080	1920	Canvas/HUD/VerticalUIRoot/VerticalSafeAreaRoot/ContentSlot/Dimension1Panel/RelicChamberPanel/D1_RelicsVisualRoot/RelicCard_0	2	226.80	1291.60	OK	Canvas/HUD/VerticalUIRoot/VerticalSafeAreaRoot/ContentSlot/Dimension1Panel/RelicChamberPanel/D1_RelicsVisualRoot/RelicCard_0	Canvas/HUD/VerticalUIRoot/VerticalSafeAreaRoot/ContentSlot/Dimension1Panel/RelicChamberPanel/D1_RelicsVisualRoot/RelicCard_0
10_relics_page2	1080	1920	Canvas/HUD/VerticalUIRoot/VerticalSafeAreaRoot/ContentSlot/Dimension1Panel/RelicChamberPanel/D1_RelicsVisualRoot/RelicCard_0	3	85.20	1518.40	OK	Canvas/HUD/VerticalUIRoot/VerticalSafeAreaRoot/ContentSlot/Dimension1Panel/RelicChamberPanel/D1_RelicsVisualRoot/RelicCard_0	Canvas/HUD/VerticalUIRoot/VerticalSafeAreaRoot/ContentSlot/Dimension1Panel/RelicChamberPanel/D1_RelicsVisualRoot/RelicCard_0
10_relics_page2	1080	1920	Canvas/HUD/VerticalUIRoot/VerticalSafeAreaRoot/ContentSlot/Dimension1Panel/RelicChamberPanel/D1_RelicsVisualRoot/RelicCard_0	4	226.80	1518.40	OK	Canvas/HUD/VerticalUIRoot/VerticalSafeAreaRoot/ContentSlot/Dimension1Panel/RelicChamberPanel/D1_RelicsVisualRoot/RelicCard_0	Canvas/HUD/VerticalUIRoot/VerticalSafeAreaRoot/ContentSlot/Dimension1Panel/RelicChamberPanel/D1_RelicsVisualRoot/RelicCard_0
10_relics_page2	1080	1920	Canvas/HUD/VerticalUIRoot/VerticalSafeAreaRoot/ContentSlot/Dimension1Panel/RelicChamberPanel/D1_RelicsVisualRoot/BottomNavigation/Nav_HANGAR	0	537.00	110.00	OK	Canvas/HUD/VerticalUIRoot/VerticalSafeAreaRoot/ContentSlot/Dimension1Panel/RelicChamberPanel/D1_RelicsVisualRoot/BottomNavigation/Nav_HANGAR	Canvas/HUD/VerticalUIRoot/VerticalSafeAreaRoot/ContentSlot/Dimension1Panel/RelicChamberPanel/D1_RelicsVisualRoot/BottomNavigation/Nav_HANGAR
10_relics_page2	1080	1920	Canvas/HUD/VerticalUIRoot/VerticalSafeAreaRoot/ContentSlot/Dimension1Panel/RelicChamberPanel/D1_RelicsVisualRoot/BottomNavigation/Nav_HANGAR	1	477.60	57.20	OK	Canvas/HUD/VerticalUIRoot/VerticalSafeAreaRoot/ContentSlot/Dimension1Panel/RelicChamberPanel/D1_RelicsVisualRoot/BottomNavigation/Nav_HANGAR	Canvas/HUD/VerticalUIRoot/VerticalSafeAreaRoot/ContentSlot/Dimension1Panel/RelicChamberPanel/D1_RelicsVisualRoot/BottomNavigation/Nav_HANGAR
10_relics_page2	1080	1920	Canvas/HUD/VerticalUIRoot/VerticalSafeAreaRoot/ContentSlot/Dimension1Panel/RelicChamberPanel/D1_RelicsVisualRoot/BottomNavigation/Nav_HANGAR	2	596.40	57.20	OK	Canvas/HUD/VerticalUIRoot/VerticalSafeAreaRoot/ContentSlot/Dimension1Panel/RelicChamberPanel/D1_RelicsVisualRoot/BottomNavigation/Nav_HANGAR	Canvas/HUD/VerticalUIRoot/VerticalSafeAreaRoot/ContentSlot/Dimension1Panel/RelicChamberPanel/D1_RelicsVisualRoot/BottomNavigation/Nav_HANGAR
10_relics_page2	1080	1920	Canvas/HUD/VerticalUIRoot/VerticalSafeAreaRoot/ContentSlot/Dimension1Panel/RelicChamberPanel/D1_RelicsVisualRoot/BottomNavigation/Nav_HANGAR	3	477.60	162.80	OK	Canvas/HUD/VerticalUIRoot/VerticalSafeAreaRoot/ContentSlot/Dimension1Panel/RelicChamberPanel/D1_RelicsVisualRoot/BottomNavigation/Nav_HANGAR	Canvas/HUD/VerticalUIRoot/VerticalSafeAreaRoot/ContentSlot/Dimension1Panel/RelicChamberPanel/D1_RelicsVisualRoot/BottomNavigation/Nav_HANGAR
10_relics_page2	1080	1920	Canvas/HUD/VerticalUIRoot/VerticalSafeAreaRoot/ContentSlot/Dimension1Panel/RelicChamberPanel/D1_RelicsVisualRoot/BottomNavigation/Nav_HANGAR	4	596.40	162.80	OK	Canvas/HUD/VerticalUIRoot/VerticalSafeAreaRoot/ContentSlot/Dimension1Panel/RelicChamberPanel/D1_RelicsVisualRoot/BottomNavigation/Nav_HANGAR	Canvas/HUD/VerticalUIRoot/VerticalSafeAreaRoot/ContentSlot/Dimension1Panel/RelicChamberPanel/D1_RelicsVisualRoot/BottomNavigation/Nav_HANGAR
10_relics_page2	1080	1920	Canvas/HUD/VerticalUIRoot/VerticalSafeAreaRoot/ContentSlot/Dimension1Panel/RelicChamberPanel/D1_RelicsVisualRoot/BottomNavigation/Nav_GALAXIA	0	123.00	110.00	OK	Canvas/HUD/VerticalUIRoot/VerticalSafeAreaRoot/ContentSlot/Dimension1Panel/RelicChamberPanel/D1_RelicsVisualRoot/BottomNavigation/Nav_GALAXIA	Canvas/HUD/VerticalUIRoot/VerticalSafeAreaRoot/ContentSlot/Dimension1Panel/RelicChamberPanel/D1_RelicsVisualRoot/BottomNavigation/Nav_GALAXIA
10_relics_page2	1080	1920	Canvas/HUD/VerticalUIRoot/VerticalSafeAreaRoot/ContentSlot/Dimension1Panel/RelicChamberPanel/D1_RelicsVisualRoot/BottomNavigation/Nav_GALAXIA	1	63.60	57.20	OK	Canvas/HUD/VerticalUIRoot/VerticalSafeAreaRoot/ContentSlot/Dimension1Panel/RelicChamberPanel/D1_RelicsVisualRoot/BottomNavigation/Nav_GALAXIA	Canvas/HUD/VerticalUIRoot/VerticalSafeAreaRoot/ContentSlot/Dimension1Panel/RelicChamberPanel/D1_RelicsVisualRoot/BottomNavigation/Nav_GALAXIA
10_relics_page2	1080	1920	Canvas/HUD/VerticalUIRoot/VerticalSafeAreaRoot/ContentSlot/Dimension1Panel/RelicChamberPanel/D1_RelicsVisualRoot/BottomNavigation/Nav_GALAXIA	2	182.40	57.20	OK	Canvas/HUD/VerticalUIRoot/VerticalSafeAreaRoot/ContentSlot/Dimension1Panel/RelicChamberPanel/D1_RelicsVisualRoot/BottomNavigation/Nav_GALAXIA	Canvas/HUD/VerticalUIRoot/VerticalSafeAreaRoot/ContentSlot/Dimension1Panel/RelicChamberPanel/D1_RelicsVisualRoot/BottomNavigation/Nav_GALAXIA
10_relics_page2	1080	1920	Canvas/HUD/VerticalUIRoot/VerticalSafeAreaRoot/ContentSlot/Dimension1Panel/RelicChamberPanel/D1_RelicsVisualRoot/BottomNavigation/Nav_GALAXIA	3	63.60	162.80	OK	Canvas/HUD/VerticalUIRoot/VerticalSafeAreaRoot/ContentSlot/Dimension1Panel/RelicChamberPanel/D1_RelicsVisualRoot/BottomNavigation/Nav_GALAXIA	Canvas/HUD/VerticalUIRoot/VerticalSafeAreaRoot/ContentSlot/Dimension1Panel/RelicChamberPanel/D1_RelicsVisualRoot/BottomNavigation/Nav_GALAXIA
10_relics_page2	1080	1920	Canvas/HUD/VerticalUIRoot/VerticalSafeAreaRoot/ContentSlot/Dimension1Panel/RelicChamberPanel/D1_RelicsVisualRoot/BottomNavigation/Nav_GALAXIA	4	182.40	162.80	OK	Canvas/HUD/VerticalUIRoot/VerticalSafeAreaRoot/ContentSlot/Dimension1Panel/RelicChamberPanel/D1_RelicsVisualRoot/BottomNavigation/Nav_GALAXIA	Canvas/HUD/VerticalUIRoot/VerticalSafeAreaRoot/ContentSlot/Dimension1Panel/RelicChamberPanel/D1_RelicsVisualRoot/BottomNavigation/Nav_GALAXIA
10_relics_page2	1080	1920	Canvas/HUD/VerticalUIRoot/VerticalSafeAreaRoot/ContentSlot/Dimension1Panel/RelicChamberPanel/D1_RelicsVisualRoot/PreviousPage	0	629.00	1641.00	OK	Canvas/HUD/VerticalUIRoot/VerticalSafeAreaRoot/ContentSlot/Dimension1Panel/RelicChamberPanel/D1_RelicsVisualRoot/PreviousPage	Canvas/HUD/VerticalUIRoot/VerticalSafeAreaRoot/ContentSlot/Dimension1Panel/RelicChamberPanel/D1_RelicsVisualRoot/PreviousPage
10_relics_page2	1080	1920	Canvas/HUD/VerticalUIRoot/VerticalSafeAreaRoot/ContentSlot/Dimension1Panel/RelicChamberPanel/D1_RelicsVisualRoot/PreviousPage	1	617.60	1629.60	OK	Canvas/HUD/VerticalUIRoot/VerticalSafeAreaRoot/ContentSlot/Dimension1Panel/RelicChamberPanel/D1_RelicsVisualRoot/PreviousPage	Canvas/HUD/VerticalUIRoot/VerticalSafeAreaRoot/ContentSlot/Dimension1Panel/RelicChamberPanel/D1_RelicsVisualRoot/PreviousPage
10_relics_page2	1080	1920	Canvas/HUD/VerticalUIRoot/VerticalSafeAreaRoot/ContentSlot/Dimension1Panel/RelicChamberPanel/D1_RelicsVisualRoot/PreviousPage	2	640.40	1629.60	OK	Canvas/HUD/VerticalUIRoot/VerticalSafeAreaRoot/ContentSlot/Dimension1Panel/RelicChamberPanel/D1_RelicsVisualRoot/PreviousPage	Canvas/HUD/VerticalUIRoot/VerticalSafeAreaRoot/ContentSlot/Dimension1Panel/RelicChamberPanel/D1_RelicsVisualRoot/PreviousPage
10_relics_page2	1080	1920	Canvas/HUD/VerticalUIRoot/VerticalSafeAreaRoot/ContentSlot/Dimension1Panel/RelicChamberPanel/D1_RelicsVisualRoot/PreviousPage	3	617.60	1652.40	OK	Canvas/HUD/VerticalUIRoot/VerticalSafeAreaRoot/ContentSlot/Dimension1Panel/RelicChamberPanel/D1_RelicsVisualRoot/PreviousPage	Canvas/HUD/VerticalUIRoot/VerticalSafeAreaRoot/ContentSlot/Dimension1Panel/RelicChamberPanel/D1_RelicsVisualRoot/PreviousPage
10_relics_page2	1080	1920	Canvas/HUD/VerticalUIRoot/VerticalSafeAreaRoot/ContentSlot/Dimension1Panel/RelicChamberPanel/D1_RelicsVisualRoot/PreviousPage	4	640.40	1652.40	OK	Canvas/HUD/VerticalUIRoot/VerticalSafeAreaRoot/ContentSlot/Dimension1Panel/RelicChamberPanel/D1_RelicsVisualRoot/PreviousPage	Canvas/HUD/VerticalUIRoot/VerticalSafeAreaRoot/ContentSlot/Dimension1Panel/RelicChamberPanel/D1_RelicsVisualRoot/PreviousPage
10_relics_page2	1080	1920	Canvas/HUD/VerticalUIRoot/VerticalSafeAreaRoot/ContentSlot/Dimension1Panel/RelicChamberPanel/D1_RelicsVisualRoot/NextPage	0	751.00	1641.00	OK	Canvas/HUD/VerticalUIRoot/VerticalSafeAreaRoot/ContentSlot/Dimension1Panel/RelicChamberPanel/D1_RelicsVisualRoot/NextPage	Canvas/HUD/VerticalUIRoot/VerticalSafeAreaRoot/ContentSlot/Dimension1Panel/RelicChamberPanel/D1_RelicsVisualRoot/NextPage
10_relics_page2	1080	1920	Canvas/HUD/VerticalUIRoot/VerticalSafeAreaRoot/ContentSlot/Dimension1Panel/RelicChamberPanel/D1_RelicsVisualRoot/NextPage	1	739.60	1629.60	OK	Canvas/HUD/VerticalUIRoot/VerticalSafeAreaRoot/ContentSlot/Dimension1Panel/RelicChamberPanel/D1_RelicsVisualRoot/NextPage	Canvas/HUD/VerticalUIRoot/VerticalSafeAreaRoot/ContentSlot/Dimension1Panel/RelicChamberPanel/D1_RelicsVisualRoot/NextPage
10_relics_page2	1080	1920	Canvas/HUD/VerticalUIRoot/VerticalSafeAreaRoot/ContentSlot/Dimension1Panel/RelicChamberPanel/D1_RelicsVisualRoot/NextPage	2	762.40	1629.60	OK	Canvas/HUD/VerticalUIRoot/VerticalSafeAreaRoot/ContentSlot/Dimension1Panel/RelicChamberPanel/D1_RelicsVisualRoot/NextPage	Canvas/HUD/VerticalUIRoot/VerticalSafeAreaRoot/ContentSlot/Dimension1Panel/RelicChamberPanel/D1_RelicsVisualRoot/NextPage
10_relics_page2	1080	1920	Canvas/HUD/VerticalUIRoot/VerticalSafeAreaRoot/ContentSlot/Dimension1Panel/RelicChamberPanel/D1_RelicsVisualRoot/NextPage	3	739.60	1652.40	OK	Canvas/HUD/VerticalUIRoot/VerticalSafeAreaRoot/ContentSlot/Dimension1Panel/RelicChamberPanel/D1_RelicsVisualRoot/NextPage	Canvas/HUD/VerticalUIRoot/VerticalSafeAreaRoot/ContentSlot/Dimension1Panel/RelicChamberPanel/D1_RelicsVisualRoot/NextPage
10_relics_page2	1080	1920	Canvas/HUD/VerticalUIRoot/VerticalSafeAreaRoot/ContentSlot/Dimension1Panel/RelicChamberPanel/D1_RelicsVisualRoot/NextPage	4	762.40	1652.40	OK	Canvas/HUD/VerticalUIRoot/VerticalSafeAreaRoot/ContentSlot/Dimension1Panel/RelicChamberPanel/D1_RelicsVisualRoot/NextPage	Canvas/HUD/VerticalUIRoot/VerticalSafeAreaRoot/ContentSlot/Dimension1Panel/RelicChamberPanel/D1_RelicsVisualRoot/NextPage
10_relics_page2	1080	1920	Canvas/HUD/VerticalUIRoot/VerticalSafeAreaRoot/ContentSlot/Dimension1Panel/RelicChamberPanel/D1_RelicsVisualRoot/RelicCard_7	0	912.00	1008.00	OK	Canvas/HUD/VerticalUIRoot/VerticalSafeAreaRoot/ContentSlot/Dimension1Panel/RelicChamberPanel/D1_RelicsVisualRoot/RelicCard_7	Canvas/HUD/VerticalUIRoot/VerticalSafeAreaRoot/ContentSlot/Dimension1Panel/RelicChamberPanel/D1_RelicsVisualRoot/RelicCard_7
10_relics_page2	1080	1920	Canvas/HUD/VerticalUIRoot/VerticalSafeAreaRoot/ContentSlot/Dimension1Panel/RelicChamberPanel/D1_RelicsVisualRoot/RelicCard_7	1	841.20	894.60	OK	Canvas/HUD/VerticalUIRoot/VerticalSafeAreaRoot/ContentSlot/Dimension1Panel/RelicChamberPanel/D1_RelicsVisualRoot/RelicCard_7	Canvas/HUD/VerticalUIRoot/VerticalSafeAreaRoot/ContentSlot/Dimension1Panel/RelicChamberPanel/D1_RelicsVisualRoot/RelicCard_7
10_relics_page2	1080	1920	Canvas/HUD/VerticalUIRoot/VerticalSafeAreaRoot/ContentSlot/Dimension1Panel/RelicChamberPanel/D1_RelicsVisualRoot/RelicCard_7	2	982.80	894.60	OK	Canvas/HUD/VerticalUIRoot/VerticalSafeAreaRoot/ContentSlot/Dimension1Panel/RelicChamberPanel/D1_RelicsVisualRoot/RelicCard_7	Canvas/HUD/VerticalUIRoot/VerticalSafeAreaRoot/ContentSlot/Dimension1Panel/RelicChamberPanel/D1_RelicsVisualRoot/RelicCard_7
10_relics_page2	1080	1920	Canvas/HUD/VerticalUIRoot/VerticalSafeAreaRoot/ContentSlot/Dimension1Panel/RelicChamberPanel/D1_RelicsVisualRoot/RelicCard_7	3	841.20	1121.40	OK	Canvas/HUD/VerticalUIRoot/VerticalSafeAreaRoot/ContentSlot/Dimension1Panel/RelicChamberPanel/D1_RelicsVisualRoot/RelicCard_7	Canvas/HUD/VerticalUIRoot/VerticalSafeAreaRoot/ContentSlot/Dimension1Panel/RelicChamberPanel/D1_RelicsVisualRoot/RelicCard_7
10_relics_page2	1080	1920	Canvas/HUD/VerticalUIRoot/VerticalSafeAreaRoot/ContentSlot/Dimension1Panel/RelicChamberPanel/D1_RelicsVisualRoot/RelicCard_7	4	982.80	1121.40	OK	Canvas/HUD/VerticalUIRoot/VerticalSafeAreaRoot/ContentSlot/Dimension1Panel/RelicChamberPanel/D1_RelicsVisualRoot/RelicCard_7	Canvas/HUD/VerticalUIRoot/VerticalSafeAreaRoot/ContentSlot/Dimension1Panel/RelicChamberPanel/D1_RelicsVisualRoot/RelicCard_7
10_relics_page2	1080	1920	Canvas/HUD/VerticalUIRoot/VerticalSafeAreaRoot/ContentSlot/Dimension1Panel/RelicChamberPanel/D1_RelicsVisualRoot/CommandCenter	0	112.00	1768.00	OK	Canvas/HUD/VerticalUIRoot/VerticalSafeAreaRoot/ContentSlot/Dimension1Panel/RelicChamberPanel/D1_RelicsVisualRoot/CommandCenter	Canvas/HUD/VerticalUIRoot/VerticalSafeAreaRoot/ContentSlot/Dimension1Panel/RelicChamberPanel/D1_RelicsVisualRoot/CommandCenter
10_relics_page2	1080	1920	Canvas/HUD/VerticalUIRoot/VerticalSafeAreaRoot/ContentSlot/Dimension1Panel/RelicChamberPanel/D1_RelicsVisualRoot/CommandCenter	1	59.20	1738.00	OK	Canvas/HUD/VerticalUIRoot/VerticalSafeAreaRoot/ContentSlot/Dimension1Panel/RelicChamberPanel/D1_RelicsVisualRoot/CommandCenter	Canvas/HUD/VerticalUIRoot/VerticalSafeAreaRoot/ContentSlot/Dimension1Panel/RelicChamberPanel/D1_RelicsVisualRoot/CommandCenter
10_relics_page2	1080	1920	Canvas/HUD/VerticalUIRoot/VerticalSafeAreaRoot/ContentSlot/Dimension1Panel/RelicChamberPanel/D1_RelicsVisualRoot/CommandCenter	2	164.80	1738.00	OK	Canvas/HUD/VerticalUIRoot/VerticalSafeAreaRoot/ContentSlot/Dimension1Panel/RelicChamberPanel/D1_RelicsVisualRoot/CommandCenter	Canvas/HUD/VerticalUIRoot/VerticalSafeAreaRoot/ContentSlot/Dimension1Panel/RelicChamberPanel/D1_RelicsVisualRoot/CommandCenter
10_relics_page2	1080	1920	Canvas/HUD/VerticalUIRoot/VerticalSafeAreaRoot/ContentSlot/Dimension1Panel/RelicChamberPanel/D1_RelicsVisualRoot/CommandCenter	3	59.20	1798.00	OK	Canvas/HUD/VerticalUIRoot/VerticalSafeAreaRoot/ContentSlot/Dimension1Panel/RelicChamberPanel/D1_RelicsVisualRoot/CommandCenter	Canvas/HUD/VerticalUIRoot/VerticalSafeAreaRoot/ContentSlot/Dimension1Panel/RelicChamberPanel/D1_RelicsVisualRoot/CommandCenter
10_relics_page2	1080	1920	Canvas/HUD/VerticalUIRoot/VerticalSafeAreaRoot/ContentSlot/Dimension1Panel/RelicChamberPanel/D1_RelicsVisualRoot/CommandCenter	4	164.80	1798.00	OK	Canvas/HUD/VerticalUIRoot/VerticalSafeAreaRoot/ContentSlot/Dimension1Panel/RelicChamberPanel/D1_RelicsVisualRoot/CommandCenter	Canvas/HUD/VerticalUIRoot/VerticalSafeAreaRoot/ContentSlot/Dimension1Panel/RelicChamberPanel/D1_RelicsVisualRoot/CommandCenter
10_relics_page2	1080	1920	Canvas/HUD/VerticalUIRoot/VerticalSafeAreaRoot/ContentSlot/Dimension1Panel/RelicChamberPanel/D1_RelicsVisualRoot/MetalsButton	0	921.50	1768.00	OK	Canvas/HUD/VerticalUIRoot/VerticalSafeAreaRoot/ContentSlot/Dimension1Panel/RelicChamberPanel/D1_RelicsVisualRoot/MetalsButton	Canvas/HUD/VerticalUIRoot/VerticalSafeAreaRoot/ContentSlot/Dimension1Panel/RelicChamberPanel/D1_RelicsVisualRoot/MetalsButton
10_relics_page2	1080	1920	Canvas/HUD/VerticalUIRoot/VerticalSafeAreaRoot/ContentSlot/Dimension1Panel/RelicChamberPanel/D1_RelicsVisualRoot/MetalsButton	1	848.00	1738.00	OK	Canvas/HUD/VerticalUIRoot/VerticalSafeAreaRoot/ContentSlot/Dimension1Panel/RelicChamberPanel/D1_RelicsVisualRoot/MetalsButton	Canvas/HUD/VerticalUIRoot/VerticalSafeAreaRoot/ContentSlot/Dimension1Panel/RelicChamberPanel/D1_RelicsVisualRoot/MetalsButton
10_relics_page2	1080	1920	Canvas/HUD/VerticalUIRoot/VerticalSafeAreaRoot/ContentSlot/Dimension1Panel/RelicChamberPanel/D1_RelicsVisualRoot/MetalsButton	2	995.00	1738.00	OK	Canvas/HUD/VerticalUIRoot/VerticalSafeAreaRoot/ContentSlot/Dimension1Panel/RelicChamberPanel/D1_RelicsVisualRoot/MetalsButton	Canvas/HUD/VerticalUIRoot/VerticalSafeAreaRoot/ContentSlot/Dimension1Panel/RelicChamberPanel/D1_RelicsVisualRoot/MetalsButton
10_relics_page2	1080	1920	Canvas/HUD/VerticalUIRoot/VerticalSafeAreaRoot/ContentSlot/Dimension1Panel/RelicChamberPanel/D1_RelicsVisualRoot/MetalsButton	3	848.00	1798.00	OK	Canvas/HUD/VerticalUIRoot/VerticalSafeAreaRoot/ContentSlot/Dimension1Panel/RelicChamberPanel/D1_RelicsVisualRoot/MetalsButton	Canvas/HUD/VerticalUIRoot/VerticalSafeAreaRoot/ContentSlot/Dimension1Panel/RelicChamberPanel/D1_RelicsVisualRoot/MetalsButton
10_relics_page2	1080	1920	Canvas/HUD/VerticalUIRoot/VerticalSafeAreaRoot/ContentSlot/Dimension1Panel/RelicChamberPanel/D1_RelicsVisualRoot/MetalsButton	4	995.00	1798.00	OK	Canvas/HUD/VerticalUIRoot/VerticalSafeAreaRoot/ContentSlot/Dimension1Panel/RelicChamberPanel/D1_RelicsVisualRoot/MetalsButton	Canvas/HUD/VerticalUIRoot/VerticalSafeAreaRoot/ContentSlot/Dimension1Panel/RelicChamberPanel/D1_RelicsVisualRoot/MetalsButton
10_relics_page2	1080	1920	Canvas/HUD/VerticalUIRoot/VerticalSafeAreaRoot/ContentSlot/Dimension1Panel/RelicChamberPanel/D1_RelicsVisualRoot/RelicCard_5	0	408.00	1008.00	OK	Canvas/HUD/VerticalUIRoot/VerticalSafeAreaRoot/ContentSlot/Dimension1Panel/RelicChamberPanel/D1_RelicsVisualRoot/RelicCard_5	Canvas/HUD/VerticalUIRoot/VerticalSafeAreaRoot/ContentSlot/Dimension1Panel/RelicChamberPanel/D1_RelicsVisualRoot/RelicCard_5
10_relics_page2	1080	1920	Canvas/HUD/VerticalUIRoot/VerticalSafeAreaRoot/ContentSlot/Dimension1Panel/RelicChamberPanel/D1_RelicsVisualRoot/RelicCard_5	1	337.20	894.60	OK	Canvas/HUD/VerticalUIRoot/VerticalSafeAreaRoot/ContentSlot/Dimension1Panel/RelicChamberPanel/D1_RelicsVisualRoot/RelicCard_5	Canvas/HUD/VerticalUIRoot/VerticalSafeAreaRoot/ContentSlot/Dimension1Panel/RelicChamberPanel/D1_RelicsVisualRoot/RelicCard_5
10_relics_page2	1080	1920	Canvas/HUD/VerticalUIRoot/VerticalSafeAreaRoot/ContentSlot/Dimension1Panel/RelicChamberPanel/D1_RelicsVisualRoot/RelicCard_5	2	478.80	894.60	OK	Canvas/HUD/VerticalUIRoot/VerticalSafeAreaRoot/ContentSlot/Dimension1Panel/RelicChamberPanel/D1_RelicsVisualRoot/RelicCard_5	Canvas/HUD/VerticalUIRoot/VerticalSafeAreaRoot/ContentSlot/Dimension1Panel/RelicChamberPanel/D1_RelicsVisualRoot/RelicCard_5
10_relics_page2	1080	1920	Canvas/HUD/VerticalUIRoot/VerticalSafeAreaRoot/ContentSlot/Dimension1Panel/RelicChamberPanel/D1_RelicsVisualRoot/RelicCard_5	3	337.20	1121.40	OK	Canvas/HUD/VerticalUIRoot/VerticalSafeAreaRoot/ContentSlot/Dimension1Panel/RelicChamberPanel/D1_RelicsVisualRoot/RelicCard_5	Canvas/HUD/VerticalUIRoot/VerticalSafeAreaRoot/ContentSlot/Dimension1Panel/RelicChamberPanel/D1_RelicsVisualRoot/RelicCard_5
10_relics_page2	1080	1920	Canvas/HUD/VerticalUIRoot/VerticalSafeAreaRoot/ContentSlot/Dimension1Panel/RelicChamberPanel/D1_RelicsVisualRoot/RelicCard_5	4	478.80	1121.40	OK	Canvas/HUD/VerticalUIRoot/VerticalSafeAreaRoot/ContentSlot/Dimension1Panel/RelicChamberPanel/D1_RelicsVisualRoot/RelicCard_5	Canvas/HUD/VerticalUIRoot/VerticalSafeAreaRoot/ContentSlot/Dimension1Panel/RelicChamberPanel/D1_RelicsVisualRoot/RelicCard_5
10_relics_page2	1080	1920	Canvas/HUD/VerticalUIRoot/VerticalSafeAreaRoot/ContentSlot/Dimension1Panel/RelicChamberPanel/D1_RelicsVisualRoot/RelicCard_2	0	660.00	1405.00	OK	Canvas/HUD/VerticalUIRoot/VerticalSafeAreaRoot/ContentSlot/Dimension1Panel/RelicChamberPanel/D1_RelicsVisualRoot/RelicCard_2	Canvas/HUD/VerticalUIRoot/VerticalSafeAreaRoot/ContentSlot/Dimension1Panel/RelicChamberPanel/D1_RelicsVisualRoot/RelicCard_2
10_relics_page2	1080	1920	Canvas/HUD/VerticalUIRoot/VerticalSafeAreaRoot/ContentSlot/Dimension1Panel/RelicChamberPanel/D1_RelicsVisualRoot/RelicCard_2	1	589.20	1291.60	OK	Canvas/HUD/VerticalUIRoot/VerticalSafeAreaRoot/ContentSlot/Dimension1Panel/RelicChamberPanel/D1_RelicsVisualRoot/RelicCard_2	Canvas/HUD/VerticalUIRoot/VerticalSafeAreaRoot/ContentSlot/Dimension1Panel/RelicChamberPanel/D1_RelicsVisualRoot/RelicCard_2
10_relics_page2	1080	1920	Canvas/HUD/VerticalUIRoot/VerticalSafeAreaRoot/ContentSlot/Dimension1Panel/RelicChamberPanel/D1_RelicsVisualRoot/RelicCard_2	2	730.80	1291.60	OK	Canvas/HUD/VerticalUIRoot/VerticalSafeAreaRoot/ContentSlot/Dimension1Panel/RelicChamberPanel/D1_RelicsVisualRoot/RelicCard_2	Canvas/HUD/VerticalUIRoot/VerticalSafeAreaRoot/ContentSlot/Dimension1Panel/RelicChamberPanel/D1_RelicsVisualRoot/RelicCard_2
10_relics_page2	1080	1920	Canvas/HUD/VerticalUIRoot/VerticalSafeAreaRoot/ContentSlot/Dimension1Panel/RelicChamberPanel/D1_RelicsVisualRoot/RelicCard_2	3	589.20	1518.40	OK	Canvas/HUD/VerticalUIRoot/VerticalSafeAreaRoot/ContentSlot/Dimension1Panel/RelicChamberPanel/D1_RelicsVisualRoot/RelicCard_2	Canvas/HUD/VerticalUIRoot/VerticalSafeAreaRoot/ContentSlot/Dimension1Panel/RelicChamberPanel/D1_RelicsVisualRoot/RelicCard_2
10_relics_page2	1080	1920	Canvas/HUD/VerticalUIRoot/VerticalSafeAreaRoot/ContentSlot/Dimension1Panel/RelicChamberPanel/D1_RelicsVisualRoot/RelicCard_2	4	730.80	1518.40	OK	Canvas/HUD/VerticalUIRoot/VerticalSafeAreaRoot/ContentSlot/Dimension1Panel/RelicChamberPanel/D1_RelicsVisualRoot/RelicCard_2	Canvas/HUD/VerticalUIRoot/VerticalSafeAreaRoot/ContentSlot/Dimension1Panel/RelicChamberPanel/D1_RelicsVisualRoot/RelicCard_2
11_relics_page3	1080	1920	Canvas/HUD/VerticalUIRoot/VerticalSafeAreaRoot/ContentSlot/Dimension1Panel/RelicChamberPanel/D1_RelicsVisualRoot/BottomNavigation/Nav_ÁRBOL	0	951.00	110.00	OK	Canvas/HUD/VerticalUIRoot/VerticalSafeAreaRoot/ContentSlot/Dimension1Panel/RelicChamberPanel/D1_RelicsVisualRoot/BottomNavigation/Nav_ÁRBOL	Canvas/HUD/VerticalUIRoot/VerticalSafeAreaRoot/ContentSlot/Dimension1Panel/RelicChamberPanel/D1_RelicsVisualRoot/BottomNavigation/Nav_ÁRBOL
11_relics_page3	1080	1920	Canvas/HUD/VerticalUIRoot/VerticalSafeAreaRoot/ContentSlot/Dimension1Panel/RelicChamberPanel/D1_RelicsVisualRoot/BottomNavigation/Nav_ÁRBOL	1	891.60	57.20	OK	Canvas/HUD/VerticalUIRoot/VerticalSafeAreaRoot/ContentSlot/Dimension1Panel/RelicChamberPanel/D1_RelicsVisualRoot/BottomNavigation/Nav_ÁRBOL	Canvas/HUD/VerticalUIRoot/VerticalSafeAreaRoot/ContentSlot/Dimension1Panel/RelicChamberPanel/D1_RelicsVisualRoot/BottomNavigation/Nav_ÁRBOL
11_relics_page3	1080	1920	Canvas/HUD/VerticalUIRoot/VerticalSafeAreaRoot/ContentSlot/Dimension1Panel/RelicChamberPanel/D1_RelicsVisualRoot/BottomNavigation/Nav_ÁRBOL	2	1010.40	57.20	OK	Canvas/HUD/VerticalUIRoot/VerticalSafeAreaRoot/ContentSlot/Dimension1Panel/RelicChamberPanel/D1_RelicsVisualRoot/BottomNavigation/Nav_ÁRBOL	Canvas/HUD/VerticalUIRoot/VerticalSafeAreaRoot/ContentSlot/Dimension1Panel/RelicChamberPanel/D1_RelicsVisualRoot/BottomNavigation/Nav_ÁRBOL
11_relics_page3	1080	1920	Canvas/HUD/VerticalUIRoot/VerticalSafeAreaRoot/ContentSlot/Dimension1Panel/RelicChamberPanel/D1_RelicsVisualRoot/BottomNavigation/Nav_ÁRBOL	3	891.60	162.80	OK	Canvas/HUD/VerticalUIRoot/VerticalSafeAreaRoot/ContentSlot/Dimension1Panel/RelicChamberPanel/D1_RelicsVisualRoot/BottomNavigation/Nav_ÁRBOL	Canvas/HUD/VerticalUIRoot/VerticalSafeAreaRoot/ContentSlot/Dimension1Panel/RelicChamberPanel/D1_RelicsVisualRoot/BottomNavigation/Nav_ÁRBOL
11_relics_page3	1080	1920	Canvas/HUD/VerticalUIRoot/VerticalSafeAreaRoot/ContentSlot/Dimension1Panel/RelicChamberPanel/D1_RelicsVisualRoot/BottomNavigation/Nav_ÁRBOL	4	1010.40	162.80	OK	Canvas/HUD/VerticalUIRoot/VerticalSafeAreaRoot/ContentSlot/Dimension1Panel/RelicChamberPanel/D1_RelicsVisualRoot/BottomNavigation/Nav_ÁRBOL	Canvas/HUD/VerticalUIRoot/VerticalSafeAreaRoot/ContentSlot/Dimension1Panel/RelicChamberPanel/D1_RelicsVisualRoot/BottomNavigation/Nav_ÁRBOL
11_relics_page3	1080	1920	Canvas/HUD/VerticalUIRoot/VerticalSafeAreaRoot/ContentSlot/Dimension1Panel/RelicChamberPanel/D1_RelicsVisualRoot/RelicCard_1	0	660.00	1405.00	OK	Canvas/HUD/VerticalUIRoot/VerticalSafeAreaRoot/ContentSlot/Dimension1Panel/RelicChamberPanel/D1_RelicsVisualRoot/RelicCard_1	Canvas/HUD/VerticalUIRoot/VerticalSafeAreaRoot/ContentSlot/Dimension1Panel/RelicChamberPanel/D1_RelicsVisualRoot/RelicCard_1
11_relics_page3	1080	1920	Canvas/HUD/VerticalUIRoot/VerticalSafeAreaRoot/ContentSlot/Dimension1Panel/RelicChamberPanel/D1_RelicsVisualRoot/RelicCard_1	1	589.20	1291.60	OK	Canvas/HUD/VerticalUIRoot/VerticalSafeAreaRoot/ContentSlot/Dimension1Panel/RelicChamberPanel/D1_RelicsVisualRoot/RelicCard_1	Canvas/HUD/VerticalUIRoot/VerticalSafeAreaRoot/ContentSlot/Dimension1Panel/RelicChamberPanel/D1_RelicsVisualRoot/RelicCard_1
11_relics_page3	1080	1920	Canvas/HUD/VerticalUIRoot/VerticalSafeAreaRoot/ContentSlot/Dimension1Panel/RelicChamberPanel/D1_RelicsVisualRoot/RelicCard_1	2	730.80	1291.60	OK	Canvas/HUD/VerticalUIRoot/VerticalSafeAreaRoot/ContentSlot/Dimension1Panel/RelicChamberPanel/D1_RelicsVisualRoot/RelicCard_1	Canvas/HUD/VerticalUIRoot/VerticalSafeAreaRoot/ContentSlot/Dimension1Panel/RelicChamberPanel/D1_RelicsVisualRoot/RelicCard_1
11_relics_page3	1080	1920	Canvas/HUD/VerticalUIRoot/VerticalSafeAreaRoot/ContentSlot/Dimension1Panel/RelicChamberPanel/D1_RelicsVisualRoot/RelicCard_1	3	589.20	1518.40	OK	Canvas/HUD/VerticalUIRoot/VerticalSafeAreaRoot/ContentSlot/Dimension1Panel/RelicChamberPanel/D1_RelicsVisualRoot/RelicCard_1	Canvas/HUD/VerticalUIRoot/VerticalSafeAreaRoot/ContentSlot/Dimension1Panel/RelicChamberPanel/D1_RelicsVisualRoot/RelicCard_1
11_relics_page3	1080	1920	Canvas/HUD/VerticalUIRoot/VerticalSafeAreaRoot/ContentSlot/Dimension1Panel/RelicChamberPanel/D1_RelicsVisualRoot/RelicCard_1	4	730.80	1518.40	OK	Canvas/HUD/VerticalUIRoot/VerticalSafeAreaRoot/ContentSlot/Dimension1Panel/RelicChamberPanel/D1_RelicsVisualRoot/RelicCard_1	Canvas/HUD/VerticalUIRoot/VerticalSafeAreaRoot/ContentSlot/Dimension1Panel/RelicChamberPanel/D1_RelicsVisualRoot/RelicCard_1
11_relics_page3	1080	1920	Canvas/HUD/VerticalUIRoot/VerticalSafeAreaRoot/ContentSlot/Dimension1Panel/RelicChamberPanel/CloseRelicChamberPanelButton	0	1240.00	626.00	OFFSCREEN	<none>	<none>
11_relics_page3	1080	1920	Canvas/HUD/VerticalUIRoot/VerticalSafeAreaRoot/ContentSlot/Dimension1Panel/RelicChamberPanel/CloseRelicChamberPanelButton	1	1192.00	617.00	OFFSCREEN	<none>	<none>
11_relics_page3	1080	1920	Canvas/HUD/VerticalUIRoot/VerticalSafeAreaRoot/ContentSlot/Dimension1Panel/RelicChamberPanel/CloseRelicChamberPanelButton	2	1288.00	617.00	OFFSCREEN	<none>	<none>
11_relics_page3	1080	1920	Canvas/HUD/VerticalUIRoot/VerticalSafeAreaRoot/ContentSlot/Dimension1Panel/RelicChamberPanel/CloseRelicChamberPanelButton	3	1192.00	635.00	OFFSCREEN	<none>	<none>
11_relics_page3	1080	1920	Canvas/HUD/VerticalUIRoot/VerticalSafeAreaRoot/ContentSlot/Dimension1Panel/RelicChamberPanel/CloseRelicChamberPanelButton	4	1288.00	635.00	OFFSCREEN	<none>	<none>
11_relics_page3	1080	1920	Canvas/HUD/VerticalUIRoot/VerticalSafeAreaRoot/ContentSlot/Dimension1Panel/RelicChamberPanel/D1_RelicsVisualRoot/BottomNavigation/Nav_EXPLORAR	0	330.00	110.00	OK	Canvas/HUD/VerticalUIRoot/VerticalSafeAreaRoot/ContentSlot/Dimension1Panel/RelicChamberPanel/D1_RelicsVisualRoot/BottomNavigation/Nav_EXPLORAR	Canvas/HUD/VerticalUIRoot/VerticalSafeAreaRoot/ContentSlot/Dimension1Panel/RelicChamberPanel/D1_RelicsVisualRoot/BottomNavigation/Nav_EXPLORAR
11_relics_page3	1080	1920	Canvas/HUD/VerticalUIRoot/VerticalSafeAreaRoot/ContentSlot/Dimension1Panel/RelicChamberPanel/D1_RelicsVisualRoot/BottomNavigation/Nav_EXPLORAR	1	270.60	57.20	OK	Canvas/HUD/VerticalUIRoot/VerticalSafeAreaRoot/ContentSlot/Dimension1Panel/RelicChamberPanel/D1_RelicsVisualRoot/BottomNavigation/Nav_EXPLORAR	Canvas/HUD/VerticalUIRoot/VerticalSafeAreaRoot/ContentSlot/Dimension1Panel/RelicChamberPanel/D1_RelicsVisualRoot/BottomNavigation/Nav_EXPLORAR
11_relics_page3	1080	1920	Canvas/HUD/VerticalUIRoot/VerticalSafeAreaRoot/ContentSlot/Dimension1Panel/RelicChamberPanel/D1_RelicsVisualRoot/BottomNavigation/Nav_EXPLORAR	2	389.40	57.20	OK	Canvas/HUD/VerticalUIRoot/VerticalSafeAreaRoot/ContentSlot/Dimension1Panel/RelicChamberPanel/D1_RelicsVisualRoot/BottomNavigation/Nav_EXPLORAR	Canvas/HUD/VerticalUIRoot/VerticalSafeAreaRoot/ContentSlot/Dimension1Panel/RelicChamberPanel/D1_RelicsVisualRoot/BottomNavigation/Nav_EXPLORAR
11_relics_page3	1080	1920	Canvas/HUD/VerticalUIRoot/VerticalSafeAreaRoot/ContentSlot/Dimension1Panel/RelicChamberPanel/D1_RelicsVisualRoot/BottomNavigation/Nav_EXPLORAR	3	270.60	162.80	OK	Canvas/HUD/VerticalUIRoot/VerticalSafeAreaRoot/ContentSlot/Dimension1Panel/RelicChamberPanel/D1_RelicsVisualRoot/BottomNavigation/Nav_EXPLORAR	Canvas/HUD/VerticalUIRoot/VerticalSafeAreaRoot/ContentSlot/Dimension1Panel/RelicChamberPanel/D1_RelicsVisualRoot/BottomNavigation/Nav_EXPLORAR
11_relics_page3	1080	1920	Canvas/HUD/VerticalUIRoot/VerticalSafeAreaRoot/ContentSlot/Dimension1Panel/RelicChamberPanel/D1_RelicsVisualRoot/BottomNavigation/Nav_EXPLORAR	4	389.40	162.80	OK	Canvas/HUD/VerticalUIRoot/VerticalSafeAreaRoot/ContentSlot/Dimension1Panel/RelicChamberPanel/D1_RelicsVisualRoot/BottomNavigation/Nav_EXPLORAR	Canvas/HUD/VerticalUIRoot/VerticalSafeAreaRoot/ContentSlot/Dimension1Panel/RelicChamberPanel/D1_RelicsVisualRoot/BottomNavigation/Nav_EXPLORAR
11_relics_page3	1080	1920	Canvas/HUD/VerticalUIRoot/VerticalSafeAreaRoot/ContentSlot/Dimension1Panel/RelicChamberPanel/D1_RelicsVisualRoot/RelicCard_3	0	660.00	1008.00	OK	Canvas/HUD/VerticalUIRoot/VerticalSafeAreaRoot/ContentSlot/Dimension1Panel/RelicChamberPanel/D1_RelicsVisualRoot/RelicCard_3	Canvas/HUD/VerticalUIRoot/VerticalSafeAreaRoot/ContentSlot/Dimension1Panel/RelicChamberPanel/D1_RelicsVisualRoot/RelicCard_3
11_relics_page3	1080	1920	Canvas/HUD/VerticalUIRoot/VerticalSafeAreaRoot/ContentSlot/Dimension1Panel/RelicChamberPanel/D1_RelicsVisualRoot/RelicCard_3	1	589.20	894.60	OK	Canvas/HUD/VerticalUIRoot/VerticalSafeAreaRoot/ContentSlot/Dimension1Panel/RelicChamberPanel/D1_RelicsVisualRoot/RelicCard_3	Canvas/HUD/VerticalUIRoot/VerticalSafeAreaRoot/ContentSlot/Dimension1Panel/RelicChamberPanel/D1_RelicsVisualRoot/RelicCard_3
11_relics_page3	1080	1920	Canvas/HUD/VerticalUIRoot/VerticalSafeAreaRoot/ContentSlot/Dimension1Panel/RelicChamberPanel/D1_RelicsVisualRoot/RelicCard_3	2	730.80	894.60	OK	Canvas/HUD/VerticalUIRoot/VerticalSafeAreaRoot/ContentSlot/Dimension1Panel/RelicChamberPanel/D1_RelicsVisualRoot/RelicCard_3	Canvas/HUD/VerticalUIRoot/VerticalSafeAreaRoot/ContentSlot/Dimension1Panel/RelicChamberPanel/D1_RelicsVisualRoot/RelicCard_3
11_relics_page3	1080	1920	Canvas/HUD/VerticalUIRoot/VerticalSafeAreaRoot/ContentSlot/Dimension1Panel/RelicChamberPanel/D1_RelicsVisualRoot/RelicCard_3	3	589.20	1121.40	OK	Canvas/HUD/VerticalUIRoot/VerticalSafeAreaRoot/ContentSlot/Dimension1Panel/RelicChamberPanel/D1_RelicsVisualRoot/RelicCard_3	Canvas/HUD/VerticalUIRoot/VerticalSafeAreaRoot/ContentSlot/Dimension1Panel/RelicChamberPanel/D1_RelicsVisualRoot/RelicCard_3
11_relics_page3	1080	1920	Canvas/HUD/VerticalUIRoot/VerticalSafeAreaRoot/ContentSlot/Dimension1Panel/RelicChamberPanel/D1_RelicsVisualRoot/RelicCard_3	4	730.80	1121.40	OK	Canvas/HUD/VerticalUIRoot/VerticalSafeAreaRoot/ContentSlot/Dimension1Panel/RelicChamberPanel/D1_RelicsVisualRoot/RelicCard_3	Canvas/HUD/VerticalUIRoot/VerticalSafeAreaRoot/ContentSlot/Dimension1Panel/RelicChamberPanel/D1_RelicsVisualRoot/RelicCard_3
11_relics_page3	1080	1920	Canvas/HUD/VerticalUIRoot/VerticalSafeAreaRoot/ContentSlot/Dimension1Panel/RelicChamberPanel/D1_RelicsVisualRoot/RelicCard_0	0	408.00	1405.00	OK	Canvas/HUD/VerticalUIRoot/VerticalSafeAreaRoot/ContentSlot/Dimension1Panel/RelicChamberPanel/D1_RelicsVisualRoot/RelicCard_0	Canvas/HUD/VerticalUIRoot/VerticalSafeAreaRoot/ContentSlot/Dimension1Panel/RelicChamberPanel/D1_RelicsVisualRoot/RelicCard_0
11_relics_page3	1080	1920	Canvas/HUD/VerticalUIRoot/VerticalSafeAreaRoot/ContentSlot/Dimension1Panel/RelicChamberPanel/D1_RelicsVisualRoot/RelicCard_0	1	337.20	1291.60	OK	Canvas/HUD/VerticalUIRoot/VerticalSafeAreaRoot/ContentSlot/Dimension1Panel/RelicChamberPanel/D1_RelicsVisualRoot/RelicCard_0	Canvas/HUD/VerticalUIRoot/VerticalSafeAreaRoot/ContentSlot/Dimension1Panel/RelicChamberPanel/D1_RelicsVisualRoot/RelicCard_0
11_relics_page3	1080	1920	Canvas/HUD/VerticalUIRoot/VerticalSafeAreaRoot/ContentSlot/Dimension1Panel/RelicChamberPanel/D1_RelicsVisualRoot/RelicCard_0	2	478.80	1291.60	OK	Canvas/HUD/VerticalUIRoot/VerticalSafeAreaRoot/ContentSlot/Dimension1Panel/RelicChamberPanel/D1_RelicsVisualRoot/RelicCard_0	Canvas/HUD/VerticalUIRoot/VerticalSafeAreaRoot/ContentSlot/Dimension1Panel/RelicChamberPanel/D1_RelicsVisualRoot/RelicCard_0
11_relics_page3	1080	1920	Canvas/HUD/VerticalUIRoot/VerticalSafeAreaRoot/ContentSlot/Dimension1Panel/RelicChamberPanel/D1_RelicsVisualRoot/RelicCard_0	3	337.20	1518.40	OK	Canvas/HUD/VerticalUIRoot/VerticalSafeAreaRoot/ContentSlot/Dimension1Panel/RelicChamberPanel/D1_RelicsVisualRoot/RelicCard_0	Canvas/HUD/VerticalUIRoot/VerticalSafeAreaRoot/ContentSlot/Dimension1Panel/RelicChamberPanel/D1_RelicsVisualRoot/RelicCard_0
11_relics_page3	1080	1920	Canvas/HUD/VerticalUIRoot/VerticalSafeAreaRoot/ContentSlot/Dimension1Panel/RelicChamberPanel/D1_RelicsVisualRoot/RelicCard_0	4	478.80	1518.40	OK	Canvas/HUD/VerticalUIRoot/VerticalSafeAreaRoot/ContentSlot/Dimension1Panel/RelicChamberPanel/D1_RelicsVisualRoot/RelicCard_0	Canvas/HUD/VerticalUIRoot/VerticalSafeAreaRoot/ContentSlot/Dimension1Panel/RelicChamberPanel/D1_RelicsVisualRoot/RelicCard_0
11_relics_page3	1080	1920	Canvas/HUD/VerticalUIRoot/VerticalSafeAreaRoot/ContentSlot/Dimension1Panel/RelicChamberPanel/D1_RelicsVisualRoot/BottomNavigation/Nav_HANGAR	0	537.00	110.00	OK	Canvas/HUD/VerticalUIRoot/VerticalSafeAreaRoot/ContentSlot/Dimension1Panel/RelicChamberPanel/D1_RelicsVisualRoot/BottomNavigation/Nav_HANGAR	Canvas/HUD/VerticalUIRoot/VerticalSafeAreaRoot/ContentSlot/Dimension1Panel/RelicChamberPanel/D1_RelicsVisualRoot/BottomNavigation/Nav_HANGAR
11_relics_page3	1080	1920	Canvas/HUD/VerticalUIRoot/VerticalSafeAreaRoot/ContentSlot/Dimension1Panel/RelicChamberPanel/D1_RelicsVisualRoot/BottomNavigation/Nav_HANGAR	1	477.60	57.20	OK	Canvas/HUD/VerticalUIRoot/VerticalSafeAreaRoot/ContentSlot/Dimension1Panel/RelicChamberPanel/D1_RelicsVisualRoot/BottomNavigation/Nav_HANGAR	Canvas/HUD/VerticalUIRoot/VerticalSafeAreaRoot/ContentSlot/Dimension1Panel/RelicChamberPanel/D1_RelicsVisualRoot/BottomNavigation/Nav_HANGAR
11_relics_page3	1080	1920	Canvas/HUD/VerticalUIRoot/VerticalSafeAreaRoot/ContentSlot/Dimension1Panel/RelicChamberPanel/D1_RelicsVisualRoot/BottomNavigation/Nav_HANGAR	2	596.40	57.20	OK	Canvas/HUD/VerticalUIRoot/VerticalSafeAreaRoot/ContentSlot/Dimension1Panel/RelicChamberPanel/D1_RelicsVisualRoot/BottomNavigation/Nav_HANGAR	Canvas/HUD/VerticalUIRoot/VerticalSafeAreaRoot/ContentSlot/Dimension1Panel/RelicChamberPanel/D1_RelicsVisualRoot/BottomNavigation/Nav_HANGAR
11_relics_page3	1080	1920	Canvas/HUD/VerticalUIRoot/VerticalSafeAreaRoot/ContentSlot/Dimension1Panel/RelicChamberPanel/D1_RelicsVisualRoot/BottomNavigation/Nav_HANGAR	3	477.60	162.80	OK	Canvas/HUD/VerticalUIRoot/VerticalSafeAreaRoot/ContentSlot/Dimension1Panel/RelicChamberPanel/D1_RelicsVisualRoot/BottomNavigation/Nav_HANGAR	Canvas/HUD/VerticalUIRoot/VerticalSafeAreaRoot/ContentSlot/Dimension1Panel/RelicChamberPanel/D1_RelicsVisualRoot/BottomNavigation/Nav_HANGAR
11_relics_page3	1080	1920	Canvas/HUD/VerticalUIRoot/VerticalSafeAreaRoot/ContentSlot/Dimension1Panel/RelicChamberPanel/D1_RelicsVisualRoot/BottomNavigation/Nav_HANGAR	4	596.40	162.80	OK	Canvas/HUD/VerticalUIRoot/VerticalSafeAreaRoot/ContentSlot/Dimension1Panel/RelicChamberPanel/D1_RelicsVisualRoot/BottomNavigation/Nav_HANGAR	Canvas/HUD/VerticalUIRoot/VerticalSafeAreaRoot/ContentSlot/Dimension1Panel/RelicChamberPanel/D1_RelicsVisualRoot/BottomNavigation/Nav_HANGAR
11_relics_page3	1080	1920	Canvas/HUD/VerticalUIRoot/VerticalSafeAreaRoot/ContentSlot/Dimension1Panel/RelicChamberPanel/D1_RelicsVisualRoot/BottomNavigation/Nav_GALAXIA	0	123.00	110.00	OK	Canvas/HUD/VerticalUIRoot/VerticalSafeAreaRoot/ContentSlot/Dimension1Panel/RelicChamberPanel/D1_RelicsVisualRoot/BottomNavigation/Nav_GALAXIA	Canvas/HUD/VerticalUIRoot/VerticalSafeAreaRoot/ContentSlot/Dimension1Panel/RelicChamberPanel/D1_RelicsVisualRoot/BottomNavigation/Nav_GALAXIA
11_relics_page3	1080	1920	Canvas/HUD/VerticalUIRoot/VerticalSafeAreaRoot/ContentSlot/Dimension1Panel/RelicChamberPanel/D1_RelicsVisualRoot/BottomNavigation/Nav_GALAXIA	1	63.60	57.20	OK	Canvas/HUD/VerticalUIRoot/VerticalSafeAreaRoot/ContentSlot/Dimension1Panel/RelicChamberPanel/D1_RelicsVisualRoot/BottomNavigation/Nav_GALAXIA	Canvas/HUD/VerticalUIRoot/VerticalSafeAreaRoot/ContentSlot/Dimension1Panel/RelicChamberPanel/D1_RelicsVisualRoot/BottomNavigation/Nav_GALAXIA
11_relics_page3	1080	1920	Canvas/HUD/VerticalUIRoot/VerticalSafeAreaRoot/ContentSlot/Dimension1Panel/RelicChamberPanel/D1_RelicsVisualRoot/BottomNavigation/Nav_GALAXIA	2	182.40	57.20	OK	Canvas/HUD/VerticalUIRoot/VerticalSafeAreaRoot/ContentSlot/Dimension1Panel/RelicChamberPanel/D1_RelicsVisualRoot/BottomNavigation/Nav_GALAXIA	Canvas/HUD/VerticalUIRoot/VerticalSafeAreaRoot/ContentSlot/Dimension1Panel/RelicChamberPanel/D1_RelicsVisualRoot/BottomNavigation/Nav_GALAXIA
11_relics_page3	1080	1920	Canvas/HUD/VerticalUIRoot/VerticalSafeAreaRoot/ContentSlot/Dimension1Panel/RelicChamberPanel/D1_RelicsVisualRoot/BottomNavigation/Nav_GALAXIA	3	63.60	162.80	OK	Canvas/HUD/VerticalUIRoot/VerticalSafeAreaRoot/ContentSlot/Dimension1Panel/RelicChamberPanel/D1_RelicsVisualRoot/BottomNavigation/Nav_GALAXIA	Canvas/HUD/VerticalUIRoot/VerticalSafeAreaRoot/ContentSlot/Dimension1Panel/RelicChamberPanel/D1_RelicsVisualRoot/BottomNavigation/Nav_GALAXIA
11_relics_page3	1080	1920	Canvas/HUD/VerticalUIRoot/VerticalSafeAreaRoot/ContentSlot/Dimension1Panel/RelicChamberPanel/D1_RelicsVisualRoot/BottomNavigation/Nav_GALAXIA	4	182.40	162.80	OK	Canvas/HUD/VerticalUIRoot/VerticalSafeAreaRoot/ContentSlot/Dimension1Panel/RelicChamberPanel/D1_RelicsVisualRoot/BottomNavigation/Nav_GALAXIA	Canvas/HUD/VerticalUIRoot/VerticalSafeAreaRoot/ContentSlot/Dimension1Panel/RelicChamberPanel/D1_RelicsVisualRoot/BottomNavigation/Nav_GALAXIA
11_relics_page3	1080	1920	Canvas/HUD/VerticalUIRoot/VerticalSafeAreaRoot/ContentSlot/Dimension1Panel/RelicChamberPanel/D1_RelicsVisualRoot/PreviousPage	0	629.00	1641.00	OK	Canvas/HUD/VerticalUIRoot/VerticalSafeAreaRoot/ContentSlot/Dimension1Panel/RelicChamberPanel/D1_RelicsVisualRoot/PreviousPage	Canvas/HUD/VerticalUIRoot/VerticalSafeAreaRoot/ContentSlot/Dimension1Panel/RelicChamberPanel/D1_RelicsVisualRoot/PreviousPage
11_relics_page3	1080	1920	Canvas/HUD/VerticalUIRoot/VerticalSafeAreaRoot/ContentSlot/Dimension1Panel/RelicChamberPanel/D1_RelicsVisualRoot/PreviousPage	1	617.60	1629.60	OK	Canvas/HUD/VerticalUIRoot/VerticalSafeAreaRoot/ContentSlot/Dimension1Panel/RelicChamberPanel/D1_RelicsVisualRoot/PreviousPage	Canvas/HUD/VerticalUIRoot/VerticalSafeAreaRoot/ContentSlot/Dimension1Panel/RelicChamberPanel/D1_RelicsVisualRoot/PreviousPage
11_relics_page3	1080	1920	Canvas/HUD/VerticalUIRoot/VerticalSafeAreaRoot/ContentSlot/Dimension1Panel/RelicChamberPanel/D1_RelicsVisualRoot/PreviousPage	2	640.40	1629.60	OK	Canvas/HUD/VerticalUIRoot/VerticalSafeAreaRoot/ContentSlot/Dimension1Panel/RelicChamberPanel/D1_RelicsVisualRoot/PreviousPage	Canvas/HUD/VerticalUIRoot/VerticalSafeAreaRoot/ContentSlot/Dimension1Panel/RelicChamberPanel/D1_RelicsVisualRoot/PreviousPage
11_relics_page3	1080	1920	Canvas/HUD/VerticalUIRoot/VerticalSafeAreaRoot/ContentSlot/Dimension1Panel/RelicChamberPanel/D1_RelicsVisualRoot/PreviousPage	3	617.60	1652.40	OK	Canvas/HUD/VerticalUIRoot/VerticalSafeAreaRoot/ContentSlot/Dimension1Panel/RelicChamberPanel/D1_RelicsVisualRoot/PreviousPage	Canvas/HUD/VerticalUIRoot/VerticalSafeAreaRoot/ContentSlot/Dimension1Panel/RelicChamberPanel/D1_RelicsVisualRoot/PreviousPage
11_relics_page3	1080	1920	Canvas/HUD/VerticalUIRoot/VerticalSafeAreaRoot/ContentSlot/Dimension1Panel/RelicChamberPanel/D1_RelicsVisualRoot/PreviousPage	4	640.40	1652.40	OK	Canvas/HUD/VerticalUIRoot/VerticalSafeAreaRoot/ContentSlot/Dimension1Panel/RelicChamberPanel/D1_RelicsVisualRoot/PreviousPage	Canvas/HUD/VerticalUIRoot/VerticalSafeAreaRoot/ContentSlot/Dimension1Panel/RelicChamberPanel/D1_RelicsVisualRoot/PreviousPage
11_relics_page3	1080	1920	Canvas/HUD/VerticalUIRoot/VerticalSafeAreaRoot/ContentSlot/Dimension1Panel/RelicChamberPanel/D1_RelicsVisualRoot/CommandCenter	0	112.00	1768.00	OK	Canvas/HUD/VerticalUIRoot/VerticalSafeAreaRoot/ContentSlot/Dimension1Panel/RelicChamberPanel/D1_RelicsVisualRoot/CommandCenter	Canvas/HUD/VerticalUIRoot/VerticalSafeAreaRoot/ContentSlot/Dimension1Panel/RelicChamberPanel/D1_RelicsVisualRoot/CommandCenter
11_relics_page3	1080	1920	Canvas/HUD/VerticalUIRoot/VerticalSafeAreaRoot/ContentSlot/Dimension1Panel/RelicChamberPanel/D1_RelicsVisualRoot/CommandCenter	1	59.20	1738.00	OK	Canvas/HUD/VerticalUIRoot/VerticalSafeAreaRoot/ContentSlot/Dimension1Panel/RelicChamberPanel/D1_RelicsVisualRoot/CommandCenter	Canvas/HUD/VerticalUIRoot/VerticalSafeAreaRoot/ContentSlot/Dimension1Panel/RelicChamberPanel/D1_RelicsVisualRoot/CommandCenter
11_relics_page3	1080	1920	Canvas/HUD/VerticalUIRoot/VerticalSafeAreaRoot/ContentSlot/Dimension1Panel/RelicChamberPanel/D1_RelicsVisualRoot/CommandCenter	2	164.80	1738.00	OK	Canvas/HUD/VerticalUIRoot/VerticalSafeAreaRoot/ContentSlot/Dimension1Panel/RelicChamberPanel/D1_RelicsVisualRoot/CommandCenter	Canvas/HUD/VerticalUIRoot/VerticalSafeAreaRoot/ContentSlot/Dimension1Panel/RelicChamberPanel/D1_RelicsVisualRoot/CommandCenter
11_relics_page3	1080	1920	Canvas/HUD/VerticalUIRoot/VerticalSafeAreaRoot/ContentSlot/Dimension1Panel/RelicChamberPanel/D1_RelicsVisualRoot/CommandCenter	3	59.20	1798.00	OK	Canvas/HUD/VerticalUIRoot/VerticalSafeAreaRoot/ContentSlot/Dimension1Panel/RelicChamberPanel/D1_RelicsVisualRoot/CommandCenter	Canvas/HUD/VerticalUIRoot/VerticalSafeAreaRoot/ContentSlot/Dimension1Panel/RelicChamberPanel/D1_RelicsVisualRoot/CommandCenter
11_relics_page3	1080	1920	Canvas/HUD/VerticalUIRoot/VerticalSafeAreaRoot/ContentSlot/Dimension1Panel/RelicChamberPanel/D1_RelicsVisualRoot/CommandCenter	4	164.80	1798.00	OK	Canvas/HUD/VerticalUIRoot/VerticalSafeAreaRoot/ContentSlot/Dimension1Panel/RelicChamberPanel/D1_RelicsVisualRoot/CommandCenter	Canvas/HUD/VerticalUIRoot/VerticalSafeAreaRoot/ContentSlot/Dimension1Panel/RelicChamberPanel/D1_RelicsVisualRoot/CommandCenter
11_relics_page3	1080	1920	Canvas/HUD/VerticalUIRoot/VerticalSafeAreaRoot/ContentSlot/Dimension1Panel/RelicChamberPanel/D1_RelicsVisualRoot/MetalsButton	0	921.50	1768.00	OK	Canvas/HUD/VerticalUIRoot/VerticalSafeAreaRoot/ContentSlot/Dimension1Panel/RelicChamberPanel/D1_RelicsVisualRoot/MetalsButton	Canvas/HUD/VerticalUIRoot/VerticalSafeAreaRoot/ContentSlot/Dimension1Panel/RelicChamberPanel/D1_RelicsVisualRoot/MetalsButton
11_relics_page3	1080	1920	Canvas/HUD/VerticalUIRoot/VerticalSafeAreaRoot/ContentSlot/Dimension1Panel/RelicChamberPanel/D1_RelicsVisualRoot/MetalsButton	1	848.00	1738.00	OK	Canvas/HUD/VerticalUIRoot/VerticalSafeAreaRoot/ContentSlot/Dimension1Panel/RelicChamberPanel/D1_RelicsVisualRoot/MetalsButton	Canvas/HUD/VerticalUIRoot/VerticalSafeAreaRoot/ContentSlot/Dimension1Panel/RelicChamberPanel/D1_RelicsVisualRoot/MetalsButton
11_relics_page3	1080	1920	Canvas/HUD/VerticalUIRoot/VerticalSafeAreaRoot/ContentSlot/Dimension1Panel/RelicChamberPanel/D1_RelicsVisualRoot/MetalsButton	2	995.00	1738.00	OK	Canvas/HUD/VerticalUIRoot/VerticalSafeAreaRoot/ContentSlot/Dimension1Panel/RelicChamberPanel/D1_RelicsVisualRoot/MetalsButton	Canvas/HUD/VerticalUIRoot/VerticalSafeAreaRoot/ContentSlot/Dimension1Panel/RelicChamberPanel/D1_RelicsVisualRoot/MetalsButton
11_relics_page3	1080	1920	Canvas/HUD/VerticalUIRoot/VerticalSafeAreaRoot/ContentSlot/Dimension1Panel/RelicChamberPanel/D1_RelicsVisualRoot/MetalsButton	3	848.00	1798.00	OK	Canvas/HUD/VerticalUIRoot/VerticalSafeAreaRoot/ContentSlot/Dimension1Panel/RelicChamberPanel/D1_RelicsVisualRoot/MetalsButton	Canvas/HUD/VerticalUIRoot/VerticalSafeAreaRoot/ContentSlot/Dimension1Panel/RelicChamberPanel/D1_RelicsVisualRoot/MetalsButton
11_relics_page3	1080	1920	Canvas/HUD/VerticalUIRoot/VerticalSafeAreaRoot/ContentSlot/Dimension1Panel/RelicChamberPanel/D1_RelicsVisualRoot/MetalsButton	4	995.00	1798.00	OK	Canvas/HUD/VerticalUIRoot/VerticalSafeAreaRoot/ContentSlot/Dimension1Panel/RelicChamberPanel/D1_RelicsVisualRoot/MetalsButton	Canvas/HUD/VerticalUIRoot/VerticalSafeAreaRoot/ContentSlot/Dimension1Panel/RelicChamberPanel/D1_RelicsVisualRoot/MetalsButton
11_relics_page3	1080	1920	Canvas/HUD/VerticalUIRoot/VerticalSafeAreaRoot/ContentSlot/Dimension1Panel/RelicChamberPanel/D1_RelicsVisualRoot/RelicCard_2	0	408.00	1008.00	OK	Canvas/HUD/VerticalUIRoot/VerticalSafeAreaRoot/ContentSlot/Dimension1Panel/RelicChamberPanel/D1_RelicsVisualRoot/RelicCard_2	Canvas/HUD/VerticalUIRoot/VerticalSafeAreaRoot/ContentSlot/Dimension1Panel/RelicChamberPanel/D1_RelicsVisualRoot/RelicCard_2
11_relics_page3	1080	1920	Canvas/HUD/VerticalUIRoot/VerticalSafeAreaRoot/ContentSlot/Dimension1Panel/RelicChamberPanel/D1_RelicsVisualRoot/RelicCard_2	1	337.20	894.60	OK	Canvas/HUD/VerticalUIRoot/VerticalSafeAreaRoot/ContentSlot/Dimension1Panel/RelicChamberPanel/D1_RelicsVisualRoot/RelicCard_2	Canvas/HUD/VerticalUIRoot/VerticalSafeAreaRoot/ContentSlot/Dimension1Panel/RelicChamberPanel/D1_RelicsVisualRoot/RelicCard_2
11_relics_page3	1080	1920	Canvas/HUD/VerticalUIRoot/VerticalSafeAreaRoot/ContentSlot/Dimension1Panel/RelicChamberPanel/D1_RelicsVisualRoot/RelicCard_2	2	478.80	894.60	OK	Canvas/HUD/VerticalUIRoot/VerticalSafeAreaRoot/ContentSlot/Dimension1Panel/RelicChamberPanel/D1_RelicsVisualRoot/RelicCard_2	Canvas/HUD/VerticalUIRoot/VerticalSafeAreaRoot/ContentSlot/Dimension1Panel/RelicChamberPanel/D1_RelicsVisualRoot/RelicCard_2
11_relics_page3	1080	1920	Canvas/HUD/VerticalUIRoot/VerticalSafeAreaRoot/ContentSlot/Dimension1Panel/RelicChamberPanel/D1_RelicsVisualRoot/RelicCard_2	3	337.20	1121.40	OK	Canvas/HUD/VerticalUIRoot/VerticalSafeAreaRoot/ContentSlot/Dimension1Panel/RelicChamberPanel/D1_RelicsVisualRoot/RelicCard_2	Canvas/HUD/VerticalUIRoot/VerticalSafeAreaRoot/ContentSlot/Dimension1Panel/RelicChamberPanel/D1_RelicsVisualRoot/RelicCard_2
11_relics_page3	1080	1920	Canvas/HUD/VerticalUIRoot/VerticalSafeAreaRoot/ContentSlot/Dimension1Panel/RelicChamberPanel/D1_RelicsVisualRoot/RelicCard_2	4	478.80	1121.40	OK	Canvas/HUD/VerticalUIRoot/VerticalSafeAreaRoot/ContentSlot/Dimension1Panel/RelicChamberPanel/D1_RelicsVisualRoot/RelicCard_2	Canvas/HUD/VerticalUIRoot/VerticalSafeAreaRoot/ContentSlot/Dimension1Panel/RelicChamberPanel/D1_RelicsVisualRoot/RelicCard_2
12_relics_to_center	1080	1920	Canvas/HUD/VerticalUIRoot/VerticalSafeAreaRoot/ContentSlot/Dimension1Panel/D1CommandCenterProductionRoot/DimensionDrawerToggle	0	540.00	227.00	OK	Canvas/HUD/VerticalUIRoot/VerticalSafeAreaRoot/ContentSlot/Dimension1Panel/D1CommandCenterProductionRoot/DimensionDrawerToggle	Canvas/HUD/VerticalUIRoot/VerticalSafeAreaRoot/ContentSlot/Dimension1Panel/D1CommandCenterProductionRoot/DimensionDrawerToggle
12_relics_to_center	1080	1920	Canvas/HUD/VerticalUIRoot/VerticalSafeAreaRoot/ContentSlot/Dimension1Panel/D1CommandCenterProductionRoot/DimensionDrawerToggle	1	465.00	216.80	OK	Canvas/HUD/VerticalUIRoot/VerticalSafeAreaRoot/ContentSlot/Dimension1Panel/D1CommandCenterProductionRoot/DimensionDrawerToggle	Canvas/HUD/VerticalUIRoot/VerticalSafeAreaRoot/ContentSlot/Dimension1Panel/D1CommandCenterProductionRoot/DimensionDrawerToggle
12_relics_to_center	1080	1920	Canvas/HUD/VerticalUIRoot/VerticalSafeAreaRoot/ContentSlot/Dimension1Panel/D1CommandCenterProductionRoot/DimensionDrawerToggle	2	615.00	216.80	OK	Canvas/HUD/VerticalUIRoot/VerticalSafeAreaRoot/ContentSlot/Dimension1Panel/D1CommandCenterProductionRoot/DimensionDrawerToggle	Canvas/HUD/VerticalUIRoot/VerticalSafeAreaRoot/ContentSlot/Dimension1Panel/D1CommandCenterProductionRoot/DimensionDrawerToggle
12_relics_to_center	1080	1920	Canvas/HUD/VerticalUIRoot/VerticalSafeAreaRoot/ContentSlot/Dimension1Panel/D1CommandCenterProductionRoot/DimensionDrawerToggle	3	465.00	237.20	OK	Canvas/HUD/VerticalUIRoot/VerticalSafeAreaRoot/ContentSlot/Dimension1Panel/D1CommandCenterProductionRoot/DimensionDrawerToggle	Canvas/HUD/VerticalUIRoot/VerticalSafeAreaRoot/ContentSlot/Dimension1Panel/D1CommandCenterProductionRoot/DimensionDrawerToggle
12_relics_to_center	1080	1920	Canvas/HUD/VerticalUIRoot/VerticalSafeAreaRoot/ContentSlot/Dimension1Panel/D1CommandCenterProductionRoot/DimensionDrawerToggle	4	615.00	237.20	OK	Canvas/HUD/VerticalUIRoot/VerticalSafeAreaRoot/ContentSlot/Dimension1Panel/D1CommandCenterProductionRoot/DimensionDrawerToggle	Canvas/HUD/VerticalUIRoot/VerticalSafeAreaRoot/ContentSlot/Dimension1Panel/D1CommandCenterProductionRoot/DimensionDrawerToggle
12_relics_to_center	1080	1920	Canvas/HUD/VerticalUIRoot/VerticalSafeAreaRoot/ContentSlot/Dimension1Panel/D1CommandCenterProductionRoot/CommandDashboard/ScannerCard	0	151.00	989.00	OK	Canvas/HUD/VerticalUIRoot/VerticalSafeAreaRoot/ContentSlot/Dimension1Panel/D1CommandCenterProductionRoot/CommandDashboard/ScannerCard	Canvas/HUD/VerticalUIRoot/VerticalSafeAreaRoot/ContentSlot/Dimension1Panel/D1CommandCenterProductionRoot/CommandDashboard/ScannerCard
12_relics_to_center	1080	1920	Canvas/HUD/VerticalUIRoot/VerticalSafeAreaRoot/ContentSlot/Dimension1Panel/D1CommandCenterProductionRoot/CommandDashboard/ScannerCard	1	65.20	903.80	OK	Canvas/HUD/VerticalUIRoot/VerticalSafeAreaRoot/ContentSlot/Dimension1Panel/D1CommandCenterProductionRoot/CommandDashboard/ScannerCard	Canvas/HUD/VerticalUIRoot/VerticalSafeAreaRoot/ContentSlot/Dimension1Panel/D1CommandCenterProductionRoot/CommandDashboard/ScannerCard
12_relics_to_center	1080	1920	Canvas/HUD/VerticalUIRoot/VerticalSafeAreaRoot/ContentSlot/Dimension1Panel/D1CommandCenterProductionRoot/CommandDashboard/ScannerCard	2	236.80	903.80	OK	Canvas/HUD/VerticalUIRoot/VerticalSafeAreaRoot/ContentSlot/Dimension1Panel/D1CommandCenterProductionRoot/CommandDashboard/ScannerCard	Canvas/HUD/VerticalUIRoot/VerticalSafeAreaRoot/ContentSlot/Dimension1Panel/D1CommandCenterProductionRoot/CommandDashboard/ScannerCard
12_relics_to_center	1080	1920	Canvas/HUD/VerticalUIRoot/VerticalSafeAreaRoot/ContentSlot/Dimension1Panel/D1CommandCenterProductionRoot/CommandDashboard/ScannerCard	3	65.20	1074.20	OK	Canvas/HUD/VerticalUIRoot/VerticalSafeAreaRoot/ContentSlot/Dimension1Panel/D1CommandCenterProductionRoot/CommandDashboard/ScannerCard/DetailedLineIcon	Canvas/HUD/VerticalUIRoot/VerticalSafeAreaRoot/ContentSlot/Dimension1Panel/D1CommandCenterProductionRoot/CommandDashboard/ScannerCard
12_relics_to_center	1080	1920	Canvas/HUD/VerticalUIRoot/VerticalSafeAreaRoot/ContentSlot/Dimension1Panel/D1CommandCenterProductionRoot/CommandDashboard/ScannerCard	4	236.80	1074.20	OK	Canvas/HUD/VerticalUIRoot/VerticalSafeAreaRoot/ContentSlot/Dimension1Panel/D1CommandCenterProductionRoot/CommandDashboard/ScannerCard/DetailedLineIcon	Canvas/HUD/VerticalUIRoot/VerticalSafeAreaRoot/ContentSlot/Dimension1Panel/D1CommandCenterProductionRoot/CommandDashboard/ScannerCard
12_relics_to_center	1080	1920	Canvas/HUD/VerticalUIRoot/VerticalSafeAreaRoot/ContentSlot/Dimension1Panel/D1CommandCenterProductionRoot/CommandDashboard/FleetCard	0	151.00	686.00	OK	Canvas/HUD/VerticalUIRoot/VerticalSafeAreaRoot/ContentSlot/Dimension1Panel/D1CommandCenterProductionRoot/CommandDashboard/FleetCard	Canvas/HUD/VerticalUIRoot/VerticalSafeAreaRoot/ContentSlot/Dimension1Panel/D1CommandCenterProductionRoot/CommandDashboard/FleetCard
12_relics_to_center	1080	1920	Canvas/HUD/VerticalUIRoot/VerticalSafeAreaRoot/ContentSlot/Dimension1Panel/D1CommandCenterProductionRoot/CommandDashboard/FleetCard	1	65.20	600.80	OK	Canvas/HUD/VerticalUIRoot/VerticalSafeAreaRoot/ContentSlot/Dimension1Panel/D1CommandCenterProductionRoot/CommandDashboard/FleetCard	Canvas/HUD/VerticalUIRoot/VerticalSafeAreaRoot/ContentSlot/Dimension1Panel/D1CommandCenterProductionRoot/CommandDashboard/FleetCard
12_relics_to_center	1080	1920	Canvas/HUD/VerticalUIRoot/VerticalSafeAreaRoot/ContentSlot/Dimension1Panel/D1CommandCenterProductionRoot/CommandDashboard/FleetCard	2	236.80	600.80	OK	Canvas/HUD/VerticalUIRoot/VerticalSafeAreaRoot/ContentSlot/Dimension1Panel/D1CommandCenterProductionRoot/CommandDashboard/FleetCard	Canvas/HUD/VerticalUIRoot/VerticalSafeAreaRoot/ContentSlot/Dimension1Panel/D1CommandCenterProductionRoot/CommandDashboard/FleetCard
12_relics_to_center	1080	1920	Canvas/HUD/VerticalUIRoot/VerticalSafeAreaRoot/ContentSlot/Dimension1Panel/D1CommandCenterProductionRoot/CommandDashboard/FleetCard	3	65.20	771.20	OK	Canvas/HUD/VerticalUIRoot/VerticalSafeAreaRoot/ContentSlot/Dimension1Panel/D1CommandCenterProductionRoot/CommandDashboard/FleetCard/DetailedLineIcon	Canvas/HUD/VerticalUIRoot/VerticalSafeAreaRoot/ContentSlot/Dimension1Panel/D1CommandCenterProductionRoot/CommandDashboard/FleetCard
12_relics_to_center	1080	1920	Canvas/HUD/VerticalUIRoot/VerticalSafeAreaRoot/ContentSlot/Dimension1Panel/D1CommandCenterProductionRoot/CommandDashboard/FleetCard	4	236.80	771.20	OK	Canvas/HUD/VerticalUIRoot/VerticalSafeAreaRoot/ContentSlot/Dimension1Panel/D1CommandCenterProductionRoot/CommandDashboard/FleetCard/DetailedLineIcon	Canvas/HUD/VerticalUIRoot/VerticalSafeAreaRoot/ContentSlot/Dimension1Panel/D1CommandCenterProductionRoot/CommandDashboard/FleetCard
12_relics_to_center	1080	1920	Canvas/HUD/VerticalUIRoot/VerticalSafeAreaRoot/ContentSlot/Dimension1Panel/D1CommandCenterProductionRoot/Nav_EXPLORAR	0	330.00	110.00	OK	Canvas/HUD/VerticalUIRoot/VerticalSafeAreaRoot/ContentSlot/Dimension1Panel/D1CommandCenterProductionRoot/Nav_EXPLORAR	Canvas/HUD/VerticalUIRoot/VerticalSafeAreaRoot/ContentSlot/Dimension1Panel/D1CommandCenterProductionRoot/Nav_EXPLORAR
12_relics_to_center	1080	1920	Canvas/HUD/VerticalUIRoot/VerticalSafeAreaRoot/ContentSlot/Dimension1Panel/D1CommandCenterProductionRoot/Nav_EXPLORAR	1	270.60	57.20	OK	Canvas/HUD/VerticalUIRoot/VerticalSafeAreaRoot/ContentSlot/Dimension1Panel/D1CommandCenterProductionRoot/Nav_EXPLORAR	Canvas/HUD/VerticalUIRoot/VerticalSafeAreaRoot/ContentSlot/Dimension1Panel/D1CommandCenterProductionRoot/Nav_EXPLORAR
12_relics_to_center	1080	1920	Canvas/HUD/VerticalUIRoot/VerticalSafeAreaRoot/ContentSlot/Dimension1Panel/D1CommandCenterProductionRoot/Nav_EXPLORAR	2	389.40	57.20	OK	Canvas/HUD/VerticalUIRoot/VerticalSafeAreaRoot/ContentSlot/Dimension1Panel/D1CommandCenterProductionRoot/Nav_EXPLORAR	Canvas/HUD/VerticalUIRoot/VerticalSafeAreaRoot/ContentSlot/Dimension1Panel/D1CommandCenterProductionRoot/Nav_EXPLORAR
12_relics_to_center	1080	1920	Canvas/HUD/VerticalUIRoot/VerticalSafeAreaRoot/ContentSlot/Dimension1Panel/D1CommandCenterProductionRoot/Nav_EXPLORAR	3	270.60	162.80	OK	Canvas/HUD/VerticalUIRoot/VerticalSafeAreaRoot/ContentSlot/Dimension1Panel/D1CommandCenterProductionRoot/Nav_EXPLORAR	Canvas/HUD/VerticalUIRoot/VerticalSafeAreaRoot/ContentSlot/Dimension1Panel/D1CommandCenterProductionRoot/Nav_EXPLORAR
12_relics_to_center	1080	1920	Canvas/HUD/VerticalUIRoot/VerticalSafeAreaRoot/ContentSlot/Dimension1Panel/D1CommandCenterProductionRoot/Nav_EXPLORAR	4	389.40	162.80	OK	Canvas/HUD/VerticalUIRoot/VerticalSafeAreaRoot/ContentSlot/Dimension1Panel/D1CommandCenterProductionRoot/Nav_EXPLORAR	Canvas/HUD/VerticalUIRoot/VerticalSafeAreaRoot/ContentSlot/Dimension1Panel/D1CommandCenterProductionRoot/Nav_EXPLORAR
12_relics_to_center	1080	1920	Canvas/HUD/VerticalUIRoot/VerticalSafeAreaRoot/ContentSlot/Dimension1Panel/D1CommandCenterProductionRoot/CommandDashboard/RelicsCard	0	929.00	1292.00	OK	Canvas/HUD/VerticalUIRoot/VerticalSafeAreaRoot/ContentSlot/Dimension1Panel/D1CommandCenterProductionRoot/CommandDashboard/RelicsCard	Canvas/HUD/VerticalUIRoot/VerticalSafeAreaRoot/ContentSlot/Dimension1Panel/D1CommandCenterProductionRoot/CommandDashboard/RelicsCard
12_relics_to_center	1080	1920	Canvas/HUD/VerticalUIRoot/VerticalSafeAreaRoot/ContentSlot/Dimension1Panel/D1CommandCenterProductionRoot/CommandDashboard/RelicsCard	1	843.20	1206.80	OK	Canvas/HUD/VerticalUIRoot/VerticalSafeAreaRoot/ContentSlot/Dimension1Panel/D1CommandCenterProductionRoot/CommandDashboard/RelicsCard	Canvas/HUD/VerticalUIRoot/VerticalSafeAreaRoot/ContentSlot/Dimension1Panel/D1CommandCenterProductionRoot/CommandDashboard/RelicsCard
12_relics_to_center	1080	1920	Canvas/HUD/VerticalUIRoot/VerticalSafeAreaRoot/ContentSlot/Dimension1Panel/D1CommandCenterProductionRoot/CommandDashboard/RelicsCard	2	1014.80	1206.80	OK	Canvas/HUD/VerticalUIRoot/VerticalSafeAreaRoot/ContentSlot/Dimension1Panel/D1CommandCenterProductionRoot/CommandDashboard/RelicsCard	Canvas/HUD/VerticalUIRoot/VerticalSafeAreaRoot/ContentSlot/Dimension1Panel/D1CommandCenterProductionRoot/CommandDashboard/RelicsCard
12_relics_to_center	1080	1920	Canvas/HUD/VerticalUIRoot/VerticalSafeAreaRoot/ContentSlot/Dimension1Panel/D1CommandCenterProductionRoot/CommandDashboard/RelicsCard	3	843.20	1377.20	OK	Canvas/HUD/VerticalUIRoot/VerticalSafeAreaRoot/ContentSlot/Dimension1Panel/D1CommandCenterProductionRoot/CommandDashboard/RelicsCard/DetailedLineIcon	Canvas/HUD/VerticalUIRoot/VerticalSafeAreaRoot/ContentSlot/Dimension1Panel/D1CommandCenterProductionRoot/CommandDashboard/RelicsCard
12_relics_to_center	1080	1920	Canvas/HUD/VerticalUIRoot/VerticalSafeAreaRoot/ContentSlot/Dimension1Panel/D1CommandCenterProductionRoot/CommandDashboard/RelicsCard	4	1014.80	1377.20	OK	Canvas/HUD/VerticalUIRoot/VerticalSafeAreaRoot/ContentSlot/Dimension1Panel/D1CommandCenterProductionRoot/CommandDashboard/RelicsCard/DetailedLineIcon	Canvas/HUD/VerticalUIRoot/VerticalSafeAreaRoot/ContentSlot/Dimension1Panel/D1CommandCenterProductionRoot/CommandDashboard/RelicsCard
12_relics_to_center	1080	1920	Canvas/HUD/VerticalUIRoot/VerticalSafeAreaRoot/ContentSlot/Dimension1Panel/OpenRelicChamberPanelButton	0	1240.00	1476.00	OFFSCREEN	<none>	<none>
12_relics_to_center	1080	1920	Canvas/HUD/VerticalUIRoot/VerticalSafeAreaRoot/ContentSlot/Dimension1Panel/OpenRelicChamberPanelButton	1	1192.00	1467.00	OFFSCREEN	<none>	<none>
12_relics_to_center	1080	1920	Canvas/HUD/VerticalUIRoot/VerticalSafeAreaRoot/ContentSlot/Dimension1Panel/OpenRelicChamberPanelButton	2	1288.00	1467.00	OFFSCREEN	<none>	<none>
12_relics_to_center	1080	1920	Canvas/HUD/VerticalUIRoot/VerticalSafeAreaRoot/ContentSlot/Dimension1Panel/OpenRelicChamberPanelButton	3	1192.00	1485.00	OFFSCREEN	<none>	<none>
12_relics_to_center	1080	1920	Canvas/HUD/VerticalUIRoot/VerticalSafeAreaRoot/ContentSlot/Dimension1Panel/OpenRelicChamberPanelButton	4	1288.00	1485.00	OFFSCREEN	<none>	<none>
12_relics_to_center	1080	1920	Canvas/HUD/VerticalUIRoot/VerticalSafeAreaRoot/ContentSlot/Dimension1Panel/D1CommandCenterProductionRoot/CommandDashboard/ExpeditionsCard	0	929.00	686.00	OK	Canvas/HUD/VerticalUIRoot/VerticalSafeAreaRoot/ContentSlot/Dimension1Panel/D1CommandCenterProductionRoot/CommandDashboard/ExpeditionsCard	Canvas/HUD/VerticalUIRoot/VerticalSafeAreaRoot/ContentSlot/Dimension1Panel/D1CommandCenterProductionRoot/CommandDashboard/ExpeditionsCard
12_relics_to_center	1080	1920	Canvas/HUD/VerticalUIRoot/VerticalSafeAreaRoot/ContentSlot/Dimension1Panel/D1CommandCenterProductionRoot/CommandDashboard/ExpeditionsCard	1	843.20	600.80	OK	Canvas/HUD/VerticalUIRoot/VerticalSafeAreaRoot/ContentSlot/Dimension1Panel/D1CommandCenterProductionRoot/CommandDashboard/ExpeditionsCard	Canvas/HUD/VerticalUIRoot/VerticalSafeAreaRoot/ContentSlot/Dimension1Panel/D1CommandCenterProductionRoot/CommandDashboard/ExpeditionsCard
12_relics_to_center	1080	1920	Canvas/HUD/VerticalUIRoot/VerticalSafeAreaRoot/ContentSlot/Dimension1Panel/D1CommandCenterProductionRoot/CommandDashboard/ExpeditionsCard	2	1014.80	600.80	OK	Canvas/HUD/VerticalUIRoot/VerticalSafeAreaRoot/ContentSlot/Dimension1Panel/D1CommandCenterProductionRoot/CommandDashboard/ExpeditionsCard	Canvas/HUD/VerticalUIRoot/VerticalSafeAreaRoot/ContentSlot/Dimension1Panel/D1CommandCenterProductionRoot/CommandDashboard/ExpeditionsCard
12_relics_to_center	1080	1920	Canvas/HUD/VerticalUIRoot/VerticalSafeAreaRoot/ContentSlot/Dimension1Panel/D1CommandCenterProductionRoot/CommandDashboard/ExpeditionsCard	3	843.20	771.20	OK	Canvas/HUD/VerticalUIRoot/VerticalSafeAreaRoot/ContentSlot/Dimension1Panel/D1CommandCenterProductionRoot/CommandDashboard/ExpeditionsCard/DetailedLineIcon	Canvas/HUD/VerticalUIRoot/VerticalSafeAreaRoot/ContentSlot/Dimension1Panel/D1CommandCenterProductionRoot/CommandDashboard/ExpeditionsCard
12_relics_to_center	1080	1920	Canvas/HUD/VerticalUIRoot/VerticalSafeAreaRoot/ContentSlot/Dimension1Panel/D1CommandCenterProductionRoot/CommandDashboard/ExpeditionsCard	4	1014.80	771.20	OK	Canvas/HUD/VerticalUIRoot/VerticalSafeAreaRoot/ContentSlot/Dimension1Panel/D1CommandCenterProductionRoot/CommandDashboard/ExpeditionsCard/DetailedLineIcon	Canvas/HUD/VerticalUIRoot/VerticalSafeAreaRoot/ContentSlot/Dimension1Panel/D1CommandCenterProductionRoot/CommandDashboard/ExpeditionsCard
12_relics_to_center	1080	1920	Canvas/HUD/VerticalUIRoot/VerticalSafeAreaRoot/ContentSlot/Dimension1Panel/OpenDimension1TreePanelButton	0	1240.00	1376.00	OFFSCREEN	<none>	<none>
12_relics_to_center	1080	1920	Canvas/HUD/VerticalUIRoot/VerticalSafeAreaRoot/ContentSlot/Dimension1Panel/OpenDimension1TreePanelButton	1	1192.00	1367.00	OFFSCREEN	<none>	<none>
12_relics_to_center	1080	1920	Canvas/HUD/VerticalUIRoot/VerticalSafeAreaRoot/ContentSlot/Dimension1Panel/OpenDimension1TreePanelButton	2	1288.00	1367.00	OFFSCREEN	<none>	<none>
12_relics_to_center	1080	1920	Canvas/HUD/VerticalUIRoot/VerticalSafeAreaRoot/ContentSlot/Dimension1Panel/OpenDimension1TreePanelButton	3	1192.00	1385.00	OFFSCREEN	<none>	<none>
12_relics_to_center	1080	1920	Canvas/HUD/VerticalUIRoot/VerticalSafeAreaRoot/ContentSlot/Dimension1Panel/OpenDimension1TreePanelButton	4	1288.00	1385.00	OFFSCREEN	<none>	<none>
12_relics_to_center	1080	1920	Canvas/HUD/VerticalUIRoot/VerticalSafeAreaRoot/ContentSlot/Dimension1Panel/D1CommandCenterProductionRoot/MetalsButton	0	921.50	1768.00	OK	Canvas/HUD/VerticalUIRoot/VerticalSafeAreaRoot/ContentSlot/Dimension1Panel/D1CommandCenterProductionRoot/MetalsButton	Canvas/HUD/VerticalUIRoot/VerticalSafeAreaRoot/ContentSlot/Dimension1Panel/D1CommandCenterProductionRoot/MetalsButton
12_relics_to_center	1080	1920	Canvas/HUD/VerticalUIRoot/VerticalSafeAreaRoot/ContentSlot/Dimension1Panel/D1CommandCenterProductionRoot/MetalsButton	1	848.00	1738.00	OK	Canvas/HUD/VerticalUIRoot/VerticalSafeAreaRoot/ContentSlot/Dimension1Panel/D1CommandCenterProductionRoot/MetalsButton	Canvas/HUD/VerticalUIRoot/VerticalSafeAreaRoot/ContentSlot/Dimension1Panel/D1CommandCenterProductionRoot/MetalsButton
12_relics_to_center	1080	1920	Canvas/HUD/VerticalUIRoot/VerticalSafeAreaRoot/ContentSlot/Dimension1Panel/D1CommandCenterProductionRoot/MetalsButton	2	995.00	1738.00	OK	Canvas/HUD/VerticalUIRoot/VerticalSafeAreaRoot/ContentSlot/Dimension1Panel/D1CommandCenterProductionRoot/MetalsButton	Canvas/HUD/VerticalUIRoot/VerticalSafeAreaRoot/ContentSlot/Dimension1Panel/D1CommandCenterProductionRoot/MetalsButton
12_relics_to_center	1080	1920	Canvas/HUD/VerticalUIRoot/VerticalSafeAreaRoot/ContentSlot/Dimension1Panel/D1CommandCenterProductionRoot/MetalsButton	3	848.00	1798.00	OK	Canvas/HUD/VerticalUIRoot/VerticalSafeAreaRoot/ContentSlot/Dimension1Panel/D1CommandCenterProductionRoot/MetalsButton	Canvas/HUD/VerticalUIRoot/VerticalSafeAreaRoot/ContentSlot/Dimension1Panel/D1CommandCenterProductionRoot/MetalsButton
12_relics_to_center	1080	1920	Canvas/HUD/VerticalUIRoot/VerticalSafeAreaRoot/ContentSlot/Dimension1Panel/D1CommandCenterProductionRoot/MetalsButton	4	995.00	1798.00	OK	Canvas/HUD/VerticalUIRoot/VerticalSafeAreaRoot/ContentSlot/Dimension1Panel/D1CommandCenterProductionRoot/MetalsButton	Canvas/HUD/VerticalUIRoot/VerticalSafeAreaRoot/ContentSlot/Dimension1Panel/D1CommandCenterProductionRoot/MetalsButton
12_relics_to_center	1080	1920	Canvas/HUD/VerticalUIRoot/VerticalSafeAreaRoot/ContentSlot/Dimension1Panel/D1CommandCenterProductionRoot/Nav_HANGAR	0	537.00	110.00	OK	Canvas/HUD/VerticalUIRoot/VerticalSafeAreaRoot/ContentSlot/Dimension1Panel/D1CommandCenterProductionRoot/Nav_HANGAR	Canvas/HUD/VerticalUIRoot/VerticalSafeAreaRoot/ContentSlot/Dimension1Panel/D1CommandCenterProductionRoot/Nav_HANGAR
12_relics_to_center	1080	1920	Canvas/HUD/VerticalUIRoot/VerticalSafeAreaRoot/ContentSlot/Dimension1Panel/D1CommandCenterProductionRoot/Nav_HANGAR	1	477.60	57.20	OK	Canvas/HUD/VerticalUIRoot/VerticalSafeAreaRoot/ContentSlot/Dimension1Panel/D1CommandCenterProductionRoot/Nav_HANGAR	Canvas/HUD/VerticalUIRoot/VerticalSafeAreaRoot/ContentSlot/Dimension1Panel/D1CommandCenterProductionRoot/Nav_HANGAR
12_relics_to_center	1080	1920	Canvas/HUD/VerticalUIRoot/VerticalSafeAreaRoot/ContentSlot/Dimension1Panel/D1CommandCenterProductionRoot/Nav_HANGAR	2	596.40	57.20	OK	Canvas/HUD/VerticalUIRoot/VerticalSafeAreaRoot/ContentSlot/Dimension1Panel/D1CommandCenterProductionRoot/Nav_HANGAR	Canvas/HUD/VerticalUIRoot/VerticalSafeAreaRoot/ContentSlot/Dimension1Panel/D1CommandCenterProductionRoot/Nav_HANGAR
12_relics_to_center	1080	1920	Canvas/HUD/VerticalUIRoot/VerticalSafeAreaRoot/ContentSlot/Dimension1Panel/D1CommandCenterProductionRoot/Nav_HANGAR	3	477.60	162.80	OK	Canvas/HUD/VerticalUIRoot/VerticalSafeAreaRoot/ContentSlot/Dimension1Panel/D1CommandCenterProductionRoot/Nav_HANGAR	Canvas/HUD/VerticalUIRoot/VerticalSafeAreaRoot/ContentSlot/Dimension1Panel/D1CommandCenterProductionRoot/Nav_HANGAR
12_relics_to_center	1080	1920	Canvas/HUD/VerticalUIRoot/VerticalSafeAreaRoot/ContentSlot/Dimension1Panel/D1CommandCenterProductionRoot/Nav_HANGAR	4	596.40	162.80	OK	Canvas/HUD/VerticalUIRoot/VerticalSafeAreaRoot/ContentSlot/Dimension1Panel/D1CommandCenterProductionRoot/Nav_HANGAR	Canvas/HUD/VerticalUIRoot/VerticalSafeAreaRoot/ContentSlot/Dimension1Panel/D1CommandCenterProductionRoot/Nav_HANGAR
12_relics_to_center	1080	1920	Canvas/HUD/VerticalUIRoot/VerticalSafeAreaRoot/ContentSlot/Dimension1Panel/D1CommandCenterProductionRoot/CommandDashboard/TreeCard	0	929.00	989.00	OK	Canvas/HUD/VerticalUIRoot/VerticalSafeAreaRoot/ContentSlot/Dimension1Panel/D1CommandCenterProductionRoot/CommandDashboard/TreeCard	Canvas/HUD/VerticalUIRoot/VerticalSafeAreaRoot/ContentSlot/Dimension1Panel/D1CommandCenterProductionRoot/CommandDashboard/TreeCard
12_relics_to_center	1080	1920	Canvas/HUD/VerticalUIRoot/VerticalSafeAreaRoot/ContentSlot/Dimension1Panel/D1CommandCenterProductionRoot/CommandDashboard/TreeCard	1	843.20	903.80	OK	Canvas/HUD/VerticalUIRoot/VerticalSafeAreaRoot/ContentSlot/Dimension1Panel/D1CommandCenterProductionRoot/CommandDashboard/TreeCard	Canvas/HUD/VerticalUIRoot/VerticalSafeAreaRoot/ContentSlot/Dimension1Panel/D1CommandCenterProductionRoot/CommandDashboard/TreeCard
12_relics_to_center	1080	1920	Canvas/HUD/VerticalUIRoot/VerticalSafeAreaRoot/ContentSlot/Dimension1Panel/D1CommandCenterProductionRoot/CommandDashboard/TreeCard	2	1014.80	903.80	OK	Canvas/HUD/VerticalUIRoot/VerticalSafeAreaRoot/ContentSlot/Dimension1Panel/D1CommandCenterProductionRoot/CommandDashboard/TreeCard	Canvas/HUD/VerticalUIRoot/VerticalSafeAreaRoot/ContentSlot/Dimension1Panel/D1CommandCenterProductionRoot/CommandDashboard/TreeCard
12_relics_to_center	1080	1920	Canvas/HUD/VerticalUIRoot/VerticalSafeAreaRoot/ContentSlot/Dimension1Panel/D1CommandCenterProductionRoot/CommandDashboard/TreeCard	3	843.20	1074.20	OK	Canvas/HUD/VerticalUIRoot/VerticalSafeAreaRoot/ContentSlot/Dimension1Panel/D1CommandCenterProductionRoot/CommandDashboard/TreeCard/DetailedLineIcon	Canvas/HUD/VerticalUIRoot/VerticalSafeAreaRoot/ContentSlot/Dimension1Panel/D1CommandCenterProductionRoot/CommandDashboard/TreeCard
12_relics_to_center	1080	1920	Canvas/HUD/VerticalUIRoot/VerticalSafeAreaRoot/ContentSlot/Dimension1Panel/D1CommandCenterProductionRoot/CommandDashboard/TreeCard	4	1014.80	1074.20	OK	Canvas/HUD/VerticalUIRoot/VerticalSafeAreaRoot/ContentSlot/Dimension1Panel/D1CommandCenterProductionRoot/CommandDashboard/TreeCard/DetailedLineIcon	Canvas/HUD/VerticalUIRoot/VerticalSafeAreaRoot/ContentSlot/Dimension1Panel/D1CommandCenterProductionRoot/CommandDashboard/TreeCard
12_relics_to_center	1080	1920	Canvas/HUD/VerticalUIRoot/VerticalSafeAreaRoot/ContentSlot/Dimension1Panel/OpenHangarPanelButton	0	1240.00	1426.00	OFFSCREEN	<none>	<none>
12_relics_to_center	1080	1920	Canvas/HUD/VerticalUIRoot/VerticalSafeAreaRoot/ContentSlot/Dimension1Panel/OpenHangarPanelButton	1	1192.00	1417.00	OFFSCREEN	<none>	<none>
12_relics_to_center	1080	1920	Canvas/HUD/VerticalUIRoot/VerticalSafeAreaRoot/ContentSlot/Dimension1Panel/OpenHangarPanelButton	2	1288.00	1417.00	OFFSCREEN	<none>	<none>
12_relics_to_center	1080	1920	Canvas/HUD/VerticalUIRoot/VerticalSafeAreaRoot/ContentSlot/Dimension1Panel/OpenHangarPanelButton	3	1192.00	1435.00	OFFSCREEN	<none>	<none>
12_relics_to_center	1080	1920	Canvas/HUD/VerticalUIRoot/VerticalSafeAreaRoot/ContentSlot/Dimension1Panel/OpenHangarPanelButton	4	1288.00	1435.00	OFFSCREEN	<none>	<none>
12_relics_to_center	1080	1920	Canvas/HUD/VerticalUIRoot/VerticalSafeAreaRoot/ContentSlot/Dimension1Panel/D1CommandCenterProductionRoot/Nav_RELIQUIAS	0	744.00	110.00	OK	Canvas/HUD/VerticalUIRoot/VerticalSafeAreaRoot/ContentSlot/Dimension1Panel/D1CommandCenterProductionRoot/Nav_RELIQUIAS	Canvas/HUD/VerticalUIRoot/VerticalSafeAreaRoot/ContentSlot/Dimension1Panel/D1CommandCenterProductionRoot/Nav_RELIQUIAS
12_relics_to_center	1080	1920	Canvas/HUD/VerticalUIRoot/VerticalSafeAreaRoot/ContentSlot/Dimension1Panel/D1CommandCenterProductionRoot/Nav_RELIQUIAS	1	684.60	57.20	OK	Canvas/HUD/VerticalUIRoot/VerticalSafeAreaRoot/ContentSlot/Dimension1Panel/D1CommandCenterProductionRoot/Nav_RELIQUIAS	Canvas/HUD/VerticalUIRoot/VerticalSafeAreaRoot/ContentSlot/Dimension1Panel/D1CommandCenterProductionRoot/Nav_RELIQUIAS
12_relics_to_center	1080	1920	Canvas/HUD/VerticalUIRoot/VerticalSafeAreaRoot/ContentSlot/Dimension1Panel/D1CommandCenterProductionRoot/Nav_RELIQUIAS	2	803.40	57.20	OK	Canvas/HUD/VerticalUIRoot/VerticalSafeAreaRoot/ContentSlot/Dimension1Panel/D1CommandCenterProductionRoot/Nav_RELIQUIAS	Canvas/HUD/VerticalUIRoot/VerticalSafeAreaRoot/ContentSlot/Dimension1Panel/D1CommandCenterProductionRoot/Nav_RELIQUIAS
12_relics_to_center	1080	1920	Canvas/HUD/VerticalUIRoot/VerticalSafeAreaRoot/ContentSlot/Dimension1Panel/D1CommandCenterProductionRoot/Nav_RELIQUIAS	3	684.60	162.80	OK	Canvas/HUD/VerticalUIRoot/VerticalSafeAreaRoot/ContentSlot/Dimension1Panel/D1CommandCenterProductionRoot/Nav_RELIQUIAS	Canvas/HUD/VerticalUIRoot/VerticalSafeAreaRoot/ContentSlot/Dimension1Panel/D1CommandCenterProductionRoot/Nav_RELIQUIAS
12_relics_to_center	1080	1920	Canvas/HUD/VerticalUIRoot/VerticalSafeAreaRoot/ContentSlot/Dimension1Panel/D1CommandCenterProductionRoot/Nav_RELIQUIAS	4	803.40	162.80	OK	Canvas/HUD/VerticalUIRoot/VerticalSafeAreaRoot/ContentSlot/Dimension1Panel/D1CommandCenterProductionRoot/Nav_RELIQUIAS	Canvas/HUD/VerticalUIRoot/VerticalSafeAreaRoot/ContentSlot/Dimension1Panel/D1CommandCenterProductionRoot/Nav_RELIQUIAS
12_relics_to_center	1080	1920	Canvas/HUD/VerticalUIRoot/VerticalSafeAreaRoot/ContentSlot/Dimension1Panel/D1CommandCenterProductionRoot/Nav_ÁRBOL	0	951.00	110.00	OK	Canvas/HUD/VerticalUIRoot/VerticalSafeAreaRoot/ContentSlot/Dimension1Panel/D1CommandCenterProductionRoot/Nav_ÁRBOL	Canvas/HUD/VerticalUIRoot/VerticalSafeAreaRoot/ContentSlot/Dimension1Panel/D1CommandCenterProductionRoot/Nav_ÁRBOL
12_relics_to_center	1080	1920	Canvas/HUD/VerticalUIRoot/VerticalSafeAreaRoot/ContentSlot/Dimension1Panel/D1CommandCenterProductionRoot/Nav_ÁRBOL	1	891.60	57.20	OK	Canvas/HUD/VerticalUIRoot/VerticalSafeAreaRoot/ContentSlot/Dimension1Panel/D1CommandCenterProductionRoot/Nav_ÁRBOL	Canvas/HUD/VerticalUIRoot/VerticalSafeAreaRoot/ContentSlot/Dimension1Panel/D1CommandCenterProductionRoot/Nav_ÁRBOL
12_relics_to_center	1080	1920	Canvas/HUD/VerticalUIRoot/VerticalSafeAreaRoot/ContentSlot/Dimension1Panel/D1CommandCenterProductionRoot/Nav_ÁRBOL	2	1010.40	57.20	OK	Canvas/HUD/VerticalUIRoot/VerticalSafeAreaRoot/ContentSlot/Dimension1Panel/D1CommandCenterProductionRoot/Nav_ÁRBOL	Canvas/HUD/VerticalUIRoot/VerticalSafeAreaRoot/ContentSlot/Dimension1Panel/D1CommandCenterProductionRoot/Nav_ÁRBOL
12_relics_to_center	1080	1920	Canvas/HUD/VerticalUIRoot/VerticalSafeAreaRoot/ContentSlot/Dimension1Panel/D1CommandCenterProductionRoot/Nav_ÁRBOL	3	891.60	162.80	OK	Canvas/HUD/VerticalUIRoot/VerticalSafeAreaRoot/ContentSlot/Dimension1Panel/D1CommandCenterProductionRoot/Nav_ÁRBOL	Canvas/HUD/VerticalUIRoot/VerticalSafeAreaRoot/ContentSlot/Dimension1Panel/D1CommandCenterProductionRoot/Nav_ÁRBOL
12_relics_to_center	1080	1920	Canvas/HUD/VerticalUIRoot/VerticalSafeAreaRoot/ContentSlot/Dimension1Panel/D1CommandCenterProductionRoot/Nav_ÁRBOL	4	1010.40	162.80	OK	Canvas/HUD/VerticalUIRoot/VerticalSafeAreaRoot/ContentSlot/Dimension1Panel/D1CommandCenterProductionRoot/Nav_ÁRBOL	Canvas/HUD/VerticalUIRoot/VerticalSafeAreaRoot/ContentSlot/Dimension1Panel/D1CommandCenterProductionRoot/Nav_ÁRBOL
12_relics_to_center	1080	1920	Canvas/HUD/VerticalUIRoot/VerticalSafeAreaRoot/ContentSlot/Dimension1Panel/D1CommandCenterProductionRoot/CommandDashboard/SectorCard	0	151.00	1292.00	OK	Canvas/HUD/VerticalUIRoot/VerticalSafeAreaRoot/ContentSlot/Dimension1Panel/D1CommandCenterProductionRoot/CommandDashboard/SectorCard	Canvas/HUD/VerticalUIRoot/VerticalSafeAreaRoot/ContentSlot/Dimension1Panel/D1CommandCenterProductionRoot/CommandDashboard/SectorCard
12_relics_to_center	1080	1920	Canvas/HUD/VerticalUIRoot/VerticalSafeAreaRoot/ContentSlot/Dimension1Panel/D1CommandCenterProductionRoot/CommandDashboard/SectorCard	1	65.20	1206.80	OK	Canvas/HUD/VerticalUIRoot/VerticalSafeAreaRoot/ContentSlot/Dimension1Panel/D1CommandCenterProductionRoot/CommandDashboard/SectorCard	Canvas/HUD/VerticalUIRoot/VerticalSafeAreaRoot/ContentSlot/Dimension1Panel/D1CommandCenterProductionRoot/CommandDashboard/SectorCard
12_relics_to_center	1080	1920	Canvas/HUD/VerticalUIRoot/VerticalSafeAreaRoot/ContentSlot/Dimension1Panel/D1CommandCenterProductionRoot/CommandDashboard/SectorCard	2	236.80	1206.80	OK	Canvas/HUD/VerticalUIRoot/VerticalSafeAreaRoot/ContentSlot/Dimension1Panel/D1CommandCenterProductionRoot/CommandDashboard/SectorCard	Canvas/HUD/VerticalUIRoot/VerticalSafeAreaRoot/ContentSlot/Dimension1Panel/D1CommandCenterProductionRoot/CommandDashboard/SectorCard
12_relics_to_center	1080	1920	Canvas/HUD/VerticalUIRoot/VerticalSafeAreaRoot/ContentSlot/Dimension1Panel/D1CommandCenterProductionRoot/CommandDashboard/SectorCard	3	65.20	1377.20	OK	Canvas/HUD/VerticalUIRoot/VerticalSafeAreaRoot/ContentSlot/Dimension1Panel/D1CommandCenterProductionRoot/CommandDashboard/SectorCard/DetailedLineIcon	Canvas/HUD/VerticalUIRoot/VerticalSafeAreaRoot/ContentSlot/Dimension1Panel/D1CommandCenterProductionRoot/CommandDashboard/SectorCard
12_relics_to_center	1080	1920	Canvas/HUD/VerticalUIRoot/VerticalSafeAreaRoot/ContentSlot/Dimension1Panel/D1CommandCenterProductionRoot/CommandDashboard/SectorCard	4	236.80	1377.20	OK	Canvas/HUD/VerticalUIRoot/VerticalSafeAreaRoot/ContentSlot/Dimension1Panel/D1CommandCenterProductionRoot/CommandDashboard/SectorCard/DetailedLineIcon	Canvas/HUD/VerticalUIRoot/VerticalSafeAreaRoot/ContentSlot/Dimension1Panel/D1CommandCenterProductionRoot/CommandDashboard/SectorCard
12_relics_to_center	1080	1920	Canvas/HUD/VerticalUIRoot/VerticalSafeAreaRoot/ContentSlot/Dimension1Panel/D1CommandCenterProductionRoot/Nav_GALAXIA	0	123.00	110.00	OK	Canvas/HUD/VerticalUIRoot/VerticalSafeAreaRoot/ContentSlot/Dimension1Panel/D1CommandCenterProductionRoot/Nav_GALAXIA	Canvas/HUD/VerticalUIRoot/VerticalSafeAreaRoot/ContentSlot/Dimension1Panel/D1CommandCenterProductionRoot/Nav_GALAXIA
12_relics_to_center	1080	1920	Canvas/HUD/VerticalUIRoot/VerticalSafeAreaRoot/ContentSlot/Dimension1Panel/D1CommandCenterProductionRoot/Nav_GALAXIA	1	63.60	57.20	OK	Canvas/HUD/VerticalUIRoot/VerticalSafeAreaRoot/ContentSlot/Dimension1Panel/D1CommandCenterProductionRoot/Nav_GALAXIA	Canvas/HUD/VerticalUIRoot/VerticalSafeAreaRoot/ContentSlot/Dimension1Panel/D1CommandCenterProductionRoot/Nav_GALAXIA
12_relics_to_center	1080	1920	Canvas/HUD/VerticalUIRoot/VerticalSafeAreaRoot/ContentSlot/Dimension1Panel/D1CommandCenterProductionRoot/Nav_GALAXIA	2	182.40	57.20	OK	Canvas/HUD/VerticalUIRoot/VerticalSafeAreaRoot/ContentSlot/Dimension1Panel/D1CommandCenterProductionRoot/Nav_GALAXIA	Canvas/HUD/VerticalUIRoot/VerticalSafeAreaRoot/ContentSlot/Dimension1Panel/D1CommandCenterProductionRoot/Nav_GALAXIA
12_relics_to_center	1080	1920	Canvas/HUD/VerticalUIRoot/VerticalSafeAreaRoot/ContentSlot/Dimension1Panel/D1CommandCenterProductionRoot/Nav_GALAXIA	3	63.60	162.80	OK	Canvas/HUD/VerticalUIRoot/VerticalSafeAreaRoot/ContentSlot/Dimension1Panel/D1CommandCenterProductionRoot/Nav_GALAXIA	Canvas/HUD/VerticalUIRoot/VerticalSafeAreaRoot/ContentSlot/Dimension1Panel/D1CommandCenterProductionRoot/Nav_GALAXIA
12_relics_to_center	1080	1920	Canvas/HUD/VerticalUIRoot/VerticalSafeAreaRoot/ContentSlot/Dimension1Panel/D1CommandCenterProductionRoot/Nav_GALAXIA	4	182.40	162.80	OK	Canvas/HUD/VerticalUIRoot/VerticalSafeAreaRoot/ContentSlot/Dimension1Panel/D1CommandCenterProductionRoot/Nav_GALAXIA	Canvas/HUD/VerticalUIRoot/VerticalSafeAreaRoot/ContentSlot/Dimension1Panel/D1CommandCenterProductionRoot/Nav_GALAXIA
12_relics_to_center	1080	1920	Canvas/HUD/VerticalUIRoot/VerticalSafeAreaRoot/ContentSlot/Dimension1Panel/Registro	0	-60.00	1426.00	OFFSCREEN	<none>	<none>
12_relics_to_center	1080	1920	Canvas/HUD/VerticalUIRoot/VerticalSafeAreaRoot/ContentSlot/Dimension1Panel/Registro	1	-108.00	1417.00	OFFSCREEN	<none>	<none>
12_relics_to_center	1080	1920	Canvas/HUD/VerticalUIRoot/VerticalSafeAreaRoot/ContentSlot/Dimension1Panel/Registro	2	-12.00	1417.00	OFFSCREEN	<none>	<none>
12_relics_to_center	1080	1920	Canvas/HUD/VerticalUIRoot/VerticalSafeAreaRoot/ContentSlot/Dimension1Panel/Registro	3	-108.00	1435.00	OFFSCREEN	<none>	<none>
12_relics_to_center	1080	1920	Canvas/HUD/VerticalUIRoot/VerticalSafeAreaRoot/ContentSlot/Dimension1Panel/Registro	4	-12.00	1435.00	OFFSCREEN	<none>	<none>
12_relics_to_center	1080	1920	Canvas/HUD/VerticalUIRoot/VerticalSafeAreaRoot/ContentSlot/Dimension1Panel/OpenGalaxyPanelButton	0	1240.00	1526.00	OFFSCREEN	<none>	<none>
12_relics_to_center	1080	1920	Canvas/HUD/VerticalUIRoot/VerticalSafeAreaRoot/ContentSlot/Dimension1Panel/OpenGalaxyPanelButton	1	1192.00	1517.00	OFFSCREEN	<none>	<none>
12_relics_to_center	1080	1920	Canvas/HUD/VerticalUIRoot/VerticalSafeAreaRoot/ContentSlot/Dimension1Panel/OpenGalaxyPanelButton	2	1288.00	1517.00	OFFSCREEN	<none>	<none>
12_relics_to_center	1080	1920	Canvas/HUD/VerticalUIRoot/VerticalSafeAreaRoot/ContentSlot/Dimension1Panel/OpenGalaxyPanelButton	3	1192.00	1535.00	OFFSCREEN	<none>	<none>
12_relics_to_center	1080	1920	Canvas/HUD/VerticalUIRoot/VerticalSafeAreaRoot/ContentSlot/Dimension1Panel/OpenGalaxyPanelButton	4	1288.00	1535.00	OFFSCREEN	<none>	<none>
13_relics_to_explore	1080	1920	Canvas/HUD/VerticalUIRoot/VerticalSafeAreaRoot/ContentSlot/Dimension1Panel/D1_ExploreVisualRoot/BottomNavigation/Nav_RELIQUIAS	0	744.00	110.00	OK	Canvas/HUD/VerticalUIRoot/VerticalSafeAreaRoot/ContentSlot/Dimension1Panel/D1_ExploreVisualRoot/BottomNavigation/Nav_RELIQUIAS	Canvas/HUD/VerticalUIRoot/VerticalSafeAreaRoot/ContentSlot/Dimension1Panel/D1_ExploreVisualRoot/BottomNavigation/Nav_RELIQUIAS
13_relics_to_explore	1080	1920	Canvas/HUD/VerticalUIRoot/VerticalSafeAreaRoot/ContentSlot/Dimension1Panel/D1_ExploreVisualRoot/BottomNavigation/Nav_RELIQUIAS	1	684.60	57.20	OK	Canvas/HUD/VerticalUIRoot/VerticalSafeAreaRoot/ContentSlot/Dimension1Panel/D1_ExploreVisualRoot/BottomNavigation/Nav_RELIQUIAS	Canvas/HUD/VerticalUIRoot/VerticalSafeAreaRoot/ContentSlot/Dimension1Panel/D1_ExploreVisualRoot/BottomNavigation/Nav_RELIQUIAS
13_relics_to_explore	1080	1920	Canvas/HUD/VerticalUIRoot/VerticalSafeAreaRoot/ContentSlot/Dimension1Panel/D1_ExploreVisualRoot/BottomNavigation/Nav_RELIQUIAS	2	803.40	57.20	OK	Canvas/HUD/VerticalUIRoot/VerticalSafeAreaRoot/ContentSlot/Dimension1Panel/D1_ExploreVisualRoot/BottomNavigation/Nav_RELIQUIAS	Canvas/HUD/VerticalUIRoot/VerticalSafeAreaRoot/ContentSlot/Dimension1Panel/D1_ExploreVisualRoot/BottomNavigation/Nav_RELIQUIAS
13_relics_to_explore	1080	1920	Canvas/HUD/VerticalUIRoot/VerticalSafeAreaRoot/ContentSlot/Dimension1Panel/D1_ExploreVisualRoot/BottomNavigation/Nav_RELIQUIAS	3	684.60	162.80	OK	Canvas/HUD/VerticalUIRoot/VerticalSafeAreaRoot/ContentSlot/Dimension1Panel/D1_ExploreVisualRoot/BottomNavigation/Nav_RELIQUIAS	Canvas/HUD/VerticalUIRoot/VerticalSafeAreaRoot/ContentSlot/Dimension1Panel/D1_ExploreVisualRoot/BottomNavigation/Nav_RELIQUIAS
13_relics_to_explore	1080	1920	Canvas/HUD/VerticalUIRoot/VerticalSafeAreaRoot/ContentSlot/Dimension1Panel/D1_ExploreVisualRoot/BottomNavigation/Nav_RELIQUIAS	4	803.40	162.80	OK	Canvas/HUD/VerticalUIRoot/VerticalSafeAreaRoot/ContentSlot/Dimension1Panel/D1_ExploreVisualRoot/BottomNavigation/Nav_RELIQUIAS	Canvas/HUD/VerticalUIRoot/VerticalSafeAreaRoot/ContentSlot/Dimension1Panel/D1_ExploreVisualRoot/BottomNavigation/Nav_RELIQUIAS
13_relics_to_explore	1080	1920	Canvas/HUD/VerticalUIRoot/VerticalSafeAreaRoot/ContentSlot/Dimension1Panel/D1_ExploreVisualRoot/ActiveExpedition/Next	0	718.00	420.00	OK	Canvas/HUD/VerticalUIRoot/VerticalSafeAreaRoot/ContentSlot/Dimension1Panel/D1_ExploreVisualRoot/ActiveExpedition/Next	Canvas/HUD/VerticalUIRoot/VerticalSafeAreaRoot/ContentSlot/Dimension1Panel/D1_ExploreVisualRoot/ActiveExpedition/Next
13_relics_to_explore	1080	1920	Canvas/HUD/VerticalUIRoot/VerticalSafeAreaRoot/ContentSlot/Dimension1Panel/D1_ExploreVisualRoot/ActiveExpedition/Next	1	696.40	398.40	OK	Canvas/HUD/VerticalUIRoot/VerticalSafeAreaRoot/ContentSlot/Dimension1Panel/D1_ExploreVisualRoot/ActiveExpedition/Next	Canvas/HUD/VerticalUIRoot/VerticalSafeAreaRoot/ContentSlot/Dimension1Panel/D1_ExploreVisualRoot/ActiveExpedition/Next
13_relics_to_explore	1080	1920	Canvas/HUD/VerticalUIRoot/VerticalSafeAreaRoot/ContentSlot/Dimension1Panel/D1_ExploreVisualRoot/ActiveExpedition/Next	2	739.60	398.40	OK	Canvas/HUD/VerticalUIRoot/VerticalSafeAreaRoot/ContentSlot/Dimension1Panel/D1_ExploreVisualRoot/ActiveExpedition/Next	Canvas/HUD/VerticalUIRoot/VerticalSafeAreaRoot/ContentSlot/Dimension1Panel/D1_ExploreVisualRoot/ActiveExpedition/Next
13_relics_to_explore	1080	1920	Canvas/HUD/VerticalUIRoot/VerticalSafeAreaRoot/ContentSlot/Dimension1Panel/D1_ExploreVisualRoot/ActiveExpedition/Next	3	696.40	441.60	OK	Canvas/HUD/VerticalUIRoot/VerticalSafeAreaRoot/ContentSlot/Dimension1Panel/D1_ExploreVisualRoot/ActiveExpedition/Next	Canvas/HUD/VerticalUIRoot/VerticalSafeAreaRoot/ContentSlot/Dimension1Panel/D1_ExploreVisualRoot/ActiveExpedition/Next
13_relics_to_explore	1080	1920	Canvas/HUD/VerticalUIRoot/VerticalSafeAreaRoot/ContentSlot/Dimension1Panel/D1_ExploreVisualRoot/ActiveExpedition/Next	4	739.60	441.60	OK	Canvas/HUD/VerticalUIRoot/VerticalSafeAreaRoot/ContentSlot/Dimension1Panel/D1_ExploreVisualRoot/ActiveExpedition/Next	Canvas/HUD/VerticalUIRoot/VerticalSafeAreaRoot/ContentSlot/Dimension1Panel/D1_ExploreVisualRoot/ActiveExpedition/Next
13_relics_to_explore	1080	1920	Canvas/HUD/VerticalUIRoot/VerticalSafeAreaRoot/ContentSlot/Dimension1Panel/D1_ExploreVisualRoot/ShipPanel/Previous	0	398.00	717.00	OK	Canvas/HUD/VerticalUIRoot/VerticalSafeAreaRoot/ContentSlot/Dimension1Panel/D1_ExploreVisualRoot/ShipPanel/Previous	Canvas/HUD/VerticalUIRoot/VerticalSafeAreaRoot/ContentSlot/Dimension1Panel/D1_ExploreVisualRoot/ShipPanel/Previous
13_relics_to_explore	1080	1920	Canvas/HUD/VerticalUIRoot/VerticalSafeAreaRoot/ContentSlot/Dimension1Panel/D1_ExploreVisualRoot/ShipPanel/Previous	1	376.40	695.40	OK	Canvas/HUD/VerticalUIRoot/VerticalSafeAreaRoot/ContentSlot/Dimension1Panel/D1_ExploreVisualRoot/ShipPanel/Previous	Canvas/HUD/VerticalUIRoot/VerticalSafeAreaRoot/ContentSlot/Dimension1Panel/D1_ExploreVisualRoot/ShipPanel/Previous
13_relics_to_explore	1080	1920	Canvas/HUD/VerticalUIRoot/VerticalSafeAreaRoot/ContentSlot/Dimension1Panel/D1_ExploreVisualRoot/ShipPanel/Previous	2	419.60	695.40	OK	Canvas/HUD/VerticalUIRoot/VerticalSafeAreaRoot/ContentSlot/Dimension1Panel/D1_ExploreVisualRoot/ShipPanel/Previous	Canvas/HUD/VerticalUIRoot/VerticalSafeAreaRoot/ContentSlot/Dimension1Panel/D1_ExploreVisualRoot/ShipPanel/Previous
13_relics_to_explore	1080	1920	Canvas/HUD/VerticalUIRoot/VerticalSafeAreaRoot/ContentSlot/Dimension1Panel/D1_ExploreVisualRoot/ShipPanel/Previous	3	376.40	738.60	OK	Canvas/HUD/VerticalUIRoot/VerticalSafeAreaRoot/ContentSlot/Dimension1Panel/D1_ExploreVisualRoot/ShipPanel/Previous	Canvas/HUD/VerticalUIRoot/VerticalSafeAreaRoot/ContentSlot/Dimension1Panel/D1_ExploreVisualRoot/ShipPanel/Previous
13_relics_to_explore	1080	1920	Canvas/HUD/VerticalUIRoot/VerticalSafeAreaRoot/ContentSlot/Dimension1Panel/D1_ExploreVisualRoot/ShipPanel/Previous	4	419.60	738.60	OK	Canvas/HUD/VerticalUIRoot/VerticalSafeAreaRoot/ContentSlot/Dimension1Panel/D1_ExploreVisualRoot/ShipPanel/Previous	Canvas/HUD/VerticalUIRoot/VerticalSafeAreaRoot/ContentSlot/Dimension1Panel/D1_ExploreVisualRoot/ShipPanel/Previous
13_relics_to_explore	1080	1920	Canvas/HUD/VerticalUIRoot/VerticalSafeAreaRoot/ContentSlot/Dimension1Panel/D1_ExploreVisualRoot/ModePanel/CoordinatedMode	0	772.00	575.00	OK	Canvas/HUD/VerticalUIRoot/VerticalSafeAreaRoot/ContentSlot/Dimension1Panel/D1_ExploreVisualRoot/ModePanel/CoordinatedMode	Canvas/HUD/VerticalUIRoot/VerticalSafeAreaRoot/ContentSlot/Dimension1Panel/D1_ExploreVisualRoot/ModePanel/CoordinatedMode
13_relics_to_explore	1080	1920	Canvas/HUD/VerticalUIRoot/VerticalSafeAreaRoot/ContentSlot/Dimension1Panel/D1_ExploreVisualRoot/ModePanel/CoordinatedMode	1	640.00	551.60	OK	Canvas/HUD/VerticalUIRoot/VerticalSafeAreaRoot/ContentSlot/Dimension1Panel/D1_ExploreVisualRoot/ModePanel/CoordinatedMode	Canvas/HUD/VerticalUIRoot/VerticalSafeAreaRoot/ContentSlot/Dimension1Panel/D1_ExploreVisualRoot/ModePanel/CoordinatedMode
13_relics_to_explore	1080	1920	Canvas/HUD/VerticalUIRoot/VerticalSafeAreaRoot/ContentSlot/Dimension1Panel/D1_ExploreVisualRoot/ModePanel/CoordinatedMode	2	904.00	551.60	OK	Canvas/HUD/VerticalUIRoot/VerticalSafeAreaRoot/ContentSlot/Dimension1Panel/D1_ExploreVisualRoot/ModePanel/CoordinatedMode	Canvas/HUD/VerticalUIRoot/VerticalSafeAreaRoot/ContentSlot/Dimension1Panel/D1_ExploreVisualRoot/ModePanel/CoordinatedMode
13_relics_to_explore	1080	1920	Canvas/HUD/VerticalUIRoot/VerticalSafeAreaRoot/ContentSlot/Dimension1Panel/D1_ExploreVisualRoot/ModePanel/CoordinatedMode	3	640.00	598.40	OK	Canvas/HUD/VerticalUIRoot/VerticalSafeAreaRoot/ContentSlot/Dimension1Panel/D1_ExploreVisualRoot/ModePanel/CoordinatedMode	Canvas/HUD/VerticalUIRoot/VerticalSafeAreaRoot/ContentSlot/Dimension1Panel/D1_ExploreVisualRoot/ModePanel/CoordinatedMode
13_relics_to_explore	1080	1920	Canvas/HUD/VerticalUIRoot/VerticalSafeAreaRoot/ContentSlot/Dimension1Panel/D1_ExploreVisualRoot/ModePanel/CoordinatedMode	4	904.00	598.40	OK	Canvas/HUD/VerticalUIRoot/VerticalSafeAreaRoot/ContentSlot/Dimension1Panel/D1_ExploreVisualRoot/ModePanel/CoordinatedMode	Canvas/HUD/VerticalUIRoot/VerticalSafeAreaRoot/ContentSlot/Dimension1Panel/D1_ExploreVisualRoot/ModePanel/CoordinatedMode
13_relics_to_explore	1080	1920	Canvas/HUD/VerticalUIRoot/VerticalSafeAreaRoot/ContentSlot/Dimension1Panel/D1_ExploreVisualRoot/SupportPanel/Next	0	976.00	717.00	OK	Canvas/HUD/VerticalUIRoot/VerticalSafeAreaRoot/ContentSlot/Dimension1Panel/D1_ExploreVisualRoot/SupportPanel/Next	Canvas/HUD/VerticalUIRoot/VerticalSafeAreaRoot/ContentSlot/Dimension1Panel/D1_ExploreVisualRoot/SupportPanel/Next
13_relics_to_explore	1080	1920	Canvas/HUD/VerticalUIRoot/VerticalSafeAreaRoot/ContentSlot/Dimension1Panel/D1_ExploreVisualRoot/SupportPanel/Next	1	954.40	695.40	OK	Canvas/HUD/VerticalUIRoot/VerticalSafeAreaRoot/ContentSlot/Dimension1Panel/D1_ExploreVisualRoot/SupportPanel/Next	Canvas/HUD/VerticalUIRoot/VerticalSafeAreaRoot/ContentSlot/Dimension1Panel/D1_ExploreVisualRoot/SupportPanel/Next
13_relics_to_explore	1080	1920	Canvas/HUD/VerticalUIRoot/VerticalSafeAreaRoot/ContentSlot/Dimension1Panel/D1_ExploreVisualRoot/SupportPanel/Next	2	997.60	695.40	OK	Canvas/HUD/VerticalUIRoot/VerticalSafeAreaRoot/ContentSlot/Dimension1Panel/D1_ExploreVisualRoot/SupportPanel/Next	Canvas/HUD/VerticalUIRoot/VerticalSafeAreaRoot/ContentSlot/Dimension1Panel/D1_ExploreVisualRoot/SupportPanel/Next
13_relics_to_explore	1080	1920	Canvas/HUD/VerticalUIRoot/VerticalSafeAreaRoot/ContentSlot/Dimension1Panel/D1_ExploreVisualRoot/SupportPanel/Next	3	954.40	738.60	OK	Canvas/HUD/VerticalUIRoot/VerticalSafeAreaRoot/ContentSlot/Dimension1Panel/D1_ExploreVisualRoot/SupportPanel/Next	Canvas/HUD/VerticalUIRoot/VerticalSafeAreaRoot/ContentSlot/Dimension1Panel/D1_ExploreVisualRoot/SupportPanel/Next
13_relics_to_explore	1080	1920	Canvas/HUD/VerticalUIRoot/VerticalSafeAreaRoot/ContentSlot/Dimension1Panel/D1_ExploreVisualRoot/SupportPanel/Next	4	997.60	738.60	OK	Canvas/HUD/VerticalUIRoot/VerticalSafeAreaRoot/ContentSlot/Dimension1Panel/D1_ExploreVisualRoot/SupportPanel/Next	Canvas/HUD/VerticalUIRoot/VerticalSafeAreaRoot/ContentSlot/Dimension1Panel/D1_ExploreVisualRoot/SupportPanel/Next
13_relics_to_explore	1080	1920	Canvas/HUD/VerticalUIRoot/VerticalSafeAreaRoot/ContentSlot/Dimension1Panel/D1_ExploreVisualRoot/ExplorationRecord	0	832.00	281.00	OK	Canvas/HUD/VerticalUIRoot/VerticalSafeAreaRoot/ContentSlot/Dimension1Panel/D1_ExploreVisualRoot/ExplorationRecord	Canvas/HUD/VerticalUIRoot/VerticalSafeAreaRoot/ContentSlot/Dimension1Panel/D1_ExploreVisualRoot/ExplorationRecord
13_relics_to_explore	1080	1920	Canvas/HUD/VerticalUIRoot/VerticalSafeAreaRoot/ContentSlot/Dimension1Panel/D1_ExploreVisualRoot/ExplorationRecord	1	721.60	244.40	OK	Canvas/HUD/VerticalUIRoot/VerticalSafeAreaRoot/ContentSlot/Dimension1Panel/D1_ExploreVisualRoot/ExplorationRecord	Canvas/HUD/VerticalUIRoot/VerticalSafeAreaRoot/ContentSlot/Dimension1Panel/D1_ExploreVisualRoot/ExplorationRecord
13_relics_to_explore	1080	1920	Canvas/HUD/VerticalUIRoot/VerticalSafeAreaRoot/ContentSlot/Dimension1Panel/D1_ExploreVisualRoot/ExplorationRecord	2	942.40	244.40	OK	Canvas/HUD/VerticalUIRoot/VerticalSafeAreaRoot/ContentSlot/Dimension1Panel/D1_ExploreVisualRoot/ExplorationRecord	Canvas/HUD/VerticalUIRoot/VerticalSafeAreaRoot/ContentSlot/Dimension1Panel/D1_ExploreVisualRoot/ExplorationRecord
13_relics_to_explore	1080	1920	Canvas/HUD/VerticalUIRoot/VerticalSafeAreaRoot/ContentSlot/Dimension1Panel/D1_ExploreVisualRoot/ExplorationRecord	3	721.60	317.60	OK	Canvas/HUD/VerticalUIRoot/VerticalSafeAreaRoot/ContentSlot/Dimension1Panel/D1_ExploreVisualRoot/ExplorationRecord	Canvas/HUD/VerticalUIRoot/VerticalSafeAreaRoot/ContentSlot/Dimension1Panel/D1_ExploreVisualRoot/ExplorationRecord
13_relics_to_explore	1080	1920	Canvas/HUD/VerticalUIRoot/VerticalSafeAreaRoot/ContentSlot/Dimension1Panel/D1_ExploreVisualRoot/ExplorationRecord	4	942.40	317.60	OK	Canvas/HUD/VerticalUIRoot/VerticalSafeAreaRoot/ContentSlot/Dimension1Panel/D1_ExploreVisualRoot/ExplorationRecord	Canvas/HUD/VerticalUIRoot/VerticalSafeAreaRoot/ContentSlot/Dimension1Panel/D1_ExploreVisualRoot/ExplorationRecord
13_relics_to_explore	1080	1920	Canvas/HUD/VerticalUIRoot/VerticalSafeAreaRoot/ContentSlot/Dimension1Panel/D1_ExploreVisualRoot/BottomNavigation/Nav_ÁRBOL	0	951.00	110.00	OK	Canvas/HUD/VerticalUIRoot/VerticalSafeAreaRoot/ContentSlot/Dimension1Panel/D1_ExploreVisualRoot/BottomNavigation/Nav_ÁRBOL	Canvas/HUD/VerticalUIRoot/VerticalSafeAreaRoot/ContentSlot/Dimension1Panel/D1_ExploreVisualRoot/BottomNavigation/Nav_ÁRBOL
13_relics_to_explore	1080	1920	Canvas/HUD/VerticalUIRoot/VerticalSafeAreaRoot/ContentSlot/Dimension1Panel/D1_ExploreVisualRoot/BottomNavigation/Nav_ÁRBOL	1	891.60	57.20	OK	Canvas/HUD/VerticalUIRoot/VerticalSafeAreaRoot/ContentSlot/Dimension1Panel/D1_ExploreVisualRoot/BottomNavigation/Nav_ÁRBOL	Canvas/HUD/VerticalUIRoot/VerticalSafeAreaRoot/ContentSlot/Dimension1Panel/D1_ExploreVisualRoot/BottomNavigation/Nav_ÁRBOL
13_relics_to_explore	1080	1920	Canvas/HUD/VerticalUIRoot/VerticalSafeAreaRoot/ContentSlot/Dimension1Panel/D1_ExploreVisualRoot/BottomNavigation/Nav_ÁRBOL	2	1010.40	57.20	OK	Canvas/HUD/VerticalUIRoot/VerticalSafeAreaRoot/ContentSlot/Dimension1Panel/D1_ExploreVisualRoot/BottomNavigation/Nav_ÁRBOL	Canvas/HUD/VerticalUIRoot/VerticalSafeAreaRoot/ContentSlot/Dimension1Panel/D1_ExploreVisualRoot/BottomNavigation/Nav_ÁRBOL
13_relics_to_explore	1080	1920	Canvas/HUD/VerticalUIRoot/VerticalSafeAreaRoot/ContentSlot/Dimension1Panel/D1_ExploreVisualRoot/BottomNavigation/Nav_ÁRBOL	3	891.60	162.80	OK	Canvas/HUD/VerticalUIRoot/VerticalSafeAreaRoot/ContentSlot/Dimension1Panel/D1_ExploreVisualRoot/BottomNavigation/Nav_ÁRBOL	Canvas/HUD/VerticalUIRoot/VerticalSafeAreaRoot/ContentSlot/Dimension1Panel/D1_ExploreVisualRoot/BottomNavigation/Nav_ÁRBOL
13_relics_to_explore	1080	1920	Canvas/HUD/VerticalUIRoot/VerticalSafeAreaRoot/ContentSlot/Dimension1Panel/D1_ExploreVisualRoot/BottomNavigation/Nav_ÁRBOL	4	1010.40	162.80	OK	Canvas/HUD/VerticalUIRoot/VerticalSafeAreaRoot/ContentSlot/Dimension1Panel/D1_ExploreVisualRoot/BottomNavigation/Nav_ÁRBOL	Canvas/HUD/VerticalUIRoot/VerticalSafeAreaRoot/ContentSlot/Dimension1Panel/D1_ExploreVisualRoot/BottomNavigation/Nav_ÁRBOL
13_relics_to_explore	1080	1920	Canvas/HUD/VerticalUIRoot/VerticalSafeAreaRoot/ContentSlot/Dimension1Panel/D1_ExploreVisualRoot/SupportPanel/Previous	0	890.00	717.00	OK	Canvas/HUD/VerticalUIRoot/VerticalSafeAreaRoot/ContentSlot/Dimension1Panel/D1_ExploreVisualRoot/SupportPanel/Previous	Canvas/HUD/VerticalUIRoot/VerticalSafeAreaRoot/ContentSlot/Dimension1Panel/D1_ExploreVisualRoot/SupportPanel/Previous
13_relics_to_explore	1080	1920	Canvas/HUD/VerticalUIRoot/VerticalSafeAreaRoot/ContentSlot/Dimension1Panel/D1_ExploreVisualRoot/SupportPanel/Previous	1	868.40	695.40	OK	Canvas/HUD/VerticalUIRoot/VerticalSafeAreaRoot/ContentSlot/Dimension1Panel/D1_ExploreVisualRoot/SupportPanel/Previous	Canvas/HUD/VerticalUIRoot/VerticalSafeAreaRoot/ContentSlot/Dimension1Panel/D1_ExploreVisualRoot/SupportPanel/Previous
13_relics_to_explore	1080	1920	Canvas/HUD/VerticalUIRoot/VerticalSafeAreaRoot/ContentSlot/Dimension1Panel/D1_ExploreVisualRoot/SupportPanel/Previous	2	911.60	695.40	OK	Canvas/HUD/VerticalUIRoot/VerticalSafeAreaRoot/ContentSlot/Dimension1Panel/D1_ExploreVisualRoot/SupportPanel/Previous	Canvas/HUD/VerticalUIRoot/VerticalSafeAreaRoot/ContentSlot/Dimension1Panel/D1_ExploreVisualRoot/SupportPanel/Previous
13_relics_to_explore	1080	1920	Canvas/HUD/VerticalUIRoot/VerticalSafeAreaRoot/ContentSlot/Dimension1Panel/D1_ExploreVisualRoot/SupportPanel/Previous	3	868.40	738.60	OK	Canvas/HUD/VerticalUIRoot/VerticalSafeAreaRoot/ContentSlot/Dimension1Panel/D1_ExploreVisualRoot/SupportPanel/Previous	Canvas/HUD/VerticalUIRoot/VerticalSafeAreaRoot/ContentSlot/Dimension1Panel/D1_ExploreVisualRoot/SupportPanel/Previous
13_relics_to_explore	1080	1920	Canvas/HUD/VerticalUIRoot/VerticalSafeAreaRoot/ContentSlot/Dimension1Panel/D1_ExploreVisualRoot/SupportPanel/Previous	4	911.60	738.60	OK	Canvas/HUD/VerticalUIRoot/VerticalSafeAreaRoot/ContentSlot/Dimension1Panel/D1_ExploreVisualRoot/SupportPanel/Previous	Canvas/HUD/VerticalUIRoot/VerticalSafeAreaRoot/ContentSlot/Dimension1Panel/D1_ExploreVisualRoot/SupportPanel/Previous
13_relics_to_explore	1080	1920	Canvas/HUD/VerticalUIRoot/VerticalSafeAreaRoot/ContentSlot/Dimension1Panel/D1_ExploreVisualRoot/ShipPanel/Next	0	484.00	717.00	OK	Canvas/HUD/VerticalUIRoot/VerticalSafeAreaRoot/ContentSlot/Dimension1Panel/D1_ExploreVisualRoot/ShipPanel/Next	Canvas/HUD/VerticalUIRoot/VerticalSafeAreaRoot/ContentSlot/Dimension1Panel/D1_ExploreVisualRoot/ShipPanel/Next
13_relics_to_explore	1080	1920	Canvas/HUD/VerticalUIRoot/VerticalSafeAreaRoot/ContentSlot/Dimension1Panel/D1_ExploreVisualRoot/ShipPanel/Next	1	462.40	695.40	OK	Canvas/HUD/VerticalUIRoot/VerticalSafeAreaRoot/ContentSlot/Dimension1Panel/D1_ExploreVisualRoot/ShipPanel/Next	Canvas/HUD/VerticalUIRoot/VerticalSafeAreaRoot/ContentSlot/Dimension1Panel/D1_ExploreVisualRoot/ShipPanel/Next
13_relics_to_explore	1080	1920	Canvas/HUD/VerticalUIRoot/VerticalSafeAreaRoot/ContentSlot/Dimension1Panel/D1_ExploreVisualRoot/ShipPanel/Next	2	505.60	695.40	OK	Canvas/HUD/VerticalUIRoot/VerticalSafeAreaRoot/ContentSlot/Dimension1Panel/D1_ExploreVisualRoot/ShipPanel/Next	Canvas/HUD/VerticalUIRoot/VerticalSafeAreaRoot/ContentSlot/Dimension1Panel/D1_ExploreVisualRoot/ShipPanel/Next
13_relics_to_explore	1080	1920	Canvas/HUD/VerticalUIRoot/VerticalSafeAreaRoot/ContentSlot/Dimension1Panel/D1_ExploreVisualRoot/ShipPanel/Next	3	462.40	738.60	OK	Canvas/HUD/VerticalUIRoot/VerticalSafeAreaRoot/ContentSlot/Dimension1Panel/D1_ExploreVisualRoot/ShipPanel/Next	Canvas/HUD/VerticalUIRoot/VerticalSafeAreaRoot/ContentSlot/Dimension1Panel/D1_ExploreVisualRoot/ShipPanel/Next
13_relics_to_explore	1080	1920	Canvas/HUD/VerticalUIRoot/VerticalSafeAreaRoot/ContentSlot/Dimension1Panel/D1_ExploreVisualRoot/ShipPanel/Next	4	505.60	738.60	OK	Canvas/HUD/VerticalUIRoot/VerticalSafeAreaRoot/ContentSlot/Dimension1Panel/D1_ExploreVisualRoot/ShipPanel/Next	Canvas/HUD/VerticalUIRoot/VerticalSafeAreaRoot/ContentSlot/Dimension1Panel/D1_ExploreVisualRoot/ShipPanel/Next
13_relics_to_explore	1080	1920	Canvas/HUD/VerticalUIRoot/VerticalSafeAreaRoot/ContentSlot/Dimension1Panel/D1_ExploreVisualRoot/DestinationPanel/OpenDetails	0	918.00	1218.00	OK	Canvas/HUD/VerticalUIRoot/VerticalSafeAreaRoot/ContentSlot/Dimension1Panel/D1_ExploreVisualRoot/DestinationPanel/OpenDetails	Canvas/HUD/VerticalUIRoot/VerticalSafeAreaRoot/ContentSlot/Dimension1Panel/D1_ExploreVisualRoot/DestinationPanel/OpenDetails
13_relics_to_explore	1080	1920	Canvas/HUD/VerticalUIRoot/VerticalSafeAreaRoot/ContentSlot/Dimension1Panel/D1_ExploreVisualRoot/DestinationPanel/OpenDetails	1	876.00	1200.60	OK	Canvas/HUD/VerticalUIRoot/VerticalSafeAreaRoot/ContentSlot/Dimension1Panel/D1_ExploreVisualRoot/DestinationPanel/OpenDetails	Canvas/HUD/VerticalUIRoot/VerticalSafeAreaRoot/ContentSlot/Dimension1Panel/D1_ExploreVisualRoot/DestinationPanel/OpenDetails
13_relics_to_explore	1080	1920	Canvas/HUD/VerticalUIRoot/VerticalSafeAreaRoot/ContentSlot/Dimension1Panel/D1_ExploreVisualRoot/DestinationPanel/OpenDetails	2	960.00	1200.60	OK	Canvas/HUD/VerticalUIRoot/VerticalSafeAreaRoot/ContentSlot/Dimension1Panel/D1_ExploreVisualRoot/DestinationPanel/OpenDetails	Canvas/HUD/VerticalUIRoot/VerticalSafeAreaRoot/ContentSlot/Dimension1Panel/D1_ExploreVisualRoot/DestinationPanel/OpenDetails
13_relics_to_explore	1080	1920	Canvas/HUD/VerticalUIRoot/VerticalSafeAreaRoot/ContentSlot/Dimension1Panel/D1_ExploreVisualRoot/DestinationPanel/OpenDetails	3	876.00	1235.40	OK	Canvas/HUD/VerticalUIRoot/VerticalSafeAreaRoot/ContentSlot/Dimension1Panel/D1_ExploreVisualRoot/DestinationPanel/OpenDetails	Canvas/HUD/VerticalUIRoot/VerticalSafeAreaRoot/ContentSlot/Dimension1Panel/D1_ExploreVisualRoot/DestinationPanel/OpenDetails
13_relics_to_explore	1080	1920	Canvas/HUD/VerticalUIRoot/VerticalSafeAreaRoot/ContentSlot/Dimension1Panel/D1_ExploreVisualRoot/DestinationPanel/OpenDetails	4	960.00	1235.40	OK	Canvas/HUD/VerticalUIRoot/VerticalSafeAreaRoot/ContentSlot/Dimension1Panel/D1_ExploreVisualRoot/DestinationPanel/OpenDetails	Canvas/HUD/VerticalUIRoot/VerticalSafeAreaRoot/ContentSlot/Dimension1Panel/D1_ExploreVisualRoot/DestinationPanel/OpenDetails
13_relics_to_explore	1080	1920	Canvas/HUD/VerticalUIRoot/VerticalSafeAreaRoot/ContentSlot/Dimension1Panel/D1_ExploreVisualRoot/ModePanel/SimpleMode	0	306.00	575.00	OK	Canvas/HUD/VerticalUIRoot/VerticalSafeAreaRoot/ContentSlot/Dimension1Panel/D1_ExploreVisualRoot/ModePanel/SimpleMode	Canvas/HUD/VerticalUIRoot/VerticalSafeAreaRoot/ContentSlot/Dimension1Panel/D1_ExploreVisualRoot/ModePanel/SimpleMode
13_relics_to_explore	1080	1920	Canvas/HUD/VerticalUIRoot/VerticalSafeAreaRoot/ContentSlot/Dimension1Panel/D1_ExploreVisualRoot/ModePanel/SimpleMode	1	174.00	551.60	OK	Canvas/HUD/VerticalUIRoot/VerticalSafeAreaRoot/ContentSlot/Dimension1Panel/D1_ExploreVisualRoot/ModePanel/SimpleMode	Canvas/HUD/VerticalUIRoot/VerticalSafeAreaRoot/ContentSlot/Dimension1Panel/D1_ExploreVisualRoot/ModePanel/SimpleMode
13_relics_to_explore	1080	1920	Canvas/HUD/VerticalUIRoot/VerticalSafeAreaRoot/ContentSlot/Dimension1Panel/D1_ExploreVisualRoot/ModePanel/SimpleMode	2	438.00	551.60	OK	Canvas/HUD/VerticalUIRoot/VerticalSafeAreaRoot/ContentSlot/Dimension1Panel/D1_ExploreVisualRoot/ModePanel/SimpleMode	Canvas/HUD/VerticalUIRoot/VerticalSafeAreaRoot/ContentSlot/Dimension1Panel/D1_ExploreVisualRoot/ModePanel/SimpleMode
13_relics_to_explore	1080	1920	Canvas/HUD/VerticalUIRoot/VerticalSafeAreaRoot/ContentSlot/Dimension1Panel/D1_ExploreVisualRoot/ModePanel/SimpleMode	3	174.00	598.40	OK	Canvas/HUD/VerticalUIRoot/VerticalSafeAreaRoot/ContentSlot/Dimension1Panel/D1_ExploreVisualRoot/ModePanel/SimpleMode	Canvas/HUD/VerticalUIRoot/VerticalSafeAreaRoot/ContentSlot/Dimension1Panel/D1_ExploreVisualRoot/ModePanel/SimpleMode
13_relics_to_explore	1080	1920	Canvas/HUD/VerticalUIRoot/VerticalSafeAreaRoot/ContentSlot/Dimension1Panel/D1_ExploreVisualRoot/ModePanel/SimpleMode	4	438.00	598.40	OK	Canvas/HUD/VerticalUIRoot/VerticalSafeAreaRoot/ContentSlot/Dimension1Panel/D1_ExploreVisualRoot/ModePanel/SimpleMode	Canvas/HUD/VerticalUIRoot/VerticalSafeAreaRoot/ContentSlot/Dimension1Panel/D1_ExploreVisualRoot/ModePanel/SimpleMode
13_relics_to_explore	1080	1920	Canvas/HUD/VerticalUIRoot/VerticalSafeAreaRoot/ContentSlot/Dimension1Panel/OpenRelicChamberPanelButton	0	1240.00	1476.00	OFFSCREEN	<none>	<none>
13_relics_to_explore	1080	1920	Canvas/HUD/VerticalUIRoot/VerticalSafeAreaRoot/ContentSlot/Dimension1Panel/OpenRelicChamberPanelButton	1	1192.00	1467.00	OFFSCREEN	<none>	<none>
13_relics_to_explore	1080	1920	Canvas/HUD/VerticalUIRoot/VerticalSafeAreaRoot/ContentSlot/Dimension1Panel/OpenRelicChamberPanelButton	2	1288.00	1467.00	OFFSCREEN	<none>	<none>
13_relics_to_explore	1080	1920	Canvas/HUD/VerticalUIRoot/VerticalSafeAreaRoot/ContentSlot/Dimension1Panel/OpenRelicChamberPanelButton	3	1192.00	1485.00	OFFSCREEN	<none>	<none>
13_relics_to_explore	1080	1920	Canvas/HUD/VerticalUIRoot/VerticalSafeAreaRoot/ContentSlot/Dimension1Panel/OpenRelicChamberPanelButton	4	1288.00	1485.00	OFFSCREEN	<none>	<none>
13_relics_to_explore	1080	1920	Canvas/HUD/VerticalUIRoot/VerticalSafeAreaRoot/ContentSlot/Dimension1Panel/D1_ExploreVisualRoot/StartExpedition	0	334.00	281.00	OK	Canvas/HUD/VerticalUIRoot/VerticalSafeAreaRoot/ContentSlot/Dimension1Panel/D1_ExploreVisualRoot/StartExpedition	Canvas/HUD/VerticalUIRoot/VerticalSafeAreaRoot/ContentSlot/Dimension1Panel/D1_ExploreVisualRoot/StartExpedition
13_relics_to_explore	1080	1920	Canvas/HUD/VerticalUIRoot/VerticalSafeAreaRoot/ContentSlot/Dimension1Panel/D1_ExploreVisualRoot/StartExpedition	1	170.80	244.40	OK	Canvas/HUD/VerticalUIRoot/VerticalSafeAreaRoot/ContentSlot/Dimension1Panel/D1_ExploreVisualRoot/StartExpedition	Canvas/HUD/VerticalUIRoot/VerticalSafeAreaRoot/ContentSlot/Dimension1Panel/D1_ExploreVisualRoot/StartExpedition
13_relics_to_explore	1080	1920	Canvas/HUD/VerticalUIRoot/VerticalSafeAreaRoot/ContentSlot/Dimension1Panel/D1_ExploreVisualRoot/StartExpedition	2	497.20	244.40	OK	Canvas/HUD/VerticalUIRoot/VerticalSafeAreaRoot/ContentSlot/Dimension1Panel/D1_ExploreVisualRoot/StartExpedition	Canvas/HUD/VerticalUIRoot/VerticalSafeAreaRoot/ContentSlot/Dimension1Panel/D1_ExploreVisualRoot/StartExpedition
13_relics_to_explore	1080	1920	Canvas/HUD/VerticalUIRoot/VerticalSafeAreaRoot/ContentSlot/Dimension1Panel/D1_ExploreVisualRoot/StartExpedition	3	170.80	317.60	OK	Canvas/HUD/VerticalUIRoot/VerticalSafeAreaRoot/ContentSlot/Dimension1Panel/D1_ExploreVisualRoot/StartExpedition	Canvas/HUD/VerticalUIRoot/VerticalSafeAreaRoot/ContentSlot/Dimension1Panel/D1_ExploreVisualRoot/StartExpedition
13_relics_to_explore	1080	1920	Canvas/HUD/VerticalUIRoot/VerticalSafeAreaRoot/ContentSlot/Dimension1Panel/D1_ExploreVisualRoot/StartExpedition	4	497.20	317.60	OK	Canvas/HUD/VerticalUIRoot/VerticalSafeAreaRoot/ContentSlot/Dimension1Panel/D1_ExploreVisualRoot/StartExpedition	Canvas/HUD/VerticalUIRoot/VerticalSafeAreaRoot/ContentSlot/Dimension1Panel/D1_ExploreVisualRoot/StartExpedition
13_relics_to_explore	1080	1920	Canvas/HUD/VerticalUIRoot/VerticalSafeAreaRoot/ContentSlot/Dimension1Panel/OpenDimension1TreePanelButton	0	1240.00	1376.00	OFFSCREEN	<none>	<none>
13_relics_to_explore	1080	1920	Canvas/HUD/VerticalUIRoot/VerticalSafeAreaRoot/ContentSlot/Dimension1Panel/OpenDimension1TreePanelButton	1	1192.00	1367.00	OFFSCREEN	<none>	<none>
13_relics_to_explore	1080	1920	Canvas/HUD/VerticalUIRoot/VerticalSafeAreaRoot/ContentSlot/Dimension1Panel/OpenDimension1TreePanelButton	2	1288.00	1367.00	OFFSCREEN	<none>	<none>
13_relics_to_explore	1080	1920	Canvas/HUD/VerticalUIRoot/VerticalSafeAreaRoot/ContentSlot/Dimension1Panel/OpenDimension1TreePanelButton	3	1192.00	1385.00	OFFSCREEN	<none>	<none>
13_relics_to_explore	1080	1920	Canvas/HUD/VerticalUIRoot/VerticalSafeAreaRoot/ContentSlot/Dimension1Panel/OpenDimension1TreePanelButton	4	1288.00	1385.00	OFFSCREEN	<none>	<none>
13_relics_to_explore	1080	1920	Canvas/HUD/VerticalUIRoot/VerticalSafeAreaRoot/ContentSlot/Dimension1Panel/D1_ExploreVisualRoot/BottomNavigation/Nav_HANGAR	0	537.00	110.00	OK	Canvas/HUD/VerticalUIRoot/VerticalSafeAreaRoot/ContentSlot/Dimension1Panel/D1_ExploreVisualRoot/BottomNavigation/Nav_HANGAR	Canvas/HUD/VerticalUIRoot/VerticalSafeAreaRoot/ContentSlot/Dimension1Panel/D1_ExploreVisualRoot/BottomNavigation/Nav_HANGAR
13_relics_to_explore	1080	1920	Canvas/HUD/VerticalUIRoot/VerticalSafeAreaRoot/ContentSlot/Dimension1Panel/D1_ExploreVisualRoot/BottomNavigation/Nav_HANGAR	1	477.60	57.20	OK	Canvas/HUD/VerticalUIRoot/VerticalSafeAreaRoot/ContentSlot/Dimension1Panel/D1_ExploreVisualRoot/BottomNavigation/Nav_HANGAR	Canvas/HUD/VerticalUIRoot/VerticalSafeAreaRoot/ContentSlot/Dimension1Panel/D1_ExploreVisualRoot/BottomNavigation/Nav_HANGAR
13_relics_to_explore	1080	1920	Canvas/HUD/VerticalUIRoot/VerticalSafeAreaRoot/ContentSlot/Dimension1Panel/D1_ExploreVisualRoot/BottomNavigation/Nav_HANGAR	2	596.40	57.20	OK	Canvas/HUD/VerticalUIRoot/VerticalSafeAreaRoot/ContentSlot/Dimension1Panel/D1_ExploreVisualRoot/BottomNavigation/Nav_HANGAR	Canvas/HUD/VerticalUIRoot/VerticalSafeAreaRoot/ContentSlot/Dimension1Panel/D1_ExploreVisualRoot/BottomNavigation/Nav_HANGAR
13_relics_to_explore	1080	1920	Canvas/HUD/VerticalUIRoot/VerticalSafeAreaRoot/ContentSlot/Dimension1Panel/D1_ExploreVisualRoot/BottomNavigation/Nav_HANGAR	3	477.60	162.80	OK	Canvas/HUD/VerticalUIRoot/VerticalSafeAreaRoot/ContentSlot/Dimension1Panel/D1_ExploreVisualRoot/BottomNavigation/Nav_HANGAR	Canvas/HUD/VerticalUIRoot/VerticalSafeAreaRoot/ContentSlot/Dimension1Panel/D1_ExploreVisualRoot/BottomNavigation/Nav_HANGAR
13_relics_to_explore	1080	1920	Canvas/HUD/VerticalUIRoot/VerticalSafeAreaRoot/ContentSlot/Dimension1Panel/D1_ExploreVisualRoot/BottomNavigation/Nav_HANGAR	4	596.40	162.80	OK	Canvas/HUD/VerticalUIRoot/VerticalSafeAreaRoot/ContentSlot/Dimension1Panel/D1_ExploreVisualRoot/BottomNavigation/Nav_HANGAR	Canvas/HUD/VerticalUIRoot/VerticalSafeAreaRoot/ContentSlot/Dimension1Panel/D1_ExploreVisualRoot/BottomNavigation/Nav_HANGAR
13_relics_to_explore	1080	1920	Canvas/HUD/VerticalUIRoot/VerticalSafeAreaRoot/ContentSlot/Dimension1Panel/D1_ExploreVisualRoot/CommandCenter	0	112.00	1768.00	OK	Canvas/HUD/VerticalUIRoot/VerticalSafeAreaRoot/ContentSlot/Dimension1Panel/D1_ExploreVisualRoot/CommandCenter	Canvas/HUD/VerticalUIRoot/VerticalSafeAreaRoot/ContentSlot/Dimension1Panel/D1_ExploreVisualRoot/CommandCenter
13_relics_to_explore	1080	1920	Canvas/HUD/VerticalUIRoot/VerticalSafeAreaRoot/ContentSlot/Dimension1Panel/D1_ExploreVisualRoot/CommandCenter	1	59.20	1738.00	OK	Canvas/HUD/VerticalUIRoot/VerticalSafeAreaRoot/ContentSlot/Dimension1Panel/D1_ExploreVisualRoot/CommandCenter	Canvas/HUD/VerticalUIRoot/VerticalSafeAreaRoot/ContentSlot/Dimension1Panel/D1_ExploreVisualRoot/CommandCenter
13_relics_to_explore	1080	1920	Canvas/HUD/VerticalUIRoot/VerticalSafeAreaRoot/ContentSlot/Dimension1Panel/D1_ExploreVisualRoot/CommandCenter	2	164.80	1738.00	OK	Canvas/HUD/VerticalUIRoot/VerticalSafeAreaRoot/ContentSlot/Dimension1Panel/D1_ExploreVisualRoot/CommandCenter	Canvas/HUD/VerticalUIRoot/VerticalSafeAreaRoot/ContentSlot/Dimension1Panel/D1_ExploreVisualRoot/CommandCenter
13_relics_to_explore	1080	1920	Canvas/HUD/VerticalUIRoot/VerticalSafeAreaRoot/ContentSlot/Dimension1Panel/D1_ExploreVisualRoot/CommandCenter	3	59.20	1798.00	OK	Canvas/HUD/VerticalUIRoot/VerticalSafeAreaRoot/ContentSlot/Dimension1Panel/D1_ExploreVisualRoot/CommandCenter	Canvas/HUD/VerticalUIRoot/VerticalSafeAreaRoot/ContentSlot/Dimension1Panel/D1_ExploreVisualRoot/CommandCenter
13_relics_to_explore	1080	1920	Canvas/HUD/VerticalUIRoot/VerticalSafeAreaRoot/ContentSlot/Dimension1Panel/D1_ExploreVisualRoot/CommandCenter	4	164.80	1798.00	OK	Canvas/HUD/VerticalUIRoot/VerticalSafeAreaRoot/ContentSlot/Dimension1Panel/D1_ExploreVisualRoot/CommandCenter	Canvas/HUD/VerticalUIRoot/VerticalSafeAreaRoot/ContentSlot/Dimension1Panel/D1_ExploreVisualRoot/CommandCenter
13_relics_to_explore	1080	1920	Canvas/HUD/VerticalUIRoot/VerticalSafeAreaRoot/ContentSlot/Dimension1Panel/OpenHangarPanelButton	0	1240.00	1426.00	OFFSCREEN	<none>	<none>
13_relics_to_explore	1080	1920	Canvas/HUD/VerticalUIRoot/VerticalSafeAreaRoot/ContentSlot/Dimension1Panel/OpenHangarPanelButton	1	1192.00	1417.00	OFFSCREEN	<none>	<none>
13_relics_to_explore	1080	1920	Canvas/HUD/VerticalUIRoot/VerticalSafeAreaRoot/ContentSlot/Dimension1Panel/OpenHangarPanelButton	2	1288.00	1417.00	OFFSCREEN	<none>	<none>
13_relics_to_explore	1080	1920	Canvas/HUD/VerticalUIRoot/VerticalSafeAreaRoot/ContentSlot/Dimension1Panel/OpenHangarPanelButton	3	1192.00	1435.00	OFFSCREEN	<none>	<none>
13_relics_to_explore	1080	1920	Canvas/HUD/VerticalUIRoot/VerticalSafeAreaRoot/ContentSlot/Dimension1Panel/OpenHangarPanelButton	4	1288.00	1435.00	OFFSCREEN	<none>	<none>
13_relics_to_explore	1080	1920	Canvas/HUD/VerticalUIRoot/VerticalSafeAreaRoot/ContentSlot/Dimension1Panel/D1_ExploreVisualRoot/ActiveExpedition/Previous	0	632.00	420.00	OK	Canvas/HUD/VerticalUIRoot/VerticalSafeAreaRoot/ContentSlot/Dimension1Panel/D1_ExploreVisualRoot/ActiveExpedition/Previous	Canvas/HUD/VerticalUIRoot/VerticalSafeAreaRoot/ContentSlot/Dimension1Panel/D1_ExploreVisualRoot/ActiveExpedition/Previous
13_relics_to_explore	1080	1920	Canvas/HUD/VerticalUIRoot/VerticalSafeAreaRoot/ContentSlot/Dimension1Panel/D1_ExploreVisualRoot/ActiveExpedition/Previous	1	610.40	398.40	OK	Canvas/HUD/VerticalUIRoot/VerticalSafeAreaRoot/ContentSlot/Dimension1Panel/D1_ExploreVisualRoot/ActiveExpedition/Previous	Canvas/HUD/VerticalUIRoot/VerticalSafeAreaRoot/ContentSlot/Dimension1Panel/D1_ExploreVisualRoot/ActiveExpedition/Previous
13_relics_to_explore	1080	1920	Canvas/HUD/VerticalUIRoot/VerticalSafeAreaRoot/ContentSlot/Dimension1Panel/D1_ExploreVisualRoot/ActiveExpedition/Previous	2	653.60	398.40	OK	Canvas/HUD/VerticalUIRoot/VerticalSafeAreaRoot/ContentSlot/Dimension1Panel/D1_ExploreVisualRoot/ActiveExpedition/Previous	Canvas/HUD/VerticalUIRoot/VerticalSafeAreaRoot/ContentSlot/Dimension1Panel/D1_ExploreVisualRoot/ActiveExpedition/Previous
13_relics_to_explore	1080	1920	Canvas/HUD/VerticalUIRoot/VerticalSafeAreaRoot/ContentSlot/Dimension1Panel/D1_ExploreVisualRoot/ActiveExpedition/Previous	3	610.40	441.60	OK	Canvas/HUD/VerticalUIRoot/VerticalSafeAreaRoot/ContentSlot/Dimension1Panel/D1_ExploreVisualRoot/ActiveExpedition/Previous	Canvas/HUD/VerticalUIRoot/VerticalSafeAreaRoot/ContentSlot/Dimension1Panel/D1_ExploreVisualRoot/ActiveExpedition/Previous
13_relics_to_explore	1080	1920	Canvas/HUD/VerticalUIRoot/VerticalSafeAreaRoot/ContentSlot/Dimension1Panel/D1_ExploreVisualRoot/ActiveExpedition/Previous	4	653.60	441.60	OK	Canvas/HUD/VerticalUIRoot/VerticalSafeAreaRoot/ContentSlot/Dimension1Panel/D1_ExploreVisualRoot/ActiveExpedition/Previous	Canvas/HUD/VerticalUIRoot/VerticalSafeAreaRoot/ContentSlot/Dimension1Panel/D1_ExploreVisualRoot/ActiveExpedition/Previous
13_relics_to_explore	1080	1920	Canvas/HUD/VerticalUIRoot/VerticalSafeAreaRoot/ContentSlot/Dimension1Panel/D1_ExploreVisualRoot/BottomNavigation/Nav_GALAXIA	0	123.00	110.00	OK	Canvas/HUD/VerticalUIRoot/VerticalSafeAreaRoot/ContentSlot/Dimension1Panel/D1_ExploreVisualRoot/BottomNavigation/Nav_GALAXIA	Canvas/HUD/VerticalUIRoot/VerticalSafeAreaRoot/ContentSlot/Dimension1Panel/D1_ExploreVisualRoot/BottomNavigation/Nav_GALAXIA
13_relics_to_explore	1080	1920	Canvas/HUD/VerticalUIRoot/VerticalSafeAreaRoot/ContentSlot/Dimension1Panel/D1_ExploreVisualRoot/BottomNavigation/Nav_GALAXIA	1	63.60	57.20	OK	Canvas/HUD/VerticalUIRoot/VerticalSafeAreaRoot/ContentSlot/Dimension1Panel/D1_ExploreVisualRoot/BottomNavigation/Nav_GALAXIA	Canvas/HUD/VerticalUIRoot/VerticalSafeAreaRoot/ContentSlot/Dimension1Panel/D1_ExploreVisualRoot/BottomNavigation/Nav_GALAXIA
13_relics_to_explore	1080	1920	Canvas/HUD/VerticalUIRoot/VerticalSafeAreaRoot/ContentSlot/Dimension1Panel/D1_ExploreVisualRoot/BottomNavigation/Nav_GALAXIA	2	182.40	57.20	OK	Canvas/HUD/VerticalUIRoot/VerticalSafeAreaRoot/ContentSlot/Dimension1Panel/D1_ExploreVisualRoot/BottomNavigation/Nav_GALAXIA	Canvas/HUD/VerticalUIRoot/VerticalSafeAreaRoot/ContentSlot/Dimension1Panel/D1_ExploreVisualRoot/BottomNavigation/Nav_GALAXIA
13_relics_to_explore	1080	1920	Canvas/HUD/VerticalUIRoot/VerticalSafeAreaRoot/ContentSlot/Dimension1Panel/D1_ExploreVisualRoot/BottomNavigation/Nav_GALAXIA	3	63.60	162.80	OK	Canvas/HUD/VerticalUIRoot/VerticalSafeAreaRoot/ContentSlot/Dimension1Panel/D1_ExploreVisualRoot/BottomNavigation/Nav_GALAXIA	Canvas/HUD/VerticalUIRoot/VerticalSafeAreaRoot/ContentSlot/Dimension1Panel/D1_ExploreVisualRoot/BottomNavigation/Nav_GALAXIA
13_relics_to_explore	1080	1920	Canvas/HUD/VerticalUIRoot/VerticalSafeAreaRoot/ContentSlot/Dimension1Panel/D1_ExploreVisualRoot/BottomNavigation/Nav_GALAXIA	4	182.40	162.80	OK	Canvas/HUD/VerticalUIRoot/VerticalSafeAreaRoot/ContentSlot/Dimension1Panel/D1_ExploreVisualRoot/BottomNavigation/Nav_GALAXIA	Canvas/HUD/VerticalUIRoot/VerticalSafeAreaRoot/ContentSlot/Dimension1Panel/D1_ExploreVisualRoot/BottomNavigation/Nav_GALAXIA
13_relics_to_explore	1080	1920	Canvas/HUD/VerticalUIRoot/VerticalSafeAreaRoot/ContentSlot/Dimension1Panel/Registro	0	-60.00	1426.00	OFFSCREEN	<none>	<none>
13_relics_to_explore	1080	1920	Canvas/HUD/VerticalUIRoot/VerticalSafeAreaRoot/ContentSlot/Dimension1Panel/Registro	1	-108.00	1417.00	OFFSCREEN	<none>	<none>
13_relics_to_explore	1080	1920	Canvas/HUD/VerticalUIRoot/VerticalSafeAreaRoot/ContentSlot/Dimension1Panel/Registro	2	-12.00	1417.00	OFFSCREEN	<none>	<none>
13_relics_to_explore	1080	1920	Canvas/HUD/VerticalUIRoot/VerticalSafeAreaRoot/ContentSlot/Dimension1Panel/Registro	3	-108.00	1435.00	OFFSCREEN	<none>	<none>
13_relics_to_explore	1080	1920	Canvas/HUD/VerticalUIRoot/VerticalSafeAreaRoot/ContentSlot/Dimension1Panel/Registro	4	-12.00	1435.00	OFFSCREEN	<none>	<none>
13_relics_to_explore	1080	1920	Canvas/HUD/VerticalUIRoot/VerticalSafeAreaRoot/ContentSlot/Dimension1Panel/D1_ExploreVisualRoot/ScannerPanel/ChangeSector	0	864.00	1567.00	OK	Canvas/HUD/VerticalUIRoot/VerticalSafeAreaRoot/ContentSlot/Dimension1Panel/D1_ExploreVisualRoot/ScannerPanel/ChangeSector	Canvas/HUD/VerticalUIRoot/VerticalSafeAreaRoot/ContentSlot/Dimension1Panel/D1_ExploreVisualRoot/ScannerPanel/ChangeSector
13_relics_to_explore	1080	1920	Canvas/HUD/VerticalUIRoot/VerticalSafeAreaRoot/ContentSlot/Dimension1Panel/D1_ExploreVisualRoot/ScannerPanel/ChangeSector	1	794.40	1548.40	OK	Canvas/HUD/VerticalUIRoot/VerticalSafeAreaRoot/ContentSlot/Dimension1Panel/D1_ExploreVisualRoot/ScannerPanel/ChangeSector	Canvas/HUD/VerticalUIRoot/VerticalSafeAreaRoot/ContentSlot/Dimension1Panel/D1_ExploreVisualRoot/ScannerPanel/ChangeSector
13_relics_to_explore	1080	1920	Canvas/HUD/VerticalUIRoot/VerticalSafeAreaRoot/ContentSlot/Dimension1Panel/D1_ExploreVisualRoot/ScannerPanel/ChangeSector	2	933.60	1548.40	OK	Canvas/HUD/VerticalUIRoot/VerticalSafeAreaRoot/ContentSlot/Dimension1Panel/D1_ExploreVisualRoot/ScannerPanel/ChangeSector	Canvas/HUD/VerticalUIRoot/VerticalSafeAreaRoot/ContentSlot/Dimension1Panel/D1_ExploreVisualRoot/ScannerPanel/ChangeSector
13_relics_to_explore	1080	1920	Canvas/HUD/VerticalUIRoot/VerticalSafeAreaRoot/ContentSlot/Dimension1Panel/D1_ExploreVisualRoot/ScannerPanel/ChangeSector	3	794.40	1585.60	OK	Canvas/HUD/VerticalUIRoot/VerticalSafeAreaRoot/ContentSlot/Dimension1Panel/D1_ExploreVisualRoot/ScannerPanel/ChangeSector	Canvas/HUD/VerticalUIRoot/VerticalSafeAreaRoot/ContentSlot/Dimension1Panel/D1_ExploreVisualRoot/ScannerPanel/ChangeSector
13_relics_to_explore	1080	1920	Canvas/HUD/VerticalUIRoot/VerticalSafeAreaRoot/ContentSlot/Dimension1Panel/D1_ExploreVisualRoot/ScannerPanel/ChangeSector	4	933.60	1585.60	OK	Canvas/HUD/VerticalUIRoot/VerticalSafeAreaRoot/ContentSlot/Dimension1Panel/D1_ExploreVisualRoot/ScannerPanel/ChangeSector	Canvas/HUD/VerticalUIRoot/VerticalSafeAreaRoot/ContentSlot/Dimension1Panel/D1_ExploreVisualRoot/ScannerPanel/ChangeSector
13_relics_to_explore	1080	1920	Canvas/HUD/VerticalUIRoot/VerticalSafeAreaRoot/ContentSlot/Dimension1Panel/D1_ExploreVisualRoot/MetalsButton	0	921.50	1768.00	OK	Canvas/HUD/VerticalUIRoot/VerticalSafeAreaRoot/ContentSlot/Dimension1Panel/D1_ExploreVisualRoot/MetalsButton	Canvas/HUD/VerticalUIRoot/VerticalSafeAreaRoot/ContentSlot/Dimension1Panel/D1_ExploreVisualRoot/MetalsButton
13_relics_to_explore	1080	1920	Canvas/HUD/VerticalUIRoot/VerticalSafeAreaRoot/ContentSlot/Dimension1Panel/D1_ExploreVisualRoot/MetalsButton	1	848.00	1738.00	OK	Canvas/HUD/VerticalUIRoot/VerticalSafeAreaRoot/ContentSlot/Dimension1Panel/D1_ExploreVisualRoot/MetalsButton	Canvas/HUD/VerticalUIRoot/VerticalSafeAreaRoot/ContentSlot/Dimension1Panel/D1_ExploreVisualRoot/MetalsButton
13_relics_to_explore	1080	1920	Canvas/HUD/VerticalUIRoot/VerticalSafeAreaRoot/ContentSlot/Dimension1Panel/D1_ExploreVisualRoot/MetalsButton	2	995.00	1738.00	OK	Canvas/HUD/VerticalUIRoot/VerticalSafeAreaRoot/ContentSlot/Dimension1Panel/D1_ExploreVisualRoot/MetalsButton	Canvas/HUD/VerticalUIRoot/VerticalSafeAreaRoot/ContentSlot/Dimension1Panel/D1_ExploreVisualRoot/MetalsButton
13_relics_to_explore	1080	1920	Canvas/HUD/VerticalUIRoot/VerticalSafeAreaRoot/ContentSlot/Dimension1Panel/D1_ExploreVisualRoot/MetalsButton	3	848.00	1798.00	OK	Canvas/HUD/VerticalUIRoot/VerticalSafeAreaRoot/ContentSlot/Dimension1Panel/D1_ExploreVisualRoot/MetalsButton	Canvas/HUD/VerticalUIRoot/VerticalSafeAreaRoot/ContentSlot/Dimension1Panel/D1_ExploreVisualRoot/MetalsButton
13_relics_to_explore	1080	1920	Canvas/HUD/VerticalUIRoot/VerticalSafeAreaRoot/ContentSlot/Dimension1Panel/D1_ExploreVisualRoot/MetalsButton	4	995.00	1798.00	OK	Canvas/HUD/VerticalUIRoot/VerticalSafeAreaRoot/ContentSlot/Dimension1Panel/D1_ExploreVisualRoot/MetalsButton	Canvas/HUD/VerticalUIRoot/VerticalSafeAreaRoot/ContentSlot/Dimension1Panel/D1_ExploreVisualRoot/MetalsButton
13_relics_to_explore	1080	1920	Canvas/HUD/VerticalUIRoot/VerticalSafeAreaRoot/ContentSlot/Dimension1Panel/OpenGalaxyPanelButton	0	1240.00	1526.00	OFFSCREEN	<none>	<none>
13_relics_to_explore	1080	1920	Canvas/HUD/VerticalUIRoot/VerticalSafeAreaRoot/ContentSlot/Dimension1Panel/OpenGalaxyPanelButton	1	1192.00	1517.00	OFFSCREEN	<none>	<none>
13_relics_to_explore	1080	1920	Canvas/HUD/VerticalUIRoot/VerticalSafeAreaRoot/ContentSlot/Dimension1Panel/OpenGalaxyPanelButton	2	1288.00	1517.00	OFFSCREEN	<none>	<none>
13_relics_to_explore	1080	1920	Canvas/HUD/VerticalUIRoot/VerticalSafeAreaRoot/ContentSlot/Dimension1Panel/OpenGalaxyPanelButton	3	1192.00	1535.00	OFFSCREEN	<none>	<none>
13_relics_to_explore	1080	1920	Canvas/HUD/VerticalUIRoot/VerticalSafeAreaRoot/ContentSlot/Dimension1Panel/OpenGalaxyPanelButton	4	1288.00	1535.00	OFFSCREEN	<none>	<none>
14_tree	1080	1920	Canvas/HUD/VerticalUIRoot/VerticalSafeAreaRoot/ContentSlot/Dimension1Panel/Dimension1TreePanel/D1_TreeVisualRoot/MetalsButton	0	921.50	1768.00	OK	Canvas/HUD/VerticalUIRoot/VerticalSafeAreaRoot/ContentSlot/Dimension1Panel/Dimension1TreePanel/D1_TreeVisualRoot/MetalsButton	Canvas/HUD/VerticalUIRoot/VerticalSafeAreaRoot/ContentSlot/Dimension1Panel/Dimension1TreePanel/D1_TreeVisualRoot/MetalsButton
14_tree	1080	1920	Canvas/HUD/VerticalUIRoot/VerticalSafeAreaRoot/ContentSlot/Dimension1Panel/Dimension1TreePanel/D1_TreeVisualRoot/MetalsButton	1	848.00	1738.00	OK	Canvas/HUD/VerticalUIRoot/VerticalSafeAreaRoot/ContentSlot/Dimension1Panel/Dimension1TreePanel/D1_TreeVisualRoot/MetalsButton	Canvas/HUD/VerticalUIRoot/VerticalSafeAreaRoot/ContentSlot/Dimension1Panel/Dimension1TreePanel/D1_TreeVisualRoot/MetalsButton
14_tree	1080	1920	Canvas/HUD/VerticalUIRoot/VerticalSafeAreaRoot/ContentSlot/Dimension1Panel/Dimension1TreePanel/D1_TreeVisualRoot/MetalsButton	2	995.00	1738.00	OK	Canvas/HUD/VerticalUIRoot/VerticalSafeAreaRoot/ContentSlot/Dimension1Panel/Dimension1TreePanel/D1_TreeVisualRoot/MetalsButton	Canvas/HUD/VerticalUIRoot/VerticalSafeAreaRoot/ContentSlot/Dimension1Panel/Dimension1TreePanel/D1_TreeVisualRoot/MetalsButton
14_tree	1080	1920	Canvas/HUD/VerticalUIRoot/VerticalSafeAreaRoot/ContentSlot/Dimension1Panel/Dimension1TreePanel/D1_TreeVisualRoot/MetalsButton	3	848.00	1798.00	OK	Canvas/HUD/VerticalUIRoot/VerticalSafeAreaRoot/ContentSlot/Dimension1Panel/Dimension1TreePanel/D1_TreeVisualRoot/MetalsButton	Canvas/HUD/VerticalUIRoot/VerticalSafeAreaRoot/ContentSlot/Dimension1Panel/Dimension1TreePanel/D1_TreeVisualRoot/MetalsButton
14_tree	1080	1920	Canvas/HUD/VerticalUIRoot/VerticalSafeAreaRoot/ContentSlot/Dimension1Panel/Dimension1TreePanel/D1_TreeVisualRoot/MetalsButton	4	995.00	1798.00	OK	Canvas/HUD/VerticalUIRoot/VerticalSafeAreaRoot/ContentSlot/Dimension1Panel/Dimension1TreePanel/D1_TreeVisualRoot/MetalsButton	Canvas/HUD/VerticalUIRoot/VerticalSafeAreaRoot/ContentSlot/Dimension1Panel/Dimension1TreePanel/D1_TreeVisualRoot/MetalsButton
14_tree	1080	1920	Canvas/HUD/VerticalUIRoot/VerticalSafeAreaRoot/ContentSlot/Dimension1Panel/Dimension1TreePanel/D1_TreeVisualRoot/CommandCenter	0	112.00	1768.00	OK	Canvas/HUD/VerticalUIRoot/VerticalSafeAreaRoot/ContentSlot/Dimension1Panel/Dimension1TreePanel/D1_TreeVisualRoot/CommandCenter	Canvas/HUD/VerticalUIRoot/VerticalSafeAreaRoot/ContentSlot/Dimension1Panel/Dimension1TreePanel/D1_TreeVisualRoot/CommandCenter
14_tree	1080	1920	Canvas/HUD/VerticalUIRoot/VerticalSafeAreaRoot/ContentSlot/Dimension1Panel/Dimension1TreePanel/D1_TreeVisualRoot/CommandCenter	1	59.20	1738.00	OK	Canvas/HUD/VerticalUIRoot/VerticalSafeAreaRoot/ContentSlot/Dimension1Panel/Dimension1TreePanel/D1_TreeVisualRoot/CommandCenter	Canvas/HUD/VerticalUIRoot/VerticalSafeAreaRoot/ContentSlot/Dimension1Panel/Dimension1TreePanel/D1_TreeVisualRoot/CommandCenter
14_tree	1080	1920	Canvas/HUD/VerticalUIRoot/VerticalSafeAreaRoot/ContentSlot/Dimension1Panel/Dimension1TreePanel/D1_TreeVisualRoot/CommandCenter	2	164.80	1738.00	OK	Canvas/HUD/VerticalUIRoot/VerticalSafeAreaRoot/ContentSlot/Dimension1Panel/Dimension1TreePanel/D1_TreeVisualRoot/CommandCenter	Canvas/HUD/VerticalUIRoot/VerticalSafeAreaRoot/ContentSlot/Dimension1Panel/Dimension1TreePanel/D1_TreeVisualRoot/CommandCenter
14_tree	1080	1920	Canvas/HUD/VerticalUIRoot/VerticalSafeAreaRoot/ContentSlot/Dimension1Panel/Dimension1TreePanel/D1_TreeVisualRoot/CommandCenter	3	59.20	1798.00	OK	Canvas/HUD/VerticalUIRoot/VerticalSafeAreaRoot/ContentSlot/Dimension1Panel/Dimension1TreePanel/D1_TreeVisualRoot/CommandCenter	Canvas/HUD/VerticalUIRoot/VerticalSafeAreaRoot/ContentSlot/Dimension1Panel/Dimension1TreePanel/D1_TreeVisualRoot/CommandCenter
14_tree	1080	1920	Canvas/HUD/VerticalUIRoot/VerticalSafeAreaRoot/ContentSlot/Dimension1Panel/Dimension1TreePanel/D1_TreeVisualRoot/CommandCenter	4	164.80	1798.00	OK	Canvas/HUD/VerticalUIRoot/VerticalSafeAreaRoot/ContentSlot/Dimension1Panel/Dimension1TreePanel/D1_TreeVisualRoot/CommandCenter	Canvas/HUD/VerticalUIRoot/VerticalSafeAreaRoot/ContentSlot/Dimension1Panel/Dimension1TreePanel/D1_TreeVisualRoot/CommandCenter
14_tree	1080	1920	Canvas/HUD/VerticalUIRoot/VerticalSafeAreaRoot/ContentSlot/Dimension1Panel/Dimension1TreePanel/D1_TreeVisualRoot/OrbitalConstellation/TreeNode_5	0	958.00	1145.00	OK	Canvas/HUD/VerticalUIRoot/VerticalSafeAreaRoot/ContentSlot/Dimension1Panel/Dimension1TreePanel/D1_TreeVisualRoot/OrbitalConstellation/TreeNode_5/Fill	Canvas/HUD/VerticalUIRoot/VerticalSafeAreaRoot/ContentSlot/Dimension1Panel/Dimension1TreePanel/D1_TreeVisualRoot/OrbitalConstellation/TreeNode_5
14_tree	1080	1920	Canvas/HUD/VerticalUIRoot/VerticalSafeAreaRoot/ContentSlot/Dimension1Panel/Dimension1TreePanel/D1_TreeVisualRoot/OrbitalConstellation/TreeNode_5	1	913.60	1085.00	OK	Canvas/HUD/VerticalUIRoot/VerticalSafeAreaRoot/ContentSlot/Dimension1Panel/Dimension1TreePanel/D1_TreeVisualRoot/OrbitalConstellation/TreeNode_5/Fill	Canvas/HUD/VerticalUIRoot/VerticalSafeAreaRoot/ContentSlot/Dimension1Panel/Dimension1TreePanel/D1_TreeVisualRoot/OrbitalConstellation/TreeNode_5
14_tree	1080	1920	Canvas/HUD/VerticalUIRoot/VerticalSafeAreaRoot/ContentSlot/Dimension1Panel/Dimension1TreePanel/D1_TreeVisualRoot/OrbitalConstellation/TreeNode_5	2	1002.40	1085.00	OK	Canvas/HUD/VerticalUIRoot/VerticalSafeAreaRoot/ContentSlot/Dimension1Panel/Dimension1TreePanel/D1_TreeVisualRoot/OrbitalConstellation/TreeNode_5/Fill	Canvas/HUD/VerticalUIRoot/VerticalSafeAreaRoot/ContentSlot/Dimension1Panel/Dimension1TreePanel/D1_TreeVisualRoot/OrbitalConstellation/TreeNode_5
14_tree	1080	1920	Canvas/HUD/VerticalUIRoot/VerticalSafeAreaRoot/ContentSlot/Dimension1Panel/Dimension1TreePanel/D1_TreeVisualRoot/OrbitalConstellation/TreeNode_5	3	913.60	1205.00	OK	Canvas/HUD/VerticalUIRoot/VerticalSafeAreaRoot/ContentSlot/Dimension1Panel/Dimension1TreePanel/D1_TreeVisualRoot/OrbitalConstellation/TreeNode_5/Fill	Canvas/HUD/VerticalUIRoot/VerticalSafeAreaRoot/ContentSlot/Dimension1Panel/Dimension1TreePanel/D1_TreeVisualRoot/OrbitalConstellation/TreeNode_5
14_tree	1080	1920	Canvas/HUD/VerticalUIRoot/VerticalSafeAreaRoot/ContentSlot/Dimension1Panel/Dimension1TreePanel/D1_TreeVisualRoot/OrbitalConstellation/TreeNode_5	4	1002.40	1205.00	OK	Canvas/HUD/VerticalUIRoot/VerticalSafeAreaRoot/ContentSlot/Dimension1Panel/Dimension1TreePanel/D1_TreeVisualRoot/OrbitalConstellation/TreeNode_5/Fill	Canvas/HUD/VerticalUIRoot/VerticalSafeAreaRoot/ContentSlot/Dimension1Panel/Dimension1TreePanel/D1_TreeVisualRoot/OrbitalConstellation/TreeNode_5
14_tree	1080	1920	Canvas/HUD/VerticalUIRoot/VerticalSafeAreaRoot/ContentSlot/Dimension1Panel/Dimension1TreePanel/D1_TreeVisualRoot/BottomNavigation/Nav_EXPLORAR	0	330.00	110.00	OK	Canvas/HUD/VerticalUIRoot/VerticalSafeAreaRoot/ContentSlot/Dimension1Panel/Dimension1TreePanel/D1_TreeVisualRoot/BottomNavigation/Nav_EXPLORAR	Canvas/HUD/VerticalUIRoot/VerticalSafeAreaRoot/ContentSlot/Dimension1Panel/Dimension1TreePanel/D1_TreeVisualRoot/BottomNavigation/Nav_EXPLORAR
14_tree	1080	1920	Canvas/HUD/VerticalUIRoot/VerticalSafeAreaRoot/ContentSlot/Dimension1Panel/Dimension1TreePanel/D1_TreeVisualRoot/BottomNavigation/Nav_EXPLORAR	1	270.60	57.20	OK	Canvas/HUD/VerticalUIRoot/VerticalSafeAreaRoot/ContentSlot/Dimension1Panel/Dimension1TreePanel/D1_TreeVisualRoot/BottomNavigation/Nav_EXPLORAR	Canvas/HUD/VerticalUIRoot/VerticalSafeAreaRoot/ContentSlot/Dimension1Panel/Dimension1TreePanel/D1_TreeVisualRoot/BottomNavigation/Nav_EXPLORAR
14_tree	1080	1920	Canvas/HUD/VerticalUIRoot/VerticalSafeAreaRoot/ContentSlot/Dimension1Panel/Dimension1TreePanel/D1_TreeVisualRoot/BottomNavigation/Nav_EXPLORAR	2	389.40	57.20	OK	Canvas/HUD/VerticalUIRoot/VerticalSafeAreaRoot/ContentSlot/Dimension1Panel/Dimension1TreePanel/D1_TreeVisualRoot/BottomNavigation/Nav_EXPLORAR	Canvas/HUD/VerticalUIRoot/VerticalSafeAreaRoot/ContentSlot/Dimension1Panel/Dimension1TreePanel/D1_TreeVisualRoot/BottomNavigation/Nav_EXPLORAR
14_tree	1080	1920	Canvas/HUD/VerticalUIRoot/VerticalSafeAreaRoot/ContentSlot/Dimension1Panel/Dimension1TreePanel/D1_TreeVisualRoot/BottomNavigation/Nav_EXPLORAR	3	270.60	162.80	OK	Canvas/HUD/VerticalUIRoot/VerticalSafeAreaRoot/ContentSlot/Dimension1Panel/Dimension1TreePanel/D1_TreeVisualRoot/BottomNavigation/Nav_EXPLORAR	Canvas/HUD/VerticalUIRoot/VerticalSafeAreaRoot/ContentSlot/Dimension1Panel/Dimension1TreePanel/D1_TreeVisualRoot/BottomNavigation/Nav_EXPLORAR
14_tree	1080	1920	Canvas/HUD/VerticalUIRoot/VerticalSafeAreaRoot/ContentSlot/Dimension1Panel/Dimension1TreePanel/D1_TreeVisualRoot/BottomNavigation/Nav_EXPLORAR	4	389.40	162.80	OK	Canvas/HUD/VerticalUIRoot/VerticalSafeAreaRoot/ContentSlot/Dimension1Panel/Dimension1TreePanel/D1_TreeVisualRoot/BottomNavigation/Nav_EXPLORAR	Canvas/HUD/VerticalUIRoot/VerticalSafeAreaRoot/ContentSlot/Dimension1Panel/Dimension1TreePanel/D1_TreeVisualRoot/BottomNavigation/Nav_EXPLORAR
14_tree	1080	1920	Canvas/HUD/VerticalUIRoot/VerticalSafeAreaRoot/ContentSlot/Dimension1Panel/Dimension1TreePanel/D1_TreeVisualRoot/OrbitalConstellation/TreeNode_6	0	162.00	890.00	OK	Canvas/HUD/VerticalUIRoot/VerticalSafeAreaRoot/ContentSlot/Dimension1Panel/Dimension1TreePanel/D1_TreeVisualRoot/OrbitalConstellation/TreeNode_6/Fill	Canvas/HUD/VerticalUIRoot/VerticalSafeAreaRoot/ContentSlot/Dimension1Panel/Dimension1TreePanel/D1_TreeVisualRoot/OrbitalConstellation/TreeNode_6
14_tree	1080	1920	Canvas/HUD/VerticalUIRoot/VerticalSafeAreaRoot/ContentSlot/Dimension1Panel/Dimension1TreePanel/D1_TreeVisualRoot/OrbitalConstellation/TreeNode_6	1	117.60	829.40	OK	Canvas/HUD/VerticalUIRoot/VerticalSafeAreaRoot/ContentSlot/Dimension1Panel/Dimension1TreePanel/D1_TreeVisualRoot/OrbitalConstellation/TreeNode_6/Fill	Canvas/HUD/VerticalUIRoot/VerticalSafeAreaRoot/ContentSlot/Dimension1Panel/Dimension1TreePanel/D1_TreeVisualRoot/OrbitalConstellation/TreeNode_6
14_tree	1080	1920	Canvas/HUD/VerticalUIRoot/VerticalSafeAreaRoot/ContentSlot/Dimension1Panel/Dimension1TreePanel/D1_TreeVisualRoot/OrbitalConstellation/TreeNode_6	2	206.40	829.40	OK	Canvas/HUD/VerticalUIRoot/VerticalSafeAreaRoot/ContentSlot/Dimension1Panel/Dimension1TreePanel/D1_TreeVisualRoot/OrbitalConstellation/TreeNode_6/Fill	Canvas/HUD/VerticalUIRoot/VerticalSafeAreaRoot/ContentSlot/Dimension1Panel/Dimension1TreePanel/D1_TreeVisualRoot/OrbitalConstellation/TreeNode_6
14_tree	1080	1920	Canvas/HUD/VerticalUIRoot/VerticalSafeAreaRoot/ContentSlot/Dimension1Panel/Dimension1TreePanel/D1_TreeVisualRoot/OrbitalConstellation/TreeNode_6	3	117.60	950.60	OK	Canvas/HUD/VerticalUIRoot/VerticalSafeAreaRoot/ContentSlot/Dimension1Panel/Dimension1TreePanel/D1_TreeVisualRoot/OrbitalConstellation/TreeNode_6/Fill	Canvas/HUD/VerticalUIRoot/VerticalSafeAreaRoot/ContentSlot/Dimension1Panel/Dimension1TreePanel/D1_TreeVisualRoot/OrbitalConstellation/TreeNode_6
14_tree	1080	1920	Canvas/HUD/VerticalUIRoot/VerticalSafeAreaRoot/ContentSlot/Dimension1Panel/Dimension1TreePanel/D1_TreeVisualRoot/OrbitalConstellation/TreeNode_6	4	206.40	950.60	OK	Canvas/HUD/VerticalUIRoot/VerticalSafeAreaRoot/ContentSlot/Dimension1Panel/Dimension1TreePanel/D1_TreeVisualRoot/OrbitalConstellation/TreeNode_6/Fill	Canvas/HUD/VerticalUIRoot/VerticalSafeAreaRoot/ContentSlot/Dimension1Panel/Dimension1TreePanel/D1_TreeVisualRoot/OrbitalConstellation/TreeNode_6
14_tree	1080	1920	Canvas/HUD/VerticalUIRoot/VerticalSafeAreaRoot/ContentSlot/Dimension1Panel/Dimension1TreePanel/D1_TreeVisualRoot/BottomNavigation/Nav_RELIQUIAS	0	744.00	110.00	OK	Canvas/HUD/VerticalUIRoot/VerticalSafeAreaRoot/ContentSlot/Dimension1Panel/Dimension1TreePanel/D1_TreeVisualRoot/BottomNavigation/Nav_RELIQUIAS	Canvas/HUD/VerticalUIRoot/VerticalSafeAreaRoot/ContentSlot/Dimension1Panel/Dimension1TreePanel/D1_TreeVisualRoot/BottomNavigation/Nav_RELIQUIAS
14_tree	1080	1920	Canvas/HUD/VerticalUIRoot/VerticalSafeAreaRoot/ContentSlot/Dimension1Panel/Dimension1TreePanel/D1_TreeVisualRoot/BottomNavigation/Nav_RELIQUIAS	1	684.60	57.20	OK	Canvas/HUD/VerticalUIRoot/VerticalSafeAreaRoot/ContentSlot/Dimension1Panel/Dimension1TreePanel/D1_TreeVisualRoot/BottomNavigation/Nav_RELIQUIAS	Canvas/HUD/VerticalUIRoot/VerticalSafeAreaRoot/ContentSlot/Dimension1Panel/Dimension1TreePanel/D1_TreeVisualRoot/BottomNavigation/Nav_RELIQUIAS
14_tree	1080	1920	Canvas/HUD/VerticalUIRoot/VerticalSafeAreaRoot/ContentSlot/Dimension1Panel/Dimension1TreePanel/D1_TreeVisualRoot/BottomNavigation/Nav_RELIQUIAS	2	803.40	57.20	OK	Canvas/HUD/VerticalUIRoot/VerticalSafeAreaRoot/ContentSlot/Dimension1Panel/Dimension1TreePanel/D1_TreeVisualRoot/BottomNavigation/Nav_RELIQUIAS	Canvas/HUD/VerticalUIRoot/VerticalSafeAreaRoot/ContentSlot/Dimension1Panel/Dimension1TreePanel/D1_TreeVisualRoot/BottomNavigation/Nav_RELIQUIAS
14_tree	1080	1920	Canvas/HUD/VerticalUIRoot/VerticalSafeAreaRoot/ContentSlot/Dimension1Panel/Dimension1TreePanel/D1_TreeVisualRoot/BottomNavigation/Nav_RELIQUIAS	3	684.60	162.80	OK	Canvas/HUD/VerticalUIRoot/VerticalSafeAreaRoot/ContentSlot/Dimension1Panel/Dimension1TreePanel/D1_TreeVisualRoot/BottomNavigation/Nav_RELIQUIAS	Canvas/HUD/VerticalUIRoot/VerticalSafeAreaRoot/ContentSlot/Dimension1Panel/Dimension1TreePanel/D1_TreeVisualRoot/BottomNavigation/Nav_RELIQUIAS
14_tree	1080	1920	Canvas/HUD/VerticalUIRoot/VerticalSafeAreaRoot/ContentSlot/Dimension1Panel/Dimension1TreePanel/D1_TreeVisualRoot/BottomNavigation/Nav_RELIQUIAS	4	803.40	162.80	OK	Canvas/HUD/VerticalUIRoot/VerticalSafeAreaRoot/ContentSlot/Dimension1Panel/Dimension1TreePanel/D1_TreeVisualRoot/BottomNavigation/Nav_RELIQUIAS	Canvas/HUD/VerticalUIRoot/VerticalSafeAreaRoot/ContentSlot/Dimension1Panel/Dimension1TreePanel/D1_TreeVisualRoot/BottomNavigation/Nav_RELIQUIAS
14_tree	1080	1920	Canvas/HUD/VerticalUIRoot/VerticalSafeAreaRoot/ContentSlot/Dimension1Panel/Dimension1TreePanel/D1_TreeVisualRoot/OrbitalConstellation/TreeNode_2	0	256.00	1425.00	OK	Canvas/HUD/VerticalUIRoot/VerticalSafeAreaRoot/ContentSlot/Dimension1Panel/Dimension1TreePanel/D1_TreeVisualRoot/OrbitalConstellation/TreeNode_2/Fill	Canvas/HUD/VerticalUIRoot/VerticalSafeAreaRoot/ContentSlot/Dimension1Panel/Dimension1TreePanel/D1_TreeVisualRoot/OrbitalConstellation/TreeNode_2
14_tree	1080	1920	Canvas/HUD/VerticalUIRoot/VerticalSafeAreaRoot/ContentSlot/Dimension1Panel/Dimension1TreePanel/D1_TreeVisualRoot/OrbitalConstellation/TreeNode_2	1	211.60	1365.60	OK	Canvas/HUD/VerticalUIRoot/VerticalSafeAreaRoot/ContentSlot/Dimension1Panel/Dimension1TreePanel/D1_TreeVisualRoot/OrbitalConstellation/TreeNode_2/Fill	Canvas/HUD/VerticalUIRoot/VerticalSafeAreaRoot/ContentSlot/Dimension1Panel/Dimension1TreePanel/D1_TreeVisualRoot/OrbitalConstellation/TreeNode_2
14_tree	1080	1920	Canvas/HUD/VerticalUIRoot/VerticalSafeAreaRoot/ContentSlot/Dimension1Panel/Dimension1TreePanel/D1_TreeVisualRoot/OrbitalConstellation/TreeNode_2	2	300.40	1365.60	OK	Canvas/HUD/VerticalUIRoot/VerticalSafeAreaRoot/ContentSlot/Dimension1Panel/Dimension1TreePanel/D1_TreeVisualRoot/OrbitalConstellation/TreeNode_2/Fill	Canvas/HUD/VerticalUIRoot/VerticalSafeAreaRoot/ContentSlot/Dimension1Panel/Dimension1TreePanel/D1_TreeVisualRoot/OrbitalConstellation/TreeNode_2
14_tree	1080	1920	Canvas/HUD/VerticalUIRoot/VerticalSafeAreaRoot/ContentSlot/Dimension1Panel/Dimension1TreePanel/D1_TreeVisualRoot/OrbitalConstellation/TreeNode_2	3	211.60	1484.40	OK	Canvas/HUD/VerticalUIRoot/VerticalSafeAreaRoot/ContentSlot/Dimension1Panel/Dimension1TreePanel/D1_TreeVisualRoot/OrbitalConstellation/TreeNode_2/Fill	Canvas/HUD/VerticalUIRoot/VerticalSafeAreaRoot/ContentSlot/Dimension1Panel/Dimension1TreePanel/D1_TreeVisualRoot/OrbitalConstellation/TreeNode_2
14_tree	1080	1920	Canvas/HUD/VerticalUIRoot/VerticalSafeAreaRoot/ContentSlot/Dimension1Panel/Dimension1TreePanel/D1_TreeVisualRoot/OrbitalConstellation/TreeNode_2	4	300.40	1484.40	OK	Canvas/HUD/VerticalUIRoot/VerticalSafeAreaRoot/ContentSlot/Dimension1Panel/Dimension1TreePanel/D1_TreeVisualRoot/OrbitalConstellation/TreeNode_2/Fill	Canvas/HUD/VerticalUIRoot/VerticalSafeAreaRoot/ContentSlot/Dimension1Panel/Dimension1TreePanel/D1_TreeVisualRoot/OrbitalConstellation/TreeNode_2
14_tree	1080	1920	Canvas/HUD/VerticalUIRoot/VerticalSafeAreaRoot/ContentSlot/Dimension1Panel/Dimension1TreePanel/D1_TreeVisualRoot/BottomNavigation/Nav_HANGAR	0	537.00	110.00	OK	Canvas/HUD/VerticalUIRoot/VerticalSafeAreaRoot/ContentSlot/Dimension1Panel/Dimension1TreePanel/D1_TreeVisualRoot/BottomNavigation/Nav_HANGAR	Canvas/HUD/VerticalUIRoot/VerticalSafeAreaRoot/ContentSlot/Dimension1Panel/Dimension1TreePanel/D1_TreeVisualRoot/BottomNavigation/Nav_HANGAR
14_tree	1080	1920	Canvas/HUD/VerticalUIRoot/VerticalSafeAreaRoot/ContentSlot/Dimension1Panel/Dimension1TreePanel/D1_TreeVisualRoot/BottomNavigation/Nav_HANGAR	1	477.60	57.20	OK	Canvas/HUD/VerticalUIRoot/VerticalSafeAreaRoot/ContentSlot/Dimension1Panel/Dimension1TreePanel/D1_TreeVisualRoot/BottomNavigation/Nav_HANGAR	Canvas/HUD/VerticalUIRoot/VerticalSafeAreaRoot/ContentSlot/Dimension1Panel/Dimension1TreePanel/D1_TreeVisualRoot/BottomNavigation/Nav_HANGAR
14_tree	1080	1920	Canvas/HUD/VerticalUIRoot/VerticalSafeAreaRoot/ContentSlot/Dimension1Panel/Dimension1TreePanel/D1_TreeVisualRoot/BottomNavigation/Nav_HANGAR	2	596.40	57.20	OK	Canvas/HUD/VerticalUIRoot/VerticalSafeAreaRoot/ContentSlot/Dimension1Panel/Dimension1TreePanel/D1_TreeVisualRoot/BottomNavigation/Nav_HANGAR	Canvas/HUD/VerticalUIRoot/VerticalSafeAreaRoot/ContentSlot/Dimension1Panel/Dimension1TreePanel/D1_TreeVisualRoot/BottomNavigation/Nav_HANGAR
14_tree	1080	1920	Canvas/HUD/VerticalUIRoot/VerticalSafeAreaRoot/ContentSlot/Dimension1Panel/Dimension1TreePanel/D1_TreeVisualRoot/BottomNavigation/Nav_HANGAR	3	477.60	162.80	OK	Canvas/HUD/VerticalUIRoot/VerticalSafeAreaRoot/ContentSlot/Dimension1Panel/Dimension1TreePanel/D1_TreeVisualRoot/BottomNavigation/Nav_HANGAR	Canvas/HUD/VerticalUIRoot/VerticalSafeAreaRoot/ContentSlot/Dimension1Panel/Dimension1TreePanel/D1_TreeVisualRoot/BottomNavigation/Nav_HANGAR
14_tree	1080	1920	Canvas/HUD/VerticalUIRoot/VerticalSafeAreaRoot/ContentSlot/Dimension1Panel/Dimension1TreePanel/D1_TreeVisualRoot/BottomNavigation/Nav_HANGAR	4	596.40	162.80	OK	Canvas/HUD/VerticalUIRoot/VerticalSafeAreaRoot/ContentSlot/Dimension1Panel/Dimension1TreePanel/D1_TreeVisualRoot/BottomNavigation/Nav_HANGAR	Canvas/HUD/VerticalUIRoot/VerticalSafeAreaRoot/ContentSlot/Dimension1Panel/Dimension1TreePanel/D1_TreeVisualRoot/BottomNavigation/Nav_HANGAR
14_tree	1080	1920	Canvas/HUD/VerticalUIRoot/VerticalSafeAreaRoot/ContentSlot/Dimension1Panel/Dimension1TreePanel/D1_TreeVisualRoot/BottomNavigation/Nav_GALAXIA	0	123.00	110.00	OK	Canvas/HUD/VerticalUIRoot/VerticalSafeAreaRoot/ContentSlot/Dimension1Panel/Dimension1TreePanel/D1_TreeVisualRoot/BottomNavigation/Nav_GALAXIA	Canvas/HUD/VerticalUIRoot/VerticalSafeAreaRoot/ContentSlot/Dimension1Panel/Dimension1TreePanel/D1_TreeVisualRoot/BottomNavigation/Nav_GALAXIA
14_tree	1080	1920	Canvas/HUD/VerticalUIRoot/VerticalSafeAreaRoot/ContentSlot/Dimension1Panel/Dimension1TreePanel/D1_TreeVisualRoot/BottomNavigation/Nav_GALAXIA	1	63.60	57.20	OK	Canvas/HUD/VerticalUIRoot/VerticalSafeAreaRoot/ContentSlot/Dimension1Panel/Dimension1TreePanel/D1_TreeVisualRoot/BottomNavigation/Nav_GALAXIA	Canvas/HUD/VerticalUIRoot/VerticalSafeAreaRoot/ContentSlot/Dimension1Panel/Dimension1TreePanel/D1_TreeVisualRoot/BottomNavigation/Nav_GALAXIA
14_tree	1080	1920	Canvas/HUD/VerticalUIRoot/VerticalSafeAreaRoot/ContentSlot/Dimension1Panel/Dimension1TreePanel/D1_TreeVisualRoot/BottomNavigation/Nav_GALAXIA	2	182.40	57.20	OK	Canvas/HUD/VerticalUIRoot/VerticalSafeAreaRoot/ContentSlot/Dimension1Panel/Dimension1TreePanel/D1_TreeVisualRoot/BottomNavigation/Nav_GALAXIA	Canvas/HUD/VerticalUIRoot/VerticalSafeAreaRoot/ContentSlot/Dimension1Panel/Dimension1TreePanel/D1_TreeVisualRoot/BottomNavigation/Nav_GALAXIA
14_tree	1080	1920	Canvas/HUD/VerticalUIRoot/VerticalSafeAreaRoot/ContentSlot/Dimension1Panel/Dimension1TreePanel/D1_TreeVisualRoot/BottomNavigation/Nav_GALAXIA	3	63.60	162.80	OK	Canvas/HUD/VerticalUIRoot/VerticalSafeAreaRoot/ContentSlot/Dimension1Panel/Dimension1TreePanel/D1_TreeVisualRoot/BottomNavigation/Nav_GALAXIA	Canvas/HUD/VerticalUIRoot/VerticalSafeAreaRoot/ContentSlot/Dimension1Panel/Dimension1TreePanel/D1_TreeVisualRoot/BottomNavigation/Nav_GALAXIA
14_tree	1080	1920	Canvas/HUD/VerticalUIRoot/VerticalSafeAreaRoot/ContentSlot/Dimension1Panel/Dimension1TreePanel/D1_TreeVisualRoot/BottomNavigation/Nav_GALAXIA	4	182.40	162.80	OK	Canvas/HUD/VerticalUIRoot/VerticalSafeAreaRoot/ContentSlot/Dimension1Panel/Dimension1TreePanel/D1_TreeVisualRoot/BottomNavigation/Nav_GALAXIA	Canvas/HUD/VerticalUIRoot/VerticalSafeAreaRoot/ContentSlot/Dimension1Panel/Dimension1TreePanel/D1_TreeVisualRoot/BottomNavigation/Nav_GALAXIA
14_tree	1080	1920	Canvas/HUD/VerticalUIRoot/VerticalSafeAreaRoot/ContentSlot/Dimension1Panel/Dimension1TreePanel/D1_TreeVisualRoot/OrbitalConstellation/TreeNode_4	0	122.00	1145.00	OK	Canvas/HUD/VerticalUIRoot/VerticalSafeAreaRoot/ContentSlot/Dimension1Panel/Dimension1TreePanel/D1_TreeVisualRoot/OrbitalConstellation/TreeNode_4/Fill	Canvas/HUD/VerticalUIRoot/VerticalSafeAreaRoot/ContentSlot/Dimension1Panel/Dimension1TreePanel/D1_TreeVisualRoot/OrbitalConstellation/TreeNode_4
14_tree	1080	1920	Canvas/HUD/VerticalUIRoot/VerticalSafeAreaRoot/ContentSlot/Dimension1Panel/Dimension1TreePanel/D1_TreeVisualRoot/OrbitalConstellation/TreeNode_4	1	77.60	1085.00	OK	Canvas/HUD/VerticalUIRoot/VerticalSafeAreaRoot/ContentSlot/Dimension1Panel/Dimension1TreePanel/D1_TreeVisualRoot/OrbitalConstellation/TreeNode_4/Fill	Canvas/HUD/VerticalUIRoot/VerticalSafeAreaRoot/ContentSlot/Dimension1Panel/Dimension1TreePanel/D1_TreeVisualRoot/OrbitalConstellation/TreeNode_4
14_tree	1080	1920	Canvas/HUD/VerticalUIRoot/VerticalSafeAreaRoot/ContentSlot/Dimension1Panel/Dimension1TreePanel/D1_TreeVisualRoot/OrbitalConstellation/TreeNode_4	2	166.40	1085.00	OK	Canvas/HUD/VerticalUIRoot/VerticalSafeAreaRoot/ContentSlot/Dimension1Panel/Dimension1TreePanel/D1_TreeVisualRoot/OrbitalConstellation/TreeNode_4/Fill	Canvas/HUD/VerticalUIRoot/VerticalSafeAreaRoot/ContentSlot/Dimension1Panel/Dimension1TreePanel/D1_TreeVisualRoot/OrbitalConstellation/TreeNode_4
14_tree	1080	1920	Canvas/HUD/VerticalUIRoot/VerticalSafeAreaRoot/ContentSlot/Dimension1Panel/Dimension1TreePanel/D1_TreeVisualRoot/OrbitalConstellation/TreeNode_4	3	77.60	1205.00	OK	Canvas/HUD/VerticalUIRoot/VerticalSafeAreaRoot/ContentSlot/Dimension1Panel/Dimension1TreePanel/D1_TreeVisualRoot/OrbitalConstellation/TreeNode_4/Fill	Canvas/HUD/VerticalUIRoot/VerticalSafeAreaRoot/ContentSlot/Dimension1Panel/Dimension1TreePanel/D1_TreeVisualRoot/OrbitalConstellation/TreeNode_4
14_tree	1080	1920	Canvas/HUD/VerticalUIRoot/VerticalSafeAreaRoot/ContentSlot/Dimension1Panel/Dimension1TreePanel/D1_TreeVisualRoot/OrbitalConstellation/TreeNode_4	4	166.40	1205.00	OK	Canvas/HUD/VerticalUIRoot/VerticalSafeAreaRoot/ContentSlot/Dimension1Panel/Dimension1TreePanel/D1_TreeVisualRoot/OrbitalConstellation/TreeNode_4/Fill	Canvas/HUD/VerticalUIRoot/VerticalSafeAreaRoot/ContentSlot/Dimension1Panel/Dimension1TreePanel/D1_TreeVisualRoot/OrbitalConstellation/TreeNode_4
14_tree	1080	1920	Canvas/HUD/VerticalUIRoot/VerticalSafeAreaRoot/ContentSlot/Dimension1Panel/Registro	0	-60.00	1426.00	OFFSCREEN	<none>	<none>
14_tree	1080	1920	Canvas/HUD/VerticalUIRoot/VerticalSafeAreaRoot/ContentSlot/Dimension1Panel/Registro	1	-108.00	1417.00	OFFSCREEN	<none>	<none>
14_tree	1080	1920	Canvas/HUD/VerticalUIRoot/VerticalSafeAreaRoot/ContentSlot/Dimension1Panel/Registro	2	-12.00	1417.00	OFFSCREEN	<none>	<none>
14_tree	1080	1920	Canvas/HUD/VerticalUIRoot/VerticalSafeAreaRoot/ContentSlot/Dimension1Panel/Registro	3	-108.00	1435.00	OFFSCREEN	<none>	<none>
14_tree	1080	1920	Canvas/HUD/VerticalUIRoot/VerticalSafeAreaRoot/ContentSlot/Dimension1Panel/Registro	4	-12.00	1435.00	OFFSCREEN	<none>	<none>
14_tree	1080	1920	Canvas/HUD/VerticalUIRoot/VerticalSafeAreaRoot/ContentSlot/Dimension1Panel/Dimension1TreePanel/D1_TreeVisualRoot/OrbitalConstellation/TreeNode_3	0	824.00	1425.00	OK	Canvas/HUD/VerticalUIRoot/VerticalSafeAreaRoot/ContentSlot/Dimension1Panel/Dimension1TreePanel/D1_TreeVisualRoot/OrbitalConstellation/TreeNode_3/Fill	Canvas/HUD/VerticalUIRoot/VerticalSafeAreaRoot/ContentSlot/Dimension1Panel/Dimension1TreePanel/D1_TreeVisualRoot/OrbitalConstellation/TreeNode_3
14_tree	1080	1920	Canvas/HUD/VerticalUIRoot/VerticalSafeAreaRoot/ContentSlot/Dimension1Panel/Dimension1TreePanel/D1_TreeVisualRoot/OrbitalConstellation/TreeNode_3	1	779.60	1365.60	OK	Canvas/HUD/VerticalUIRoot/VerticalSafeAreaRoot/ContentSlot/Dimension1Panel/Dimension1TreePanel/D1_TreeVisualRoot/OrbitalConstellation/TreeNode_3/Fill	Canvas/HUD/VerticalUIRoot/VerticalSafeAreaRoot/ContentSlot/Dimension1Panel/Dimension1TreePanel/D1_TreeVisualRoot/OrbitalConstellation/TreeNode_3
14_tree	1080	1920	Canvas/HUD/VerticalUIRoot/VerticalSafeAreaRoot/ContentSlot/Dimension1Panel/Dimension1TreePanel/D1_TreeVisualRoot/OrbitalConstellation/TreeNode_3	2	868.40	1365.60	OK	Canvas/HUD/VerticalUIRoot/VerticalSafeAreaRoot/ContentSlot/Dimension1Panel/Dimension1TreePanel/D1_TreeVisualRoot/OrbitalConstellation/TreeNode_3/Fill	Canvas/HUD/VerticalUIRoot/VerticalSafeAreaRoot/ContentSlot/Dimension1Panel/Dimension1TreePanel/D1_TreeVisualRoot/OrbitalConstellation/TreeNode_3
14_tree	1080	1920	Canvas/HUD/VerticalUIRoot/VerticalSafeAreaRoot/ContentSlot/Dimension1Panel/Dimension1TreePanel/D1_TreeVisualRoot/OrbitalConstellation/TreeNode_3	3	779.60	1484.40	OK	Canvas/HUD/VerticalUIRoot/VerticalSafeAreaRoot/ContentSlot/Dimension1Panel/Dimension1TreePanel/D1_TreeVisualRoot/OrbitalConstellation/TreeNode_3/Fill	Canvas/HUD/VerticalUIRoot/VerticalSafeAreaRoot/ContentSlot/Dimension1Panel/Dimension1TreePanel/D1_TreeVisualRoot/OrbitalConstellation/TreeNode_3
14_tree	1080	1920	Canvas/HUD/VerticalUIRoot/VerticalSafeAreaRoot/ContentSlot/Dimension1Panel/Dimension1TreePanel/D1_TreeVisualRoot/OrbitalConstellation/TreeNode_3	4	868.40	1484.40	OK	Canvas/HUD/VerticalUIRoot/VerticalSafeAreaRoot/ContentSlot/Dimension1Panel/Dimension1TreePanel/D1_TreeVisualRoot/OrbitalConstellation/TreeNode_3/Fill	Canvas/HUD/VerticalUIRoot/VerticalSafeAreaRoot/ContentSlot/Dimension1Panel/Dimension1TreePanel/D1_TreeVisualRoot/OrbitalConstellation/TreeNode_3
14_tree	1080	1920	Canvas/HUD/VerticalUIRoot/VerticalSafeAreaRoot/ContentSlot/Dimension1Panel/Dimension1TreePanel/D1_TreeVisualRoot/OrbitalConstellation/TreeNode_9	0	784.00	666.00	OK	Canvas/HUD/VerticalUIRoot/VerticalSafeAreaRoot/ContentSlot/Dimension1Panel/Dimension1TreePanel/D1_TreeVisualRoot/OrbitalConstellation/TreeNode_9/Fill	Canvas/HUD/VerticalUIRoot/VerticalSafeAreaRoot/ContentSlot/Dimension1Panel/Dimension1TreePanel/D1_TreeVisualRoot/OrbitalConstellation/TreeNode_9
14_tree	1080	1920	Canvas/HUD/VerticalUIRoot/VerticalSafeAreaRoot/ContentSlot/Dimension1Panel/Dimension1TreePanel/D1_TreeVisualRoot/OrbitalConstellation/TreeNode_9	1	739.60	606.60	OK	Canvas/HUD/VerticalUIRoot/VerticalSafeAreaRoot/ContentSlot/Dimension1Panel/Dimension1TreePanel/D1_TreeVisualRoot/OrbitalConstellation/TreeNode_9/Fill	Canvas/HUD/VerticalUIRoot/VerticalSafeAreaRoot/ContentSlot/Dimension1Panel/Dimension1TreePanel/D1_TreeVisualRoot/OrbitalConstellation/TreeNode_9
14_tree	1080	1920	Canvas/HUD/VerticalUIRoot/VerticalSafeAreaRoot/ContentSlot/Dimension1Panel/Dimension1TreePanel/D1_TreeVisualRoot/OrbitalConstellation/TreeNode_9	2	828.40	606.60	OK	Canvas/HUD/VerticalUIRoot/VerticalSafeAreaRoot/ContentSlot/Dimension1Panel/Dimension1TreePanel/D1_TreeVisualRoot/OrbitalConstellation/TreeNode_9/Fill	Canvas/HUD/VerticalUIRoot/VerticalSafeAreaRoot/ContentSlot/Dimension1Panel/Dimension1TreePanel/D1_TreeVisualRoot/OrbitalConstellation/TreeNode_9
14_tree	1080	1920	Canvas/HUD/VerticalUIRoot/VerticalSafeAreaRoot/ContentSlot/Dimension1Panel/Dimension1TreePanel/D1_TreeVisualRoot/OrbitalConstellation/TreeNode_9	3	739.60	725.40	OK	Canvas/HUD/VerticalUIRoot/VerticalSafeAreaRoot/ContentSlot/Dimension1Panel/Dimension1TreePanel/D1_TreeVisualRoot/OrbitalConstellation/TreeNode_9/Fill	Canvas/HUD/VerticalUIRoot/VerticalSafeAreaRoot/ContentSlot/Dimension1Panel/Dimension1TreePanel/D1_TreeVisualRoot/OrbitalConstellation/TreeNode_9
14_tree	1080	1920	Canvas/HUD/VerticalUIRoot/VerticalSafeAreaRoot/ContentSlot/Dimension1Panel/Dimension1TreePanel/D1_TreeVisualRoot/OrbitalConstellation/TreeNode_9	4	828.40	725.40	OK	Canvas/HUD/VerticalUIRoot/VerticalSafeAreaRoot/ContentSlot/Dimension1Panel/Dimension1TreePanel/D1_TreeVisualRoot/OrbitalConstellation/TreeNode_9/Fill	Canvas/HUD/VerticalUIRoot/VerticalSafeAreaRoot/ContentSlot/Dimension1Panel/Dimension1TreePanel/D1_TreeVisualRoot/OrbitalConstellation/TreeNode_9
14_tree	1080	1920	Canvas/HUD/VerticalUIRoot/VerticalSafeAreaRoot/ContentSlot/Dimension1Panel/Dimension1TreePanel/D1_TreeVisualRoot/OrbitalConstellation/TreeNode_1	0	540.00	1539.00	OK	Canvas/HUD/VerticalUIRoot/VerticalSafeAreaRoot/ContentSlot/Dimension1Panel/Dimension1TreePanel/D1_TreeVisualRoot/OrbitalConstellation/TreeNode_1/Fill	Canvas/HUD/VerticalUIRoot/VerticalSafeAreaRoot/ContentSlot/Dimension1Panel/Dimension1TreePanel/D1_TreeVisualRoot/OrbitalConstellation/TreeNode_1
14_tree	1080	1920	Canvas/HUD/VerticalUIRoot/VerticalSafeAreaRoot/ContentSlot/Dimension1Panel/Dimension1TreePanel/D1_TreeVisualRoot/OrbitalConstellation/TreeNode_1	1	495.00	1480.80	OK	Canvas/HUD/VerticalUIRoot/VerticalSafeAreaRoot/ContentSlot/Dimension1Panel/Dimension1TreePanel/D1_TreeVisualRoot/OrbitalConstellation/TreeNode_1/Fill	Canvas/HUD/VerticalUIRoot/VerticalSafeAreaRoot/ContentSlot/Dimension1Panel/Dimension1TreePanel/D1_TreeVisualRoot/OrbitalConstellation/TreeNode_1
14_tree	1080	1920	Canvas/HUD/VerticalUIRoot/VerticalSafeAreaRoot/ContentSlot/Dimension1Panel/Dimension1TreePanel/D1_TreeVisualRoot/OrbitalConstellation/TreeNode_1	2	585.00	1480.80	OK	Canvas/HUD/VerticalUIRoot/VerticalSafeAreaRoot/ContentSlot/Dimension1Panel/Dimension1TreePanel/D1_TreeVisualRoot/OrbitalConstellation/TreeNode_1/Fill	Canvas/HUD/VerticalUIRoot/VerticalSafeAreaRoot/ContentSlot/Dimension1Panel/Dimension1TreePanel/D1_TreeVisualRoot/OrbitalConstellation/TreeNode_1
14_tree	1080	1920	Canvas/HUD/VerticalUIRoot/VerticalSafeAreaRoot/ContentSlot/Dimension1Panel/Dimension1TreePanel/D1_TreeVisualRoot/OrbitalConstellation/TreeNode_1	3	495.00	1597.20	OK	Canvas/HUD/VerticalUIRoot/VerticalSafeAreaRoot/ContentSlot/Dimension1Panel/Dimension1TreePanel/D1_TreeVisualRoot/OrbitalConstellation/TreeNode_1/Fill	Canvas/HUD/VerticalUIRoot/VerticalSafeAreaRoot/ContentSlot/Dimension1Panel/Dimension1TreePanel/D1_TreeVisualRoot/OrbitalConstellation/TreeNode_1
14_tree	1080	1920	Canvas/HUD/VerticalUIRoot/VerticalSafeAreaRoot/ContentSlot/Dimension1Panel/Dimension1TreePanel/D1_TreeVisualRoot/OrbitalConstellation/TreeNode_1	4	585.00	1597.20	OK	Canvas/HUD/VerticalUIRoot/VerticalSafeAreaRoot/ContentSlot/Dimension1Panel/Dimension1TreePanel/D1_TreeVisualRoot/OrbitalConstellation/TreeNode_1/Fill	Canvas/HUD/VerticalUIRoot/VerticalSafeAreaRoot/ContentSlot/Dimension1Panel/Dimension1TreePanel/D1_TreeVisualRoot/OrbitalConstellation/TreeNode_1
14_tree	1080	1920	Canvas/HUD/VerticalUIRoot/VerticalSafeAreaRoot/ContentSlot/Dimension1Panel/Dimension1TreePanel/D1_TreeVisualRoot/OrbitalConstellation/TreeNode_8	0	296.00	666.00	OK	Canvas/HUD/VerticalUIRoot/VerticalSafeAreaRoot/ContentSlot/Dimension1Panel/Dimension1TreePanel/D1_TreeVisualRoot/OrbitalConstellation/TreeNode_8/Fill	Canvas/HUD/VerticalUIRoot/VerticalSafeAreaRoot/ContentSlot/Dimension1Panel/Dimension1TreePanel/D1_TreeVisualRoot/OrbitalConstellation/TreeNode_8
14_tree	1080	1920	Canvas/HUD/VerticalUIRoot/VerticalSafeAreaRoot/ContentSlot/Dimension1Panel/Dimension1TreePanel/D1_TreeVisualRoot/OrbitalConstellation/TreeNode_8	1	251.60	606.60	OK	Canvas/HUD/VerticalUIRoot/VerticalSafeAreaRoot/ContentSlot/Dimension1Panel/Dimension1TreePanel/D1_TreeVisualRoot/OrbitalConstellation/TreeNode_8/Fill	Canvas/HUD/VerticalUIRoot/VerticalSafeAreaRoot/ContentSlot/Dimension1Panel/Dimension1TreePanel/D1_TreeVisualRoot/OrbitalConstellation/TreeNode_8
14_tree	1080	1920	Canvas/HUD/VerticalUIRoot/VerticalSafeAreaRoot/ContentSlot/Dimension1Panel/Dimension1TreePanel/D1_TreeVisualRoot/OrbitalConstellation/TreeNode_8	2	340.40	606.60	OK	Canvas/HUD/VerticalUIRoot/VerticalSafeAreaRoot/ContentSlot/Dimension1Panel/Dimension1TreePanel/D1_TreeVisualRoot/OrbitalConstellation/TreeNode_8/Fill	Canvas/HUD/VerticalUIRoot/VerticalSafeAreaRoot/ContentSlot/Dimension1Panel/Dimension1TreePanel/D1_TreeVisualRoot/OrbitalConstellation/TreeNode_8
14_tree	1080	1920	Canvas/HUD/VerticalUIRoot/VerticalSafeAreaRoot/ContentSlot/Dimension1Panel/Dimension1TreePanel/D1_TreeVisualRoot/OrbitalConstellation/TreeNode_8	3	251.60	725.40	OK	Canvas/HUD/VerticalUIRoot/VerticalSafeAreaRoot/ContentSlot/Dimension1Panel/Dimension1TreePanel/D1_TreeVisualRoot/OrbitalConstellation/TreeNode_8/Fill	Canvas/HUD/VerticalUIRoot/VerticalSafeAreaRoot/ContentSlot/Dimension1Panel/Dimension1TreePanel/D1_TreeVisualRoot/OrbitalConstellation/TreeNode_8
14_tree	1080	1920	Canvas/HUD/VerticalUIRoot/VerticalSafeAreaRoot/ContentSlot/Dimension1Panel/Dimension1TreePanel/D1_TreeVisualRoot/OrbitalConstellation/TreeNode_8	4	340.40	725.40	OK	Canvas/HUD/VerticalUIRoot/VerticalSafeAreaRoot/ContentSlot/Dimension1Panel/Dimension1TreePanel/D1_TreeVisualRoot/OrbitalConstellation/TreeNode_8/Fill	Canvas/HUD/VerticalUIRoot/VerticalSafeAreaRoot/ContentSlot/Dimension1Panel/Dimension1TreePanel/D1_TreeVisualRoot/OrbitalConstellation/TreeNode_8
14_tree	1080	1920	Canvas/HUD/VerticalUIRoot/VerticalSafeAreaRoot/ContentSlot/Dimension1Panel/Dimension1TreePanel/D1_TreeVisualRoot/OrbitalConstellation/TreeNode_10	0	540.00	578.00	OK	Canvas/HUD/VerticalUIRoot/VerticalSafeAreaRoot/ContentSlot/Dimension1Panel/Dimension1TreePanel/D1_TreeVisualRoot/OrbitalConstellation/TreeNode_10/Fill	Canvas/HUD/VerticalUIRoot/VerticalSafeAreaRoot/ContentSlot/Dimension1Panel/Dimension1TreePanel/D1_TreeVisualRoot/OrbitalConstellation/TreeNode_10
14_tree	1080	1920	Canvas/HUD/VerticalUIRoot/VerticalSafeAreaRoot/ContentSlot/Dimension1Panel/Dimension1TreePanel/D1_TreeVisualRoot/OrbitalConstellation/TreeNode_10	1	489.00	522.80	OK	Canvas/HUD/VerticalUIRoot/VerticalSafeAreaRoot/ContentSlot/Dimension1Panel/Dimension1TreePanel/D1_TreeVisualRoot/OrbitalConstellation/TreeNode_10/Fill	Canvas/HUD/VerticalUIRoot/VerticalSafeAreaRoot/ContentSlot/Dimension1Panel/Dimension1TreePanel/D1_TreeVisualRoot/OrbitalConstellation/TreeNode_10
14_tree	1080	1920	Canvas/HUD/VerticalUIRoot/VerticalSafeAreaRoot/ContentSlot/Dimension1Panel/Dimension1TreePanel/D1_TreeVisualRoot/OrbitalConstellation/TreeNode_10	2	591.00	522.80	OK	Canvas/HUD/VerticalUIRoot/VerticalSafeAreaRoot/ContentSlot/Dimension1Panel/Dimension1TreePanel/D1_TreeVisualRoot/OrbitalConstellation/TreeNode_10/Fill	Canvas/HUD/VerticalUIRoot/VerticalSafeAreaRoot/ContentSlot/Dimension1Panel/Dimension1TreePanel/D1_TreeVisualRoot/OrbitalConstellation/TreeNode_10
14_tree	1080	1920	Canvas/HUD/VerticalUIRoot/VerticalSafeAreaRoot/ContentSlot/Dimension1Panel/Dimension1TreePanel/D1_TreeVisualRoot/OrbitalConstellation/TreeNode_10	3	489.00	633.20	OK	Canvas/HUD/VerticalUIRoot/VerticalSafeAreaRoot/ContentSlot/Dimension1Panel/Dimension1TreePanel/D1_TreeVisualRoot/OrbitalConstellation/TreeNode_10/Fill	Canvas/HUD/VerticalUIRoot/VerticalSafeAreaRoot/ContentSlot/Dimension1Panel/Dimension1TreePanel/D1_TreeVisualRoot/OrbitalConstellation/TreeNode_10
14_tree	1080	1920	Canvas/HUD/VerticalUIRoot/VerticalSafeAreaRoot/ContentSlot/Dimension1Panel/Dimension1TreePanel/D1_TreeVisualRoot/OrbitalConstellation/TreeNode_10	4	591.00	633.20	OK	Canvas/HUD/VerticalUIRoot/VerticalSafeAreaRoot/ContentSlot/Dimension1Panel/Dimension1TreePanel/D1_TreeVisualRoot/OrbitalConstellation/TreeNode_10/Fill	Canvas/HUD/VerticalUIRoot/VerticalSafeAreaRoot/ContentSlot/Dimension1Panel/Dimension1TreePanel/D1_TreeVisualRoot/OrbitalConstellation/TreeNode_10
14_tree	1080	1920	Canvas/HUD/VerticalUIRoot/VerticalSafeAreaRoot/ContentSlot/Dimension1Panel/Dimension1TreePanel/D1_TreeVisualRoot/OrbitalConstellation/TreeNode_7	0	918.00	890.00	OK	Canvas/HUD/VerticalUIRoot/VerticalSafeAreaRoot/ContentSlot/Dimension1Panel/Dimension1TreePanel/D1_TreeVisualRoot/OrbitalConstellation/TreeNode_7/Fill	Canvas/HUD/VerticalUIRoot/VerticalSafeAreaRoot/ContentSlot/Dimension1Panel/Dimension1TreePanel/D1_TreeVisualRoot/OrbitalConstellation/TreeNode_7
14_tree	1080	1920	Canvas/HUD/VerticalUIRoot/VerticalSafeAreaRoot/ContentSlot/Dimension1Panel/Dimension1TreePanel/D1_TreeVisualRoot/OrbitalConstellation/TreeNode_7	1	873.60	829.40	OK	Canvas/HUD/VerticalUIRoot/VerticalSafeAreaRoot/ContentSlot/Dimension1Panel/Dimension1TreePanel/D1_TreeVisualRoot/OrbitalConstellation/TreeNode_7/Fill	Canvas/HUD/VerticalUIRoot/VerticalSafeAreaRoot/ContentSlot/Dimension1Panel/Dimension1TreePanel/D1_TreeVisualRoot/OrbitalConstellation/TreeNode_7
14_tree	1080	1920	Canvas/HUD/VerticalUIRoot/VerticalSafeAreaRoot/ContentSlot/Dimension1Panel/Dimension1TreePanel/D1_TreeVisualRoot/OrbitalConstellation/TreeNode_7	2	962.40	829.40	OK	Canvas/HUD/VerticalUIRoot/VerticalSafeAreaRoot/ContentSlot/Dimension1Panel/Dimension1TreePanel/D1_TreeVisualRoot/OrbitalConstellation/TreeNode_7/Fill	Canvas/HUD/VerticalUIRoot/VerticalSafeAreaRoot/ContentSlot/Dimension1Panel/Dimension1TreePanel/D1_TreeVisualRoot/OrbitalConstellation/TreeNode_7
14_tree	1080	1920	Canvas/HUD/VerticalUIRoot/VerticalSafeAreaRoot/ContentSlot/Dimension1Panel/Dimension1TreePanel/D1_TreeVisualRoot/OrbitalConstellation/TreeNode_7	3	873.60	950.60	OK	Canvas/HUD/VerticalUIRoot/VerticalSafeAreaRoot/ContentSlot/Dimension1Panel/Dimension1TreePanel/D1_TreeVisualRoot/OrbitalConstellation/TreeNode_7/Fill	Canvas/HUD/VerticalUIRoot/VerticalSafeAreaRoot/ContentSlot/Dimension1Panel/Dimension1TreePanel/D1_TreeVisualRoot/OrbitalConstellation/TreeNode_7
14_tree	1080	1920	Canvas/HUD/VerticalUIRoot/VerticalSafeAreaRoot/ContentSlot/Dimension1Panel/Dimension1TreePanel/D1_TreeVisualRoot/OrbitalConstellation/TreeNode_7	4	962.40	950.60	OK	Canvas/HUD/VerticalUIRoot/VerticalSafeAreaRoot/ContentSlot/Dimension1Panel/Dimension1TreePanel/D1_TreeVisualRoot/OrbitalConstellation/TreeNode_7/Fill	Canvas/HUD/VerticalUIRoot/VerticalSafeAreaRoot/ContentSlot/Dimension1Panel/Dimension1TreePanel/D1_TreeVisualRoot/OrbitalConstellation/TreeNode_7
15_tree_to_center	1080	1920	Canvas/HUD/VerticalUIRoot/VerticalSafeAreaRoot/ContentSlot/Dimension1Panel/D1CommandCenterProductionRoot/DimensionDrawerToggle	0	540.00	227.00	OK	Canvas/HUD/VerticalUIRoot/VerticalSafeAreaRoot/ContentSlot/Dimension1Panel/D1CommandCenterProductionRoot/DimensionDrawerToggle	Canvas/HUD/VerticalUIRoot/VerticalSafeAreaRoot/ContentSlot/Dimension1Panel/D1CommandCenterProductionRoot/DimensionDrawerToggle
15_tree_to_center	1080	1920	Canvas/HUD/VerticalUIRoot/VerticalSafeAreaRoot/ContentSlot/Dimension1Panel/D1CommandCenterProductionRoot/DimensionDrawerToggle	1	465.00	216.80	OK	Canvas/HUD/VerticalUIRoot/VerticalSafeAreaRoot/ContentSlot/Dimension1Panel/D1CommandCenterProductionRoot/DimensionDrawerToggle	Canvas/HUD/VerticalUIRoot/VerticalSafeAreaRoot/ContentSlot/Dimension1Panel/D1CommandCenterProductionRoot/DimensionDrawerToggle
15_tree_to_center	1080	1920	Canvas/HUD/VerticalUIRoot/VerticalSafeAreaRoot/ContentSlot/Dimension1Panel/D1CommandCenterProductionRoot/DimensionDrawerToggle	2	615.00	216.80	OK	Canvas/HUD/VerticalUIRoot/VerticalSafeAreaRoot/ContentSlot/Dimension1Panel/D1CommandCenterProductionRoot/DimensionDrawerToggle	Canvas/HUD/VerticalUIRoot/VerticalSafeAreaRoot/ContentSlot/Dimension1Panel/D1CommandCenterProductionRoot/DimensionDrawerToggle
15_tree_to_center	1080	1920	Canvas/HUD/VerticalUIRoot/VerticalSafeAreaRoot/ContentSlot/Dimension1Panel/D1CommandCenterProductionRoot/DimensionDrawerToggle	3	465.00	237.20	OK	Canvas/HUD/VerticalUIRoot/VerticalSafeAreaRoot/ContentSlot/Dimension1Panel/D1CommandCenterProductionRoot/DimensionDrawerToggle	Canvas/HUD/VerticalUIRoot/VerticalSafeAreaRoot/ContentSlot/Dimension1Panel/D1CommandCenterProductionRoot/DimensionDrawerToggle
15_tree_to_center	1080	1920	Canvas/HUD/VerticalUIRoot/VerticalSafeAreaRoot/ContentSlot/Dimension1Panel/D1CommandCenterProductionRoot/DimensionDrawerToggle	4	615.00	237.20	OK	Canvas/HUD/VerticalUIRoot/VerticalSafeAreaRoot/ContentSlot/Dimension1Panel/D1CommandCenterProductionRoot/DimensionDrawerToggle	Canvas/HUD/VerticalUIRoot/VerticalSafeAreaRoot/ContentSlot/Dimension1Panel/D1CommandCenterProductionRoot/DimensionDrawerToggle
15_tree_to_center	1080	1920	Canvas/HUD/VerticalUIRoot/VerticalSafeAreaRoot/ContentSlot/Dimension1Panel/D1CommandCenterProductionRoot/CommandDashboard/ScannerCard	0	151.00	989.00	OK	Canvas/HUD/VerticalUIRoot/VerticalSafeAreaRoot/ContentSlot/Dimension1Panel/D1CommandCenterProductionRoot/CommandDashboard/ScannerCard	Canvas/HUD/VerticalUIRoot/VerticalSafeAreaRoot/ContentSlot/Dimension1Panel/D1CommandCenterProductionRoot/CommandDashboard/ScannerCard
15_tree_to_center	1080	1920	Canvas/HUD/VerticalUIRoot/VerticalSafeAreaRoot/ContentSlot/Dimension1Panel/D1CommandCenterProductionRoot/CommandDashboard/ScannerCard	1	65.20	903.80	OK	Canvas/HUD/VerticalUIRoot/VerticalSafeAreaRoot/ContentSlot/Dimension1Panel/D1CommandCenterProductionRoot/CommandDashboard/ScannerCard	Canvas/HUD/VerticalUIRoot/VerticalSafeAreaRoot/ContentSlot/Dimension1Panel/D1CommandCenterProductionRoot/CommandDashboard/ScannerCard
15_tree_to_center	1080	1920	Canvas/HUD/VerticalUIRoot/VerticalSafeAreaRoot/ContentSlot/Dimension1Panel/D1CommandCenterProductionRoot/CommandDashboard/ScannerCard	2	236.80	903.80	OK	Canvas/HUD/VerticalUIRoot/VerticalSafeAreaRoot/ContentSlot/Dimension1Panel/D1CommandCenterProductionRoot/CommandDashboard/ScannerCard	Canvas/HUD/VerticalUIRoot/VerticalSafeAreaRoot/ContentSlot/Dimension1Panel/D1CommandCenterProductionRoot/CommandDashboard/ScannerCard
15_tree_to_center	1080	1920	Canvas/HUD/VerticalUIRoot/VerticalSafeAreaRoot/ContentSlot/Dimension1Panel/D1CommandCenterProductionRoot/CommandDashboard/ScannerCard	3	65.20	1074.20	OK	Canvas/HUD/VerticalUIRoot/VerticalSafeAreaRoot/ContentSlot/Dimension1Panel/D1CommandCenterProductionRoot/CommandDashboard/ScannerCard/DetailedLineIcon	Canvas/HUD/VerticalUIRoot/VerticalSafeAreaRoot/ContentSlot/Dimension1Panel/D1CommandCenterProductionRoot/CommandDashboard/ScannerCard
15_tree_to_center	1080	1920	Canvas/HUD/VerticalUIRoot/VerticalSafeAreaRoot/ContentSlot/Dimension1Panel/D1CommandCenterProductionRoot/CommandDashboard/ScannerCard	4	236.80	1074.20	OK	Canvas/HUD/VerticalUIRoot/VerticalSafeAreaRoot/ContentSlot/Dimension1Panel/D1CommandCenterProductionRoot/CommandDashboard/ScannerCard/DetailedLineIcon	Canvas/HUD/VerticalUIRoot/VerticalSafeAreaRoot/ContentSlot/Dimension1Panel/D1CommandCenterProductionRoot/CommandDashboard/ScannerCard
15_tree_to_center	1080	1920	Canvas/HUD/VerticalUIRoot/VerticalSafeAreaRoot/ContentSlot/Dimension1Panel/D1CommandCenterProductionRoot/CommandDashboard/FleetCard	0	151.00	686.00	OK	Canvas/HUD/VerticalUIRoot/VerticalSafeAreaRoot/ContentSlot/Dimension1Panel/D1CommandCenterProductionRoot/CommandDashboard/FleetCard	Canvas/HUD/VerticalUIRoot/VerticalSafeAreaRoot/ContentSlot/Dimension1Panel/D1CommandCenterProductionRoot/CommandDashboard/FleetCard
15_tree_to_center	1080	1920	Canvas/HUD/VerticalUIRoot/VerticalSafeAreaRoot/ContentSlot/Dimension1Panel/D1CommandCenterProductionRoot/CommandDashboard/FleetCard	1	65.20	600.80	OK	Canvas/HUD/VerticalUIRoot/VerticalSafeAreaRoot/ContentSlot/Dimension1Panel/D1CommandCenterProductionRoot/CommandDashboard/FleetCard	Canvas/HUD/VerticalUIRoot/VerticalSafeAreaRoot/ContentSlot/Dimension1Panel/D1CommandCenterProductionRoot/CommandDashboard/FleetCard
15_tree_to_center	1080	1920	Canvas/HUD/VerticalUIRoot/VerticalSafeAreaRoot/ContentSlot/Dimension1Panel/D1CommandCenterProductionRoot/CommandDashboard/FleetCard	2	236.80	600.80	OK	Canvas/HUD/VerticalUIRoot/VerticalSafeAreaRoot/ContentSlot/Dimension1Panel/D1CommandCenterProductionRoot/CommandDashboard/FleetCard	Canvas/HUD/VerticalUIRoot/VerticalSafeAreaRoot/ContentSlot/Dimension1Panel/D1CommandCenterProductionRoot/CommandDashboard/FleetCard
15_tree_to_center	1080	1920	Canvas/HUD/VerticalUIRoot/VerticalSafeAreaRoot/ContentSlot/Dimension1Panel/D1CommandCenterProductionRoot/CommandDashboard/FleetCard	3	65.20	771.20	OK	Canvas/HUD/VerticalUIRoot/VerticalSafeAreaRoot/ContentSlot/Dimension1Panel/D1CommandCenterProductionRoot/CommandDashboard/FleetCard/DetailedLineIcon	Canvas/HUD/VerticalUIRoot/VerticalSafeAreaRoot/ContentSlot/Dimension1Panel/D1CommandCenterProductionRoot/CommandDashboard/FleetCard
15_tree_to_center	1080	1920	Canvas/HUD/VerticalUIRoot/VerticalSafeAreaRoot/ContentSlot/Dimension1Panel/D1CommandCenterProductionRoot/CommandDashboard/FleetCard	4	236.80	771.20	OK	Canvas/HUD/VerticalUIRoot/VerticalSafeAreaRoot/ContentSlot/Dimension1Panel/D1CommandCenterProductionRoot/CommandDashboard/FleetCard/DetailedLineIcon	Canvas/HUD/VerticalUIRoot/VerticalSafeAreaRoot/ContentSlot/Dimension1Panel/D1CommandCenterProductionRoot/CommandDashboard/FleetCard
15_tree_to_center	1080	1920	Canvas/HUD/VerticalUIRoot/VerticalSafeAreaRoot/ContentSlot/Dimension1Panel/D1CommandCenterProductionRoot/Nav_EXPLORAR	0	330.00	110.00	OK	Canvas/HUD/VerticalUIRoot/VerticalSafeAreaRoot/ContentSlot/Dimension1Panel/D1CommandCenterProductionRoot/Nav_EXPLORAR	Canvas/HUD/VerticalUIRoot/VerticalSafeAreaRoot/ContentSlot/Dimension1Panel/D1CommandCenterProductionRoot/Nav_EXPLORAR
15_tree_to_center	1080	1920	Canvas/HUD/VerticalUIRoot/VerticalSafeAreaRoot/ContentSlot/Dimension1Panel/D1CommandCenterProductionRoot/Nav_EXPLORAR	1	270.60	57.20	OK	Canvas/HUD/VerticalUIRoot/VerticalSafeAreaRoot/ContentSlot/Dimension1Panel/D1CommandCenterProductionRoot/Nav_EXPLORAR	Canvas/HUD/VerticalUIRoot/VerticalSafeAreaRoot/ContentSlot/Dimension1Panel/D1CommandCenterProductionRoot/Nav_EXPLORAR
15_tree_to_center	1080	1920	Canvas/HUD/VerticalUIRoot/VerticalSafeAreaRoot/ContentSlot/Dimension1Panel/D1CommandCenterProductionRoot/Nav_EXPLORAR	2	389.40	57.20	OK	Canvas/HUD/VerticalUIRoot/VerticalSafeAreaRoot/ContentSlot/Dimension1Panel/D1CommandCenterProductionRoot/Nav_EXPLORAR	Canvas/HUD/VerticalUIRoot/VerticalSafeAreaRoot/ContentSlot/Dimension1Panel/D1CommandCenterProductionRoot/Nav_EXPLORAR
15_tree_to_center	1080	1920	Canvas/HUD/VerticalUIRoot/VerticalSafeAreaRoot/ContentSlot/Dimension1Panel/D1CommandCenterProductionRoot/Nav_EXPLORAR	3	270.60	162.80	OK	Canvas/HUD/VerticalUIRoot/VerticalSafeAreaRoot/ContentSlot/Dimension1Panel/D1CommandCenterProductionRoot/Nav_EXPLORAR	Canvas/HUD/VerticalUIRoot/VerticalSafeAreaRoot/ContentSlot/Dimension1Panel/D1CommandCenterProductionRoot/Nav_EXPLORAR
15_tree_to_center	1080	1920	Canvas/HUD/VerticalUIRoot/VerticalSafeAreaRoot/ContentSlot/Dimension1Panel/D1CommandCenterProductionRoot/Nav_EXPLORAR	4	389.40	162.80	OK	Canvas/HUD/VerticalUIRoot/VerticalSafeAreaRoot/ContentSlot/Dimension1Panel/D1CommandCenterProductionRoot/Nav_EXPLORAR	Canvas/HUD/VerticalUIRoot/VerticalSafeAreaRoot/ContentSlot/Dimension1Panel/D1CommandCenterProductionRoot/Nav_EXPLORAR
15_tree_to_center	1080	1920	Canvas/HUD/VerticalUIRoot/VerticalSafeAreaRoot/ContentSlot/Dimension1Panel/D1CommandCenterProductionRoot/CommandDashboard/RelicsCard	0	929.00	1292.00	OK	Canvas/HUD/VerticalUIRoot/VerticalSafeAreaRoot/ContentSlot/Dimension1Panel/D1CommandCenterProductionRoot/CommandDashboard/RelicsCard	Canvas/HUD/VerticalUIRoot/VerticalSafeAreaRoot/ContentSlot/Dimension1Panel/D1CommandCenterProductionRoot/CommandDashboard/RelicsCard
15_tree_to_center	1080	1920	Canvas/HUD/VerticalUIRoot/VerticalSafeAreaRoot/ContentSlot/Dimension1Panel/D1CommandCenterProductionRoot/CommandDashboard/RelicsCard	1	843.20	1206.80	OK	Canvas/HUD/VerticalUIRoot/VerticalSafeAreaRoot/ContentSlot/Dimension1Panel/D1CommandCenterProductionRoot/CommandDashboard/RelicsCard	Canvas/HUD/VerticalUIRoot/VerticalSafeAreaRoot/ContentSlot/Dimension1Panel/D1CommandCenterProductionRoot/CommandDashboard/RelicsCard
15_tree_to_center	1080	1920	Canvas/HUD/VerticalUIRoot/VerticalSafeAreaRoot/ContentSlot/Dimension1Panel/D1CommandCenterProductionRoot/CommandDashboard/RelicsCard	2	1014.80	1206.80	OK	Canvas/HUD/VerticalUIRoot/VerticalSafeAreaRoot/ContentSlot/Dimension1Panel/D1CommandCenterProductionRoot/CommandDashboard/RelicsCard	Canvas/HUD/VerticalUIRoot/VerticalSafeAreaRoot/ContentSlot/Dimension1Panel/D1CommandCenterProductionRoot/CommandDashboard/RelicsCard
15_tree_to_center	1080	1920	Canvas/HUD/VerticalUIRoot/VerticalSafeAreaRoot/ContentSlot/Dimension1Panel/D1CommandCenterProductionRoot/CommandDashboard/RelicsCard	3	843.20	1377.20	OK	Canvas/HUD/VerticalUIRoot/VerticalSafeAreaRoot/ContentSlot/Dimension1Panel/D1CommandCenterProductionRoot/CommandDashboard/RelicsCard/DetailedLineIcon	Canvas/HUD/VerticalUIRoot/VerticalSafeAreaRoot/ContentSlot/Dimension1Panel/D1CommandCenterProductionRoot/CommandDashboard/RelicsCard
15_tree_to_center	1080	1920	Canvas/HUD/VerticalUIRoot/VerticalSafeAreaRoot/ContentSlot/Dimension1Panel/D1CommandCenterProductionRoot/CommandDashboard/RelicsCard	4	1014.80	1377.20	OK	Canvas/HUD/VerticalUIRoot/VerticalSafeAreaRoot/ContentSlot/Dimension1Panel/D1CommandCenterProductionRoot/CommandDashboard/RelicsCard/DetailedLineIcon	Canvas/HUD/VerticalUIRoot/VerticalSafeAreaRoot/ContentSlot/Dimension1Panel/D1CommandCenterProductionRoot/CommandDashboard/RelicsCard
15_tree_to_center	1080	1920	Canvas/HUD/VerticalUIRoot/VerticalSafeAreaRoot/ContentSlot/Dimension1Panel/OpenRelicChamberPanelButton	0	1240.00	1476.00	OFFSCREEN	<none>	<none>
15_tree_to_center	1080	1920	Canvas/HUD/VerticalUIRoot/VerticalSafeAreaRoot/ContentSlot/Dimension1Panel/OpenRelicChamberPanelButton	1	1192.00	1467.00	OFFSCREEN	<none>	<none>
15_tree_to_center	1080	1920	Canvas/HUD/VerticalUIRoot/VerticalSafeAreaRoot/ContentSlot/Dimension1Panel/OpenRelicChamberPanelButton	2	1288.00	1467.00	OFFSCREEN	<none>	<none>
15_tree_to_center	1080	1920	Canvas/HUD/VerticalUIRoot/VerticalSafeAreaRoot/ContentSlot/Dimension1Panel/OpenRelicChamberPanelButton	3	1192.00	1485.00	OFFSCREEN	<none>	<none>
15_tree_to_center	1080	1920	Canvas/HUD/VerticalUIRoot/VerticalSafeAreaRoot/ContentSlot/Dimension1Panel/OpenRelicChamberPanelButton	4	1288.00	1485.00	OFFSCREEN	<none>	<none>
15_tree_to_center	1080	1920	Canvas/HUD/VerticalUIRoot/VerticalSafeAreaRoot/ContentSlot/Dimension1Panel/D1CommandCenterProductionRoot/CommandDashboard/ExpeditionsCard	0	929.00	686.00	OK	Canvas/HUD/VerticalUIRoot/VerticalSafeAreaRoot/ContentSlot/Dimension1Panel/D1CommandCenterProductionRoot/CommandDashboard/ExpeditionsCard	Canvas/HUD/VerticalUIRoot/VerticalSafeAreaRoot/ContentSlot/Dimension1Panel/D1CommandCenterProductionRoot/CommandDashboard/ExpeditionsCard
15_tree_to_center	1080	1920	Canvas/HUD/VerticalUIRoot/VerticalSafeAreaRoot/ContentSlot/Dimension1Panel/D1CommandCenterProductionRoot/CommandDashboard/ExpeditionsCard	1	843.20	600.80	OK	Canvas/HUD/VerticalUIRoot/VerticalSafeAreaRoot/ContentSlot/Dimension1Panel/D1CommandCenterProductionRoot/CommandDashboard/ExpeditionsCard	Canvas/HUD/VerticalUIRoot/VerticalSafeAreaRoot/ContentSlot/Dimension1Panel/D1CommandCenterProductionRoot/CommandDashboard/ExpeditionsCard
15_tree_to_center	1080	1920	Canvas/HUD/VerticalUIRoot/VerticalSafeAreaRoot/ContentSlot/Dimension1Panel/D1CommandCenterProductionRoot/CommandDashboard/ExpeditionsCard	2	1014.80	600.80	OK	Canvas/HUD/VerticalUIRoot/VerticalSafeAreaRoot/ContentSlot/Dimension1Panel/D1CommandCenterProductionRoot/CommandDashboard/ExpeditionsCard	Canvas/HUD/VerticalUIRoot/VerticalSafeAreaRoot/ContentSlot/Dimension1Panel/D1CommandCenterProductionRoot/CommandDashboard/ExpeditionsCard
15_tree_to_center	1080	1920	Canvas/HUD/VerticalUIRoot/VerticalSafeAreaRoot/ContentSlot/Dimension1Panel/D1CommandCenterProductionRoot/CommandDashboard/ExpeditionsCard	3	843.20	771.20	OK	Canvas/HUD/VerticalUIRoot/VerticalSafeAreaRoot/ContentSlot/Dimension1Panel/D1CommandCenterProductionRoot/CommandDashboard/ExpeditionsCard/DetailedLineIcon	Canvas/HUD/VerticalUIRoot/VerticalSafeAreaRoot/ContentSlot/Dimension1Panel/D1CommandCenterProductionRoot/CommandDashboard/ExpeditionsCard
15_tree_to_center	1080	1920	Canvas/HUD/VerticalUIRoot/VerticalSafeAreaRoot/ContentSlot/Dimension1Panel/D1CommandCenterProductionRoot/CommandDashboard/ExpeditionsCard	4	1014.80	771.20	OK	Canvas/HUD/VerticalUIRoot/VerticalSafeAreaRoot/ContentSlot/Dimension1Panel/D1CommandCenterProductionRoot/CommandDashboard/ExpeditionsCard/DetailedLineIcon	Canvas/HUD/VerticalUIRoot/VerticalSafeAreaRoot/ContentSlot/Dimension1Panel/D1CommandCenterProductionRoot/CommandDashboard/ExpeditionsCard
15_tree_to_center	1080	1920	Canvas/HUD/VerticalUIRoot/VerticalSafeAreaRoot/ContentSlot/Dimension1Panel/OpenDimension1TreePanelButton	0	1240.00	1376.00	OFFSCREEN	<none>	<none>
15_tree_to_center	1080	1920	Canvas/HUD/VerticalUIRoot/VerticalSafeAreaRoot/ContentSlot/Dimension1Panel/OpenDimension1TreePanelButton	1	1192.00	1367.00	OFFSCREEN	<none>	<none>
15_tree_to_center	1080	1920	Canvas/HUD/VerticalUIRoot/VerticalSafeAreaRoot/ContentSlot/Dimension1Panel/OpenDimension1TreePanelButton	2	1288.00	1367.00	OFFSCREEN	<none>	<none>
15_tree_to_center	1080	1920	Canvas/HUD/VerticalUIRoot/VerticalSafeAreaRoot/ContentSlot/Dimension1Panel/OpenDimension1TreePanelButton	3	1192.00	1385.00	OFFSCREEN	<none>	<none>
15_tree_to_center	1080	1920	Canvas/HUD/VerticalUIRoot/VerticalSafeAreaRoot/ContentSlot/Dimension1Panel/OpenDimension1TreePanelButton	4	1288.00	1385.00	OFFSCREEN	<none>	<none>
15_tree_to_center	1080	1920	Canvas/HUD/VerticalUIRoot/VerticalSafeAreaRoot/ContentSlot/Dimension1Panel/D1CommandCenterProductionRoot/MetalsButton	0	921.50	1768.00	OK	Canvas/HUD/VerticalUIRoot/VerticalSafeAreaRoot/ContentSlot/Dimension1Panel/D1CommandCenterProductionRoot/MetalsButton	Canvas/HUD/VerticalUIRoot/VerticalSafeAreaRoot/ContentSlot/Dimension1Panel/D1CommandCenterProductionRoot/MetalsButton
15_tree_to_center	1080	1920	Canvas/HUD/VerticalUIRoot/VerticalSafeAreaRoot/ContentSlot/Dimension1Panel/D1CommandCenterProductionRoot/MetalsButton	1	848.00	1738.00	OK	Canvas/HUD/VerticalUIRoot/VerticalSafeAreaRoot/ContentSlot/Dimension1Panel/D1CommandCenterProductionRoot/MetalsButton	Canvas/HUD/VerticalUIRoot/VerticalSafeAreaRoot/ContentSlot/Dimension1Panel/D1CommandCenterProductionRoot/MetalsButton
15_tree_to_center	1080	1920	Canvas/HUD/VerticalUIRoot/VerticalSafeAreaRoot/ContentSlot/Dimension1Panel/D1CommandCenterProductionRoot/MetalsButton	2	995.00	1738.00	OK	Canvas/HUD/VerticalUIRoot/VerticalSafeAreaRoot/ContentSlot/Dimension1Panel/D1CommandCenterProductionRoot/MetalsButton	Canvas/HUD/VerticalUIRoot/VerticalSafeAreaRoot/ContentSlot/Dimension1Panel/D1CommandCenterProductionRoot/MetalsButton
15_tree_to_center	1080	1920	Canvas/HUD/VerticalUIRoot/VerticalSafeAreaRoot/ContentSlot/Dimension1Panel/D1CommandCenterProductionRoot/MetalsButton	3	848.00	1798.00	OK	Canvas/HUD/VerticalUIRoot/VerticalSafeAreaRoot/ContentSlot/Dimension1Panel/D1CommandCenterProductionRoot/MetalsButton	Canvas/HUD/VerticalUIRoot/VerticalSafeAreaRoot/ContentSlot/Dimension1Panel/D1CommandCenterProductionRoot/MetalsButton
15_tree_to_center	1080	1920	Canvas/HUD/VerticalUIRoot/VerticalSafeAreaRoot/ContentSlot/Dimension1Panel/D1CommandCenterProductionRoot/MetalsButton	4	995.00	1798.00	OK	Canvas/HUD/VerticalUIRoot/VerticalSafeAreaRoot/ContentSlot/Dimension1Panel/D1CommandCenterProductionRoot/MetalsButton	Canvas/HUD/VerticalUIRoot/VerticalSafeAreaRoot/ContentSlot/Dimension1Panel/D1CommandCenterProductionRoot/MetalsButton
15_tree_to_center	1080	1920	Canvas/HUD/VerticalUIRoot/VerticalSafeAreaRoot/ContentSlot/Dimension1Panel/D1CommandCenterProductionRoot/Nav_HANGAR	0	537.00	110.00	OK	Canvas/HUD/VerticalUIRoot/VerticalSafeAreaRoot/ContentSlot/Dimension1Panel/D1CommandCenterProductionRoot/Nav_HANGAR	Canvas/HUD/VerticalUIRoot/VerticalSafeAreaRoot/ContentSlot/Dimension1Panel/D1CommandCenterProductionRoot/Nav_HANGAR
15_tree_to_center	1080	1920	Canvas/HUD/VerticalUIRoot/VerticalSafeAreaRoot/ContentSlot/Dimension1Panel/D1CommandCenterProductionRoot/Nav_HANGAR	1	477.60	57.20	OK	Canvas/HUD/VerticalUIRoot/VerticalSafeAreaRoot/ContentSlot/Dimension1Panel/D1CommandCenterProductionRoot/Nav_HANGAR	Canvas/HUD/VerticalUIRoot/VerticalSafeAreaRoot/ContentSlot/Dimension1Panel/D1CommandCenterProductionRoot/Nav_HANGAR
15_tree_to_center	1080	1920	Canvas/HUD/VerticalUIRoot/VerticalSafeAreaRoot/ContentSlot/Dimension1Panel/D1CommandCenterProductionRoot/Nav_HANGAR	2	596.40	57.20	OK	Canvas/HUD/VerticalUIRoot/VerticalSafeAreaRoot/ContentSlot/Dimension1Panel/D1CommandCenterProductionRoot/Nav_HANGAR	Canvas/HUD/VerticalUIRoot/VerticalSafeAreaRoot/ContentSlot/Dimension1Panel/D1CommandCenterProductionRoot/Nav_HANGAR
15_tree_to_center	1080	1920	Canvas/HUD/VerticalUIRoot/VerticalSafeAreaRoot/ContentSlot/Dimension1Panel/D1CommandCenterProductionRoot/Nav_HANGAR	3	477.60	162.80	OK	Canvas/HUD/VerticalUIRoot/VerticalSafeAreaRoot/ContentSlot/Dimension1Panel/D1CommandCenterProductionRoot/Nav_HANGAR	Canvas/HUD/VerticalUIRoot/VerticalSafeAreaRoot/ContentSlot/Dimension1Panel/D1CommandCenterProductionRoot/Nav_HANGAR
15_tree_to_center	1080	1920	Canvas/HUD/VerticalUIRoot/VerticalSafeAreaRoot/ContentSlot/Dimension1Panel/D1CommandCenterProductionRoot/Nav_HANGAR	4	596.40	162.80	OK	Canvas/HUD/VerticalUIRoot/VerticalSafeAreaRoot/ContentSlot/Dimension1Panel/D1CommandCenterProductionRoot/Nav_HANGAR	Canvas/HUD/VerticalUIRoot/VerticalSafeAreaRoot/ContentSlot/Dimension1Panel/D1CommandCenterProductionRoot/Nav_HANGAR
15_tree_to_center	1080	1920	Canvas/HUD/VerticalUIRoot/VerticalSafeAreaRoot/ContentSlot/Dimension1Panel/D1CommandCenterProductionRoot/CommandDashboard/TreeCard	0	929.00	989.00	OK	Canvas/HUD/VerticalUIRoot/VerticalSafeAreaRoot/ContentSlot/Dimension1Panel/D1CommandCenterProductionRoot/CommandDashboard/TreeCard	Canvas/HUD/VerticalUIRoot/VerticalSafeAreaRoot/ContentSlot/Dimension1Panel/D1CommandCenterProductionRoot/CommandDashboard/TreeCard
15_tree_to_center	1080	1920	Canvas/HUD/VerticalUIRoot/VerticalSafeAreaRoot/ContentSlot/Dimension1Panel/D1CommandCenterProductionRoot/CommandDashboard/TreeCard	1	843.20	903.80	OK	Canvas/HUD/VerticalUIRoot/VerticalSafeAreaRoot/ContentSlot/Dimension1Panel/D1CommandCenterProductionRoot/CommandDashboard/TreeCard	Canvas/HUD/VerticalUIRoot/VerticalSafeAreaRoot/ContentSlot/Dimension1Panel/D1CommandCenterProductionRoot/CommandDashboard/TreeCard
15_tree_to_center	1080	1920	Canvas/HUD/VerticalUIRoot/VerticalSafeAreaRoot/ContentSlot/Dimension1Panel/D1CommandCenterProductionRoot/CommandDashboard/TreeCard	2	1014.80	903.80	OK	Canvas/HUD/VerticalUIRoot/VerticalSafeAreaRoot/ContentSlot/Dimension1Panel/D1CommandCenterProductionRoot/CommandDashboard/TreeCard	Canvas/HUD/VerticalUIRoot/VerticalSafeAreaRoot/ContentSlot/Dimension1Panel/D1CommandCenterProductionRoot/CommandDashboard/TreeCard
15_tree_to_center	1080	1920	Canvas/HUD/VerticalUIRoot/VerticalSafeAreaRoot/ContentSlot/Dimension1Panel/D1CommandCenterProductionRoot/CommandDashboard/TreeCard	3	843.20	1074.20	OK	Canvas/HUD/VerticalUIRoot/VerticalSafeAreaRoot/ContentSlot/Dimension1Panel/D1CommandCenterProductionRoot/CommandDashboard/TreeCard/DetailedLineIcon	Canvas/HUD/VerticalUIRoot/VerticalSafeAreaRoot/ContentSlot/Dimension1Panel/D1CommandCenterProductionRoot/CommandDashboard/TreeCard
15_tree_to_center	1080	1920	Canvas/HUD/VerticalUIRoot/VerticalSafeAreaRoot/ContentSlot/Dimension1Panel/D1CommandCenterProductionRoot/CommandDashboard/TreeCard	4	1014.80	1074.20	OK	Canvas/HUD/VerticalUIRoot/VerticalSafeAreaRoot/ContentSlot/Dimension1Panel/D1CommandCenterProductionRoot/CommandDashboard/TreeCard/DetailedLineIcon	Canvas/HUD/VerticalUIRoot/VerticalSafeAreaRoot/ContentSlot/Dimension1Panel/D1CommandCenterProductionRoot/CommandDashboard/TreeCard
15_tree_to_center	1080	1920	Canvas/HUD/VerticalUIRoot/VerticalSafeAreaRoot/ContentSlot/Dimension1Panel/OpenHangarPanelButton	0	1240.00	1426.00	OFFSCREEN	<none>	<none>
15_tree_to_center	1080	1920	Canvas/HUD/VerticalUIRoot/VerticalSafeAreaRoot/ContentSlot/Dimension1Panel/OpenHangarPanelButton	1	1192.00	1417.00	OFFSCREEN	<none>	<none>
15_tree_to_center	1080	1920	Canvas/HUD/VerticalUIRoot/VerticalSafeAreaRoot/ContentSlot/Dimension1Panel/OpenHangarPanelButton	2	1288.00	1417.00	OFFSCREEN	<none>	<none>
15_tree_to_center	1080	1920	Canvas/HUD/VerticalUIRoot/VerticalSafeAreaRoot/ContentSlot/Dimension1Panel/OpenHangarPanelButton	3	1192.00	1435.00	OFFSCREEN	<none>	<none>
15_tree_to_center	1080	1920	Canvas/HUD/VerticalUIRoot/VerticalSafeAreaRoot/ContentSlot/Dimension1Panel/OpenHangarPanelButton	4	1288.00	1435.00	OFFSCREEN	<none>	<none>
15_tree_to_center	1080	1920	Canvas/HUD/VerticalUIRoot/VerticalSafeAreaRoot/ContentSlot/Dimension1Panel/D1CommandCenterProductionRoot/Nav_RELIQUIAS	0	744.00	110.00	OK	Canvas/HUD/VerticalUIRoot/VerticalSafeAreaRoot/ContentSlot/Dimension1Panel/D1CommandCenterProductionRoot/Nav_RELIQUIAS	Canvas/HUD/VerticalUIRoot/VerticalSafeAreaRoot/ContentSlot/Dimension1Panel/D1CommandCenterProductionRoot/Nav_RELIQUIAS
15_tree_to_center	1080	1920	Canvas/HUD/VerticalUIRoot/VerticalSafeAreaRoot/ContentSlot/Dimension1Panel/D1CommandCenterProductionRoot/Nav_RELIQUIAS	1	684.60	57.20	OK	Canvas/HUD/VerticalUIRoot/VerticalSafeAreaRoot/ContentSlot/Dimension1Panel/D1CommandCenterProductionRoot/Nav_RELIQUIAS	Canvas/HUD/VerticalUIRoot/VerticalSafeAreaRoot/ContentSlot/Dimension1Panel/D1CommandCenterProductionRoot/Nav_RELIQUIAS
15_tree_to_center	1080	1920	Canvas/HUD/VerticalUIRoot/VerticalSafeAreaRoot/ContentSlot/Dimension1Panel/D1CommandCenterProductionRoot/Nav_RELIQUIAS	2	803.40	57.20	OK	Canvas/HUD/VerticalUIRoot/VerticalSafeAreaRoot/ContentSlot/Dimension1Panel/D1CommandCenterProductionRoot/Nav_RELIQUIAS	Canvas/HUD/VerticalUIRoot/VerticalSafeAreaRoot/ContentSlot/Dimension1Panel/D1CommandCenterProductionRoot/Nav_RELIQUIAS
15_tree_to_center	1080	1920	Canvas/HUD/VerticalUIRoot/VerticalSafeAreaRoot/ContentSlot/Dimension1Panel/D1CommandCenterProductionRoot/Nav_RELIQUIAS	3	684.60	162.80	OK	Canvas/HUD/VerticalUIRoot/VerticalSafeAreaRoot/ContentSlot/Dimension1Panel/D1CommandCenterProductionRoot/Nav_RELIQUIAS	Canvas/HUD/VerticalUIRoot/VerticalSafeAreaRoot/ContentSlot/Dimension1Panel/D1CommandCenterProductionRoot/Nav_RELIQUIAS
15_tree_to_center	1080	1920	Canvas/HUD/VerticalUIRoot/VerticalSafeAreaRoot/ContentSlot/Dimension1Panel/D1CommandCenterProductionRoot/Nav_RELIQUIAS	4	803.40	162.80	OK	Canvas/HUD/VerticalUIRoot/VerticalSafeAreaRoot/ContentSlot/Dimension1Panel/D1CommandCenterProductionRoot/Nav_RELIQUIAS	Canvas/HUD/VerticalUIRoot/VerticalSafeAreaRoot/ContentSlot/Dimension1Panel/D1CommandCenterProductionRoot/Nav_RELIQUIAS
15_tree_to_center	1080	1920	Canvas/HUD/VerticalUIRoot/VerticalSafeAreaRoot/ContentSlot/Dimension1Panel/D1CommandCenterProductionRoot/Nav_ÁRBOL	0	951.00	110.00	OK	Canvas/HUD/VerticalUIRoot/VerticalSafeAreaRoot/ContentSlot/Dimension1Panel/D1CommandCenterProductionRoot/Nav_ÁRBOL	Canvas/HUD/VerticalUIRoot/VerticalSafeAreaRoot/ContentSlot/Dimension1Panel/D1CommandCenterProductionRoot/Nav_ÁRBOL
15_tree_to_center	1080	1920	Canvas/HUD/VerticalUIRoot/VerticalSafeAreaRoot/ContentSlot/Dimension1Panel/D1CommandCenterProductionRoot/Nav_ÁRBOL	1	891.60	57.20	OK	Canvas/HUD/VerticalUIRoot/VerticalSafeAreaRoot/ContentSlot/Dimension1Panel/D1CommandCenterProductionRoot/Nav_ÁRBOL	Canvas/HUD/VerticalUIRoot/VerticalSafeAreaRoot/ContentSlot/Dimension1Panel/D1CommandCenterProductionRoot/Nav_ÁRBOL
15_tree_to_center	1080	1920	Canvas/HUD/VerticalUIRoot/VerticalSafeAreaRoot/ContentSlot/Dimension1Panel/D1CommandCenterProductionRoot/Nav_ÁRBOL	2	1010.40	57.20	OK	Canvas/HUD/VerticalUIRoot/VerticalSafeAreaRoot/ContentSlot/Dimension1Panel/D1CommandCenterProductionRoot/Nav_ÁRBOL	Canvas/HUD/VerticalUIRoot/VerticalSafeAreaRoot/ContentSlot/Dimension1Panel/D1CommandCenterProductionRoot/Nav_ÁRBOL
15_tree_to_center	1080	1920	Canvas/HUD/VerticalUIRoot/VerticalSafeAreaRoot/ContentSlot/Dimension1Panel/D1CommandCenterProductionRoot/Nav_ÁRBOL	3	891.60	162.80	OK	Canvas/HUD/VerticalUIRoot/VerticalSafeAreaRoot/ContentSlot/Dimension1Panel/D1CommandCenterProductionRoot/Nav_ÁRBOL	Canvas/HUD/VerticalUIRoot/VerticalSafeAreaRoot/ContentSlot/Dimension1Panel/D1CommandCenterProductionRoot/Nav_ÁRBOL
15_tree_to_center	1080	1920	Canvas/HUD/VerticalUIRoot/VerticalSafeAreaRoot/ContentSlot/Dimension1Panel/D1CommandCenterProductionRoot/Nav_ÁRBOL	4	1010.40	162.80	OK	Canvas/HUD/VerticalUIRoot/VerticalSafeAreaRoot/ContentSlot/Dimension1Panel/D1CommandCenterProductionRoot/Nav_ÁRBOL	Canvas/HUD/VerticalUIRoot/VerticalSafeAreaRoot/ContentSlot/Dimension1Panel/D1CommandCenterProductionRoot/Nav_ÁRBOL
15_tree_to_center	1080	1920	Canvas/HUD/VerticalUIRoot/VerticalSafeAreaRoot/ContentSlot/Dimension1Panel/D1CommandCenterProductionRoot/CommandDashboard/SectorCard	0	151.00	1292.00	OK	Canvas/HUD/VerticalUIRoot/VerticalSafeAreaRoot/ContentSlot/Dimension1Panel/D1CommandCenterProductionRoot/CommandDashboard/SectorCard	Canvas/HUD/VerticalUIRoot/VerticalSafeAreaRoot/ContentSlot/Dimension1Panel/D1CommandCenterProductionRoot/CommandDashboard/SectorCard
15_tree_to_center	1080	1920	Canvas/HUD/VerticalUIRoot/VerticalSafeAreaRoot/ContentSlot/Dimension1Panel/D1CommandCenterProductionRoot/CommandDashboard/SectorCard	1	65.20	1206.80	OK	Canvas/HUD/VerticalUIRoot/VerticalSafeAreaRoot/ContentSlot/Dimension1Panel/D1CommandCenterProductionRoot/CommandDashboard/SectorCard	Canvas/HUD/VerticalUIRoot/VerticalSafeAreaRoot/ContentSlot/Dimension1Panel/D1CommandCenterProductionRoot/CommandDashboard/SectorCard
15_tree_to_center	1080	1920	Canvas/HUD/VerticalUIRoot/VerticalSafeAreaRoot/ContentSlot/Dimension1Panel/D1CommandCenterProductionRoot/CommandDashboard/SectorCard	2	236.80	1206.80	OK	Canvas/HUD/VerticalUIRoot/VerticalSafeAreaRoot/ContentSlot/Dimension1Panel/D1CommandCenterProductionRoot/CommandDashboard/SectorCard	Canvas/HUD/VerticalUIRoot/VerticalSafeAreaRoot/ContentSlot/Dimension1Panel/D1CommandCenterProductionRoot/CommandDashboard/SectorCard
15_tree_to_center	1080	1920	Canvas/HUD/VerticalUIRoot/VerticalSafeAreaRoot/ContentSlot/Dimension1Panel/D1CommandCenterProductionRoot/CommandDashboard/SectorCard	3	65.20	1377.20	OK	Canvas/HUD/VerticalUIRoot/VerticalSafeAreaRoot/ContentSlot/Dimension1Panel/D1CommandCenterProductionRoot/CommandDashboard/SectorCard/DetailedLineIcon	Canvas/HUD/VerticalUIRoot/VerticalSafeAreaRoot/ContentSlot/Dimension1Panel/D1CommandCenterProductionRoot/CommandDashboard/SectorCard
15_tree_to_center	1080	1920	Canvas/HUD/VerticalUIRoot/VerticalSafeAreaRoot/ContentSlot/Dimension1Panel/D1CommandCenterProductionRoot/CommandDashboard/SectorCard	4	236.80	1377.20	OK	Canvas/HUD/VerticalUIRoot/VerticalSafeAreaRoot/ContentSlot/Dimension1Panel/D1CommandCenterProductionRoot/CommandDashboard/SectorCard/DetailedLineIcon	Canvas/HUD/VerticalUIRoot/VerticalSafeAreaRoot/ContentSlot/Dimension1Panel/D1CommandCenterProductionRoot/CommandDashboard/SectorCard
15_tree_to_center	1080	1920	Canvas/HUD/VerticalUIRoot/VerticalSafeAreaRoot/ContentSlot/Dimension1Panel/D1CommandCenterProductionRoot/Nav_GALAXIA	0	123.00	110.00	OK	Canvas/HUD/VerticalUIRoot/VerticalSafeAreaRoot/ContentSlot/Dimension1Panel/D1CommandCenterProductionRoot/Nav_GALAXIA	Canvas/HUD/VerticalUIRoot/VerticalSafeAreaRoot/ContentSlot/Dimension1Panel/D1CommandCenterProductionRoot/Nav_GALAXIA
15_tree_to_center	1080	1920	Canvas/HUD/VerticalUIRoot/VerticalSafeAreaRoot/ContentSlot/Dimension1Panel/D1CommandCenterProductionRoot/Nav_GALAXIA	1	63.60	57.20	OK	Canvas/HUD/VerticalUIRoot/VerticalSafeAreaRoot/ContentSlot/Dimension1Panel/D1CommandCenterProductionRoot/Nav_GALAXIA	Canvas/HUD/VerticalUIRoot/VerticalSafeAreaRoot/ContentSlot/Dimension1Panel/D1CommandCenterProductionRoot/Nav_GALAXIA
15_tree_to_center	1080	1920	Canvas/HUD/VerticalUIRoot/VerticalSafeAreaRoot/ContentSlot/Dimension1Panel/D1CommandCenterProductionRoot/Nav_GALAXIA	2	182.40	57.20	OK	Canvas/HUD/VerticalUIRoot/VerticalSafeAreaRoot/ContentSlot/Dimension1Panel/D1CommandCenterProductionRoot/Nav_GALAXIA	Canvas/HUD/VerticalUIRoot/VerticalSafeAreaRoot/ContentSlot/Dimension1Panel/D1CommandCenterProductionRoot/Nav_GALAXIA
15_tree_to_center	1080	1920	Canvas/HUD/VerticalUIRoot/VerticalSafeAreaRoot/ContentSlot/Dimension1Panel/D1CommandCenterProductionRoot/Nav_GALAXIA	3	63.60	162.80	OK	Canvas/HUD/VerticalUIRoot/VerticalSafeAreaRoot/ContentSlot/Dimension1Panel/D1CommandCenterProductionRoot/Nav_GALAXIA	Canvas/HUD/VerticalUIRoot/VerticalSafeAreaRoot/ContentSlot/Dimension1Panel/D1CommandCenterProductionRoot/Nav_GALAXIA
15_tree_to_center	1080	1920	Canvas/HUD/VerticalUIRoot/VerticalSafeAreaRoot/ContentSlot/Dimension1Panel/D1CommandCenterProductionRoot/Nav_GALAXIA	4	182.40	162.80	OK	Canvas/HUD/VerticalUIRoot/VerticalSafeAreaRoot/ContentSlot/Dimension1Panel/D1CommandCenterProductionRoot/Nav_GALAXIA	Canvas/HUD/VerticalUIRoot/VerticalSafeAreaRoot/ContentSlot/Dimension1Panel/D1CommandCenterProductionRoot/Nav_GALAXIA
15_tree_to_center	1080	1920	Canvas/HUD/VerticalUIRoot/VerticalSafeAreaRoot/ContentSlot/Dimension1Panel/Registro	0	-60.00	1426.00	OFFSCREEN	<none>	<none>
15_tree_to_center	1080	1920	Canvas/HUD/VerticalUIRoot/VerticalSafeAreaRoot/ContentSlot/Dimension1Panel/Registro	1	-108.00	1417.00	OFFSCREEN	<none>	<none>
15_tree_to_center	1080	1920	Canvas/HUD/VerticalUIRoot/VerticalSafeAreaRoot/ContentSlot/Dimension1Panel/Registro	2	-12.00	1417.00	OFFSCREEN	<none>	<none>
15_tree_to_center	1080	1920	Canvas/HUD/VerticalUIRoot/VerticalSafeAreaRoot/ContentSlot/Dimension1Panel/Registro	3	-108.00	1435.00	OFFSCREEN	<none>	<none>
15_tree_to_center	1080	1920	Canvas/HUD/VerticalUIRoot/VerticalSafeAreaRoot/ContentSlot/Dimension1Panel/Registro	4	-12.00	1435.00	OFFSCREEN	<none>	<none>
15_tree_to_center	1080	1920	Canvas/HUD/VerticalUIRoot/VerticalSafeAreaRoot/ContentSlot/Dimension1Panel/OpenGalaxyPanelButton	0	1240.00	1526.00	OFFSCREEN	<none>	<none>
15_tree_to_center	1080	1920	Canvas/HUD/VerticalUIRoot/VerticalSafeAreaRoot/ContentSlot/Dimension1Panel/OpenGalaxyPanelButton	1	1192.00	1517.00	OFFSCREEN	<none>	<none>
15_tree_to_center	1080	1920	Canvas/HUD/VerticalUIRoot/VerticalSafeAreaRoot/ContentSlot/Dimension1Panel/OpenGalaxyPanelButton	2	1288.00	1517.00	OFFSCREEN	<none>	<none>
15_tree_to_center	1080	1920	Canvas/HUD/VerticalUIRoot/VerticalSafeAreaRoot/ContentSlot/Dimension1Panel/OpenGalaxyPanelButton	3	1192.00	1535.00	OFFSCREEN	<none>	<none>
15_tree_to_center	1080	1920	Canvas/HUD/VerticalUIRoot/VerticalSafeAreaRoot/ContentSlot/Dimension1Panel/OpenGalaxyPanelButton	4	1288.00	1535.00	OFFSCREEN	<none>	<none>
16_tree_to_explore	1080	1920	Canvas/HUD/VerticalUIRoot/VerticalSafeAreaRoot/ContentSlot/Dimension1Panel/D1_ExploreVisualRoot/BottomNavigation/Nav_RELIQUIAS	0	744.00	110.00	OK	Canvas/HUD/VerticalUIRoot/VerticalSafeAreaRoot/ContentSlot/Dimension1Panel/D1_ExploreVisualRoot/BottomNavigation/Nav_RELIQUIAS	Canvas/HUD/VerticalUIRoot/VerticalSafeAreaRoot/ContentSlot/Dimension1Panel/D1_ExploreVisualRoot/BottomNavigation/Nav_RELIQUIAS
16_tree_to_explore	1080	1920	Canvas/HUD/VerticalUIRoot/VerticalSafeAreaRoot/ContentSlot/Dimension1Panel/D1_ExploreVisualRoot/BottomNavigation/Nav_RELIQUIAS	1	684.60	57.20	OK	Canvas/HUD/VerticalUIRoot/VerticalSafeAreaRoot/ContentSlot/Dimension1Panel/D1_ExploreVisualRoot/BottomNavigation/Nav_RELIQUIAS	Canvas/HUD/VerticalUIRoot/VerticalSafeAreaRoot/ContentSlot/Dimension1Panel/D1_ExploreVisualRoot/BottomNavigation/Nav_RELIQUIAS
16_tree_to_explore	1080	1920	Canvas/HUD/VerticalUIRoot/VerticalSafeAreaRoot/ContentSlot/Dimension1Panel/D1_ExploreVisualRoot/BottomNavigation/Nav_RELIQUIAS	2	803.40	57.20	OK	Canvas/HUD/VerticalUIRoot/VerticalSafeAreaRoot/ContentSlot/Dimension1Panel/D1_ExploreVisualRoot/BottomNavigation/Nav_RELIQUIAS	Canvas/HUD/VerticalUIRoot/VerticalSafeAreaRoot/ContentSlot/Dimension1Panel/D1_ExploreVisualRoot/BottomNavigation/Nav_RELIQUIAS
16_tree_to_explore	1080	1920	Canvas/HUD/VerticalUIRoot/VerticalSafeAreaRoot/ContentSlot/Dimension1Panel/D1_ExploreVisualRoot/BottomNavigation/Nav_RELIQUIAS	3	684.60	162.80	OK	Canvas/HUD/VerticalUIRoot/VerticalSafeAreaRoot/ContentSlot/Dimension1Panel/D1_ExploreVisualRoot/BottomNavigation/Nav_RELIQUIAS	Canvas/HUD/VerticalUIRoot/VerticalSafeAreaRoot/ContentSlot/Dimension1Panel/D1_ExploreVisualRoot/BottomNavigation/Nav_RELIQUIAS
16_tree_to_explore	1080	1920	Canvas/HUD/VerticalUIRoot/VerticalSafeAreaRoot/ContentSlot/Dimension1Panel/D1_ExploreVisualRoot/BottomNavigation/Nav_RELIQUIAS	4	803.40	162.80	OK	Canvas/HUD/VerticalUIRoot/VerticalSafeAreaRoot/ContentSlot/Dimension1Panel/D1_ExploreVisualRoot/BottomNavigation/Nav_RELIQUIAS	Canvas/HUD/VerticalUIRoot/VerticalSafeAreaRoot/ContentSlot/Dimension1Panel/D1_ExploreVisualRoot/BottomNavigation/Nav_RELIQUIAS
16_tree_to_explore	1080	1920	Canvas/HUD/VerticalUIRoot/VerticalSafeAreaRoot/ContentSlot/Dimension1Panel/D1_ExploreVisualRoot/ActiveExpedition/Next	0	718.00	420.00	OK	Canvas/HUD/VerticalUIRoot/VerticalSafeAreaRoot/ContentSlot/Dimension1Panel/D1_ExploreVisualRoot/ActiveExpedition/Next	Canvas/HUD/VerticalUIRoot/VerticalSafeAreaRoot/ContentSlot/Dimension1Panel/D1_ExploreVisualRoot/ActiveExpedition/Next
16_tree_to_explore	1080	1920	Canvas/HUD/VerticalUIRoot/VerticalSafeAreaRoot/ContentSlot/Dimension1Panel/D1_ExploreVisualRoot/ActiveExpedition/Next	1	696.40	398.40	OK	Canvas/HUD/VerticalUIRoot/VerticalSafeAreaRoot/ContentSlot/Dimension1Panel/D1_ExploreVisualRoot/ActiveExpedition/Next	Canvas/HUD/VerticalUIRoot/VerticalSafeAreaRoot/ContentSlot/Dimension1Panel/D1_ExploreVisualRoot/ActiveExpedition/Next
16_tree_to_explore	1080	1920	Canvas/HUD/VerticalUIRoot/VerticalSafeAreaRoot/ContentSlot/Dimension1Panel/D1_ExploreVisualRoot/ActiveExpedition/Next	2	739.60	398.40	OK	Canvas/HUD/VerticalUIRoot/VerticalSafeAreaRoot/ContentSlot/Dimension1Panel/D1_ExploreVisualRoot/ActiveExpedition/Next	Canvas/HUD/VerticalUIRoot/VerticalSafeAreaRoot/ContentSlot/Dimension1Panel/D1_ExploreVisualRoot/ActiveExpedition/Next
16_tree_to_explore	1080	1920	Canvas/HUD/VerticalUIRoot/VerticalSafeAreaRoot/ContentSlot/Dimension1Panel/D1_ExploreVisualRoot/ActiveExpedition/Next	3	696.40	441.60	OK	Canvas/HUD/VerticalUIRoot/VerticalSafeAreaRoot/ContentSlot/Dimension1Panel/D1_ExploreVisualRoot/ActiveExpedition/Next	Canvas/HUD/VerticalUIRoot/VerticalSafeAreaRoot/ContentSlot/Dimension1Panel/D1_ExploreVisualRoot/ActiveExpedition/Next
16_tree_to_explore	1080	1920	Canvas/HUD/VerticalUIRoot/VerticalSafeAreaRoot/ContentSlot/Dimension1Panel/D1_ExploreVisualRoot/ActiveExpedition/Next	4	739.60	441.60	OK	Canvas/HUD/VerticalUIRoot/VerticalSafeAreaRoot/ContentSlot/Dimension1Panel/D1_ExploreVisualRoot/ActiveExpedition/Next	Canvas/HUD/VerticalUIRoot/VerticalSafeAreaRoot/ContentSlot/Dimension1Panel/D1_ExploreVisualRoot/ActiveExpedition/Next
16_tree_to_explore	1080	1920	Canvas/HUD/VerticalUIRoot/VerticalSafeAreaRoot/ContentSlot/Dimension1Panel/D1_ExploreVisualRoot/ShipPanel/Previous	0	398.00	717.00	OK	Canvas/HUD/VerticalUIRoot/VerticalSafeAreaRoot/ContentSlot/Dimension1Panel/D1_ExploreVisualRoot/ShipPanel/Previous	Canvas/HUD/VerticalUIRoot/VerticalSafeAreaRoot/ContentSlot/Dimension1Panel/D1_ExploreVisualRoot/ShipPanel/Previous
16_tree_to_explore	1080	1920	Canvas/HUD/VerticalUIRoot/VerticalSafeAreaRoot/ContentSlot/Dimension1Panel/D1_ExploreVisualRoot/ShipPanel/Previous	1	376.40	695.40	OK	Canvas/HUD/VerticalUIRoot/VerticalSafeAreaRoot/ContentSlot/Dimension1Panel/D1_ExploreVisualRoot/ShipPanel/Previous	Canvas/HUD/VerticalUIRoot/VerticalSafeAreaRoot/ContentSlot/Dimension1Panel/D1_ExploreVisualRoot/ShipPanel/Previous
16_tree_to_explore	1080	1920	Canvas/HUD/VerticalUIRoot/VerticalSafeAreaRoot/ContentSlot/Dimension1Panel/D1_ExploreVisualRoot/ShipPanel/Previous	2	419.60	695.40	OK	Canvas/HUD/VerticalUIRoot/VerticalSafeAreaRoot/ContentSlot/Dimension1Panel/D1_ExploreVisualRoot/ShipPanel/Previous	Canvas/HUD/VerticalUIRoot/VerticalSafeAreaRoot/ContentSlot/Dimension1Panel/D1_ExploreVisualRoot/ShipPanel/Previous
16_tree_to_explore	1080	1920	Canvas/HUD/VerticalUIRoot/VerticalSafeAreaRoot/ContentSlot/Dimension1Panel/D1_ExploreVisualRoot/ShipPanel/Previous	3	376.40	738.60	OK	Canvas/HUD/VerticalUIRoot/VerticalSafeAreaRoot/ContentSlot/Dimension1Panel/D1_ExploreVisualRoot/ShipPanel/Previous	Canvas/HUD/VerticalUIRoot/VerticalSafeAreaRoot/ContentSlot/Dimension1Panel/D1_ExploreVisualRoot/ShipPanel/Previous
16_tree_to_explore	1080	1920	Canvas/HUD/VerticalUIRoot/VerticalSafeAreaRoot/ContentSlot/Dimension1Panel/D1_ExploreVisualRoot/ShipPanel/Previous	4	419.60	738.60	OK	Canvas/HUD/VerticalUIRoot/VerticalSafeAreaRoot/ContentSlot/Dimension1Panel/D1_ExploreVisualRoot/ShipPanel/Previous	Canvas/HUD/VerticalUIRoot/VerticalSafeAreaRoot/ContentSlot/Dimension1Panel/D1_ExploreVisualRoot/ShipPanel/Previous
16_tree_to_explore	1080	1920	Canvas/HUD/VerticalUIRoot/VerticalSafeAreaRoot/ContentSlot/Dimension1Panel/D1_ExploreVisualRoot/ModePanel/CoordinatedMode	0	772.00	575.00	OK	Canvas/HUD/VerticalUIRoot/VerticalSafeAreaRoot/ContentSlot/Dimension1Panel/D1_ExploreVisualRoot/ModePanel/CoordinatedMode	Canvas/HUD/VerticalUIRoot/VerticalSafeAreaRoot/ContentSlot/Dimension1Panel/D1_ExploreVisualRoot/ModePanel/CoordinatedMode
16_tree_to_explore	1080	1920	Canvas/HUD/VerticalUIRoot/VerticalSafeAreaRoot/ContentSlot/Dimension1Panel/D1_ExploreVisualRoot/ModePanel/CoordinatedMode	1	640.00	551.60	OK	Canvas/HUD/VerticalUIRoot/VerticalSafeAreaRoot/ContentSlot/Dimension1Panel/D1_ExploreVisualRoot/ModePanel/CoordinatedMode	Canvas/HUD/VerticalUIRoot/VerticalSafeAreaRoot/ContentSlot/Dimension1Panel/D1_ExploreVisualRoot/ModePanel/CoordinatedMode
16_tree_to_explore	1080	1920	Canvas/HUD/VerticalUIRoot/VerticalSafeAreaRoot/ContentSlot/Dimension1Panel/D1_ExploreVisualRoot/ModePanel/CoordinatedMode	2	904.00	551.60	OK	Canvas/HUD/VerticalUIRoot/VerticalSafeAreaRoot/ContentSlot/Dimension1Panel/D1_ExploreVisualRoot/ModePanel/CoordinatedMode	Canvas/HUD/VerticalUIRoot/VerticalSafeAreaRoot/ContentSlot/Dimension1Panel/D1_ExploreVisualRoot/ModePanel/CoordinatedMode
16_tree_to_explore	1080	1920	Canvas/HUD/VerticalUIRoot/VerticalSafeAreaRoot/ContentSlot/Dimension1Panel/D1_ExploreVisualRoot/ModePanel/CoordinatedMode	3	640.00	598.40	OK	Canvas/HUD/VerticalUIRoot/VerticalSafeAreaRoot/ContentSlot/Dimension1Panel/D1_ExploreVisualRoot/ModePanel/CoordinatedMode	Canvas/HUD/VerticalUIRoot/VerticalSafeAreaRoot/ContentSlot/Dimension1Panel/D1_ExploreVisualRoot/ModePanel/CoordinatedMode
16_tree_to_explore	1080	1920	Canvas/HUD/VerticalUIRoot/VerticalSafeAreaRoot/ContentSlot/Dimension1Panel/D1_ExploreVisualRoot/ModePanel/CoordinatedMode	4	904.00	598.40	OK	Canvas/HUD/VerticalUIRoot/VerticalSafeAreaRoot/ContentSlot/Dimension1Panel/D1_ExploreVisualRoot/ModePanel/CoordinatedMode	Canvas/HUD/VerticalUIRoot/VerticalSafeAreaRoot/ContentSlot/Dimension1Panel/D1_ExploreVisualRoot/ModePanel/CoordinatedMode
16_tree_to_explore	1080	1920	Canvas/HUD/VerticalUIRoot/VerticalSafeAreaRoot/ContentSlot/Dimension1Panel/D1_ExploreVisualRoot/SupportPanel/Next	0	976.00	717.00	OK	Canvas/HUD/VerticalUIRoot/VerticalSafeAreaRoot/ContentSlot/Dimension1Panel/D1_ExploreVisualRoot/SupportPanel/Next	Canvas/HUD/VerticalUIRoot/VerticalSafeAreaRoot/ContentSlot/Dimension1Panel/D1_ExploreVisualRoot/SupportPanel/Next
16_tree_to_explore	1080	1920	Canvas/HUD/VerticalUIRoot/VerticalSafeAreaRoot/ContentSlot/Dimension1Panel/D1_ExploreVisualRoot/SupportPanel/Next	1	954.40	695.40	OK	Canvas/HUD/VerticalUIRoot/VerticalSafeAreaRoot/ContentSlot/Dimension1Panel/D1_ExploreVisualRoot/SupportPanel/Next	Canvas/HUD/VerticalUIRoot/VerticalSafeAreaRoot/ContentSlot/Dimension1Panel/D1_ExploreVisualRoot/SupportPanel/Next
16_tree_to_explore	1080	1920	Canvas/HUD/VerticalUIRoot/VerticalSafeAreaRoot/ContentSlot/Dimension1Panel/D1_ExploreVisualRoot/SupportPanel/Next	2	997.60	695.40	OK	Canvas/HUD/VerticalUIRoot/VerticalSafeAreaRoot/ContentSlot/Dimension1Panel/D1_ExploreVisualRoot/SupportPanel/Next	Canvas/HUD/VerticalUIRoot/VerticalSafeAreaRoot/ContentSlot/Dimension1Panel/D1_ExploreVisualRoot/SupportPanel/Next
16_tree_to_explore	1080	1920	Canvas/HUD/VerticalUIRoot/VerticalSafeAreaRoot/ContentSlot/Dimension1Panel/D1_ExploreVisualRoot/SupportPanel/Next	3	954.40	738.60	OK	Canvas/HUD/VerticalUIRoot/VerticalSafeAreaRoot/ContentSlot/Dimension1Panel/D1_ExploreVisualRoot/SupportPanel/Next	Canvas/HUD/VerticalUIRoot/VerticalSafeAreaRoot/ContentSlot/Dimension1Panel/D1_ExploreVisualRoot/SupportPanel/Next
16_tree_to_explore	1080	1920	Canvas/HUD/VerticalUIRoot/VerticalSafeAreaRoot/ContentSlot/Dimension1Panel/D1_ExploreVisualRoot/SupportPanel/Next	4	997.60	738.60	OK	Canvas/HUD/VerticalUIRoot/VerticalSafeAreaRoot/ContentSlot/Dimension1Panel/D1_ExploreVisualRoot/SupportPanel/Next	Canvas/HUD/VerticalUIRoot/VerticalSafeAreaRoot/ContentSlot/Dimension1Panel/D1_ExploreVisualRoot/SupportPanel/Next
16_tree_to_explore	1080	1920	Canvas/HUD/VerticalUIRoot/VerticalSafeAreaRoot/ContentSlot/Dimension1Panel/D1_ExploreVisualRoot/ExplorationRecord	0	832.00	281.00	OK	Canvas/HUD/VerticalUIRoot/VerticalSafeAreaRoot/ContentSlot/Dimension1Panel/D1_ExploreVisualRoot/ExplorationRecord	Canvas/HUD/VerticalUIRoot/VerticalSafeAreaRoot/ContentSlot/Dimension1Panel/D1_ExploreVisualRoot/ExplorationRecord
16_tree_to_explore	1080	1920	Canvas/HUD/VerticalUIRoot/VerticalSafeAreaRoot/ContentSlot/Dimension1Panel/D1_ExploreVisualRoot/ExplorationRecord	1	721.60	244.40	OK	Canvas/HUD/VerticalUIRoot/VerticalSafeAreaRoot/ContentSlot/Dimension1Panel/D1_ExploreVisualRoot/ExplorationRecord	Canvas/HUD/VerticalUIRoot/VerticalSafeAreaRoot/ContentSlot/Dimension1Panel/D1_ExploreVisualRoot/ExplorationRecord
16_tree_to_explore	1080	1920	Canvas/HUD/VerticalUIRoot/VerticalSafeAreaRoot/ContentSlot/Dimension1Panel/D1_ExploreVisualRoot/ExplorationRecord	2	942.40	244.40	OK	Canvas/HUD/VerticalUIRoot/VerticalSafeAreaRoot/ContentSlot/Dimension1Panel/D1_ExploreVisualRoot/ExplorationRecord	Canvas/HUD/VerticalUIRoot/VerticalSafeAreaRoot/ContentSlot/Dimension1Panel/D1_ExploreVisualRoot/ExplorationRecord
16_tree_to_explore	1080	1920	Canvas/HUD/VerticalUIRoot/VerticalSafeAreaRoot/ContentSlot/Dimension1Panel/D1_ExploreVisualRoot/ExplorationRecord	3	721.60	317.60	OK	Canvas/HUD/VerticalUIRoot/VerticalSafeAreaRoot/ContentSlot/Dimension1Panel/D1_ExploreVisualRoot/ExplorationRecord	Canvas/HUD/VerticalUIRoot/VerticalSafeAreaRoot/ContentSlot/Dimension1Panel/D1_ExploreVisualRoot/ExplorationRecord
16_tree_to_explore	1080	1920	Canvas/HUD/VerticalUIRoot/VerticalSafeAreaRoot/ContentSlot/Dimension1Panel/D1_ExploreVisualRoot/ExplorationRecord	4	942.40	317.60	OK	Canvas/HUD/VerticalUIRoot/VerticalSafeAreaRoot/ContentSlot/Dimension1Panel/D1_ExploreVisualRoot/ExplorationRecord	Canvas/HUD/VerticalUIRoot/VerticalSafeAreaRoot/ContentSlot/Dimension1Panel/D1_ExploreVisualRoot/ExplorationRecord
16_tree_to_explore	1080	1920	Canvas/HUD/VerticalUIRoot/VerticalSafeAreaRoot/ContentSlot/Dimension1Panel/D1_ExploreVisualRoot/BottomNavigation/Nav_ÁRBOL	0	951.00	110.00	OK	Canvas/HUD/VerticalUIRoot/VerticalSafeAreaRoot/ContentSlot/Dimension1Panel/D1_ExploreVisualRoot/BottomNavigation/Nav_ÁRBOL	Canvas/HUD/VerticalUIRoot/VerticalSafeAreaRoot/ContentSlot/Dimension1Panel/D1_ExploreVisualRoot/BottomNavigation/Nav_ÁRBOL
16_tree_to_explore	1080	1920	Canvas/HUD/VerticalUIRoot/VerticalSafeAreaRoot/ContentSlot/Dimension1Panel/D1_ExploreVisualRoot/BottomNavigation/Nav_ÁRBOL	1	891.60	57.20	OK	Canvas/HUD/VerticalUIRoot/VerticalSafeAreaRoot/ContentSlot/Dimension1Panel/D1_ExploreVisualRoot/BottomNavigation/Nav_ÁRBOL	Canvas/HUD/VerticalUIRoot/VerticalSafeAreaRoot/ContentSlot/Dimension1Panel/D1_ExploreVisualRoot/BottomNavigation/Nav_ÁRBOL
16_tree_to_explore	1080	1920	Canvas/HUD/VerticalUIRoot/VerticalSafeAreaRoot/ContentSlot/Dimension1Panel/D1_ExploreVisualRoot/BottomNavigation/Nav_ÁRBOL	2	1010.40	57.20	OK	Canvas/HUD/VerticalUIRoot/VerticalSafeAreaRoot/ContentSlot/Dimension1Panel/D1_ExploreVisualRoot/BottomNavigation/Nav_ÁRBOL	Canvas/HUD/VerticalUIRoot/VerticalSafeAreaRoot/ContentSlot/Dimension1Panel/D1_ExploreVisualRoot/BottomNavigation/Nav_ÁRBOL
16_tree_to_explore	1080	1920	Canvas/HUD/VerticalUIRoot/VerticalSafeAreaRoot/ContentSlot/Dimension1Panel/D1_ExploreVisualRoot/BottomNavigation/Nav_ÁRBOL	3	891.60	162.80	OK	Canvas/HUD/VerticalUIRoot/VerticalSafeAreaRoot/ContentSlot/Dimension1Panel/D1_ExploreVisualRoot/BottomNavigation/Nav_ÁRBOL	Canvas/HUD/VerticalUIRoot/VerticalSafeAreaRoot/ContentSlot/Dimension1Panel/D1_ExploreVisualRoot/BottomNavigation/Nav_ÁRBOL
16_tree_to_explore	1080	1920	Canvas/HUD/VerticalUIRoot/VerticalSafeAreaRoot/ContentSlot/Dimension1Panel/D1_ExploreVisualRoot/BottomNavigation/Nav_ÁRBOL	4	1010.40	162.80	OK	Canvas/HUD/VerticalUIRoot/VerticalSafeAreaRoot/ContentSlot/Dimension1Panel/D1_ExploreVisualRoot/BottomNavigation/Nav_ÁRBOL	Canvas/HUD/VerticalUIRoot/VerticalSafeAreaRoot/ContentSlot/Dimension1Panel/D1_ExploreVisualRoot/BottomNavigation/Nav_ÁRBOL
16_tree_to_explore	1080	1920	Canvas/HUD/VerticalUIRoot/VerticalSafeAreaRoot/ContentSlot/Dimension1Panel/D1_ExploreVisualRoot/SupportPanel/Previous	0	890.00	717.00	OK	Canvas/HUD/VerticalUIRoot/VerticalSafeAreaRoot/ContentSlot/Dimension1Panel/D1_ExploreVisualRoot/SupportPanel/Previous	Canvas/HUD/VerticalUIRoot/VerticalSafeAreaRoot/ContentSlot/Dimension1Panel/D1_ExploreVisualRoot/SupportPanel/Previous
16_tree_to_explore	1080	1920	Canvas/HUD/VerticalUIRoot/VerticalSafeAreaRoot/ContentSlot/Dimension1Panel/D1_ExploreVisualRoot/SupportPanel/Previous	1	868.40	695.40	OK	Canvas/HUD/VerticalUIRoot/VerticalSafeAreaRoot/ContentSlot/Dimension1Panel/D1_ExploreVisualRoot/SupportPanel/Previous	Canvas/HUD/VerticalUIRoot/VerticalSafeAreaRoot/ContentSlot/Dimension1Panel/D1_ExploreVisualRoot/SupportPanel/Previous
16_tree_to_explore	1080	1920	Canvas/HUD/VerticalUIRoot/VerticalSafeAreaRoot/ContentSlot/Dimension1Panel/D1_ExploreVisualRoot/SupportPanel/Previous	2	911.60	695.40	OK	Canvas/HUD/VerticalUIRoot/VerticalSafeAreaRoot/ContentSlot/Dimension1Panel/D1_ExploreVisualRoot/SupportPanel/Previous	Canvas/HUD/VerticalUIRoot/VerticalSafeAreaRoot/ContentSlot/Dimension1Panel/D1_ExploreVisualRoot/SupportPanel/Previous
16_tree_to_explore	1080	1920	Canvas/HUD/VerticalUIRoot/VerticalSafeAreaRoot/ContentSlot/Dimension1Panel/D1_ExploreVisualRoot/SupportPanel/Previous	3	868.40	738.60	OK	Canvas/HUD/VerticalUIRoot/VerticalSafeAreaRoot/ContentSlot/Dimension1Panel/D1_ExploreVisualRoot/SupportPanel/Previous	Canvas/HUD/VerticalUIRoot/VerticalSafeAreaRoot/ContentSlot/Dimension1Panel/D1_ExploreVisualRoot/SupportPanel/Previous
16_tree_to_explore	1080	1920	Canvas/HUD/VerticalUIRoot/VerticalSafeAreaRoot/ContentSlot/Dimension1Panel/D1_ExploreVisualRoot/SupportPanel/Previous	4	911.60	738.60	OK	Canvas/HUD/VerticalUIRoot/VerticalSafeAreaRoot/ContentSlot/Dimension1Panel/D1_ExploreVisualRoot/SupportPanel/Previous	Canvas/HUD/VerticalUIRoot/VerticalSafeAreaRoot/ContentSlot/Dimension1Panel/D1_ExploreVisualRoot/SupportPanel/Previous
16_tree_to_explore	1080	1920	Canvas/HUD/VerticalUIRoot/VerticalSafeAreaRoot/ContentSlot/Dimension1Panel/D1_ExploreVisualRoot/ShipPanel/Next	0	484.00	717.00	OK	Canvas/HUD/VerticalUIRoot/VerticalSafeAreaRoot/ContentSlot/Dimension1Panel/D1_ExploreVisualRoot/ShipPanel/Next	Canvas/HUD/VerticalUIRoot/VerticalSafeAreaRoot/ContentSlot/Dimension1Panel/D1_ExploreVisualRoot/ShipPanel/Next
16_tree_to_explore	1080	1920	Canvas/HUD/VerticalUIRoot/VerticalSafeAreaRoot/ContentSlot/Dimension1Panel/D1_ExploreVisualRoot/ShipPanel/Next	1	462.40	695.40	OK	Canvas/HUD/VerticalUIRoot/VerticalSafeAreaRoot/ContentSlot/Dimension1Panel/D1_ExploreVisualRoot/ShipPanel/Next	Canvas/HUD/VerticalUIRoot/VerticalSafeAreaRoot/ContentSlot/Dimension1Panel/D1_ExploreVisualRoot/ShipPanel/Next
16_tree_to_explore	1080	1920	Canvas/HUD/VerticalUIRoot/VerticalSafeAreaRoot/ContentSlot/Dimension1Panel/D1_ExploreVisualRoot/ShipPanel/Next	2	505.60	695.40	OK	Canvas/HUD/VerticalUIRoot/VerticalSafeAreaRoot/ContentSlot/Dimension1Panel/D1_ExploreVisualRoot/ShipPanel/Next	Canvas/HUD/VerticalUIRoot/VerticalSafeAreaRoot/ContentSlot/Dimension1Panel/D1_ExploreVisualRoot/ShipPanel/Next
16_tree_to_explore	1080	1920	Canvas/HUD/VerticalUIRoot/VerticalSafeAreaRoot/ContentSlot/Dimension1Panel/D1_ExploreVisualRoot/ShipPanel/Next	3	462.40	738.60	OK	Canvas/HUD/VerticalUIRoot/VerticalSafeAreaRoot/ContentSlot/Dimension1Panel/D1_ExploreVisualRoot/ShipPanel/Next	Canvas/HUD/VerticalUIRoot/VerticalSafeAreaRoot/ContentSlot/Dimension1Panel/D1_ExploreVisualRoot/ShipPanel/Next
16_tree_to_explore	1080	1920	Canvas/HUD/VerticalUIRoot/VerticalSafeAreaRoot/ContentSlot/Dimension1Panel/D1_ExploreVisualRoot/ShipPanel/Next	4	505.60	738.60	OK	Canvas/HUD/VerticalUIRoot/VerticalSafeAreaRoot/ContentSlot/Dimension1Panel/D1_ExploreVisualRoot/ShipPanel/Next	Canvas/HUD/VerticalUIRoot/VerticalSafeAreaRoot/ContentSlot/Dimension1Panel/D1_ExploreVisualRoot/ShipPanel/Next
16_tree_to_explore	1080	1920	Canvas/HUD/VerticalUIRoot/VerticalSafeAreaRoot/ContentSlot/Dimension1Panel/D1_ExploreVisualRoot/DestinationPanel/OpenDetails	0	918.00	1218.00	OK	Canvas/HUD/VerticalUIRoot/VerticalSafeAreaRoot/ContentSlot/Dimension1Panel/D1_ExploreVisualRoot/DestinationPanel/OpenDetails	Canvas/HUD/VerticalUIRoot/VerticalSafeAreaRoot/ContentSlot/Dimension1Panel/D1_ExploreVisualRoot/DestinationPanel/OpenDetails
16_tree_to_explore	1080	1920	Canvas/HUD/VerticalUIRoot/VerticalSafeAreaRoot/ContentSlot/Dimension1Panel/D1_ExploreVisualRoot/DestinationPanel/OpenDetails	1	876.00	1200.60	OK	Canvas/HUD/VerticalUIRoot/VerticalSafeAreaRoot/ContentSlot/Dimension1Panel/D1_ExploreVisualRoot/DestinationPanel/OpenDetails	Canvas/HUD/VerticalUIRoot/VerticalSafeAreaRoot/ContentSlot/Dimension1Panel/D1_ExploreVisualRoot/DestinationPanel/OpenDetails
16_tree_to_explore	1080	1920	Canvas/HUD/VerticalUIRoot/VerticalSafeAreaRoot/ContentSlot/Dimension1Panel/D1_ExploreVisualRoot/DestinationPanel/OpenDetails	2	960.00	1200.60	OK	Canvas/HUD/VerticalUIRoot/VerticalSafeAreaRoot/ContentSlot/Dimension1Panel/D1_ExploreVisualRoot/DestinationPanel/OpenDetails	Canvas/HUD/VerticalUIRoot/VerticalSafeAreaRoot/ContentSlot/Dimension1Panel/D1_ExploreVisualRoot/DestinationPanel/OpenDetails
16_tree_to_explore	1080	1920	Canvas/HUD/VerticalUIRoot/VerticalSafeAreaRoot/ContentSlot/Dimension1Panel/D1_ExploreVisualRoot/DestinationPanel/OpenDetails	3	876.00	1235.40	OK	Canvas/HUD/VerticalUIRoot/VerticalSafeAreaRoot/ContentSlot/Dimension1Panel/D1_ExploreVisualRoot/DestinationPanel/OpenDetails	Canvas/HUD/VerticalUIRoot/VerticalSafeAreaRoot/ContentSlot/Dimension1Panel/D1_ExploreVisualRoot/DestinationPanel/OpenDetails
16_tree_to_explore	1080	1920	Canvas/HUD/VerticalUIRoot/VerticalSafeAreaRoot/ContentSlot/Dimension1Panel/D1_ExploreVisualRoot/DestinationPanel/OpenDetails	4	960.00	1235.40	OK	Canvas/HUD/VerticalUIRoot/VerticalSafeAreaRoot/ContentSlot/Dimension1Panel/D1_ExploreVisualRoot/DestinationPanel/OpenDetails	Canvas/HUD/VerticalUIRoot/VerticalSafeAreaRoot/ContentSlot/Dimension1Panel/D1_ExploreVisualRoot/DestinationPanel/OpenDetails
16_tree_to_explore	1080	1920	Canvas/HUD/VerticalUIRoot/VerticalSafeAreaRoot/ContentSlot/Dimension1Panel/D1_ExploreVisualRoot/ModePanel/SimpleMode	0	306.00	575.00	OK	Canvas/HUD/VerticalUIRoot/VerticalSafeAreaRoot/ContentSlot/Dimension1Panel/D1_ExploreVisualRoot/ModePanel/SimpleMode	Canvas/HUD/VerticalUIRoot/VerticalSafeAreaRoot/ContentSlot/Dimension1Panel/D1_ExploreVisualRoot/ModePanel/SimpleMode
16_tree_to_explore	1080	1920	Canvas/HUD/VerticalUIRoot/VerticalSafeAreaRoot/ContentSlot/Dimension1Panel/D1_ExploreVisualRoot/ModePanel/SimpleMode	1	174.00	551.60	OK	Canvas/HUD/VerticalUIRoot/VerticalSafeAreaRoot/ContentSlot/Dimension1Panel/D1_ExploreVisualRoot/ModePanel/SimpleMode	Canvas/HUD/VerticalUIRoot/VerticalSafeAreaRoot/ContentSlot/Dimension1Panel/D1_ExploreVisualRoot/ModePanel/SimpleMode
16_tree_to_explore	1080	1920	Canvas/HUD/VerticalUIRoot/VerticalSafeAreaRoot/ContentSlot/Dimension1Panel/D1_ExploreVisualRoot/ModePanel/SimpleMode	2	438.00	551.60	OK	Canvas/HUD/VerticalUIRoot/VerticalSafeAreaRoot/ContentSlot/Dimension1Panel/D1_ExploreVisualRoot/ModePanel/SimpleMode	Canvas/HUD/VerticalUIRoot/VerticalSafeAreaRoot/ContentSlot/Dimension1Panel/D1_ExploreVisualRoot/ModePanel/SimpleMode
16_tree_to_explore	1080	1920	Canvas/HUD/VerticalUIRoot/VerticalSafeAreaRoot/ContentSlot/Dimension1Panel/D1_ExploreVisualRoot/ModePanel/SimpleMode	3	174.00	598.40	OK	Canvas/HUD/VerticalUIRoot/VerticalSafeAreaRoot/ContentSlot/Dimension1Panel/D1_ExploreVisualRoot/ModePanel/SimpleMode	Canvas/HUD/VerticalUIRoot/VerticalSafeAreaRoot/ContentSlot/Dimension1Panel/D1_ExploreVisualRoot/ModePanel/SimpleMode
16_tree_to_explore	1080	1920	Canvas/HUD/VerticalUIRoot/VerticalSafeAreaRoot/ContentSlot/Dimension1Panel/D1_ExploreVisualRoot/ModePanel/SimpleMode	4	438.00	598.40	OK	Canvas/HUD/VerticalUIRoot/VerticalSafeAreaRoot/ContentSlot/Dimension1Panel/D1_ExploreVisualRoot/ModePanel/SimpleMode	Canvas/HUD/VerticalUIRoot/VerticalSafeAreaRoot/ContentSlot/Dimension1Panel/D1_ExploreVisualRoot/ModePanel/SimpleMode
16_tree_to_explore	1080	1920	Canvas/HUD/VerticalUIRoot/VerticalSafeAreaRoot/ContentSlot/Dimension1Panel/OpenRelicChamberPanelButton	0	1240.00	1476.00	OFFSCREEN	<none>	<none>
16_tree_to_explore	1080	1920	Canvas/HUD/VerticalUIRoot/VerticalSafeAreaRoot/ContentSlot/Dimension1Panel/OpenRelicChamberPanelButton	1	1192.00	1467.00	OFFSCREEN	<none>	<none>
16_tree_to_explore	1080	1920	Canvas/HUD/VerticalUIRoot/VerticalSafeAreaRoot/ContentSlot/Dimension1Panel/OpenRelicChamberPanelButton	2	1288.00	1467.00	OFFSCREEN	<none>	<none>
16_tree_to_explore	1080	1920	Canvas/HUD/VerticalUIRoot/VerticalSafeAreaRoot/ContentSlot/Dimension1Panel/OpenRelicChamberPanelButton	3	1192.00	1485.00	OFFSCREEN	<none>	<none>
16_tree_to_explore	1080	1920	Canvas/HUD/VerticalUIRoot/VerticalSafeAreaRoot/ContentSlot/Dimension1Panel/OpenRelicChamberPanelButton	4	1288.00	1485.00	OFFSCREEN	<none>	<none>
16_tree_to_explore	1080	1920	Canvas/HUD/VerticalUIRoot/VerticalSafeAreaRoot/ContentSlot/Dimension1Panel/D1_ExploreVisualRoot/StartExpedition	0	334.00	281.00	OK	Canvas/HUD/VerticalUIRoot/VerticalSafeAreaRoot/ContentSlot/Dimension1Panel/D1_ExploreVisualRoot/StartExpedition	Canvas/HUD/VerticalUIRoot/VerticalSafeAreaRoot/ContentSlot/Dimension1Panel/D1_ExploreVisualRoot/StartExpedition
16_tree_to_explore	1080	1920	Canvas/HUD/VerticalUIRoot/VerticalSafeAreaRoot/ContentSlot/Dimension1Panel/D1_ExploreVisualRoot/StartExpedition	1	170.80	244.40	OK	Canvas/HUD/VerticalUIRoot/VerticalSafeAreaRoot/ContentSlot/Dimension1Panel/D1_ExploreVisualRoot/StartExpedition	Canvas/HUD/VerticalUIRoot/VerticalSafeAreaRoot/ContentSlot/Dimension1Panel/D1_ExploreVisualRoot/StartExpedition
16_tree_to_explore	1080	1920	Canvas/HUD/VerticalUIRoot/VerticalSafeAreaRoot/ContentSlot/Dimension1Panel/D1_ExploreVisualRoot/StartExpedition	2	497.20	244.40	OK	Canvas/HUD/VerticalUIRoot/VerticalSafeAreaRoot/ContentSlot/Dimension1Panel/D1_ExploreVisualRoot/StartExpedition	Canvas/HUD/VerticalUIRoot/VerticalSafeAreaRoot/ContentSlot/Dimension1Panel/D1_ExploreVisualRoot/StartExpedition
16_tree_to_explore	1080	1920	Canvas/HUD/VerticalUIRoot/VerticalSafeAreaRoot/ContentSlot/Dimension1Panel/D1_ExploreVisualRoot/StartExpedition	3	170.80	317.60	OK	Canvas/HUD/VerticalUIRoot/VerticalSafeAreaRoot/ContentSlot/Dimension1Panel/D1_ExploreVisualRoot/StartExpedition	Canvas/HUD/VerticalUIRoot/VerticalSafeAreaRoot/ContentSlot/Dimension1Panel/D1_ExploreVisualRoot/StartExpedition
16_tree_to_explore	1080	1920	Canvas/HUD/VerticalUIRoot/VerticalSafeAreaRoot/ContentSlot/Dimension1Panel/D1_ExploreVisualRoot/StartExpedition	4	497.20	317.60	OK	Canvas/HUD/VerticalUIRoot/VerticalSafeAreaRoot/ContentSlot/Dimension1Panel/D1_ExploreVisualRoot/StartExpedition	Canvas/HUD/VerticalUIRoot/VerticalSafeAreaRoot/ContentSlot/Dimension1Panel/D1_ExploreVisualRoot/StartExpedition
16_tree_to_explore	1080	1920	Canvas/HUD/VerticalUIRoot/VerticalSafeAreaRoot/ContentSlot/Dimension1Panel/OpenDimension1TreePanelButton	0	1240.00	1376.00	OFFSCREEN	<none>	<none>
16_tree_to_explore	1080	1920	Canvas/HUD/VerticalUIRoot/VerticalSafeAreaRoot/ContentSlot/Dimension1Panel/OpenDimension1TreePanelButton	1	1192.00	1367.00	OFFSCREEN	<none>	<none>
16_tree_to_explore	1080	1920	Canvas/HUD/VerticalUIRoot/VerticalSafeAreaRoot/ContentSlot/Dimension1Panel/OpenDimension1TreePanelButton	2	1288.00	1367.00	OFFSCREEN	<none>	<none>
16_tree_to_explore	1080	1920	Canvas/HUD/VerticalUIRoot/VerticalSafeAreaRoot/ContentSlot/Dimension1Panel/OpenDimension1TreePanelButton	3	1192.00	1385.00	OFFSCREEN	<none>	<none>
16_tree_to_explore	1080	1920	Canvas/HUD/VerticalUIRoot/VerticalSafeAreaRoot/ContentSlot/Dimension1Panel/OpenDimension1TreePanelButton	4	1288.00	1385.00	OFFSCREEN	<none>	<none>
16_tree_to_explore	1080	1920	Canvas/HUD/VerticalUIRoot/VerticalSafeAreaRoot/ContentSlot/Dimension1Panel/D1_ExploreVisualRoot/BottomNavigation/Nav_HANGAR	0	537.00	110.00	OK	Canvas/HUD/VerticalUIRoot/VerticalSafeAreaRoot/ContentSlot/Dimension1Panel/D1_ExploreVisualRoot/BottomNavigation/Nav_HANGAR	Canvas/HUD/VerticalUIRoot/VerticalSafeAreaRoot/ContentSlot/Dimension1Panel/D1_ExploreVisualRoot/BottomNavigation/Nav_HANGAR
16_tree_to_explore	1080	1920	Canvas/HUD/VerticalUIRoot/VerticalSafeAreaRoot/ContentSlot/Dimension1Panel/D1_ExploreVisualRoot/BottomNavigation/Nav_HANGAR	1	477.60	57.20	OK	Canvas/HUD/VerticalUIRoot/VerticalSafeAreaRoot/ContentSlot/Dimension1Panel/D1_ExploreVisualRoot/BottomNavigation/Nav_HANGAR	Canvas/HUD/VerticalUIRoot/VerticalSafeAreaRoot/ContentSlot/Dimension1Panel/D1_ExploreVisualRoot/BottomNavigation/Nav_HANGAR
16_tree_to_explore	1080	1920	Canvas/HUD/VerticalUIRoot/VerticalSafeAreaRoot/ContentSlot/Dimension1Panel/D1_ExploreVisualRoot/BottomNavigation/Nav_HANGAR	2	596.40	57.20	OK	Canvas/HUD/VerticalUIRoot/VerticalSafeAreaRoot/ContentSlot/Dimension1Panel/D1_ExploreVisualRoot/BottomNavigation/Nav_HANGAR	Canvas/HUD/VerticalUIRoot/VerticalSafeAreaRoot/ContentSlot/Dimension1Panel/D1_ExploreVisualRoot/BottomNavigation/Nav_HANGAR
16_tree_to_explore	1080	1920	Canvas/HUD/VerticalUIRoot/VerticalSafeAreaRoot/ContentSlot/Dimension1Panel/D1_ExploreVisualRoot/BottomNavigation/Nav_HANGAR	3	477.60	162.80	OK	Canvas/HUD/VerticalUIRoot/VerticalSafeAreaRoot/ContentSlot/Dimension1Panel/D1_ExploreVisualRoot/BottomNavigation/Nav_HANGAR	Canvas/HUD/VerticalUIRoot/VerticalSafeAreaRoot/ContentSlot/Dimension1Panel/D1_ExploreVisualRoot/BottomNavigation/Nav_HANGAR
16_tree_to_explore	1080	1920	Canvas/HUD/VerticalUIRoot/VerticalSafeAreaRoot/ContentSlot/Dimension1Panel/D1_ExploreVisualRoot/BottomNavigation/Nav_HANGAR	4	596.40	162.80	OK	Canvas/HUD/VerticalUIRoot/VerticalSafeAreaRoot/ContentSlot/Dimension1Panel/D1_ExploreVisualRoot/BottomNavigation/Nav_HANGAR	Canvas/HUD/VerticalUIRoot/VerticalSafeAreaRoot/ContentSlot/Dimension1Panel/D1_ExploreVisualRoot/BottomNavigation/Nav_HANGAR
16_tree_to_explore	1080	1920	Canvas/HUD/VerticalUIRoot/VerticalSafeAreaRoot/ContentSlot/Dimension1Panel/D1_ExploreVisualRoot/CommandCenter	0	112.00	1768.00	OK	Canvas/HUD/VerticalUIRoot/VerticalSafeAreaRoot/ContentSlot/Dimension1Panel/D1_ExploreVisualRoot/CommandCenter	Canvas/HUD/VerticalUIRoot/VerticalSafeAreaRoot/ContentSlot/Dimension1Panel/D1_ExploreVisualRoot/CommandCenter
16_tree_to_explore	1080	1920	Canvas/HUD/VerticalUIRoot/VerticalSafeAreaRoot/ContentSlot/Dimension1Panel/D1_ExploreVisualRoot/CommandCenter	1	59.20	1738.00	OK	Canvas/HUD/VerticalUIRoot/VerticalSafeAreaRoot/ContentSlot/Dimension1Panel/D1_ExploreVisualRoot/CommandCenter	Canvas/HUD/VerticalUIRoot/VerticalSafeAreaRoot/ContentSlot/Dimension1Panel/D1_ExploreVisualRoot/CommandCenter
16_tree_to_explore	1080	1920	Canvas/HUD/VerticalUIRoot/VerticalSafeAreaRoot/ContentSlot/Dimension1Panel/D1_ExploreVisualRoot/CommandCenter	2	164.80	1738.00	OK	Canvas/HUD/VerticalUIRoot/VerticalSafeAreaRoot/ContentSlot/Dimension1Panel/D1_ExploreVisualRoot/CommandCenter	Canvas/HUD/VerticalUIRoot/VerticalSafeAreaRoot/ContentSlot/Dimension1Panel/D1_ExploreVisualRoot/CommandCenter
16_tree_to_explore	1080	1920	Canvas/HUD/VerticalUIRoot/VerticalSafeAreaRoot/ContentSlot/Dimension1Panel/D1_ExploreVisualRoot/CommandCenter	3	59.20	1798.00	OK	Canvas/HUD/VerticalUIRoot/VerticalSafeAreaRoot/ContentSlot/Dimension1Panel/D1_ExploreVisualRoot/CommandCenter	Canvas/HUD/VerticalUIRoot/VerticalSafeAreaRoot/ContentSlot/Dimension1Panel/D1_ExploreVisualRoot/CommandCenter
16_tree_to_explore	1080	1920	Canvas/HUD/VerticalUIRoot/VerticalSafeAreaRoot/ContentSlot/Dimension1Panel/D1_ExploreVisualRoot/CommandCenter	4	164.80	1798.00	OK	Canvas/HUD/VerticalUIRoot/VerticalSafeAreaRoot/ContentSlot/Dimension1Panel/D1_ExploreVisualRoot/CommandCenter	Canvas/HUD/VerticalUIRoot/VerticalSafeAreaRoot/ContentSlot/Dimension1Panel/D1_ExploreVisualRoot/CommandCenter
16_tree_to_explore	1080	1920	Canvas/HUD/VerticalUIRoot/VerticalSafeAreaRoot/ContentSlot/Dimension1Panel/OpenHangarPanelButton	0	1240.00	1426.00	OFFSCREEN	<none>	<none>
16_tree_to_explore	1080	1920	Canvas/HUD/VerticalUIRoot/VerticalSafeAreaRoot/ContentSlot/Dimension1Panel/OpenHangarPanelButton	1	1192.00	1417.00	OFFSCREEN	<none>	<none>
16_tree_to_explore	1080	1920	Canvas/HUD/VerticalUIRoot/VerticalSafeAreaRoot/ContentSlot/Dimension1Panel/OpenHangarPanelButton	2	1288.00	1417.00	OFFSCREEN	<none>	<none>
16_tree_to_explore	1080	1920	Canvas/HUD/VerticalUIRoot/VerticalSafeAreaRoot/ContentSlot/Dimension1Panel/OpenHangarPanelButton	3	1192.00	1435.00	OFFSCREEN	<none>	<none>
16_tree_to_explore	1080	1920	Canvas/HUD/VerticalUIRoot/VerticalSafeAreaRoot/ContentSlot/Dimension1Panel/OpenHangarPanelButton	4	1288.00	1435.00	OFFSCREEN	<none>	<none>
16_tree_to_explore	1080	1920	Canvas/HUD/VerticalUIRoot/VerticalSafeAreaRoot/ContentSlot/Dimension1Panel/D1_ExploreVisualRoot/ActiveExpedition/Previous	0	632.00	420.00	OK	Canvas/HUD/VerticalUIRoot/VerticalSafeAreaRoot/ContentSlot/Dimension1Panel/D1_ExploreVisualRoot/ActiveExpedition/Previous	Canvas/HUD/VerticalUIRoot/VerticalSafeAreaRoot/ContentSlot/Dimension1Panel/D1_ExploreVisualRoot/ActiveExpedition/Previous
16_tree_to_explore	1080	1920	Canvas/HUD/VerticalUIRoot/VerticalSafeAreaRoot/ContentSlot/Dimension1Panel/D1_ExploreVisualRoot/ActiveExpedition/Previous	1	610.40	398.40	OK	Canvas/HUD/VerticalUIRoot/VerticalSafeAreaRoot/ContentSlot/Dimension1Panel/D1_ExploreVisualRoot/ActiveExpedition/Previous	Canvas/HUD/VerticalUIRoot/VerticalSafeAreaRoot/ContentSlot/Dimension1Panel/D1_ExploreVisualRoot/ActiveExpedition/Previous
16_tree_to_explore	1080	1920	Canvas/HUD/VerticalUIRoot/VerticalSafeAreaRoot/ContentSlot/Dimension1Panel/D1_ExploreVisualRoot/ActiveExpedition/Previous	2	653.60	398.40	OK	Canvas/HUD/VerticalUIRoot/VerticalSafeAreaRoot/ContentSlot/Dimension1Panel/D1_ExploreVisualRoot/ActiveExpedition/Previous	Canvas/HUD/VerticalUIRoot/VerticalSafeAreaRoot/ContentSlot/Dimension1Panel/D1_ExploreVisualRoot/ActiveExpedition/Previous
16_tree_to_explore	1080	1920	Canvas/HUD/VerticalUIRoot/VerticalSafeAreaRoot/ContentSlot/Dimension1Panel/D1_ExploreVisualRoot/ActiveExpedition/Previous	3	610.40	441.60	OK	Canvas/HUD/VerticalUIRoot/VerticalSafeAreaRoot/ContentSlot/Dimension1Panel/D1_ExploreVisualRoot/ActiveExpedition/Previous	Canvas/HUD/VerticalUIRoot/VerticalSafeAreaRoot/ContentSlot/Dimension1Panel/D1_ExploreVisualRoot/ActiveExpedition/Previous
16_tree_to_explore	1080	1920	Canvas/HUD/VerticalUIRoot/VerticalSafeAreaRoot/ContentSlot/Dimension1Panel/D1_ExploreVisualRoot/ActiveExpedition/Previous	4	653.60	441.60	OK	Canvas/HUD/VerticalUIRoot/VerticalSafeAreaRoot/ContentSlot/Dimension1Panel/D1_ExploreVisualRoot/ActiveExpedition/Previous	Canvas/HUD/VerticalUIRoot/VerticalSafeAreaRoot/ContentSlot/Dimension1Panel/D1_ExploreVisualRoot/ActiveExpedition/Previous
16_tree_to_explore	1080	1920	Canvas/HUD/VerticalUIRoot/VerticalSafeAreaRoot/ContentSlot/Dimension1Panel/D1_ExploreVisualRoot/BottomNavigation/Nav_GALAXIA	0	123.00	110.00	OK	Canvas/HUD/VerticalUIRoot/VerticalSafeAreaRoot/ContentSlot/Dimension1Panel/D1_ExploreVisualRoot/BottomNavigation/Nav_GALAXIA	Canvas/HUD/VerticalUIRoot/VerticalSafeAreaRoot/ContentSlot/Dimension1Panel/D1_ExploreVisualRoot/BottomNavigation/Nav_GALAXIA
16_tree_to_explore	1080	1920	Canvas/HUD/VerticalUIRoot/VerticalSafeAreaRoot/ContentSlot/Dimension1Panel/D1_ExploreVisualRoot/BottomNavigation/Nav_GALAXIA	1	63.60	57.20	OK	Canvas/HUD/VerticalUIRoot/VerticalSafeAreaRoot/ContentSlot/Dimension1Panel/D1_ExploreVisualRoot/BottomNavigation/Nav_GALAXIA	Canvas/HUD/VerticalUIRoot/VerticalSafeAreaRoot/ContentSlot/Dimension1Panel/D1_ExploreVisualRoot/BottomNavigation/Nav_GALAXIA
16_tree_to_explore	1080	1920	Canvas/HUD/VerticalUIRoot/VerticalSafeAreaRoot/ContentSlot/Dimension1Panel/D1_ExploreVisualRoot/BottomNavigation/Nav_GALAXIA	2	182.40	57.20	OK	Canvas/HUD/VerticalUIRoot/VerticalSafeAreaRoot/ContentSlot/Dimension1Panel/D1_ExploreVisualRoot/BottomNavigation/Nav_GALAXIA	Canvas/HUD/VerticalUIRoot/VerticalSafeAreaRoot/ContentSlot/Dimension1Panel/D1_ExploreVisualRoot/BottomNavigation/Nav_GALAXIA
16_tree_to_explore	1080	1920	Canvas/HUD/VerticalUIRoot/VerticalSafeAreaRoot/ContentSlot/Dimension1Panel/D1_ExploreVisualRoot/BottomNavigation/Nav_GALAXIA	3	63.60	162.80	OK	Canvas/HUD/VerticalUIRoot/VerticalSafeAreaRoot/ContentSlot/Dimension1Panel/D1_ExploreVisualRoot/BottomNavigation/Nav_GALAXIA	Canvas/HUD/VerticalUIRoot/VerticalSafeAreaRoot/ContentSlot/Dimension1Panel/D1_ExploreVisualRoot/BottomNavigation/Nav_GALAXIA
16_tree_to_explore	1080	1920	Canvas/HUD/VerticalUIRoot/VerticalSafeAreaRoot/ContentSlot/Dimension1Panel/D1_ExploreVisualRoot/BottomNavigation/Nav_GALAXIA	4	182.40	162.80	OK	Canvas/HUD/VerticalUIRoot/VerticalSafeAreaRoot/ContentSlot/Dimension1Panel/D1_ExploreVisualRoot/BottomNavigation/Nav_GALAXIA	Canvas/HUD/VerticalUIRoot/VerticalSafeAreaRoot/ContentSlot/Dimension1Panel/D1_ExploreVisualRoot/BottomNavigation/Nav_GALAXIA
16_tree_to_explore	1080	1920	Canvas/HUD/VerticalUIRoot/VerticalSafeAreaRoot/ContentSlot/Dimension1Panel/Registro	0	-60.00	1426.00	OFFSCREEN	<none>	<none>
16_tree_to_explore	1080	1920	Canvas/HUD/VerticalUIRoot/VerticalSafeAreaRoot/ContentSlot/Dimension1Panel/Registro	1	-108.00	1417.00	OFFSCREEN	<none>	<none>
16_tree_to_explore	1080	1920	Canvas/HUD/VerticalUIRoot/VerticalSafeAreaRoot/ContentSlot/Dimension1Panel/Registro	2	-12.00	1417.00	OFFSCREEN	<none>	<none>
16_tree_to_explore	1080	1920	Canvas/HUD/VerticalUIRoot/VerticalSafeAreaRoot/ContentSlot/Dimension1Panel/Registro	3	-108.00	1435.00	OFFSCREEN	<none>	<none>
16_tree_to_explore	1080	1920	Canvas/HUD/VerticalUIRoot/VerticalSafeAreaRoot/ContentSlot/Dimension1Panel/Registro	4	-12.00	1435.00	OFFSCREEN	<none>	<none>
16_tree_to_explore	1080	1920	Canvas/HUD/VerticalUIRoot/VerticalSafeAreaRoot/ContentSlot/Dimension1Panel/D1_ExploreVisualRoot/ScannerPanel/ChangeSector	0	864.00	1567.00	OK	Canvas/HUD/VerticalUIRoot/VerticalSafeAreaRoot/ContentSlot/Dimension1Panel/D1_ExploreVisualRoot/ScannerPanel/ChangeSector	Canvas/HUD/VerticalUIRoot/VerticalSafeAreaRoot/ContentSlot/Dimension1Panel/D1_ExploreVisualRoot/ScannerPanel/ChangeSector
16_tree_to_explore	1080	1920	Canvas/HUD/VerticalUIRoot/VerticalSafeAreaRoot/ContentSlot/Dimension1Panel/D1_ExploreVisualRoot/ScannerPanel/ChangeSector	1	794.40	1548.40	OK	Canvas/HUD/VerticalUIRoot/VerticalSafeAreaRoot/ContentSlot/Dimension1Panel/D1_ExploreVisualRoot/ScannerPanel/ChangeSector	Canvas/HUD/VerticalUIRoot/VerticalSafeAreaRoot/ContentSlot/Dimension1Panel/D1_ExploreVisualRoot/ScannerPanel/ChangeSector
16_tree_to_explore	1080	1920	Canvas/HUD/VerticalUIRoot/VerticalSafeAreaRoot/ContentSlot/Dimension1Panel/D1_ExploreVisualRoot/ScannerPanel/ChangeSector	2	933.60	1548.40	OK	Canvas/HUD/VerticalUIRoot/VerticalSafeAreaRoot/ContentSlot/Dimension1Panel/D1_ExploreVisualRoot/ScannerPanel/ChangeSector	Canvas/HUD/VerticalUIRoot/VerticalSafeAreaRoot/ContentSlot/Dimension1Panel/D1_ExploreVisualRoot/ScannerPanel/ChangeSector
16_tree_to_explore	1080	1920	Canvas/HUD/VerticalUIRoot/VerticalSafeAreaRoot/ContentSlot/Dimension1Panel/D1_ExploreVisualRoot/ScannerPanel/ChangeSector	3	794.40	1585.60	OK	Canvas/HUD/VerticalUIRoot/VerticalSafeAreaRoot/ContentSlot/Dimension1Panel/D1_ExploreVisualRoot/ScannerPanel/ChangeSector	Canvas/HUD/VerticalUIRoot/VerticalSafeAreaRoot/ContentSlot/Dimension1Panel/D1_ExploreVisualRoot/ScannerPanel/ChangeSector
16_tree_to_explore	1080	1920	Canvas/HUD/VerticalUIRoot/VerticalSafeAreaRoot/ContentSlot/Dimension1Panel/D1_ExploreVisualRoot/ScannerPanel/ChangeSector	4	933.60	1585.60	OK	Canvas/HUD/VerticalUIRoot/VerticalSafeAreaRoot/ContentSlot/Dimension1Panel/D1_ExploreVisualRoot/ScannerPanel/ChangeSector	Canvas/HUD/VerticalUIRoot/VerticalSafeAreaRoot/ContentSlot/Dimension1Panel/D1_ExploreVisualRoot/ScannerPanel/ChangeSector
16_tree_to_explore	1080	1920	Canvas/HUD/VerticalUIRoot/VerticalSafeAreaRoot/ContentSlot/Dimension1Panel/D1_ExploreVisualRoot/MetalsButton	0	921.50	1768.00	OK	Canvas/HUD/VerticalUIRoot/VerticalSafeAreaRoot/ContentSlot/Dimension1Panel/D1_ExploreVisualRoot/MetalsButton	Canvas/HUD/VerticalUIRoot/VerticalSafeAreaRoot/ContentSlot/Dimension1Panel/D1_ExploreVisualRoot/MetalsButton
16_tree_to_explore	1080	1920	Canvas/HUD/VerticalUIRoot/VerticalSafeAreaRoot/ContentSlot/Dimension1Panel/D1_ExploreVisualRoot/MetalsButton	1	848.00	1738.00	OK	Canvas/HUD/VerticalUIRoot/VerticalSafeAreaRoot/ContentSlot/Dimension1Panel/D1_ExploreVisualRoot/MetalsButton	Canvas/HUD/VerticalUIRoot/VerticalSafeAreaRoot/ContentSlot/Dimension1Panel/D1_ExploreVisualRoot/MetalsButton
16_tree_to_explore	1080	1920	Canvas/HUD/VerticalUIRoot/VerticalSafeAreaRoot/ContentSlot/Dimension1Panel/D1_ExploreVisualRoot/MetalsButton	2	995.00	1738.00	OK	Canvas/HUD/VerticalUIRoot/VerticalSafeAreaRoot/ContentSlot/Dimension1Panel/D1_ExploreVisualRoot/MetalsButton	Canvas/HUD/VerticalUIRoot/VerticalSafeAreaRoot/ContentSlot/Dimension1Panel/D1_ExploreVisualRoot/MetalsButton
16_tree_to_explore	1080	1920	Canvas/HUD/VerticalUIRoot/VerticalSafeAreaRoot/ContentSlot/Dimension1Panel/D1_ExploreVisualRoot/MetalsButton	3	848.00	1798.00	OK	Canvas/HUD/VerticalUIRoot/VerticalSafeAreaRoot/ContentSlot/Dimension1Panel/D1_ExploreVisualRoot/MetalsButton	Canvas/HUD/VerticalUIRoot/VerticalSafeAreaRoot/ContentSlot/Dimension1Panel/D1_ExploreVisualRoot/MetalsButton
16_tree_to_explore	1080	1920	Canvas/HUD/VerticalUIRoot/VerticalSafeAreaRoot/ContentSlot/Dimension1Panel/D1_ExploreVisualRoot/MetalsButton	4	995.00	1798.00	OK	Canvas/HUD/VerticalUIRoot/VerticalSafeAreaRoot/ContentSlot/Dimension1Panel/D1_ExploreVisualRoot/MetalsButton	Canvas/HUD/VerticalUIRoot/VerticalSafeAreaRoot/ContentSlot/Dimension1Panel/D1_ExploreVisualRoot/MetalsButton
16_tree_to_explore	1080	1920	Canvas/HUD/VerticalUIRoot/VerticalSafeAreaRoot/ContentSlot/Dimension1Panel/OpenGalaxyPanelButton	0	1240.00	1526.00	OFFSCREEN	<none>	<none>
16_tree_to_explore	1080	1920	Canvas/HUD/VerticalUIRoot/VerticalSafeAreaRoot/ContentSlot/Dimension1Panel/OpenGalaxyPanelButton	1	1192.00	1517.00	OFFSCREEN	<none>	<none>
16_tree_to_explore	1080	1920	Canvas/HUD/VerticalUIRoot/VerticalSafeAreaRoot/ContentSlot/Dimension1Panel/OpenGalaxyPanelButton	2	1288.00	1517.00	OFFSCREEN	<none>	<none>
16_tree_to_explore	1080	1920	Canvas/HUD/VerticalUIRoot/VerticalSafeAreaRoot/ContentSlot/Dimension1Panel/OpenGalaxyPanelButton	3	1192.00	1535.00	OFFSCREEN	<none>	<none>
16_tree_to_explore	1080	1920	Canvas/HUD/VerticalUIRoot/VerticalSafeAreaRoot/ContentSlot/Dimension1Panel/OpenGalaxyPanelButton	4	1288.00	1535.00	OFFSCREEN	<none>	<none>
17_outer_rim_selected	1080	1920	Canvas/HUD/VerticalUIRoot/VerticalSafeAreaRoot/ContentSlot/Dimension1Panel/GalaxyPanel/D1_GalaxyVisualRoot/AllMetals	0	921.50	1768.00	OK	Canvas/HUD/VerticalUIRoot/VerticalSafeAreaRoot/ContentSlot/Dimension1Panel/GalaxyPanel/D1_GalaxyVisualRoot/AllMetals	Canvas/HUD/VerticalUIRoot/VerticalSafeAreaRoot/ContentSlot/Dimension1Panel/GalaxyPanel/D1_GalaxyVisualRoot/AllMetals
17_outer_rim_selected	1080	1920	Canvas/HUD/VerticalUIRoot/VerticalSafeAreaRoot/ContentSlot/Dimension1Panel/GalaxyPanel/D1_GalaxyVisualRoot/AllMetals	1	848.00	1738.00	OK	Canvas/HUD/VerticalUIRoot/VerticalSafeAreaRoot/ContentSlot/Dimension1Panel/GalaxyPanel/D1_GalaxyVisualRoot/AllMetals	Canvas/HUD/VerticalUIRoot/VerticalSafeAreaRoot/ContentSlot/Dimension1Panel/GalaxyPanel/D1_GalaxyVisualRoot/AllMetals
17_outer_rim_selected	1080	1920	Canvas/HUD/VerticalUIRoot/VerticalSafeAreaRoot/ContentSlot/Dimension1Panel/GalaxyPanel/D1_GalaxyVisualRoot/AllMetals	2	995.00	1738.00	OK	Canvas/HUD/VerticalUIRoot/VerticalSafeAreaRoot/ContentSlot/Dimension1Panel/GalaxyPanel/D1_GalaxyVisualRoot/AllMetals	Canvas/HUD/VerticalUIRoot/VerticalSafeAreaRoot/ContentSlot/Dimension1Panel/GalaxyPanel/D1_GalaxyVisualRoot/AllMetals
17_outer_rim_selected	1080	1920	Canvas/HUD/VerticalUIRoot/VerticalSafeAreaRoot/ContentSlot/Dimension1Panel/GalaxyPanel/D1_GalaxyVisualRoot/AllMetals	3	848.00	1798.00	OK	Canvas/HUD/VerticalUIRoot/VerticalSafeAreaRoot/ContentSlot/Dimension1Panel/GalaxyPanel/D1_GalaxyVisualRoot/AllMetals	Canvas/HUD/VerticalUIRoot/VerticalSafeAreaRoot/ContentSlot/Dimension1Panel/GalaxyPanel/D1_GalaxyVisualRoot/AllMetals
17_outer_rim_selected	1080	1920	Canvas/HUD/VerticalUIRoot/VerticalSafeAreaRoot/ContentSlot/Dimension1Panel/GalaxyPanel/D1_GalaxyVisualRoot/AllMetals	4	995.00	1798.00	OK	Canvas/HUD/VerticalUIRoot/VerticalSafeAreaRoot/ContentSlot/Dimension1Panel/GalaxyPanel/D1_GalaxyVisualRoot/AllMetals	Canvas/HUD/VerticalUIRoot/VerticalSafeAreaRoot/ContentSlot/Dimension1Panel/GalaxyPanel/D1_GalaxyVisualRoot/AllMetals
17_outer_rim_selected	1080	1920	Canvas/HUD/VerticalUIRoot/VerticalSafeAreaRoot/ContentSlot/Dimension1Panel/GalaxyPanel/D1_GalaxyVisualRoot/FullBleedGalaxyMap/Planet02Node	0	351.35	863.00	OK	Canvas/HUD/VerticalUIRoot/VerticalSafeAreaRoot/ContentSlot/Dimension1Panel/GalaxyPanel/D1_GalaxyVisualRoot/FullBleedGalaxyMap/Planet02Node	Canvas/HUD/VerticalUIRoot/VerticalSafeAreaRoot/ContentSlot/Dimension1Panel/GalaxyPanel/D1_GalaxyVisualRoot/FullBleedGalaxyMap/Planet02Node
17_outer_rim_selected	1080	1920	Canvas/HUD/VerticalUIRoot/VerticalSafeAreaRoot/ContentSlot/Dimension1Panel/GalaxyPanel/D1_GalaxyVisualRoot/FullBleedGalaxyMap/Planet02Node	1	282.35	804.80	OK	Canvas/HUD/VerticalUIRoot/VerticalSafeAreaRoot/ContentSlot/Dimension1Panel/GalaxyPanel/D1_GalaxyVisualRoot/FullBleedGalaxyMap/Planet02Node	Canvas/HUD/VerticalUIRoot/VerticalSafeAreaRoot/ContentSlot/Dimension1Panel/GalaxyPanel/D1_GalaxyVisualRoot/FullBleedGalaxyMap/Planet02Node
17_outer_rim_selected	1080	1920	Canvas/HUD/VerticalUIRoot/VerticalSafeAreaRoot/ContentSlot/Dimension1Panel/GalaxyPanel/D1_GalaxyVisualRoot/FullBleedGalaxyMap/Planet02Node	2	420.35	804.80	OK	Canvas/HUD/VerticalUIRoot/VerticalSafeAreaRoot/ContentSlot/Dimension1Panel/GalaxyPanel/D1_GalaxyVisualRoot/FullBleedGalaxyMap/Planet02Node	Canvas/HUD/VerticalUIRoot/VerticalSafeAreaRoot/ContentSlot/Dimension1Panel/GalaxyPanel/D1_GalaxyVisualRoot/FullBleedGalaxyMap/Planet02Node
17_outer_rim_selected	1080	1920	Canvas/HUD/VerticalUIRoot/VerticalSafeAreaRoot/ContentSlot/Dimension1Panel/GalaxyPanel/D1_GalaxyVisualRoot/FullBleedGalaxyMap/Planet02Node	3	282.35	921.20	OK	Canvas/HUD/VerticalUIRoot/VerticalSafeAreaRoot/ContentSlot/Dimension1Panel/GalaxyPanel/D1_GalaxyVisualRoot/FullBleedGalaxyMap/Planet02Node	Canvas/HUD/VerticalUIRoot/VerticalSafeAreaRoot/ContentSlot/Dimension1Panel/GalaxyPanel/D1_GalaxyVisualRoot/FullBleedGalaxyMap/Planet02Node
17_outer_rim_selected	1080	1920	Canvas/HUD/VerticalUIRoot/VerticalSafeAreaRoot/ContentSlot/Dimension1Panel/GalaxyPanel/D1_GalaxyVisualRoot/FullBleedGalaxyMap/Planet02Node	4	420.35	921.20	OK	Canvas/HUD/VerticalUIRoot/VerticalSafeAreaRoot/ContentSlot/Dimension1Panel/GalaxyPanel/D1_GalaxyVisualRoot/FullBleedGalaxyMap/Planet02Node	Canvas/HUD/VerticalUIRoot/VerticalSafeAreaRoot/ContentSlot/Dimension1Panel/GalaxyPanel/D1_GalaxyVisualRoot/FullBleedGalaxyMap/Planet02Node
17_outer_rim_selected	1080	1920	Canvas/HUD/VerticalUIRoot/VerticalSafeAreaRoot/ContentSlot/Dimension1Panel/GalaxyPanel/D1_GalaxyVisualRoot/FullBleedGalaxyMap/Sector02	0	916.67	948.91	OK	Canvas/HUD/VerticalUIRoot/VerticalSafeAreaRoot/ContentSlot/Dimension1Panel/GalaxyPanel/D1_GalaxyVisualRoot/FullBleedGalaxyMap/Sector02	Canvas/HUD/VerticalUIRoot/VerticalSafeAreaRoot/ContentSlot/Dimension1Panel/GalaxyPanel/D1_GalaxyVisualRoot/FullBleedGalaxyMap/Sector02
17_outer_rim_selected	1080	1920	Canvas/HUD/VerticalUIRoot/VerticalSafeAreaRoot/ContentSlot/Dimension1Panel/GalaxyPanel/D1_GalaxyVisualRoot/FullBleedGalaxyMap/Sector02	1	826.67	878.11	OK	Canvas/HUD/VerticalUIRoot/VerticalSafeAreaRoot/ContentSlot/Dimension1Panel/GalaxyPanel/D1_GalaxyVisualRoot/FullBleedGalaxyMap/Sector02	Canvas/HUD/VerticalUIRoot/VerticalSafeAreaRoot/ContentSlot/Dimension1Panel/GalaxyPanel/D1_GalaxyVisualRoot/FullBleedGalaxyMap/Sector02
17_outer_rim_selected	1080	1920	Canvas/HUD/VerticalUIRoot/VerticalSafeAreaRoot/ContentSlot/Dimension1Panel/GalaxyPanel/D1_GalaxyVisualRoot/FullBleedGalaxyMap/Sector02	2	1006.67	878.11	OK	Canvas/HUD/VerticalUIRoot/VerticalSafeAreaRoot/ContentSlot/Dimension1Panel/GalaxyPanel/D1_GalaxyVisualRoot/FullBleedGalaxyMap/Sector02	Canvas/HUD/VerticalUIRoot/VerticalSafeAreaRoot/ContentSlot/Dimension1Panel/GalaxyPanel/D1_GalaxyVisualRoot/FullBleedGalaxyMap/Sector02
17_outer_rim_selected	1080	1920	Canvas/HUD/VerticalUIRoot/VerticalSafeAreaRoot/ContentSlot/Dimension1Panel/GalaxyPanel/D1_GalaxyVisualRoot/FullBleedGalaxyMap/Sector02	3	826.67	1019.71	OK	Canvas/HUD/VerticalUIRoot/VerticalSafeAreaRoot/ContentSlot/Dimension1Panel/GalaxyPanel/D1_GalaxyVisualRoot/FullBleedGalaxyMap/Sector02	Canvas/HUD/VerticalUIRoot/VerticalSafeAreaRoot/ContentSlot/Dimension1Panel/GalaxyPanel/D1_GalaxyVisualRoot/FullBleedGalaxyMap/Sector02
17_outer_rim_selected	1080	1920	Canvas/HUD/VerticalUIRoot/VerticalSafeAreaRoot/ContentSlot/Dimension1Panel/GalaxyPanel/D1_GalaxyVisualRoot/FullBleedGalaxyMap/Sector02	4	1006.67	1019.71	OK	Canvas/HUD/VerticalUIRoot/VerticalSafeAreaRoot/ContentSlot/Dimension1Panel/GalaxyPanel/D1_GalaxyVisualRoot/FullBleedGalaxyMap/Sector02	Canvas/HUD/VerticalUIRoot/VerticalSafeAreaRoot/ContentSlot/Dimension1Panel/GalaxyPanel/D1_GalaxyVisualRoot/FullBleedGalaxyMap/Sector02
17_outer_rim_selected	1080	1920	Canvas/HUD/VerticalUIRoot/VerticalSafeAreaRoot/ContentSlot/Dimension1Panel/GalaxyPanel/D1_GalaxyVisualRoot/SectorDetails/SelectedData/EnterSectorButton	0	193.50	267.00	OK	Canvas/HUD/VerticalUIRoot/VerticalSafeAreaRoot/ContentSlot/Dimension1Panel/GalaxyPanel/D1_GalaxyVisualRoot/SectorDetails/SelectedData/EnterSectorButton/Fill	Canvas/HUD/VerticalUIRoot/VerticalSafeAreaRoot/ContentSlot/Dimension1Panel/GalaxyPanel/D1_GalaxyVisualRoot/SectorDetails/SelectedData/EnterSectorButton
17_outer_rim_selected	1080	1920	Canvas/HUD/VerticalUIRoot/VerticalSafeAreaRoot/ContentSlot/Dimension1Panel/GalaxyPanel/D1_GalaxyVisualRoot/SectorDetails/SelectedData/EnterSectorButton	1	123.00	248.40	OK	Canvas/HUD/VerticalUIRoot/VerticalSafeAreaRoot/ContentSlot/Dimension1Panel/GalaxyPanel/D1_GalaxyVisualRoot/SectorDetails/SelectedData/EnterSectorButton/Fill	Canvas/HUD/VerticalUIRoot/VerticalSafeAreaRoot/ContentSlot/Dimension1Panel/GalaxyPanel/D1_GalaxyVisualRoot/SectorDetails/SelectedData/EnterSectorButton
17_outer_rim_selected	1080	1920	Canvas/HUD/VerticalUIRoot/VerticalSafeAreaRoot/ContentSlot/Dimension1Panel/GalaxyPanel/D1_GalaxyVisualRoot/SectorDetails/SelectedData/EnterSectorButton	2	264.00	248.40	OK	Canvas/HUD/VerticalUIRoot/VerticalSafeAreaRoot/ContentSlot/Dimension1Panel/GalaxyPanel/D1_GalaxyVisualRoot/SectorDetails/SelectedData/EnterSectorButton/Fill	Canvas/HUD/VerticalUIRoot/VerticalSafeAreaRoot/ContentSlot/Dimension1Panel/GalaxyPanel/D1_GalaxyVisualRoot/SectorDetails/SelectedData/EnterSectorButton
17_outer_rim_selected	1080	1920	Canvas/HUD/VerticalUIRoot/VerticalSafeAreaRoot/ContentSlot/Dimension1Panel/GalaxyPanel/D1_GalaxyVisualRoot/SectorDetails/SelectedData/EnterSectorButton	3	123.00	285.60	OK	Canvas/HUD/VerticalUIRoot/VerticalSafeAreaRoot/ContentSlot/Dimension1Panel/GalaxyPanel/D1_GalaxyVisualRoot/SectorDetails/SelectedData/EnterSectorButton/Fill	Canvas/HUD/VerticalUIRoot/VerticalSafeAreaRoot/ContentSlot/Dimension1Panel/GalaxyPanel/D1_GalaxyVisualRoot/SectorDetails/SelectedData/EnterSectorButton
17_outer_rim_selected	1080	1920	Canvas/HUD/VerticalUIRoot/VerticalSafeAreaRoot/ContentSlot/Dimension1Panel/GalaxyPanel/D1_GalaxyVisualRoot/SectorDetails/SelectedData/EnterSectorButton	4	264.00	285.60	OK	Canvas/HUD/VerticalUIRoot/VerticalSafeAreaRoot/ContentSlot/Dimension1Panel/GalaxyPanel/D1_GalaxyVisualRoot/SectorDetails/SelectedData/EnterSectorButton/Fill	Canvas/HUD/VerticalUIRoot/VerticalSafeAreaRoot/ContentSlot/Dimension1Panel/GalaxyPanel/D1_GalaxyVisualRoot/SectorDetails/SelectedData/EnterSectorButton
17_outer_rim_selected	1080	1920	Canvas/HUD/VerticalUIRoot/VerticalSafeAreaRoot/ContentSlot/Dimension1Panel/GalaxyPanel/D1_GalaxyVisualRoot/CommandCenterBack	0	112.00	1768.00	OK	Canvas/HUD/VerticalUIRoot/VerticalSafeAreaRoot/ContentSlot/Dimension1Panel/GalaxyPanel/D1_GalaxyVisualRoot/CommandCenterBack	Canvas/HUD/VerticalUIRoot/VerticalSafeAreaRoot/ContentSlot/Dimension1Panel/GalaxyPanel/D1_GalaxyVisualRoot/CommandCenterBack
17_outer_rim_selected	1080	1920	Canvas/HUD/VerticalUIRoot/VerticalSafeAreaRoot/ContentSlot/Dimension1Panel/GalaxyPanel/D1_GalaxyVisualRoot/CommandCenterBack	1	59.20	1738.00	OK	Canvas/HUD/VerticalUIRoot/VerticalSafeAreaRoot/ContentSlot/Dimension1Panel/GalaxyPanel/D1_GalaxyVisualRoot/CommandCenterBack	Canvas/HUD/VerticalUIRoot/VerticalSafeAreaRoot/ContentSlot/Dimension1Panel/GalaxyPanel/D1_GalaxyVisualRoot/CommandCenterBack
17_outer_rim_selected	1080	1920	Canvas/HUD/VerticalUIRoot/VerticalSafeAreaRoot/ContentSlot/Dimension1Panel/GalaxyPanel/D1_GalaxyVisualRoot/CommandCenterBack	2	164.80	1738.00	OK	Canvas/HUD/VerticalUIRoot/VerticalSafeAreaRoot/ContentSlot/Dimension1Panel/GalaxyPanel/D1_GalaxyVisualRoot/CommandCenterBack	Canvas/HUD/VerticalUIRoot/VerticalSafeAreaRoot/ContentSlot/Dimension1Panel/GalaxyPanel/D1_GalaxyVisualRoot/CommandCenterBack
17_outer_rim_selected	1080	1920	Canvas/HUD/VerticalUIRoot/VerticalSafeAreaRoot/ContentSlot/Dimension1Panel/GalaxyPanel/D1_GalaxyVisualRoot/CommandCenterBack	3	59.20	1798.00	OK	Canvas/HUD/VerticalUIRoot/VerticalSafeAreaRoot/ContentSlot/Dimension1Panel/GalaxyPanel/D1_GalaxyVisualRoot/CommandCenterBack	Canvas/HUD/VerticalUIRoot/VerticalSafeAreaRoot/ContentSlot/Dimension1Panel/GalaxyPanel/D1_GalaxyVisualRoot/CommandCenterBack
17_outer_rim_selected	1080	1920	Canvas/HUD/VerticalUIRoot/VerticalSafeAreaRoot/ContentSlot/Dimension1Panel/GalaxyPanel/D1_GalaxyVisualRoot/CommandCenterBack	4	164.80	1798.00	OK	Canvas/HUD/VerticalUIRoot/VerticalSafeAreaRoot/ContentSlot/Dimension1Panel/GalaxyPanel/D1_GalaxyVisualRoot/CommandCenterBack	Canvas/HUD/VerticalUIRoot/VerticalSafeAreaRoot/ContentSlot/Dimension1Panel/GalaxyPanel/D1_GalaxyVisualRoot/CommandCenterBack
17_outer_rim_selected	1080	1920	Canvas/HUD/VerticalUIRoot/VerticalSafeAreaRoot/ContentSlot/Dimension1Panel/GalaxyPanel/D1_GalaxyVisualRoot/FullBleedGalaxyMap/Sector03	0	220.12	1186.27	OK	Canvas/HUD/VerticalUIRoot/VerticalSafeAreaRoot/ContentSlot/Dimension1Panel/GalaxyPanel/D1_GalaxyVisualRoot/FullBleedGalaxyMap/Sector03	Canvas/HUD/VerticalUIRoot/VerticalSafeAreaRoot/ContentSlot/Dimension1Panel/GalaxyPanel/D1_GalaxyVisualRoot/FullBleedGalaxyMap/Sector03
17_outer_rim_selected	1080	1920	Canvas/HUD/VerticalUIRoot/VerticalSafeAreaRoot/ContentSlot/Dimension1Panel/GalaxyPanel/D1_GalaxyVisualRoot/FullBleedGalaxyMap/Sector03	1	151.12	1126.87	OK	Canvas/HUD/VerticalUIRoot/VerticalSafeAreaRoot/ContentSlot/Dimension1Panel/GalaxyPanel/D1_GalaxyVisualRoot/FullBleedGalaxyMap/Sector03	Canvas/HUD/VerticalUIRoot/VerticalSafeAreaRoot/ContentSlot/Dimension1Panel/GalaxyPanel/D1_GalaxyVisualRoot/FullBleedGalaxyMap/Sector03
17_outer_rim_selected	1080	1920	Canvas/HUD/VerticalUIRoot/VerticalSafeAreaRoot/ContentSlot/Dimension1Panel/GalaxyPanel/D1_GalaxyVisualRoot/FullBleedGalaxyMap/Sector03	2	289.12	1126.87	OK	Canvas/HUD/VerticalUIRoot/VerticalSafeAreaRoot/ContentSlot/Dimension1Panel/GalaxyPanel/D1_GalaxyVisualRoot/FullBleedGalaxyMap/Sector03	Canvas/HUD/VerticalUIRoot/VerticalSafeAreaRoot/ContentSlot/Dimension1Panel/GalaxyPanel/D1_GalaxyVisualRoot/FullBleedGalaxyMap/Sector03
17_outer_rim_selected	1080	1920	Canvas/HUD/VerticalUIRoot/VerticalSafeAreaRoot/ContentSlot/Dimension1Panel/GalaxyPanel/D1_GalaxyVisualRoot/FullBleedGalaxyMap/Sector03	3	151.12	1245.67	OK	Canvas/HUD/VerticalUIRoot/VerticalSafeAreaRoot/ContentSlot/Dimension1Panel/GalaxyPanel/D1_GalaxyVisualRoot/FullBleedGalaxyMap/Sector03	Canvas/HUD/VerticalUIRoot/VerticalSafeAreaRoot/ContentSlot/Dimension1Panel/GalaxyPanel/D1_GalaxyVisualRoot/FullBleedGalaxyMap/Sector03
17_outer_rim_selected	1080	1920	Canvas/HUD/VerticalUIRoot/VerticalSafeAreaRoot/ContentSlot/Dimension1Panel/GalaxyPanel/D1_GalaxyVisualRoot/FullBleedGalaxyMap/Sector03	4	289.12	1245.67	OK	Canvas/HUD/VerticalUIRoot/VerticalSafeAreaRoot/ContentSlot/Dimension1Panel/GalaxyPanel/D1_GalaxyVisualRoot/FullBleedGalaxyMap/Sector03	Canvas/HUD/VerticalUIRoot/VerticalSafeAreaRoot/ContentSlot/Dimension1Panel/GalaxyPanel/D1_GalaxyVisualRoot/FullBleedGalaxyMap/Sector03
17_outer_rim_selected	1080	1920	Canvas/HUD/VerticalUIRoot/VerticalSafeAreaRoot/ContentSlot/Dimension1Panel/GalaxyPanel/D1_GalaxyVisualRoot/D1BottomNavigation/ÁRBOLButton	0	951.00	110.00	OK	Canvas/HUD/VerticalUIRoot/VerticalSafeAreaRoot/ContentSlot/Dimension1Panel/GalaxyPanel/D1_GalaxyVisualRoot/D1BottomNavigation/ÁRBOLButton	Canvas/HUD/VerticalUIRoot/VerticalSafeAreaRoot/ContentSlot/Dimension1Panel/GalaxyPanel/D1_GalaxyVisualRoot/D1BottomNavigation/ÁRBOLButton
17_outer_rim_selected	1080	1920	Canvas/HUD/VerticalUIRoot/VerticalSafeAreaRoot/ContentSlot/Dimension1Panel/GalaxyPanel/D1_GalaxyVisualRoot/D1BottomNavigation/ÁRBOLButton	1	891.60	57.20	OK	Canvas/HUD/VerticalUIRoot/VerticalSafeAreaRoot/ContentSlot/Dimension1Panel/GalaxyPanel/D1_GalaxyVisualRoot/D1BottomNavigation/ÁRBOLButton	Canvas/HUD/VerticalUIRoot/VerticalSafeAreaRoot/ContentSlot/Dimension1Panel/GalaxyPanel/D1_GalaxyVisualRoot/D1BottomNavigation/ÁRBOLButton
17_outer_rim_selected	1080	1920	Canvas/HUD/VerticalUIRoot/VerticalSafeAreaRoot/ContentSlot/Dimension1Panel/GalaxyPanel/D1_GalaxyVisualRoot/D1BottomNavigation/ÁRBOLButton	2	1010.40	57.20	OK	Canvas/HUD/VerticalUIRoot/VerticalSafeAreaRoot/ContentSlot/Dimension1Panel/GalaxyPanel/D1_GalaxyVisualRoot/D1BottomNavigation/ÁRBOLButton	Canvas/HUD/VerticalUIRoot/VerticalSafeAreaRoot/ContentSlot/Dimension1Panel/GalaxyPanel/D1_GalaxyVisualRoot/D1BottomNavigation/ÁRBOLButton
17_outer_rim_selected	1080	1920	Canvas/HUD/VerticalUIRoot/VerticalSafeAreaRoot/ContentSlot/Dimension1Panel/GalaxyPanel/D1_GalaxyVisualRoot/D1BottomNavigation/ÁRBOLButton	3	891.60	162.80	OK	Canvas/HUD/VerticalUIRoot/VerticalSafeAreaRoot/ContentSlot/Dimension1Panel/GalaxyPanel/D1_GalaxyVisualRoot/D1BottomNavigation/ÁRBOLButton	Canvas/HUD/VerticalUIRoot/VerticalSafeAreaRoot/ContentSlot/Dimension1Panel/GalaxyPanel/D1_GalaxyVisualRoot/D1BottomNavigation/ÁRBOLButton
17_outer_rim_selected	1080	1920	Canvas/HUD/VerticalUIRoot/VerticalSafeAreaRoot/ContentSlot/Dimension1Panel/GalaxyPanel/D1_GalaxyVisualRoot/D1BottomNavigation/ÁRBOLButton	4	1010.40	162.80	OK	Canvas/HUD/VerticalUIRoot/VerticalSafeAreaRoot/ContentSlot/Dimension1Panel/GalaxyPanel/D1_GalaxyVisualRoot/D1BottomNavigation/ÁRBOLButton	Canvas/HUD/VerticalUIRoot/VerticalSafeAreaRoot/ContentSlot/Dimension1Panel/GalaxyPanel/D1_GalaxyVisualRoot/D1BottomNavigation/ÁRBOLButton
17_outer_rim_selected	1080	1920	Canvas/HUD/VerticalUIRoot/VerticalSafeAreaRoot/ContentSlot/Dimension1Panel/GalaxyPanel/D1_GalaxyVisualRoot/FullBleedGalaxyMap/Sector01	0	688.33	1048.83	OK	Canvas/HUD/VerticalUIRoot/VerticalSafeAreaRoot/ContentSlot/Dimension1Panel/GalaxyPanel/D1_GalaxyVisualRoot/FullBleedGalaxyMap/Sector01	Canvas/HUD/VerticalUIRoot/VerticalSafeAreaRoot/ContentSlot/Dimension1Panel/GalaxyPanel/D1_GalaxyVisualRoot/FullBleedGalaxyMap/Sector01
17_outer_rim_selected	1080	1920	Canvas/HUD/VerticalUIRoot/VerticalSafeAreaRoot/ContentSlot/Dimension1Panel/GalaxyPanel/D1_GalaxyVisualRoot/FullBleedGalaxyMap/Sector01	1	619.33	989.43	OK	Canvas/HUD/VerticalUIRoot/VerticalSafeAreaRoot/ContentSlot/Dimension1Panel/GalaxyPanel/D1_GalaxyVisualRoot/FullBleedGalaxyMap/Sector01	Canvas/HUD/VerticalUIRoot/VerticalSafeAreaRoot/ContentSlot/Dimension1Panel/GalaxyPanel/D1_GalaxyVisualRoot/FullBleedGalaxyMap/Sector01
17_outer_rim_selected	1080	1920	Canvas/HUD/VerticalUIRoot/VerticalSafeAreaRoot/ContentSlot/Dimension1Panel/GalaxyPanel/D1_GalaxyVisualRoot/FullBleedGalaxyMap/Sector01	2	757.33	989.43	OK	Canvas/HUD/VerticalUIRoot/VerticalSafeAreaRoot/ContentSlot/Dimension1Panel/GalaxyPanel/D1_GalaxyVisualRoot/FullBleedGalaxyMap/Sector01	Canvas/HUD/VerticalUIRoot/VerticalSafeAreaRoot/ContentSlot/Dimension1Panel/GalaxyPanel/D1_GalaxyVisualRoot/FullBleedGalaxyMap/Sector01
17_outer_rim_selected	1080	1920	Canvas/HUD/VerticalUIRoot/VerticalSafeAreaRoot/ContentSlot/Dimension1Panel/GalaxyPanel/D1_GalaxyVisualRoot/FullBleedGalaxyMap/Sector01	3	619.33	1108.23	OK	Canvas/HUD/VerticalUIRoot/VerticalSafeAreaRoot/ContentSlot/Dimension1Panel/GalaxyPanel/D1_GalaxyVisualRoot/FullBleedGalaxyMap/Sector01	Canvas/HUD/VerticalUIRoot/VerticalSafeAreaRoot/ContentSlot/Dimension1Panel/GalaxyPanel/D1_GalaxyVisualRoot/FullBleedGalaxyMap/Sector01
17_outer_rim_selected	1080	1920	Canvas/HUD/VerticalUIRoot/VerticalSafeAreaRoot/ContentSlot/Dimension1Panel/GalaxyPanel/D1_GalaxyVisualRoot/FullBleedGalaxyMap/Sector01	4	757.33	1108.23	OK	Canvas/HUD/VerticalUIRoot/VerticalSafeAreaRoot/ContentSlot/Dimension1Panel/GalaxyPanel/D1_GalaxyVisualRoot/FullBleedGalaxyMap/Sector01	Canvas/HUD/VerticalUIRoot/VerticalSafeAreaRoot/ContentSlot/Dimension1Panel/GalaxyPanel/D1_GalaxyVisualRoot/FullBleedGalaxyMap/Sector01
17_outer_rim_selected	1080	1920	Canvas/HUD/VerticalUIRoot/VerticalSafeAreaRoot/ContentSlot/Dimension1Panel/GalaxyPanel/D1_GalaxyVisualRoot/FullBleedGalaxyMap/Planet07Node	0	159.47	650.99	OK	Canvas/HUD/VerticalUIRoot/VerticalSafeAreaRoot/ContentSlot/Dimension1Panel/GalaxyPanel/D1_GalaxyVisualRoot/FullBleedGalaxyMap/Planet07Node	Canvas/HUD/VerticalUIRoot/VerticalSafeAreaRoot/ContentSlot/Dimension1Panel/GalaxyPanel/D1_GalaxyVisualRoot/FullBleedGalaxyMap/Planet07Node
17_outer_rim_selected	1080	1920	Canvas/HUD/VerticalUIRoot/VerticalSafeAreaRoot/ContentSlot/Dimension1Panel/GalaxyPanel/D1_GalaxyVisualRoot/FullBleedGalaxyMap/Planet07Node	1	90.47	596.99	OK	Canvas/HUD/VerticalUIRoot/VerticalSafeAreaRoot/ContentSlot/Dimension1Panel/GalaxyPanel/D1_GalaxyVisualRoot/FullBleedGalaxyMap/Planet07Node	Canvas/HUD/VerticalUIRoot/VerticalSafeAreaRoot/ContentSlot/Dimension1Panel/GalaxyPanel/D1_GalaxyVisualRoot/FullBleedGalaxyMap/Planet07Node
17_outer_rim_selected	1080	1920	Canvas/HUD/VerticalUIRoot/VerticalSafeAreaRoot/ContentSlot/Dimension1Panel/GalaxyPanel/D1_GalaxyVisualRoot/FullBleedGalaxyMap/Planet07Node	2	228.47	596.99	OK	Canvas/HUD/VerticalUIRoot/VerticalSafeAreaRoot/ContentSlot/Dimension1Panel/GalaxyPanel/D1_GalaxyVisualRoot/FullBleedGalaxyMap/Planet07Node	Canvas/HUD/VerticalUIRoot/VerticalSafeAreaRoot/ContentSlot/Dimension1Panel/GalaxyPanel/D1_GalaxyVisualRoot/FullBleedGalaxyMap/Planet07Node
17_outer_rim_selected	1080	1920	Canvas/HUD/VerticalUIRoot/VerticalSafeAreaRoot/ContentSlot/Dimension1Panel/GalaxyPanel/D1_GalaxyVisualRoot/FullBleedGalaxyMap/Planet07Node	3	90.47	704.99	OK	Canvas/HUD/VerticalUIRoot/VerticalSafeAreaRoot/ContentSlot/Dimension1Panel/GalaxyPanel/D1_GalaxyVisualRoot/FullBleedGalaxyMap/Planet07Node	Canvas/HUD/VerticalUIRoot/VerticalSafeAreaRoot/ContentSlot/Dimension1Panel/GalaxyPanel/D1_GalaxyVisualRoot/FullBleedGalaxyMap/Planet07Node
17_outer_rim_selected	1080	1920	Canvas/HUD/VerticalUIRoot/VerticalSafeAreaRoot/ContentSlot/Dimension1Panel/GalaxyPanel/D1_GalaxyVisualRoot/FullBleedGalaxyMap/Planet07Node	4	228.47	704.99	OK	Canvas/HUD/VerticalUIRoot/VerticalSafeAreaRoot/ContentSlot/Dimension1Panel/GalaxyPanel/D1_GalaxyVisualRoot/FullBleedGalaxyMap/Planet07Node	Canvas/HUD/VerticalUIRoot/VerticalSafeAreaRoot/ContentSlot/Dimension1Panel/GalaxyPanel/D1_GalaxyVisualRoot/FullBleedGalaxyMap/Planet07Node
17_outer_rim_selected	1080	1920	Canvas/HUD/VerticalUIRoot/VerticalSafeAreaRoot/ContentSlot/Dimension1Panel/GalaxyPanel/D1_GalaxyVisualRoot/FullBleedGalaxyMap/GalacticCenter	0	540.00	1008.00	OK	Canvas/HUD/VerticalUIRoot/VerticalSafeAreaRoot/ContentSlot/Dimension1Panel/GalaxyPanel/D1_GalaxyVisualRoot/FullBleedGalaxyMap/GalacticCenter	Canvas/HUD/VerticalUIRoot/VerticalSafeAreaRoot/ContentSlot/Dimension1Panel/GalaxyPanel/D1_GalaxyVisualRoot/FullBleedGalaxyMap/GalacticCenter
17_outer_rim_selected	1080	1920	Canvas/HUD/VerticalUIRoot/VerticalSafeAreaRoot/ContentSlot/Dimension1Panel/GalaxyPanel/D1_GalaxyVisualRoot/FullBleedGalaxyMap/GalacticCenter	1	405.00	876.00	INTERCEPTED	Canvas/HUD/VerticalUIRoot/VerticalSafeAreaRoot/ContentSlot/Dimension1Panel/GalaxyPanel/D1_GalaxyVisualRoot/FullBleedGalaxyMap/Planet02Node	Canvas/HUD/VerticalUIRoot/VerticalSafeAreaRoot/ContentSlot/Dimension1Panel/GalaxyPanel/D1_GalaxyVisualRoot/FullBleedGalaxyMap/Planet02Node
17_outer_rim_selected	1080	1920	Canvas/HUD/VerticalUIRoot/VerticalSafeAreaRoot/ContentSlot/Dimension1Panel/GalaxyPanel/D1_GalaxyVisualRoot/FullBleedGalaxyMap/GalacticCenter	2	675.00	876.00	OK	Canvas/HUD/VerticalUIRoot/VerticalSafeAreaRoot/ContentSlot/Dimension1Panel/GalaxyPanel/D1_GalaxyVisualRoot/FullBleedGalaxyMap/GalacticCenter	Canvas/HUD/VerticalUIRoot/VerticalSafeAreaRoot/ContentSlot/Dimension1Panel/GalaxyPanel/D1_GalaxyVisualRoot/FullBleedGalaxyMap/GalacticCenter
17_outer_rim_selected	1080	1920	Canvas/HUD/VerticalUIRoot/VerticalSafeAreaRoot/ContentSlot/Dimension1Panel/GalaxyPanel/D1_GalaxyVisualRoot/FullBleedGalaxyMap/GalacticCenter	3	405.00	1140.00	OK	Canvas/HUD/VerticalUIRoot/VerticalSafeAreaRoot/ContentSlot/Dimension1Panel/GalaxyPanel/D1_GalaxyVisualRoot/FullBleedGalaxyMap/GalacticCenter	Canvas/HUD/VerticalUIRoot/VerticalSafeAreaRoot/ContentSlot/Dimension1Panel/GalaxyPanel/D1_GalaxyVisualRoot/FullBleedGalaxyMap/GalacticCenter
17_outer_rim_selected	1080	1920	Canvas/HUD/VerticalUIRoot/VerticalSafeAreaRoot/ContentSlot/Dimension1Panel/GalaxyPanel/D1_GalaxyVisualRoot/FullBleedGalaxyMap/GalacticCenter	4	675.00	1140.00	INTERCEPTED	Canvas/HUD/VerticalUIRoot/VerticalSafeAreaRoot/ContentSlot/Dimension1Panel/GalaxyPanel/D1_GalaxyVisualRoot/FullBleedGalaxyMap/Sector01	Canvas/HUD/VerticalUIRoot/VerticalSafeAreaRoot/ContentSlot/Dimension1Panel/GalaxyPanel/D1_GalaxyVisualRoot/FullBleedGalaxyMap/Sector01
17_outer_rim_selected	1080	1920	Canvas/HUD/VerticalUIRoot/VerticalSafeAreaRoot/ContentSlot/Dimension1Panel/GalaxyPanel/D1_GalaxyVisualRoot/D1BottomNavigation/EXPLORARButton	0	330.00	110.00	OK	Canvas/HUD/VerticalUIRoot/VerticalSafeAreaRoot/ContentSlot/Dimension1Panel/GalaxyPanel/D1_GalaxyVisualRoot/D1BottomNavigation/EXPLORARButton	Canvas/HUD/VerticalUIRoot/VerticalSafeAreaRoot/ContentSlot/Dimension1Panel/GalaxyPanel/D1_GalaxyVisualRoot/D1BottomNavigation/EXPLORARButton
17_outer_rim_selected	1080	1920	Canvas/HUD/VerticalUIRoot/VerticalSafeAreaRoot/ContentSlot/Dimension1Panel/GalaxyPanel/D1_GalaxyVisualRoot/D1BottomNavigation/EXPLORARButton	1	270.60	57.20	OK	Canvas/HUD/VerticalUIRoot/VerticalSafeAreaRoot/ContentSlot/Dimension1Panel/GalaxyPanel/D1_GalaxyVisualRoot/D1BottomNavigation/EXPLORARButton	Canvas/HUD/VerticalUIRoot/VerticalSafeAreaRoot/ContentSlot/Dimension1Panel/GalaxyPanel/D1_GalaxyVisualRoot/D1BottomNavigation/EXPLORARButton
17_outer_rim_selected	1080	1920	Canvas/HUD/VerticalUIRoot/VerticalSafeAreaRoot/ContentSlot/Dimension1Panel/GalaxyPanel/D1_GalaxyVisualRoot/D1BottomNavigation/EXPLORARButton	2	389.40	57.20	OK	Canvas/HUD/VerticalUIRoot/VerticalSafeAreaRoot/ContentSlot/Dimension1Panel/GalaxyPanel/D1_GalaxyVisualRoot/D1BottomNavigation/EXPLORARButton	Canvas/HUD/VerticalUIRoot/VerticalSafeAreaRoot/ContentSlot/Dimension1Panel/GalaxyPanel/D1_GalaxyVisualRoot/D1BottomNavigation/EXPLORARButton
17_outer_rim_selected	1080	1920	Canvas/HUD/VerticalUIRoot/VerticalSafeAreaRoot/ContentSlot/Dimension1Panel/GalaxyPanel/D1_GalaxyVisualRoot/D1BottomNavigation/EXPLORARButton	3	270.60	162.80	OK	Canvas/HUD/VerticalUIRoot/VerticalSafeAreaRoot/ContentSlot/Dimension1Panel/GalaxyPanel/D1_GalaxyVisualRoot/D1BottomNavigation/EXPLORARButton	Canvas/HUD/VerticalUIRoot/VerticalSafeAreaRoot/ContentSlot/Dimension1Panel/GalaxyPanel/D1_GalaxyVisualRoot/D1BottomNavigation/EXPLORARButton
17_outer_rim_selected	1080	1920	Canvas/HUD/VerticalUIRoot/VerticalSafeAreaRoot/ContentSlot/Dimension1Panel/GalaxyPanel/D1_GalaxyVisualRoot/D1BottomNavigation/EXPLORARButton	4	389.40	162.80	OK	Canvas/HUD/VerticalUIRoot/VerticalSafeAreaRoot/ContentSlot/Dimension1Panel/GalaxyPanel/D1_GalaxyVisualRoot/D1BottomNavigation/EXPLORARButton	Canvas/HUD/VerticalUIRoot/VerticalSafeAreaRoot/ContentSlot/Dimension1Panel/GalaxyPanel/D1_GalaxyVisualRoot/D1BottomNavigation/EXPLORARButton
17_outer_rim_selected	1080	1920	Canvas/HUD/VerticalUIRoot/VerticalSafeAreaRoot/ContentSlot/Dimension1Panel/GalaxyPanel/D1_GalaxyVisualRoot/FullBleedGalaxyMap/Sector04	0	871.32	631.06	OK	Canvas/HUD/VerticalUIRoot/VerticalSafeAreaRoot/ContentSlot/Dimension1Panel/GalaxyPanel/D1_GalaxyVisualRoot/FullBleedGalaxyMap/Sector04	Canvas/HUD/VerticalUIRoot/VerticalSafeAreaRoot/ContentSlot/Dimension1Panel/GalaxyPanel/D1_GalaxyVisualRoot/FullBleedGalaxyMap/Sector04
17_outer_rim_selected	1080	1920	Canvas/HUD/VerticalUIRoot/VerticalSafeAreaRoot/ContentSlot/Dimension1Panel/GalaxyPanel/D1_GalaxyVisualRoot/FullBleedGalaxyMap/Sector04	1	802.32	575.26	OK	Canvas/HUD/VerticalUIRoot/VerticalSafeAreaRoot/ContentSlot/Dimension1Panel/GalaxyPanel/D1_GalaxyVisualRoot/FullBleedGalaxyMap/Sector04	Canvas/HUD/VerticalUIRoot/VerticalSafeAreaRoot/ContentSlot/Dimension1Panel/GalaxyPanel/D1_GalaxyVisualRoot/FullBleedGalaxyMap/Sector04
17_outer_rim_selected	1080	1920	Canvas/HUD/VerticalUIRoot/VerticalSafeAreaRoot/ContentSlot/Dimension1Panel/GalaxyPanel/D1_GalaxyVisualRoot/FullBleedGalaxyMap/Sector04	2	940.32	575.26	OK	Canvas/HUD/VerticalUIRoot/VerticalSafeAreaRoot/ContentSlot/Dimension1Panel/GalaxyPanel/D1_GalaxyVisualRoot/FullBleedGalaxyMap/Sector04	Canvas/HUD/VerticalUIRoot/VerticalSafeAreaRoot/ContentSlot/Dimension1Panel/GalaxyPanel/D1_GalaxyVisualRoot/FullBleedGalaxyMap/Sector04
17_outer_rim_selected	1080	1920	Canvas/HUD/VerticalUIRoot/VerticalSafeAreaRoot/ContentSlot/Dimension1Panel/GalaxyPanel/D1_GalaxyVisualRoot/FullBleedGalaxyMap/Sector04	3	802.32	686.86	OK	Canvas/HUD/VerticalUIRoot/VerticalSafeAreaRoot/ContentSlot/Dimension1Panel/GalaxyPanel/D1_GalaxyVisualRoot/FullBleedGalaxyMap/Sector04	Canvas/HUD/VerticalUIRoot/VerticalSafeAreaRoot/ContentSlot/Dimension1Panel/GalaxyPanel/D1_GalaxyVisualRoot/FullBleedGalaxyMap/Sector04
17_outer_rim_selected	1080	1920	Canvas/HUD/VerticalUIRoot/VerticalSafeAreaRoot/ContentSlot/Dimension1Panel/GalaxyPanel/D1_GalaxyVisualRoot/FullBleedGalaxyMap/Sector04	4	940.32	686.86	OK	Canvas/HUD/VerticalUIRoot/VerticalSafeAreaRoot/ContentSlot/Dimension1Panel/GalaxyPanel/D1_GalaxyVisualRoot/FullBleedGalaxyMap/Sector04	Canvas/HUD/VerticalUIRoot/VerticalSafeAreaRoot/ContentSlot/Dimension1Panel/GalaxyPanel/D1_GalaxyVisualRoot/FullBleedGalaxyMap/Sector04
17_outer_rim_selected	1080	1920	Canvas/HUD/VerticalUIRoot/VerticalSafeAreaRoot/ContentSlot/Dimension1Panel/GalaxyPanel/D1_GalaxyVisualRoot/D1BottomNavigation/RELIQUIASButton	0	744.00	110.00	OK	Canvas/HUD/VerticalUIRoot/VerticalSafeAreaRoot/ContentSlot/Dimension1Panel/GalaxyPanel/D1_GalaxyVisualRoot/D1BottomNavigation/RELIQUIASButton	Canvas/HUD/VerticalUIRoot/VerticalSafeAreaRoot/ContentSlot/Dimension1Panel/GalaxyPanel/D1_GalaxyVisualRoot/D1BottomNavigation/RELIQUIASButton
17_outer_rim_selected	1080	1920	Canvas/HUD/VerticalUIRoot/VerticalSafeAreaRoot/ContentSlot/Dimension1Panel/GalaxyPanel/D1_GalaxyVisualRoot/D1BottomNavigation/RELIQUIASButton	1	684.60	57.20	OK	Canvas/HUD/VerticalUIRoot/VerticalSafeAreaRoot/ContentSlot/Dimension1Panel/GalaxyPanel/D1_GalaxyVisualRoot/D1BottomNavigation/RELIQUIASButton	Canvas/HUD/VerticalUIRoot/VerticalSafeAreaRoot/ContentSlot/Dimension1Panel/GalaxyPanel/D1_GalaxyVisualRoot/D1BottomNavigation/RELIQUIASButton
17_outer_rim_selected	1080	1920	Canvas/HUD/VerticalUIRoot/VerticalSafeAreaRoot/ContentSlot/Dimension1Panel/GalaxyPanel/D1_GalaxyVisualRoot/D1BottomNavigation/RELIQUIASButton	2	803.40	57.20	OK	Canvas/HUD/VerticalUIRoot/VerticalSafeAreaRoot/ContentSlot/Dimension1Panel/GalaxyPanel/D1_GalaxyVisualRoot/D1BottomNavigation/RELIQUIASButton	Canvas/HUD/VerticalUIRoot/VerticalSafeAreaRoot/ContentSlot/Dimension1Panel/GalaxyPanel/D1_GalaxyVisualRoot/D1BottomNavigation/RELIQUIASButton
17_outer_rim_selected	1080	1920	Canvas/HUD/VerticalUIRoot/VerticalSafeAreaRoot/ContentSlot/Dimension1Panel/GalaxyPanel/D1_GalaxyVisualRoot/D1BottomNavigation/RELIQUIASButton	3	684.60	162.80	OK	Canvas/HUD/VerticalUIRoot/VerticalSafeAreaRoot/ContentSlot/Dimension1Panel/GalaxyPanel/D1_GalaxyVisualRoot/D1BottomNavigation/RELIQUIASButton	Canvas/HUD/VerticalUIRoot/VerticalSafeAreaRoot/ContentSlot/Dimension1Panel/GalaxyPanel/D1_GalaxyVisualRoot/D1BottomNavigation/RELIQUIASButton
17_outer_rim_selected	1080	1920	Canvas/HUD/VerticalUIRoot/VerticalSafeAreaRoot/ContentSlot/Dimension1Panel/GalaxyPanel/D1_GalaxyVisualRoot/D1BottomNavigation/RELIQUIASButton	4	803.40	162.80	OK	Canvas/HUD/VerticalUIRoot/VerticalSafeAreaRoot/ContentSlot/Dimension1Panel/GalaxyPanel/D1_GalaxyVisualRoot/D1BottomNavigation/RELIQUIASButton	Canvas/HUD/VerticalUIRoot/VerticalSafeAreaRoot/ContentSlot/Dimension1Panel/GalaxyPanel/D1_GalaxyVisualRoot/D1BottomNavigation/RELIQUIASButton
17_outer_rim_selected	1080	1920	Canvas/HUD/VerticalUIRoot/VerticalSafeAreaRoot/ContentSlot/Dimension1Panel/GalaxyPanel/D1_GalaxyVisualRoot/D1BottomNavigation/HANGARButton	0	537.00	110.00	OK	Canvas/HUD/VerticalUIRoot/VerticalSafeAreaRoot/ContentSlot/Dimension1Panel/GalaxyPanel/D1_GalaxyVisualRoot/D1BottomNavigation/HANGARButton	Canvas/HUD/VerticalUIRoot/VerticalSafeAreaRoot/ContentSlot/Dimension1Panel/GalaxyPanel/D1_GalaxyVisualRoot/D1BottomNavigation/HANGARButton
17_outer_rim_selected	1080	1920	Canvas/HUD/VerticalUIRoot/VerticalSafeAreaRoot/ContentSlot/Dimension1Panel/GalaxyPanel/D1_GalaxyVisualRoot/D1BottomNavigation/HANGARButton	1	477.60	57.20	OK	Canvas/HUD/VerticalUIRoot/VerticalSafeAreaRoot/ContentSlot/Dimension1Panel/GalaxyPanel/D1_GalaxyVisualRoot/D1BottomNavigation/HANGARButton	Canvas/HUD/VerticalUIRoot/VerticalSafeAreaRoot/ContentSlot/Dimension1Panel/GalaxyPanel/D1_GalaxyVisualRoot/D1BottomNavigation/HANGARButton
17_outer_rim_selected	1080	1920	Canvas/HUD/VerticalUIRoot/VerticalSafeAreaRoot/ContentSlot/Dimension1Panel/GalaxyPanel/D1_GalaxyVisualRoot/D1BottomNavigation/HANGARButton	2	596.40	57.20	OK	Canvas/HUD/VerticalUIRoot/VerticalSafeAreaRoot/ContentSlot/Dimension1Panel/GalaxyPanel/D1_GalaxyVisualRoot/D1BottomNavigation/HANGARButton	Canvas/HUD/VerticalUIRoot/VerticalSafeAreaRoot/ContentSlot/Dimension1Panel/GalaxyPanel/D1_GalaxyVisualRoot/D1BottomNavigation/HANGARButton
17_outer_rim_selected	1080	1920	Canvas/HUD/VerticalUIRoot/VerticalSafeAreaRoot/ContentSlot/Dimension1Panel/GalaxyPanel/D1_GalaxyVisualRoot/D1BottomNavigation/HANGARButton	3	477.60	162.80	OK	Canvas/HUD/VerticalUIRoot/VerticalSafeAreaRoot/ContentSlot/Dimension1Panel/GalaxyPanel/D1_GalaxyVisualRoot/D1BottomNavigation/HANGARButton	Canvas/HUD/VerticalUIRoot/VerticalSafeAreaRoot/ContentSlot/Dimension1Panel/GalaxyPanel/D1_GalaxyVisualRoot/D1BottomNavigation/HANGARButton
17_outer_rim_selected	1080	1920	Canvas/HUD/VerticalUIRoot/VerticalSafeAreaRoot/ContentSlot/Dimension1Panel/GalaxyPanel/D1_GalaxyVisualRoot/D1BottomNavigation/HANGARButton	4	596.40	162.80	OK	Canvas/HUD/VerticalUIRoot/VerticalSafeAreaRoot/ContentSlot/Dimension1Panel/GalaxyPanel/D1_GalaxyVisualRoot/D1BottomNavigation/HANGARButton	Canvas/HUD/VerticalUIRoot/VerticalSafeAreaRoot/ContentSlot/Dimension1Panel/GalaxyPanel/D1_GalaxyVisualRoot/D1BottomNavigation/HANGARButton
17_outer_rim_selected	1080	1920	Canvas/HUD/VerticalUIRoot/VerticalSafeAreaRoot/ContentSlot/Dimension1Panel/GalaxyPanel/D1_GalaxyVisualRoot/FullBleedGalaxyMap/Planet05Node	0	727.23	1242.36	OK	Canvas/HUD/VerticalUIRoot/VerticalSafeAreaRoot/ContentSlot/Dimension1Panel/GalaxyPanel/D1_GalaxyVisualRoot/FullBleedGalaxyMap/Planet05Node	Canvas/HUD/VerticalUIRoot/VerticalSafeAreaRoot/ContentSlot/Dimension1Panel/GalaxyPanel/D1_GalaxyVisualRoot/FullBleedGalaxyMap/Planet05Node
17_outer_rim_selected	1080	1920	Canvas/HUD/VerticalUIRoot/VerticalSafeAreaRoot/ContentSlot/Dimension1Panel/GalaxyPanel/D1_GalaxyVisualRoot/FullBleedGalaxyMap/Planet05Node	1	658.23	1185.36	OK	Canvas/HUD/VerticalUIRoot/VerticalSafeAreaRoot/ContentSlot/Dimension1Panel/GalaxyPanel/D1_GalaxyVisualRoot/FullBleedGalaxyMap/Planet05Node	Canvas/HUD/VerticalUIRoot/VerticalSafeAreaRoot/ContentSlot/Dimension1Panel/GalaxyPanel/D1_GalaxyVisualRoot/FullBleedGalaxyMap/Planet05Node
17_outer_rim_selected	1080	1920	Canvas/HUD/VerticalUIRoot/VerticalSafeAreaRoot/ContentSlot/Dimension1Panel/GalaxyPanel/D1_GalaxyVisualRoot/FullBleedGalaxyMap/Planet05Node	2	796.23	1185.36	OK	Canvas/HUD/VerticalUIRoot/VerticalSafeAreaRoot/ContentSlot/Dimension1Panel/GalaxyPanel/D1_GalaxyVisualRoot/FullBleedGalaxyMap/Planet05Node	Canvas/HUD/VerticalUIRoot/VerticalSafeAreaRoot/ContentSlot/Dimension1Panel/GalaxyPanel/D1_GalaxyVisualRoot/FullBleedGalaxyMap/Planet05Node
17_outer_rim_selected	1080	1920	Canvas/HUD/VerticalUIRoot/VerticalSafeAreaRoot/ContentSlot/Dimension1Panel/GalaxyPanel/D1_GalaxyVisualRoot/FullBleedGalaxyMap/Planet05Node	3	658.23	1299.36	OK	Canvas/HUD/VerticalUIRoot/VerticalSafeAreaRoot/ContentSlot/Dimension1Panel/GalaxyPanel/D1_GalaxyVisualRoot/FullBleedGalaxyMap/Planet05Node	Canvas/HUD/VerticalUIRoot/VerticalSafeAreaRoot/ContentSlot/Dimension1Panel/GalaxyPanel/D1_GalaxyVisualRoot/FullBleedGalaxyMap/Planet05Node
17_outer_rim_selected	1080	1920	Canvas/HUD/VerticalUIRoot/VerticalSafeAreaRoot/ContentSlot/Dimension1Panel/GalaxyPanel/D1_GalaxyVisualRoot/FullBleedGalaxyMap/Planet05Node	4	796.23	1299.36	OK	Canvas/HUD/VerticalUIRoot/VerticalSafeAreaRoot/ContentSlot/Dimension1Panel/GalaxyPanel/D1_GalaxyVisualRoot/FullBleedGalaxyMap/Planet05Node	Canvas/HUD/VerticalUIRoot/VerticalSafeAreaRoot/ContentSlot/Dimension1Panel/GalaxyPanel/D1_GalaxyVisualRoot/FullBleedGalaxyMap/Planet05Node
17_outer_rim	1080	1920	Canvas/HUD/VerticalUIRoot/VerticalSafeAreaRoot/ContentSlot/Dimension1Panel/D1_OuterRimDetailVisualRoot/AllMetals	0	921.50	1768.00	OK	Canvas/HUD/VerticalUIRoot/VerticalSafeAreaRoot/ContentSlot/Dimension1Panel/D1_OuterRimDetailVisualRoot/AllMetals	Canvas/HUD/VerticalUIRoot/VerticalSafeAreaRoot/ContentSlot/Dimension1Panel/D1_OuterRimDetailVisualRoot/AllMetals
17_outer_rim	1080	1920	Canvas/HUD/VerticalUIRoot/VerticalSafeAreaRoot/ContentSlot/Dimension1Panel/D1_OuterRimDetailVisualRoot/AllMetals	1	848.00	1738.00	OK	Canvas/HUD/VerticalUIRoot/VerticalSafeAreaRoot/ContentSlot/Dimension1Panel/D1_OuterRimDetailVisualRoot/AllMetals	Canvas/HUD/VerticalUIRoot/VerticalSafeAreaRoot/ContentSlot/Dimension1Panel/D1_OuterRimDetailVisualRoot/AllMetals
17_outer_rim	1080	1920	Canvas/HUD/VerticalUIRoot/VerticalSafeAreaRoot/ContentSlot/Dimension1Panel/D1_OuterRimDetailVisualRoot/AllMetals	2	995.00	1738.00	OK	Canvas/HUD/VerticalUIRoot/VerticalSafeAreaRoot/ContentSlot/Dimension1Panel/D1_OuterRimDetailVisualRoot/AllMetals	Canvas/HUD/VerticalUIRoot/VerticalSafeAreaRoot/ContentSlot/Dimension1Panel/D1_OuterRimDetailVisualRoot/AllMetals
17_outer_rim	1080	1920	Canvas/HUD/VerticalUIRoot/VerticalSafeAreaRoot/ContentSlot/Dimension1Panel/D1_OuterRimDetailVisualRoot/AllMetals	3	848.00	1798.00	OK	Canvas/HUD/VerticalUIRoot/VerticalSafeAreaRoot/ContentSlot/Dimension1Panel/D1_OuterRimDetailVisualRoot/AllMetals	Canvas/HUD/VerticalUIRoot/VerticalSafeAreaRoot/ContentSlot/Dimension1Panel/D1_OuterRimDetailVisualRoot/AllMetals
17_outer_rim	1080	1920	Canvas/HUD/VerticalUIRoot/VerticalSafeAreaRoot/ContentSlot/Dimension1Panel/D1_OuterRimDetailVisualRoot/AllMetals	4	995.00	1798.00	OK	Canvas/HUD/VerticalUIRoot/VerticalSafeAreaRoot/ContentSlot/Dimension1Panel/D1_OuterRimDetailVisualRoot/AllMetals	Canvas/HUD/VerticalUIRoot/VerticalSafeAreaRoot/ContentSlot/Dimension1Panel/D1_OuterRimDetailVisualRoot/AllMetals
17_outer_rim	1080	1920	Canvas/HUD/VerticalUIRoot/VerticalSafeAreaRoot/ContentSlot/Dimension1Panel/D1_OuterRimDetailVisualRoot/BackToGalaxyMap	0	540.00	544.00	OK	Canvas/HUD/VerticalUIRoot/VerticalSafeAreaRoot/ContentSlot/Dimension1Panel/D1_OuterRimDetailVisualRoot/BackToGalaxyMap	Canvas/HUD/VerticalUIRoot/VerticalSafeAreaRoot/ContentSlot/Dimension1Panel/D1_OuterRimDetailVisualRoot/BackToGalaxyMap
17_outer_rim	1080	1920	Canvas/HUD/VerticalUIRoot/VerticalSafeAreaRoot/ContentSlot/Dimension1Panel/D1_OuterRimDetailVisualRoot/BackToGalaxyMap	1	360.00	516.40	OK	Canvas/HUD/VerticalUIRoot/VerticalSafeAreaRoot/ContentSlot/Dimension1Panel/D1_OuterRimDetailVisualRoot/BackToGalaxyMap	Canvas/HUD/VerticalUIRoot/VerticalSafeAreaRoot/ContentSlot/Dimension1Panel/D1_OuterRimDetailVisualRoot/BackToGalaxyMap
17_outer_rim	1080	1920	Canvas/HUD/VerticalUIRoot/VerticalSafeAreaRoot/ContentSlot/Dimension1Panel/D1_OuterRimDetailVisualRoot/BackToGalaxyMap	2	720.00	516.40	OK	Canvas/HUD/VerticalUIRoot/VerticalSafeAreaRoot/ContentSlot/Dimension1Panel/D1_OuterRimDetailVisualRoot/BackToGalaxyMap	Canvas/HUD/VerticalUIRoot/VerticalSafeAreaRoot/ContentSlot/Dimension1Panel/D1_OuterRimDetailVisualRoot/BackToGalaxyMap
17_outer_rim	1080	1920	Canvas/HUD/VerticalUIRoot/VerticalSafeAreaRoot/ContentSlot/Dimension1Panel/D1_OuterRimDetailVisualRoot/BackToGalaxyMap	3	360.00	571.60	OK	Canvas/HUD/VerticalUIRoot/VerticalSafeAreaRoot/ContentSlot/Dimension1Panel/D1_OuterRimDetailVisualRoot/BackToGalaxyMap	Canvas/HUD/VerticalUIRoot/VerticalSafeAreaRoot/ContentSlot/Dimension1Panel/D1_OuterRimDetailVisualRoot/BackToGalaxyMap
17_outer_rim	1080	1920	Canvas/HUD/VerticalUIRoot/VerticalSafeAreaRoot/ContentSlot/Dimension1Panel/D1_OuterRimDetailVisualRoot/BackToGalaxyMap	4	720.00	571.60	OK	Canvas/HUD/VerticalUIRoot/VerticalSafeAreaRoot/ContentSlot/Dimension1Panel/D1_OuterRimDetailVisualRoot/BackToGalaxyMap	Canvas/HUD/VerticalUIRoot/VerticalSafeAreaRoot/ContentSlot/Dimension1Panel/D1_OuterRimDetailVisualRoot/BackToGalaxyMap
17_outer_rim	1080	1920	Canvas/HUD/VerticalUIRoot/VerticalSafeAreaRoot/ContentSlot/Dimension1Panel/D1_OuterRimDetailVisualRoot/Heading/BackButton	0	70.00	1810.00	OK	Canvas/HUD/VerticalUIRoot/VerticalSafeAreaRoot/ContentSlot/Dimension1Panel/D1_OuterRimDetailVisualRoot/Heading/BackButton	Canvas/HUD/VerticalUIRoot/VerticalSafeAreaRoot/ContentSlot/Dimension1Panel/D1_OuterRimDetailVisualRoot/Heading/BackButton
17_outer_rim	1080	1920	Canvas/HUD/VerticalUIRoot/VerticalSafeAreaRoot/ContentSlot/Dimension1Panel/D1_OuterRimDetailVisualRoot/Heading/BackButton	1	44.80	1788.40	OK	Canvas/HUD/VerticalUIRoot/VerticalSafeAreaRoot/ContentSlot/Dimension1Panel/D1_OuterRimDetailVisualRoot/Heading/BackButton	Canvas/HUD/VerticalUIRoot/VerticalSafeAreaRoot/ContentSlot/Dimension1Panel/D1_OuterRimDetailVisualRoot/Heading/BackButton
17_outer_rim	1080	1920	Canvas/HUD/VerticalUIRoot/VerticalSafeAreaRoot/ContentSlot/Dimension1Panel/D1_OuterRimDetailVisualRoot/Heading/BackButton	2	95.20	1788.40	OK	Canvas/HUD/VerticalUIRoot/VerticalSafeAreaRoot/ContentSlot/Dimension1Panel/D1_OuterRimDetailVisualRoot/Heading/BackButton	Canvas/HUD/VerticalUIRoot/VerticalSafeAreaRoot/ContentSlot/Dimension1Panel/D1_OuterRimDetailVisualRoot/Heading/BackButton
17_outer_rim	1080	1920	Canvas/HUD/VerticalUIRoot/VerticalSafeAreaRoot/ContentSlot/Dimension1Panel/D1_OuterRimDetailVisualRoot/Heading/BackButton	3	44.80	1831.60	OK	Canvas/HUD/VerticalUIRoot/VerticalSafeAreaRoot/ContentSlot/Dimension1Panel/D1_OuterRimDetailVisualRoot/Heading/BackButton	Canvas/HUD/VerticalUIRoot/VerticalSafeAreaRoot/ContentSlot/Dimension1Panel/D1_OuterRimDetailVisualRoot/Heading/BackButton
17_outer_rim	1080	1920	Canvas/HUD/VerticalUIRoot/VerticalSafeAreaRoot/ContentSlot/Dimension1Panel/D1_OuterRimDetailVisualRoot/Heading/BackButton	4	95.20	1831.60	OK	Canvas/HUD/VerticalUIRoot/VerticalSafeAreaRoot/ContentSlot/Dimension1Panel/D1_OuterRimDetailVisualRoot/Heading/BackButton	Canvas/HUD/VerticalUIRoot/VerticalSafeAreaRoot/ContentSlot/Dimension1Panel/D1_OuterRimDetailVisualRoot/Heading/BackButton
17_outer_rim	1080	1920	Canvas/HUD/VerticalUIRoot/VerticalSafeAreaRoot/ContentSlot/Dimension1Panel/D1_OuterRimDetailVisualRoot/BottomNavigation/Nav_HANGAR	0	537.00	110.00	OK	Canvas/HUD/VerticalUIRoot/VerticalSafeAreaRoot/ContentSlot/Dimension1Panel/D1_OuterRimDetailVisualRoot/BottomNavigation/Nav_HANGAR	Canvas/HUD/VerticalUIRoot/VerticalSafeAreaRoot/ContentSlot/Dimension1Panel/D1_OuterRimDetailVisualRoot/BottomNavigation/Nav_HANGAR
17_outer_rim	1080	1920	Canvas/HUD/VerticalUIRoot/VerticalSafeAreaRoot/ContentSlot/Dimension1Panel/D1_OuterRimDetailVisualRoot/BottomNavigation/Nav_HANGAR	1	477.60	57.20	OK	Canvas/HUD/VerticalUIRoot/VerticalSafeAreaRoot/ContentSlot/Dimension1Panel/D1_OuterRimDetailVisualRoot/BottomNavigation/Nav_HANGAR	Canvas/HUD/VerticalUIRoot/VerticalSafeAreaRoot/ContentSlot/Dimension1Panel/D1_OuterRimDetailVisualRoot/BottomNavigation/Nav_HANGAR
17_outer_rim	1080	1920	Canvas/HUD/VerticalUIRoot/VerticalSafeAreaRoot/ContentSlot/Dimension1Panel/D1_OuterRimDetailVisualRoot/BottomNavigation/Nav_HANGAR	2	596.40	57.20	OK	Canvas/HUD/VerticalUIRoot/VerticalSafeAreaRoot/ContentSlot/Dimension1Panel/D1_OuterRimDetailVisualRoot/BottomNavigation/Nav_HANGAR	Canvas/HUD/VerticalUIRoot/VerticalSafeAreaRoot/ContentSlot/Dimension1Panel/D1_OuterRimDetailVisualRoot/BottomNavigation/Nav_HANGAR
17_outer_rim	1080	1920	Canvas/HUD/VerticalUIRoot/VerticalSafeAreaRoot/ContentSlot/Dimension1Panel/D1_OuterRimDetailVisualRoot/BottomNavigation/Nav_HANGAR	3	477.60	162.80	OK	Canvas/HUD/VerticalUIRoot/VerticalSafeAreaRoot/ContentSlot/Dimension1Panel/D1_OuterRimDetailVisualRoot/BottomNavigation/Nav_HANGAR	Canvas/HUD/VerticalUIRoot/VerticalSafeAreaRoot/ContentSlot/Dimension1Panel/D1_OuterRimDetailVisualRoot/BottomNavigation/Nav_HANGAR
17_outer_rim	1080	1920	Canvas/HUD/VerticalUIRoot/VerticalSafeAreaRoot/ContentSlot/Dimension1Panel/D1_OuterRimDetailVisualRoot/BottomNavigation/Nav_HANGAR	4	596.40	162.80	OK	Canvas/HUD/VerticalUIRoot/VerticalSafeAreaRoot/ContentSlot/Dimension1Panel/D1_OuterRimDetailVisualRoot/BottomNavigation/Nav_HANGAR	Canvas/HUD/VerticalUIRoot/VerticalSafeAreaRoot/ContentSlot/Dimension1Panel/D1_OuterRimDetailVisualRoot/BottomNavigation/Nav_HANGAR
17_outer_rim	1080	1920	Canvas/HUD/VerticalUIRoot/VerticalSafeAreaRoot/ContentSlot/Dimension1Panel/D1_OuterRimDetailVisualRoot/BottomNavigation/Nav_ÁRBOL	0	951.00	110.00	OK	Canvas/HUD/VerticalUIRoot/VerticalSafeAreaRoot/ContentSlot/Dimension1Panel/D1_OuterRimDetailVisualRoot/BottomNavigation/Nav_ÁRBOL	Canvas/HUD/VerticalUIRoot/VerticalSafeAreaRoot/ContentSlot/Dimension1Panel/D1_OuterRimDetailVisualRoot/BottomNavigation/Nav_ÁRBOL
17_outer_rim	1080	1920	Canvas/HUD/VerticalUIRoot/VerticalSafeAreaRoot/ContentSlot/Dimension1Panel/D1_OuterRimDetailVisualRoot/BottomNavigation/Nav_ÁRBOL	1	891.60	57.20	OK	Canvas/HUD/VerticalUIRoot/VerticalSafeAreaRoot/ContentSlot/Dimension1Panel/D1_OuterRimDetailVisualRoot/BottomNavigation/Nav_ÁRBOL	Canvas/HUD/VerticalUIRoot/VerticalSafeAreaRoot/ContentSlot/Dimension1Panel/D1_OuterRimDetailVisualRoot/BottomNavigation/Nav_ÁRBOL
17_outer_rim	1080	1920	Canvas/HUD/VerticalUIRoot/VerticalSafeAreaRoot/ContentSlot/Dimension1Panel/D1_OuterRimDetailVisualRoot/BottomNavigation/Nav_ÁRBOL	2	1010.40	57.20	OK	Canvas/HUD/VerticalUIRoot/VerticalSafeAreaRoot/ContentSlot/Dimension1Panel/D1_OuterRimDetailVisualRoot/BottomNavigation/Nav_ÁRBOL	Canvas/HUD/VerticalUIRoot/VerticalSafeAreaRoot/ContentSlot/Dimension1Panel/D1_OuterRimDetailVisualRoot/BottomNavigation/Nav_ÁRBOL
17_outer_rim	1080	1920	Canvas/HUD/VerticalUIRoot/VerticalSafeAreaRoot/ContentSlot/Dimension1Panel/D1_OuterRimDetailVisualRoot/BottomNavigation/Nav_ÁRBOL	3	891.60	162.80	OK	Canvas/HUD/VerticalUIRoot/VerticalSafeAreaRoot/ContentSlot/Dimension1Panel/D1_OuterRimDetailVisualRoot/BottomNavigation/Nav_ÁRBOL	Canvas/HUD/VerticalUIRoot/VerticalSafeAreaRoot/ContentSlot/Dimension1Panel/D1_OuterRimDetailVisualRoot/BottomNavigation/Nav_ÁRBOL
17_outer_rim	1080	1920	Canvas/HUD/VerticalUIRoot/VerticalSafeAreaRoot/ContentSlot/Dimension1Panel/D1_OuterRimDetailVisualRoot/BottomNavigation/Nav_ÁRBOL	4	1010.40	162.80	OK	Canvas/HUD/VerticalUIRoot/VerticalSafeAreaRoot/ContentSlot/Dimension1Panel/D1_OuterRimDetailVisualRoot/BottomNavigation/Nav_ÁRBOL	Canvas/HUD/VerticalUIRoot/VerticalSafeAreaRoot/ContentSlot/Dimension1Panel/D1_OuterRimDetailVisualRoot/BottomNavigation/Nav_ÁRBOL
17_outer_rim	1080	1920	Canvas/HUD/VerticalUIRoot/VerticalSafeAreaRoot/ContentSlot/Dimension1Panel/D1_OuterRimDetailVisualRoot/BottomNavigation/Nav_RELIQUIAS	0	744.00	110.00	OK	Canvas/HUD/VerticalUIRoot/VerticalSafeAreaRoot/ContentSlot/Dimension1Panel/D1_OuterRimDetailVisualRoot/BottomNavigation/Nav_RELIQUIAS	Canvas/HUD/VerticalUIRoot/VerticalSafeAreaRoot/ContentSlot/Dimension1Panel/D1_OuterRimDetailVisualRoot/BottomNavigation/Nav_RELIQUIAS
17_outer_rim	1080	1920	Canvas/HUD/VerticalUIRoot/VerticalSafeAreaRoot/ContentSlot/Dimension1Panel/D1_OuterRimDetailVisualRoot/BottomNavigation/Nav_RELIQUIAS	1	684.60	57.20	OK	Canvas/HUD/VerticalUIRoot/VerticalSafeAreaRoot/ContentSlot/Dimension1Panel/D1_OuterRimDetailVisualRoot/BottomNavigation/Nav_RELIQUIAS	Canvas/HUD/VerticalUIRoot/VerticalSafeAreaRoot/ContentSlot/Dimension1Panel/D1_OuterRimDetailVisualRoot/BottomNavigation/Nav_RELIQUIAS
17_outer_rim	1080	1920	Canvas/HUD/VerticalUIRoot/VerticalSafeAreaRoot/ContentSlot/Dimension1Panel/D1_OuterRimDetailVisualRoot/BottomNavigation/Nav_RELIQUIAS	2	803.40	57.20	OK	Canvas/HUD/VerticalUIRoot/VerticalSafeAreaRoot/ContentSlot/Dimension1Panel/D1_OuterRimDetailVisualRoot/BottomNavigation/Nav_RELIQUIAS	Canvas/HUD/VerticalUIRoot/VerticalSafeAreaRoot/ContentSlot/Dimension1Panel/D1_OuterRimDetailVisualRoot/BottomNavigation/Nav_RELIQUIAS
17_outer_rim	1080	1920	Canvas/HUD/VerticalUIRoot/VerticalSafeAreaRoot/ContentSlot/Dimension1Panel/D1_OuterRimDetailVisualRoot/BottomNavigation/Nav_RELIQUIAS	3	684.60	162.80	OK	Canvas/HUD/VerticalUIRoot/VerticalSafeAreaRoot/ContentSlot/Dimension1Panel/D1_OuterRimDetailVisualRoot/BottomNavigation/Nav_RELIQUIAS	Canvas/HUD/VerticalUIRoot/VerticalSafeAreaRoot/ContentSlot/Dimension1Panel/D1_OuterRimDetailVisualRoot/BottomNavigation/Nav_RELIQUIAS
17_outer_rim	1080	1920	Canvas/HUD/VerticalUIRoot/VerticalSafeAreaRoot/ContentSlot/Dimension1Panel/D1_OuterRimDetailVisualRoot/BottomNavigation/Nav_RELIQUIAS	4	803.40	162.80	OK	Canvas/HUD/VerticalUIRoot/VerticalSafeAreaRoot/ContentSlot/Dimension1Panel/D1_OuterRimDetailVisualRoot/BottomNavigation/Nav_RELIQUIAS	Canvas/HUD/VerticalUIRoot/VerticalSafeAreaRoot/ContentSlot/Dimension1Panel/D1_OuterRimDetailVisualRoot/BottomNavigation/Nav_RELIQUIAS
17_outer_rim	1080	1920	Canvas/HUD/VerticalUIRoot/VerticalSafeAreaRoot/ContentSlot/Dimension1Panel/D1_OuterRimDetailVisualRoot/BottomNavigation/Nav_EXPLORAR	0	330.00	110.00	OK	Canvas/HUD/VerticalUIRoot/VerticalSafeAreaRoot/ContentSlot/Dimension1Panel/D1_OuterRimDetailVisualRoot/BottomNavigation/Nav_EXPLORAR	Canvas/HUD/VerticalUIRoot/VerticalSafeAreaRoot/ContentSlot/Dimension1Panel/D1_OuterRimDetailVisualRoot/BottomNavigation/Nav_EXPLORAR
17_outer_rim	1080	1920	Canvas/HUD/VerticalUIRoot/VerticalSafeAreaRoot/ContentSlot/Dimension1Panel/D1_OuterRimDetailVisualRoot/BottomNavigation/Nav_EXPLORAR	1	270.60	57.20	OK	Canvas/HUD/VerticalUIRoot/VerticalSafeAreaRoot/ContentSlot/Dimension1Panel/D1_OuterRimDetailVisualRoot/BottomNavigation/Nav_EXPLORAR	Canvas/HUD/VerticalUIRoot/VerticalSafeAreaRoot/ContentSlot/Dimension1Panel/D1_OuterRimDetailVisualRoot/BottomNavigation/Nav_EXPLORAR
17_outer_rim	1080	1920	Canvas/HUD/VerticalUIRoot/VerticalSafeAreaRoot/ContentSlot/Dimension1Panel/D1_OuterRimDetailVisualRoot/BottomNavigation/Nav_EXPLORAR	2	389.40	57.20	OK	Canvas/HUD/VerticalUIRoot/VerticalSafeAreaRoot/ContentSlot/Dimension1Panel/D1_OuterRimDetailVisualRoot/BottomNavigation/Nav_EXPLORAR	Canvas/HUD/VerticalUIRoot/VerticalSafeAreaRoot/ContentSlot/Dimension1Panel/D1_OuterRimDetailVisualRoot/BottomNavigation/Nav_EXPLORAR
17_outer_rim	1080	1920	Canvas/HUD/VerticalUIRoot/VerticalSafeAreaRoot/ContentSlot/Dimension1Panel/D1_OuterRimDetailVisualRoot/BottomNavigation/Nav_EXPLORAR	3	270.60	162.80	OK	Canvas/HUD/VerticalUIRoot/VerticalSafeAreaRoot/ContentSlot/Dimension1Panel/D1_OuterRimDetailVisualRoot/BottomNavigation/Nav_EXPLORAR	Canvas/HUD/VerticalUIRoot/VerticalSafeAreaRoot/ContentSlot/Dimension1Panel/D1_OuterRimDetailVisualRoot/BottomNavigation/Nav_EXPLORAR
17_outer_rim	1080	1920	Canvas/HUD/VerticalUIRoot/VerticalSafeAreaRoot/ContentSlot/Dimension1Panel/D1_OuterRimDetailVisualRoot/BottomNavigation/Nav_EXPLORAR	4	389.40	162.80	OK	Canvas/HUD/VerticalUIRoot/VerticalSafeAreaRoot/ContentSlot/Dimension1Panel/D1_OuterRimDetailVisualRoot/BottomNavigation/Nav_EXPLORAR	Canvas/HUD/VerticalUIRoot/VerticalSafeAreaRoot/ContentSlot/Dimension1Panel/D1_OuterRimDetailVisualRoot/BottomNavigation/Nav_EXPLORAR
18_metals	1080	1920	Canvas/HUD/VerticalUIRoot/VerticalSafeAreaRoot/ContentSlot/Dimension1Panel/D1_OuterRimDetailVisualRoot/AllMetals	0	921.50	1768.00	INTERCEPTED	Canvas/HUD/VerticalUIRoot/VerticalSafeAreaRoot/ContentSlot/Dimension1Panel/D1_MetalsInventoryRoot/Background	<none>
18_metals	1080	1920	Canvas/HUD/VerticalUIRoot/VerticalSafeAreaRoot/ContentSlot/Dimension1Panel/D1_OuterRimDetailVisualRoot/AllMetals	1	848.00	1738.00	INTERCEPTED	Canvas/HUD/VerticalUIRoot/VerticalSafeAreaRoot/ContentSlot/Dimension1Panel/D1_MetalsInventoryRoot/Background	<none>
18_metals	1080	1920	Canvas/HUD/VerticalUIRoot/VerticalSafeAreaRoot/ContentSlot/Dimension1Panel/D1_OuterRimDetailVisualRoot/AllMetals	2	995.00	1738.00	INTERCEPTED	Canvas/HUD/VerticalUIRoot/VerticalSafeAreaRoot/ContentSlot/Dimension1Panel/D1_MetalsInventoryRoot/Background	<none>
18_metals	1080	1920	Canvas/HUD/VerticalUIRoot/VerticalSafeAreaRoot/ContentSlot/Dimension1Panel/D1_OuterRimDetailVisualRoot/AllMetals	3	848.00	1798.00	INTERCEPTED	Canvas/HUD/VerticalUIRoot/VerticalSafeAreaRoot/ContentSlot/Dimension1Panel/D1_MetalsInventoryRoot/Background	<none>
18_metals	1080	1920	Canvas/HUD/VerticalUIRoot/VerticalSafeAreaRoot/ContentSlot/Dimension1Panel/D1_OuterRimDetailVisualRoot/AllMetals	4	995.00	1798.00	INTERCEPTED	Canvas/HUD/VerticalUIRoot/VerticalSafeAreaRoot/ContentSlot/Dimension1Panel/D1_MetalsInventoryRoot/Background	<none>
18_metals	1080	1920	Canvas/HUD/VerticalUIRoot/VerticalSafeAreaRoot/ContentSlot/Dimension1Panel/D1_OuterRimDetailVisualRoot/BackToGalaxyMap	0	540.00	544.00	INTERCEPTED	Canvas/HUD/VerticalUIRoot/VerticalSafeAreaRoot/ContentSlot/Dimension1Panel/D1_MetalsInventoryRoot/Background	<none>
18_metals	1080	1920	Canvas/HUD/VerticalUIRoot/VerticalSafeAreaRoot/ContentSlot/Dimension1Panel/D1_OuterRimDetailVisualRoot/BackToGalaxyMap	1	360.00	516.40	INTERCEPTED	Canvas/HUD/VerticalUIRoot/VerticalSafeAreaRoot/ContentSlot/Dimension1Panel/D1_MetalsInventoryRoot/Background	<none>
18_metals	1080	1920	Canvas/HUD/VerticalUIRoot/VerticalSafeAreaRoot/ContentSlot/Dimension1Panel/D1_OuterRimDetailVisualRoot/BackToGalaxyMap	2	720.00	516.40	INTERCEPTED	Canvas/HUD/VerticalUIRoot/VerticalSafeAreaRoot/ContentSlot/Dimension1Panel/D1_MetalsInventoryRoot/Background	<none>
18_metals	1080	1920	Canvas/HUD/VerticalUIRoot/VerticalSafeAreaRoot/ContentSlot/Dimension1Panel/D1_OuterRimDetailVisualRoot/BackToGalaxyMap	3	360.00	571.60	INTERCEPTED	Canvas/HUD/VerticalUIRoot/VerticalSafeAreaRoot/ContentSlot/Dimension1Panel/D1_MetalsInventoryRoot/Background	<none>
18_metals	1080	1920	Canvas/HUD/VerticalUIRoot/VerticalSafeAreaRoot/ContentSlot/Dimension1Panel/D1_OuterRimDetailVisualRoot/BackToGalaxyMap	4	720.00	571.60	INTERCEPTED	Canvas/HUD/VerticalUIRoot/VerticalSafeAreaRoot/ContentSlot/Dimension1Panel/D1_MetalsInventoryRoot/Background	<none>
18_metals	1080	1920	Canvas/HUD/VerticalUIRoot/VerticalSafeAreaRoot/ContentSlot/Dimension1Panel/D1_MetalsInventoryRoot/BackButton	0	67.00	1843.00	OK	Canvas/HUD/VerticalUIRoot/VerticalSafeAreaRoot/ContentSlot/Dimension1Panel/D1_MetalsInventoryRoot/BackButton	Canvas/HUD/VerticalUIRoot/VerticalSafeAreaRoot/ContentSlot/Dimension1Panel/D1_MetalsInventoryRoot/BackButton
18_metals	1080	1920	Canvas/HUD/VerticalUIRoot/VerticalSafeAreaRoot/ContentSlot/Dimension1Panel/D1_MetalsInventoryRoot/BackButton	1	43.60	1822.60	OK	Canvas/HUD/VerticalUIRoot/VerticalSafeAreaRoot/ContentSlot/Dimension1Panel/D1_MetalsInventoryRoot/BackButton	Canvas/HUD/VerticalUIRoot/VerticalSafeAreaRoot/ContentSlot/Dimension1Panel/D1_MetalsInventoryRoot/BackButton
18_metals	1080	1920	Canvas/HUD/VerticalUIRoot/VerticalSafeAreaRoot/ContentSlot/Dimension1Panel/D1_MetalsInventoryRoot/BackButton	2	90.40	1822.60	OK	Canvas/HUD/VerticalUIRoot/VerticalSafeAreaRoot/ContentSlot/Dimension1Panel/D1_MetalsInventoryRoot/BackButton	Canvas/HUD/VerticalUIRoot/VerticalSafeAreaRoot/ContentSlot/Dimension1Panel/D1_MetalsInventoryRoot/BackButton
18_metals	1080	1920	Canvas/HUD/VerticalUIRoot/VerticalSafeAreaRoot/ContentSlot/Dimension1Panel/D1_MetalsInventoryRoot/BackButton	3	43.60	1863.40	OK	Canvas/HUD/VerticalUIRoot/VerticalSafeAreaRoot/ContentSlot/Dimension1Panel/D1_MetalsInventoryRoot/BackButton	Canvas/HUD/VerticalUIRoot/VerticalSafeAreaRoot/ContentSlot/Dimension1Panel/D1_MetalsInventoryRoot/BackButton
18_metals	1080	1920	Canvas/HUD/VerticalUIRoot/VerticalSafeAreaRoot/ContentSlot/Dimension1Panel/D1_MetalsInventoryRoot/BackButton	4	90.40	1863.40	OK	Canvas/HUD/VerticalUIRoot/VerticalSafeAreaRoot/ContentSlot/Dimension1Panel/D1_MetalsInventoryRoot/BackButton	Canvas/HUD/VerticalUIRoot/VerticalSafeAreaRoot/ContentSlot/Dimension1Panel/D1_MetalsInventoryRoot/BackButton
18_metals	1080	1920	Canvas/HUD/VerticalUIRoot/VerticalSafeAreaRoot/ContentSlot/Dimension1Panel/D1_OuterRimDetailVisualRoot/Heading/BackButton	0	70.00	1810.00	INTERCEPTED	Canvas/HUD/VerticalUIRoot/VerticalSafeAreaRoot/ContentSlot/Dimension1Panel/D1_MetalsInventoryRoot/BackButton	Canvas/HUD/VerticalUIRoot/VerticalSafeAreaRoot/ContentSlot/Dimension1Panel/D1_MetalsInventoryRoot/BackButton
18_metals	1080	1920	Canvas/HUD/VerticalUIRoot/VerticalSafeAreaRoot/ContentSlot/Dimension1Panel/D1_OuterRimDetailVisualRoot/Heading/BackButton	1	44.80	1788.40	INTERCEPTED	Canvas/HUD/VerticalUIRoot/VerticalSafeAreaRoot/ContentSlot/Dimension1Panel/D1_MetalsInventoryRoot/Background	<none>
18_metals	1080	1920	Canvas/HUD/VerticalUIRoot/VerticalSafeAreaRoot/ContentSlot/Dimension1Panel/D1_OuterRimDetailVisualRoot/Heading/BackButton	2	95.20	1788.40	INTERCEPTED	Canvas/HUD/VerticalUIRoot/VerticalSafeAreaRoot/ContentSlot/Dimension1Panel/D1_MetalsInventoryRoot/Background	<none>
18_metals	1080	1920	Canvas/HUD/VerticalUIRoot/VerticalSafeAreaRoot/ContentSlot/Dimension1Panel/D1_OuterRimDetailVisualRoot/Heading/BackButton	3	44.80	1831.60	INTERCEPTED	Canvas/HUD/VerticalUIRoot/VerticalSafeAreaRoot/ContentSlot/Dimension1Panel/D1_MetalsInventoryRoot/BackButton	Canvas/HUD/VerticalUIRoot/VerticalSafeAreaRoot/ContentSlot/Dimension1Panel/D1_MetalsInventoryRoot/BackButton
18_metals	1080	1920	Canvas/HUD/VerticalUIRoot/VerticalSafeAreaRoot/ContentSlot/Dimension1Panel/D1_OuterRimDetailVisualRoot/Heading/BackButton	4	95.20	1831.60	INTERCEPTED	Canvas/HUD/VerticalUIRoot/VerticalSafeAreaRoot/ContentSlot/Dimension1Panel/D1_MetalsInventoryRoot/BackButton	Canvas/HUD/VerticalUIRoot/VerticalSafeAreaRoot/ContentSlot/Dimension1Panel/D1_MetalsInventoryRoot/BackButton
18_metals	1080	1920	Canvas/HUD/VerticalUIRoot/VerticalSafeAreaRoot/ContentSlot/Dimension1Panel/D1_OuterRimDetailVisualRoot/BottomNavigation/Nav_HANGAR	0	537.00	110.00	INTERCEPTED	Canvas/HUD/VerticalUIRoot/VerticalSafeAreaRoot/ContentSlot/Dimension1Panel/D1_MetalsInventoryRoot/Background	<none>
18_metals	1080	1920	Canvas/HUD/VerticalUIRoot/VerticalSafeAreaRoot/ContentSlot/Dimension1Panel/D1_OuterRimDetailVisualRoot/BottomNavigation/Nav_HANGAR	1	477.60	57.20	INTERCEPTED	Canvas/HUD/VerticalUIRoot/VerticalSafeAreaRoot/ContentSlot/Dimension1Panel/D1_MetalsInventoryRoot/Background	<none>
18_metals	1080	1920	Canvas/HUD/VerticalUIRoot/VerticalSafeAreaRoot/ContentSlot/Dimension1Panel/D1_OuterRimDetailVisualRoot/BottomNavigation/Nav_HANGAR	2	596.40	57.20	INTERCEPTED	Canvas/HUD/VerticalUIRoot/VerticalSafeAreaRoot/ContentSlot/Dimension1Panel/D1_MetalsInventoryRoot/Background	<none>
18_metals	1080	1920	Canvas/HUD/VerticalUIRoot/VerticalSafeAreaRoot/ContentSlot/Dimension1Panel/D1_OuterRimDetailVisualRoot/BottomNavigation/Nav_HANGAR	3	477.60	162.80	INTERCEPTED	Canvas/HUD/VerticalUIRoot/VerticalSafeAreaRoot/ContentSlot/Dimension1Panel/D1_MetalsInventoryRoot/Background	<none>
18_metals	1080	1920	Canvas/HUD/VerticalUIRoot/VerticalSafeAreaRoot/ContentSlot/Dimension1Panel/D1_OuterRimDetailVisualRoot/BottomNavigation/Nav_HANGAR	4	596.40	162.80	INTERCEPTED	Canvas/HUD/VerticalUIRoot/VerticalSafeAreaRoot/ContentSlot/Dimension1Panel/D1_MetalsInventoryRoot/Background	<none>
18_metals	1080	1920	Canvas/HUD/VerticalUIRoot/VerticalSafeAreaRoot/ContentSlot/Dimension1Panel/D1_OuterRimDetailVisualRoot/BottomNavigation/Nav_ÁRBOL	0	951.00	110.00	INTERCEPTED	Canvas/HUD/VerticalUIRoot/VerticalSafeAreaRoot/ContentSlot/Dimension1Panel/D1_MetalsInventoryRoot/Background	<none>
18_metals	1080	1920	Canvas/HUD/VerticalUIRoot/VerticalSafeAreaRoot/ContentSlot/Dimension1Panel/D1_OuterRimDetailVisualRoot/BottomNavigation/Nav_ÁRBOL	1	891.60	57.20	INTERCEPTED	Canvas/HUD/VerticalUIRoot/VerticalSafeAreaRoot/ContentSlot/Dimension1Panel/D1_MetalsInventoryRoot/Background	<none>
18_metals	1080	1920	Canvas/HUD/VerticalUIRoot/VerticalSafeAreaRoot/ContentSlot/Dimension1Panel/D1_OuterRimDetailVisualRoot/BottomNavigation/Nav_ÁRBOL	2	1010.40	57.20	INTERCEPTED	Canvas/HUD/VerticalUIRoot/VerticalSafeAreaRoot/ContentSlot/Dimension1Panel/D1_MetalsInventoryRoot/Background	<none>
18_metals	1080	1920	Canvas/HUD/VerticalUIRoot/VerticalSafeAreaRoot/ContentSlot/Dimension1Panel/D1_OuterRimDetailVisualRoot/BottomNavigation/Nav_ÁRBOL	3	891.60	162.80	INTERCEPTED	Canvas/HUD/VerticalUIRoot/VerticalSafeAreaRoot/ContentSlot/Dimension1Panel/D1_MetalsInventoryRoot/Background	<none>
18_metals	1080	1920	Canvas/HUD/VerticalUIRoot/VerticalSafeAreaRoot/ContentSlot/Dimension1Panel/D1_OuterRimDetailVisualRoot/BottomNavigation/Nav_ÁRBOL	4	1010.40	162.80	INTERCEPTED	Canvas/HUD/VerticalUIRoot/VerticalSafeAreaRoot/ContentSlot/Dimension1Panel/D1_MetalsInventoryRoot/Background	<none>
18_metals	1080	1920	Canvas/HUD/VerticalUIRoot/VerticalSafeAreaRoot/ContentSlot/Dimension1Panel/D1_MetalsInventoryRoot/Filter_2	0	880.00	1571.00	OK	Canvas/HUD/VerticalUIRoot/VerticalSafeAreaRoot/ContentSlot/Dimension1Panel/D1_MetalsInventoryRoot/Filter_2	Canvas/HUD/VerticalUIRoot/VerticalSafeAreaRoot/ContentSlot/Dimension1Panel/D1_MetalsInventoryRoot/Filter_2
18_metals	1080	1920	Canvas/HUD/VerticalUIRoot/VerticalSafeAreaRoot/ContentSlot/Dimension1Panel/D1_MetalsInventoryRoot/Filter_2	1	775.60	1548.80	OK	Canvas/HUD/VerticalUIRoot/VerticalSafeAreaRoot/ContentSlot/Dimension1Panel/D1_MetalsInventoryRoot/Filter_2	Canvas/HUD/VerticalUIRoot/VerticalSafeAreaRoot/ContentSlot/Dimension1Panel/D1_MetalsInventoryRoot/Filter_2
18_metals	1080	1920	Canvas/HUD/VerticalUIRoot/VerticalSafeAreaRoot/ContentSlot/Dimension1Panel/D1_MetalsInventoryRoot/Filter_2	2	984.40	1548.80	OK	Canvas/HUD/VerticalUIRoot/VerticalSafeAreaRoot/ContentSlot/Dimension1Panel/D1_MetalsInventoryRoot/Filter_2	Canvas/HUD/VerticalUIRoot/VerticalSafeAreaRoot/ContentSlot/Dimension1Panel/D1_MetalsInventoryRoot/Filter_2
18_metals	1080	1920	Canvas/HUD/VerticalUIRoot/VerticalSafeAreaRoot/ContentSlot/Dimension1Panel/D1_MetalsInventoryRoot/Filter_2	3	775.60	1593.20	OK	Canvas/HUD/VerticalUIRoot/VerticalSafeAreaRoot/ContentSlot/Dimension1Panel/D1_MetalsInventoryRoot/Filter_2	Canvas/HUD/VerticalUIRoot/VerticalSafeAreaRoot/ContentSlot/Dimension1Panel/D1_MetalsInventoryRoot/Filter_2
18_metals	1080	1920	Canvas/HUD/VerticalUIRoot/VerticalSafeAreaRoot/ContentSlot/Dimension1Panel/D1_MetalsInventoryRoot/Filter_2	4	984.40	1593.20	OK	Canvas/HUD/VerticalUIRoot/VerticalSafeAreaRoot/ContentSlot/Dimension1Panel/D1_MetalsInventoryRoot/Filter_2	Canvas/HUD/VerticalUIRoot/VerticalSafeAreaRoot/ContentSlot/Dimension1Panel/D1_MetalsInventoryRoot/Filter_2
18_metals	1080	1920	Canvas/HUD/VerticalUIRoot/VerticalSafeAreaRoot/ContentSlot/Dimension1Panel/D1_OuterRimDetailVisualRoot/BottomNavigation/Nav_RELIQUIAS	0	744.00	110.00	INTERCEPTED	Canvas/HUD/VerticalUIRoot/VerticalSafeAreaRoot/ContentSlot/Dimension1Panel/D1_MetalsInventoryRoot/Background	<none>
18_metals	1080	1920	Canvas/HUD/VerticalUIRoot/VerticalSafeAreaRoot/ContentSlot/Dimension1Panel/D1_OuterRimDetailVisualRoot/BottomNavigation/Nav_RELIQUIAS	1	684.60	57.20	INTERCEPTED	Canvas/HUD/VerticalUIRoot/VerticalSafeAreaRoot/ContentSlot/Dimension1Panel/D1_MetalsInventoryRoot/Background	<none>
18_metals	1080	1920	Canvas/HUD/VerticalUIRoot/VerticalSafeAreaRoot/ContentSlot/Dimension1Panel/D1_OuterRimDetailVisualRoot/BottomNavigation/Nav_RELIQUIAS	2	803.40	57.20	INTERCEPTED	Canvas/HUD/VerticalUIRoot/VerticalSafeAreaRoot/ContentSlot/Dimension1Panel/D1_MetalsInventoryRoot/Background	<none>
18_metals	1080	1920	Canvas/HUD/VerticalUIRoot/VerticalSafeAreaRoot/ContentSlot/Dimension1Panel/D1_OuterRimDetailVisualRoot/BottomNavigation/Nav_RELIQUIAS	3	684.60	162.80	INTERCEPTED	Canvas/HUD/VerticalUIRoot/VerticalSafeAreaRoot/ContentSlot/Dimension1Panel/D1_MetalsInventoryRoot/Background	<none>
18_metals	1080	1920	Canvas/HUD/VerticalUIRoot/VerticalSafeAreaRoot/ContentSlot/Dimension1Panel/D1_OuterRimDetailVisualRoot/BottomNavigation/Nav_RELIQUIAS	4	803.40	162.80	INTERCEPTED	Canvas/HUD/VerticalUIRoot/VerticalSafeAreaRoot/ContentSlot/Dimension1Panel/D1_MetalsInventoryRoot/Background	<none>
18_metals	1080	1920	Canvas/HUD/VerticalUIRoot/VerticalSafeAreaRoot/ContentSlot/Dimension1Panel/D1_OuterRimDetailVisualRoot/BottomNavigation/Nav_EXPLORAR	0	330.00	110.00	INTERCEPTED	Canvas/HUD/VerticalUIRoot/VerticalSafeAreaRoot/ContentSlot/Dimension1Panel/D1_MetalsInventoryRoot/Background	<none>
18_metals	1080	1920	Canvas/HUD/VerticalUIRoot/VerticalSafeAreaRoot/ContentSlot/Dimension1Panel/D1_OuterRimDetailVisualRoot/BottomNavigation/Nav_EXPLORAR	1	270.60	57.20	INTERCEPTED	Canvas/HUD/VerticalUIRoot/VerticalSafeAreaRoot/ContentSlot/Dimension1Panel/D1_MetalsInventoryRoot/Background	<none>
18_metals	1080	1920	Canvas/HUD/VerticalUIRoot/VerticalSafeAreaRoot/ContentSlot/Dimension1Panel/D1_OuterRimDetailVisualRoot/BottomNavigation/Nav_EXPLORAR	2	389.40	57.20	INTERCEPTED	Canvas/HUD/VerticalUIRoot/VerticalSafeAreaRoot/ContentSlot/Dimension1Panel/D1_MetalsInventoryRoot/Background	<none>
18_metals	1080	1920	Canvas/HUD/VerticalUIRoot/VerticalSafeAreaRoot/ContentSlot/Dimension1Panel/D1_OuterRimDetailVisualRoot/BottomNavigation/Nav_EXPLORAR	3	270.60	162.80	INTERCEPTED	Canvas/HUD/VerticalUIRoot/VerticalSafeAreaRoot/ContentSlot/Dimension1Panel/D1_MetalsInventoryRoot/Background	<none>
18_metals	1080	1920	Canvas/HUD/VerticalUIRoot/VerticalSafeAreaRoot/ContentSlot/Dimension1Panel/D1_OuterRimDetailVisualRoot/BottomNavigation/Nav_EXPLORAR	4	389.40	162.80	INTERCEPTED	Canvas/HUD/VerticalUIRoot/VerticalSafeAreaRoot/ContentSlot/Dimension1Panel/D1_MetalsInventoryRoot/Background	<none>
18_metals	1080	1920	Canvas/HUD/VerticalUIRoot/VerticalSafeAreaRoot/ContentSlot/Dimension1Panel/D1_MetalsInventoryRoot/Filter_0	0	180.00	1571.00	OK	Canvas/HUD/VerticalUIRoot/VerticalSafeAreaRoot/ContentSlot/Dimension1Panel/D1_MetalsInventoryRoot/Filter_0	Canvas/HUD/VerticalUIRoot/VerticalSafeAreaRoot/ContentSlot/Dimension1Panel/D1_MetalsInventoryRoot/Filter_0
18_metals	1080	1920	Canvas/HUD/VerticalUIRoot/VerticalSafeAreaRoot/ContentSlot/Dimension1Panel/D1_MetalsInventoryRoot/Filter_0	1	87.60	1548.80	OK	Canvas/HUD/VerticalUIRoot/VerticalSafeAreaRoot/ContentSlot/Dimension1Panel/D1_MetalsInventoryRoot/Filter_0	Canvas/HUD/VerticalUIRoot/VerticalSafeAreaRoot/ContentSlot/Dimension1Panel/D1_MetalsInventoryRoot/Filter_0
18_metals	1080	1920	Canvas/HUD/VerticalUIRoot/VerticalSafeAreaRoot/ContentSlot/Dimension1Panel/D1_MetalsInventoryRoot/Filter_0	2	272.40	1548.80	OK	Canvas/HUD/VerticalUIRoot/VerticalSafeAreaRoot/ContentSlot/Dimension1Panel/D1_MetalsInventoryRoot/Filter_0	Canvas/HUD/VerticalUIRoot/VerticalSafeAreaRoot/ContentSlot/Dimension1Panel/D1_MetalsInventoryRoot/Filter_0
18_metals	1080	1920	Canvas/HUD/VerticalUIRoot/VerticalSafeAreaRoot/ContentSlot/Dimension1Panel/D1_MetalsInventoryRoot/Filter_0	3	87.60	1593.20	OK	Canvas/HUD/VerticalUIRoot/VerticalSafeAreaRoot/ContentSlot/Dimension1Panel/D1_MetalsInventoryRoot/Filter_0	Canvas/HUD/VerticalUIRoot/VerticalSafeAreaRoot/ContentSlot/Dimension1Panel/D1_MetalsInventoryRoot/Filter_0
18_metals	1080	1920	Canvas/HUD/VerticalUIRoot/VerticalSafeAreaRoot/ContentSlot/Dimension1Panel/D1_MetalsInventoryRoot/Filter_0	4	272.40	1593.20	OK	Canvas/HUD/VerticalUIRoot/VerticalSafeAreaRoot/ContentSlot/Dimension1Panel/D1_MetalsInventoryRoot/Filter_0	Canvas/HUD/VerticalUIRoot/VerticalSafeAreaRoot/ContentSlot/Dimension1Panel/D1_MetalsInventoryRoot/Filter_0
18_metals	1080	1920	Canvas/HUD/VerticalUIRoot/VerticalSafeAreaRoot/ContentSlot/Dimension1Panel/D1_MetalsInventoryRoot/Filter_1	0	520.00	1571.00	OK	Canvas/HUD/VerticalUIRoot/VerticalSafeAreaRoot/ContentSlot/Dimension1Panel/D1_MetalsInventoryRoot/Filter_1	Canvas/HUD/VerticalUIRoot/VerticalSafeAreaRoot/ContentSlot/Dimension1Panel/D1_MetalsInventoryRoot/Filter_1
18_metals	1080	1920	Canvas/HUD/VerticalUIRoot/VerticalSafeAreaRoot/ContentSlot/Dimension1Panel/D1_MetalsInventoryRoot/Filter_1	1	418.00	1548.80	OK	Canvas/HUD/VerticalUIRoot/VerticalSafeAreaRoot/ContentSlot/Dimension1Panel/D1_MetalsInventoryRoot/Filter_1	Canvas/HUD/VerticalUIRoot/VerticalSafeAreaRoot/ContentSlot/Dimension1Panel/D1_MetalsInventoryRoot/Filter_1
18_metals	1080	1920	Canvas/HUD/VerticalUIRoot/VerticalSafeAreaRoot/ContentSlot/Dimension1Panel/D1_MetalsInventoryRoot/Filter_1	2	622.00	1548.80	OK	Canvas/HUD/VerticalUIRoot/VerticalSafeAreaRoot/ContentSlot/Dimension1Panel/D1_MetalsInventoryRoot/Filter_1	Canvas/HUD/VerticalUIRoot/VerticalSafeAreaRoot/ContentSlot/Dimension1Panel/D1_MetalsInventoryRoot/Filter_1
18_metals	1080	1920	Canvas/HUD/VerticalUIRoot/VerticalSafeAreaRoot/ContentSlot/Dimension1Panel/D1_MetalsInventoryRoot/Filter_1	3	418.00	1593.20	OK	Canvas/HUD/VerticalUIRoot/VerticalSafeAreaRoot/ContentSlot/Dimension1Panel/D1_MetalsInventoryRoot/Filter_1	Canvas/HUD/VerticalUIRoot/VerticalSafeAreaRoot/ContentSlot/Dimension1Panel/D1_MetalsInventoryRoot/Filter_1
18_metals	1080	1920	Canvas/HUD/VerticalUIRoot/VerticalSafeAreaRoot/ContentSlot/Dimension1Panel/D1_MetalsInventoryRoot/Filter_1	4	622.00	1593.20	OK	Canvas/HUD/VerticalUIRoot/VerticalSafeAreaRoot/ContentSlot/Dimension1Panel/D1_MetalsInventoryRoot/Filter_1	Canvas/HUD/VerticalUIRoot/VerticalSafeAreaRoot/ContentSlot/Dimension1Panel/D1_MetalsInventoryRoot/Filter_1
19_metals_return	1080	1920	Canvas/HUD/VerticalUIRoot/VerticalSafeAreaRoot/ContentSlot/Dimension1Panel/D1_OuterRimDetailVisualRoot/AllMetals	0	921.50	1768.00	OK	Canvas/HUD/VerticalUIRoot/VerticalSafeAreaRoot/ContentSlot/Dimension1Panel/D1_OuterRimDetailVisualRoot/AllMetals	Canvas/HUD/VerticalUIRoot/VerticalSafeAreaRoot/ContentSlot/Dimension1Panel/D1_OuterRimDetailVisualRoot/AllMetals
19_metals_return	1080	1920	Canvas/HUD/VerticalUIRoot/VerticalSafeAreaRoot/ContentSlot/Dimension1Panel/D1_OuterRimDetailVisualRoot/AllMetals	1	848.00	1738.00	OK	Canvas/HUD/VerticalUIRoot/VerticalSafeAreaRoot/ContentSlot/Dimension1Panel/D1_OuterRimDetailVisualRoot/AllMetals	Canvas/HUD/VerticalUIRoot/VerticalSafeAreaRoot/ContentSlot/Dimension1Panel/D1_OuterRimDetailVisualRoot/AllMetals
19_metals_return	1080	1920	Canvas/HUD/VerticalUIRoot/VerticalSafeAreaRoot/ContentSlot/Dimension1Panel/D1_OuterRimDetailVisualRoot/AllMetals	2	995.00	1738.00	OK	Canvas/HUD/VerticalUIRoot/VerticalSafeAreaRoot/ContentSlot/Dimension1Panel/D1_OuterRimDetailVisualRoot/AllMetals	Canvas/HUD/VerticalUIRoot/VerticalSafeAreaRoot/ContentSlot/Dimension1Panel/D1_OuterRimDetailVisualRoot/AllMetals
19_metals_return	1080	1920	Canvas/HUD/VerticalUIRoot/VerticalSafeAreaRoot/ContentSlot/Dimension1Panel/D1_OuterRimDetailVisualRoot/AllMetals	3	848.00	1798.00	OK	Canvas/HUD/VerticalUIRoot/VerticalSafeAreaRoot/ContentSlot/Dimension1Panel/D1_OuterRimDetailVisualRoot/AllMetals	Canvas/HUD/VerticalUIRoot/VerticalSafeAreaRoot/ContentSlot/Dimension1Panel/D1_OuterRimDetailVisualRoot/AllMetals
19_metals_return	1080	1920	Canvas/HUD/VerticalUIRoot/VerticalSafeAreaRoot/ContentSlot/Dimension1Panel/D1_OuterRimDetailVisualRoot/AllMetals	4	995.00	1798.00	OK	Canvas/HUD/VerticalUIRoot/VerticalSafeAreaRoot/ContentSlot/Dimension1Panel/D1_OuterRimDetailVisualRoot/AllMetals	Canvas/HUD/VerticalUIRoot/VerticalSafeAreaRoot/ContentSlot/Dimension1Panel/D1_OuterRimDetailVisualRoot/AllMetals
19_metals_return	1080	1920	Canvas/HUD/VerticalUIRoot/VerticalSafeAreaRoot/ContentSlot/Dimension1Panel/D1_OuterRimDetailVisualRoot/BackToGalaxyMap	0	540.00	544.00	OK	Canvas/HUD/VerticalUIRoot/VerticalSafeAreaRoot/ContentSlot/Dimension1Panel/D1_OuterRimDetailVisualRoot/BackToGalaxyMap	Canvas/HUD/VerticalUIRoot/VerticalSafeAreaRoot/ContentSlot/Dimension1Panel/D1_OuterRimDetailVisualRoot/BackToGalaxyMap
19_metals_return	1080	1920	Canvas/HUD/VerticalUIRoot/VerticalSafeAreaRoot/ContentSlot/Dimension1Panel/D1_OuterRimDetailVisualRoot/BackToGalaxyMap	1	360.00	516.40	OK	Canvas/HUD/VerticalUIRoot/VerticalSafeAreaRoot/ContentSlot/Dimension1Panel/D1_OuterRimDetailVisualRoot/BackToGalaxyMap	Canvas/HUD/VerticalUIRoot/VerticalSafeAreaRoot/ContentSlot/Dimension1Panel/D1_OuterRimDetailVisualRoot/BackToGalaxyMap
19_metals_return	1080	1920	Canvas/HUD/VerticalUIRoot/VerticalSafeAreaRoot/ContentSlot/Dimension1Panel/D1_OuterRimDetailVisualRoot/BackToGalaxyMap	2	720.00	516.40	OK	Canvas/HUD/VerticalUIRoot/VerticalSafeAreaRoot/ContentSlot/Dimension1Panel/D1_OuterRimDetailVisualRoot/BackToGalaxyMap	Canvas/HUD/VerticalUIRoot/VerticalSafeAreaRoot/ContentSlot/Dimension1Panel/D1_OuterRimDetailVisualRoot/BackToGalaxyMap
19_metals_return	1080	1920	Canvas/HUD/VerticalUIRoot/VerticalSafeAreaRoot/ContentSlot/Dimension1Panel/D1_OuterRimDetailVisualRoot/BackToGalaxyMap	3	360.00	571.60	OK	Canvas/HUD/VerticalUIRoot/VerticalSafeAreaRoot/ContentSlot/Dimension1Panel/D1_OuterRimDetailVisualRoot/BackToGalaxyMap	Canvas/HUD/VerticalUIRoot/VerticalSafeAreaRoot/ContentSlot/Dimension1Panel/D1_OuterRimDetailVisualRoot/BackToGalaxyMap
19_metals_return	1080	1920	Canvas/HUD/VerticalUIRoot/VerticalSafeAreaRoot/ContentSlot/Dimension1Panel/D1_OuterRimDetailVisualRoot/BackToGalaxyMap	4	720.00	571.60	OK	Canvas/HUD/VerticalUIRoot/VerticalSafeAreaRoot/ContentSlot/Dimension1Panel/D1_OuterRimDetailVisualRoot/BackToGalaxyMap	Canvas/HUD/VerticalUIRoot/VerticalSafeAreaRoot/ContentSlot/Dimension1Panel/D1_OuterRimDetailVisualRoot/BackToGalaxyMap
19_metals_return	1080	1920	Canvas/HUD/VerticalUIRoot/VerticalSafeAreaRoot/ContentSlot/Dimension1Panel/D1_OuterRimDetailVisualRoot/Heading/BackButton	0	70.00	1810.00	OK	Canvas/HUD/VerticalUIRoot/VerticalSafeAreaRoot/ContentSlot/Dimension1Panel/D1_OuterRimDetailVisualRoot/Heading/BackButton	Canvas/HUD/VerticalUIRoot/VerticalSafeAreaRoot/ContentSlot/Dimension1Panel/D1_OuterRimDetailVisualRoot/Heading/BackButton
19_metals_return	1080	1920	Canvas/HUD/VerticalUIRoot/VerticalSafeAreaRoot/ContentSlot/Dimension1Panel/D1_OuterRimDetailVisualRoot/Heading/BackButton	1	44.80	1788.40	OK	Canvas/HUD/VerticalUIRoot/VerticalSafeAreaRoot/ContentSlot/Dimension1Panel/D1_OuterRimDetailVisualRoot/Heading/BackButton	Canvas/HUD/VerticalUIRoot/VerticalSafeAreaRoot/ContentSlot/Dimension1Panel/D1_OuterRimDetailVisualRoot/Heading/BackButton
19_metals_return	1080	1920	Canvas/HUD/VerticalUIRoot/VerticalSafeAreaRoot/ContentSlot/Dimension1Panel/D1_OuterRimDetailVisualRoot/Heading/BackButton	2	95.20	1788.40	OK	Canvas/HUD/VerticalUIRoot/VerticalSafeAreaRoot/ContentSlot/Dimension1Panel/D1_OuterRimDetailVisualRoot/Heading/BackButton	Canvas/HUD/VerticalUIRoot/VerticalSafeAreaRoot/ContentSlot/Dimension1Panel/D1_OuterRimDetailVisualRoot/Heading/BackButton
19_metals_return	1080	1920	Canvas/HUD/VerticalUIRoot/VerticalSafeAreaRoot/ContentSlot/Dimension1Panel/D1_OuterRimDetailVisualRoot/Heading/BackButton	3	44.80	1831.60	OK	Canvas/HUD/VerticalUIRoot/VerticalSafeAreaRoot/ContentSlot/Dimension1Panel/D1_OuterRimDetailVisualRoot/Heading/BackButton	Canvas/HUD/VerticalUIRoot/VerticalSafeAreaRoot/ContentSlot/Dimension1Panel/D1_OuterRimDetailVisualRoot/Heading/BackButton
19_metals_return	1080	1920	Canvas/HUD/VerticalUIRoot/VerticalSafeAreaRoot/ContentSlot/Dimension1Panel/D1_OuterRimDetailVisualRoot/Heading/BackButton	4	95.20	1831.60	OK	Canvas/HUD/VerticalUIRoot/VerticalSafeAreaRoot/ContentSlot/Dimension1Panel/D1_OuterRimDetailVisualRoot/Heading/BackButton	Canvas/HUD/VerticalUIRoot/VerticalSafeAreaRoot/ContentSlot/Dimension1Panel/D1_OuterRimDetailVisualRoot/Heading/BackButton
19_metals_return	1080	1920	Canvas/HUD/VerticalUIRoot/VerticalSafeAreaRoot/ContentSlot/Dimension1Panel/D1_OuterRimDetailVisualRoot/BottomNavigation/Nav_HANGAR	0	537.00	110.00	OK	Canvas/HUD/VerticalUIRoot/VerticalSafeAreaRoot/ContentSlot/Dimension1Panel/D1_OuterRimDetailVisualRoot/BottomNavigation/Nav_HANGAR	Canvas/HUD/VerticalUIRoot/VerticalSafeAreaRoot/ContentSlot/Dimension1Panel/D1_OuterRimDetailVisualRoot/BottomNavigation/Nav_HANGAR
19_metals_return	1080	1920	Canvas/HUD/VerticalUIRoot/VerticalSafeAreaRoot/ContentSlot/Dimension1Panel/D1_OuterRimDetailVisualRoot/BottomNavigation/Nav_HANGAR	1	477.60	57.20	OK	Canvas/HUD/VerticalUIRoot/VerticalSafeAreaRoot/ContentSlot/Dimension1Panel/D1_OuterRimDetailVisualRoot/BottomNavigation/Nav_HANGAR	Canvas/HUD/VerticalUIRoot/VerticalSafeAreaRoot/ContentSlot/Dimension1Panel/D1_OuterRimDetailVisualRoot/BottomNavigation/Nav_HANGAR
19_metals_return	1080	1920	Canvas/HUD/VerticalUIRoot/VerticalSafeAreaRoot/ContentSlot/Dimension1Panel/D1_OuterRimDetailVisualRoot/BottomNavigation/Nav_HANGAR	2	596.40	57.20	OK	Canvas/HUD/VerticalUIRoot/VerticalSafeAreaRoot/ContentSlot/Dimension1Panel/D1_OuterRimDetailVisualRoot/BottomNavigation/Nav_HANGAR	Canvas/HUD/VerticalUIRoot/VerticalSafeAreaRoot/ContentSlot/Dimension1Panel/D1_OuterRimDetailVisualRoot/BottomNavigation/Nav_HANGAR
19_metals_return	1080	1920	Canvas/HUD/VerticalUIRoot/VerticalSafeAreaRoot/ContentSlot/Dimension1Panel/D1_OuterRimDetailVisualRoot/BottomNavigation/Nav_HANGAR	3	477.60	162.80	OK	Canvas/HUD/VerticalUIRoot/VerticalSafeAreaRoot/ContentSlot/Dimension1Panel/D1_OuterRimDetailVisualRoot/BottomNavigation/Nav_HANGAR	Canvas/HUD/VerticalUIRoot/VerticalSafeAreaRoot/ContentSlot/Dimension1Panel/D1_OuterRimDetailVisualRoot/BottomNavigation/Nav_HANGAR
19_metals_return	1080	1920	Canvas/HUD/VerticalUIRoot/VerticalSafeAreaRoot/ContentSlot/Dimension1Panel/D1_OuterRimDetailVisualRoot/BottomNavigation/Nav_HANGAR	4	596.40	162.80	OK	Canvas/HUD/VerticalUIRoot/VerticalSafeAreaRoot/ContentSlot/Dimension1Panel/D1_OuterRimDetailVisualRoot/BottomNavigation/Nav_HANGAR	Canvas/HUD/VerticalUIRoot/VerticalSafeAreaRoot/ContentSlot/Dimension1Panel/D1_OuterRimDetailVisualRoot/BottomNavigation/Nav_HANGAR
19_metals_return	1080	1920	Canvas/HUD/VerticalUIRoot/VerticalSafeAreaRoot/ContentSlot/Dimension1Panel/D1_OuterRimDetailVisualRoot/BottomNavigation/Nav_ÁRBOL	0	951.00	110.00	OK	Canvas/HUD/VerticalUIRoot/VerticalSafeAreaRoot/ContentSlot/Dimension1Panel/D1_OuterRimDetailVisualRoot/BottomNavigation/Nav_ÁRBOL	Canvas/HUD/VerticalUIRoot/VerticalSafeAreaRoot/ContentSlot/Dimension1Panel/D1_OuterRimDetailVisualRoot/BottomNavigation/Nav_ÁRBOL
19_metals_return	1080	1920	Canvas/HUD/VerticalUIRoot/VerticalSafeAreaRoot/ContentSlot/Dimension1Panel/D1_OuterRimDetailVisualRoot/BottomNavigation/Nav_ÁRBOL	1	891.60	57.20	OK	Canvas/HUD/VerticalUIRoot/VerticalSafeAreaRoot/ContentSlot/Dimension1Panel/D1_OuterRimDetailVisualRoot/BottomNavigation/Nav_ÁRBOL	Canvas/HUD/VerticalUIRoot/VerticalSafeAreaRoot/ContentSlot/Dimension1Panel/D1_OuterRimDetailVisualRoot/BottomNavigation/Nav_ÁRBOL
19_metals_return	1080	1920	Canvas/HUD/VerticalUIRoot/VerticalSafeAreaRoot/ContentSlot/Dimension1Panel/D1_OuterRimDetailVisualRoot/BottomNavigation/Nav_ÁRBOL	2	1010.40	57.20	OK	Canvas/HUD/VerticalUIRoot/VerticalSafeAreaRoot/ContentSlot/Dimension1Panel/D1_OuterRimDetailVisualRoot/BottomNavigation/Nav_ÁRBOL	Canvas/HUD/VerticalUIRoot/VerticalSafeAreaRoot/ContentSlot/Dimension1Panel/D1_OuterRimDetailVisualRoot/BottomNavigation/Nav_ÁRBOL
19_metals_return	1080	1920	Canvas/HUD/VerticalUIRoot/VerticalSafeAreaRoot/ContentSlot/Dimension1Panel/D1_OuterRimDetailVisualRoot/BottomNavigation/Nav_ÁRBOL	3	891.60	162.80	OK	Canvas/HUD/VerticalUIRoot/VerticalSafeAreaRoot/ContentSlot/Dimension1Panel/D1_OuterRimDetailVisualRoot/BottomNavigation/Nav_ÁRBOL	Canvas/HUD/VerticalUIRoot/VerticalSafeAreaRoot/ContentSlot/Dimension1Panel/D1_OuterRimDetailVisualRoot/BottomNavigation/Nav_ÁRBOL
19_metals_return	1080	1920	Canvas/HUD/VerticalUIRoot/VerticalSafeAreaRoot/ContentSlot/Dimension1Panel/D1_OuterRimDetailVisualRoot/BottomNavigation/Nav_ÁRBOL	4	1010.40	162.80	OK	Canvas/HUD/VerticalUIRoot/VerticalSafeAreaRoot/ContentSlot/Dimension1Panel/D1_OuterRimDetailVisualRoot/BottomNavigation/Nav_ÁRBOL	Canvas/HUD/VerticalUIRoot/VerticalSafeAreaRoot/ContentSlot/Dimension1Panel/D1_OuterRimDetailVisualRoot/BottomNavigation/Nav_ÁRBOL
19_metals_return	1080	1920	Canvas/HUD/VerticalUIRoot/VerticalSafeAreaRoot/ContentSlot/Dimension1Panel/D1_OuterRimDetailVisualRoot/BottomNavigation/Nav_RELIQUIAS	0	744.00	110.00	OK	Canvas/HUD/VerticalUIRoot/VerticalSafeAreaRoot/ContentSlot/Dimension1Panel/D1_OuterRimDetailVisualRoot/BottomNavigation/Nav_RELIQUIAS	Canvas/HUD/VerticalUIRoot/VerticalSafeAreaRoot/ContentSlot/Dimension1Panel/D1_OuterRimDetailVisualRoot/BottomNavigation/Nav_RELIQUIAS
19_metals_return	1080	1920	Canvas/HUD/VerticalUIRoot/VerticalSafeAreaRoot/ContentSlot/Dimension1Panel/D1_OuterRimDetailVisualRoot/BottomNavigation/Nav_RELIQUIAS	1	684.60	57.20	OK	Canvas/HUD/VerticalUIRoot/VerticalSafeAreaRoot/ContentSlot/Dimension1Panel/D1_OuterRimDetailVisualRoot/BottomNavigation/Nav_RELIQUIAS	Canvas/HUD/VerticalUIRoot/VerticalSafeAreaRoot/ContentSlot/Dimension1Panel/D1_OuterRimDetailVisualRoot/BottomNavigation/Nav_RELIQUIAS
19_metals_return	1080	1920	Canvas/HUD/VerticalUIRoot/VerticalSafeAreaRoot/ContentSlot/Dimension1Panel/D1_OuterRimDetailVisualRoot/BottomNavigation/Nav_RELIQUIAS	2	803.40	57.20	OK	Canvas/HUD/VerticalUIRoot/VerticalSafeAreaRoot/ContentSlot/Dimension1Panel/D1_OuterRimDetailVisualRoot/BottomNavigation/Nav_RELIQUIAS	Canvas/HUD/VerticalUIRoot/VerticalSafeAreaRoot/ContentSlot/Dimension1Panel/D1_OuterRimDetailVisualRoot/BottomNavigation/Nav_RELIQUIAS
19_metals_return	1080	1920	Canvas/HUD/VerticalUIRoot/VerticalSafeAreaRoot/ContentSlot/Dimension1Panel/D1_OuterRimDetailVisualRoot/BottomNavigation/Nav_RELIQUIAS	3	684.60	162.80	OK	Canvas/HUD/VerticalUIRoot/VerticalSafeAreaRoot/ContentSlot/Dimension1Panel/D1_OuterRimDetailVisualRoot/BottomNavigation/Nav_RELIQUIAS	Canvas/HUD/VerticalUIRoot/VerticalSafeAreaRoot/ContentSlot/Dimension1Panel/D1_OuterRimDetailVisualRoot/BottomNavigation/Nav_RELIQUIAS
19_metals_return	1080	1920	Canvas/HUD/VerticalUIRoot/VerticalSafeAreaRoot/ContentSlot/Dimension1Panel/D1_OuterRimDetailVisualRoot/BottomNavigation/Nav_RELIQUIAS	4	803.40	162.80	OK	Canvas/HUD/VerticalUIRoot/VerticalSafeAreaRoot/ContentSlot/Dimension1Panel/D1_OuterRimDetailVisualRoot/BottomNavigation/Nav_RELIQUIAS	Canvas/HUD/VerticalUIRoot/VerticalSafeAreaRoot/ContentSlot/Dimension1Panel/D1_OuterRimDetailVisualRoot/BottomNavigation/Nav_RELIQUIAS
19_metals_return	1080	1920	Canvas/HUD/VerticalUIRoot/VerticalSafeAreaRoot/ContentSlot/Dimension1Panel/D1_OuterRimDetailVisualRoot/BottomNavigation/Nav_EXPLORAR	0	330.00	110.00	OK	Canvas/HUD/VerticalUIRoot/VerticalSafeAreaRoot/ContentSlot/Dimension1Panel/D1_OuterRimDetailVisualRoot/BottomNavigation/Nav_EXPLORAR	Canvas/HUD/VerticalUIRoot/VerticalSafeAreaRoot/ContentSlot/Dimension1Panel/D1_OuterRimDetailVisualRoot/BottomNavigation/Nav_EXPLORAR
19_metals_return	1080	1920	Canvas/HUD/VerticalUIRoot/VerticalSafeAreaRoot/ContentSlot/Dimension1Panel/D1_OuterRimDetailVisualRoot/BottomNavigation/Nav_EXPLORAR	1	270.60	57.20	OK	Canvas/HUD/VerticalUIRoot/VerticalSafeAreaRoot/ContentSlot/Dimension1Panel/D1_OuterRimDetailVisualRoot/BottomNavigation/Nav_EXPLORAR	Canvas/HUD/VerticalUIRoot/VerticalSafeAreaRoot/ContentSlot/Dimension1Panel/D1_OuterRimDetailVisualRoot/BottomNavigation/Nav_EXPLORAR
19_metals_return	1080	1920	Canvas/HUD/VerticalUIRoot/VerticalSafeAreaRoot/ContentSlot/Dimension1Panel/D1_OuterRimDetailVisualRoot/BottomNavigation/Nav_EXPLORAR	2	389.40	57.20	OK	Canvas/HUD/VerticalUIRoot/VerticalSafeAreaRoot/ContentSlot/Dimension1Panel/D1_OuterRimDetailVisualRoot/BottomNavigation/Nav_EXPLORAR	Canvas/HUD/VerticalUIRoot/VerticalSafeAreaRoot/ContentSlot/Dimension1Panel/D1_OuterRimDetailVisualRoot/BottomNavigation/Nav_EXPLORAR
19_metals_return	1080	1920	Canvas/HUD/VerticalUIRoot/VerticalSafeAreaRoot/ContentSlot/Dimension1Panel/D1_OuterRimDetailVisualRoot/BottomNavigation/Nav_EXPLORAR	3	270.60	162.80	OK	Canvas/HUD/VerticalUIRoot/VerticalSafeAreaRoot/ContentSlot/Dimension1Panel/D1_OuterRimDetailVisualRoot/BottomNavigation/Nav_EXPLORAR	Canvas/HUD/VerticalUIRoot/VerticalSafeAreaRoot/ContentSlot/Dimension1Panel/D1_OuterRimDetailVisualRoot/BottomNavigation/Nav_EXPLORAR
19_metals_return	1080	1920	Canvas/HUD/VerticalUIRoot/VerticalSafeAreaRoot/ContentSlot/Dimension1Panel/D1_OuterRimDetailVisualRoot/BottomNavigation/Nav_EXPLORAR	4	389.40	162.80	OK	Canvas/HUD/VerticalUIRoot/VerticalSafeAreaRoot/ContentSlot/Dimension1Panel/D1_OuterRimDetailVisualRoot/BottomNavigation/Nav_EXPLORAR	Canvas/HUD/VerticalUIRoot/VerticalSafeAreaRoot/ContentSlot/Dimension1Panel/D1_OuterRimDetailVisualRoot/BottomNavigation/Nav_EXPLORAR
20_debris_ring_selected	1080	1920	Canvas/HUD/VerticalUIRoot/VerticalSafeAreaRoot/ContentSlot/Dimension1Panel/GalaxyPanel/D1_GalaxyVisualRoot/AllMetals	0	921.50	1768.00	OK	Canvas/HUD/VerticalUIRoot/VerticalSafeAreaRoot/ContentSlot/Dimension1Panel/GalaxyPanel/D1_GalaxyVisualRoot/AllMetals	Canvas/HUD/VerticalUIRoot/VerticalSafeAreaRoot/ContentSlot/Dimension1Panel/GalaxyPanel/D1_GalaxyVisualRoot/AllMetals
20_debris_ring_selected	1080	1920	Canvas/HUD/VerticalUIRoot/VerticalSafeAreaRoot/ContentSlot/Dimension1Panel/GalaxyPanel/D1_GalaxyVisualRoot/AllMetals	1	848.00	1738.00	OK	Canvas/HUD/VerticalUIRoot/VerticalSafeAreaRoot/ContentSlot/Dimension1Panel/GalaxyPanel/D1_GalaxyVisualRoot/AllMetals	Canvas/HUD/VerticalUIRoot/VerticalSafeAreaRoot/ContentSlot/Dimension1Panel/GalaxyPanel/D1_GalaxyVisualRoot/AllMetals
20_debris_ring_selected	1080	1920	Canvas/HUD/VerticalUIRoot/VerticalSafeAreaRoot/ContentSlot/Dimension1Panel/GalaxyPanel/D1_GalaxyVisualRoot/AllMetals	2	995.00	1738.00	OK	Canvas/HUD/VerticalUIRoot/VerticalSafeAreaRoot/ContentSlot/Dimension1Panel/GalaxyPanel/D1_GalaxyVisualRoot/AllMetals	Canvas/HUD/VerticalUIRoot/VerticalSafeAreaRoot/ContentSlot/Dimension1Panel/GalaxyPanel/D1_GalaxyVisualRoot/AllMetals
20_debris_ring_selected	1080	1920	Canvas/HUD/VerticalUIRoot/VerticalSafeAreaRoot/ContentSlot/Dimension1Panel/GalaxyPanel/D1_GalaxyVisualRoot/AllMetals	3	848.00	1798.00	OK	Canvas/HUD/VerticalUIRoot/VerticalSafeAreaRoot/ContentSlot/Dimension1Panel/GalaxyPanel/D1_GalaxyVisualRoot/AllMetals	Canvas/HUD/VerticalUIRoot/VerticalSafeAreaRoot/ContentSlot/Dimension1Panel/GalaxyPanel/D1_GalaxyVisualRoot/AllMetals
20_debris_ring_selected	1080	1920	Canvas/HUD/VerticalUIRoot/VerticalSafeAreaRoot/ContentSlot/Dimension1Panel/GalaxyPanel/D1_GalaxyVisualRoot/AllMetals	4	995.00	1798.00	OK	Canvas/HUD/VerticalUIRoot/VerticalSafeAreaRoot/ContentSlot/Dimension1Panel/GalaxyPanel/D1_GalaxyVisualRoot/AllMetals	Canvas/HUD/VerticalUIRoot/VerticalSafeAreaRoot/ContentSlot/Dimension1Panel/GalaxyPanel/D1_GalaxyVisualRoot/AllMetals
20_debris_ring_selected	1080	1920	Canvas/HUD/VerticalUIRoot/VerticalSafeAreaRoot/ContentSlot/Dimension1Panel/GalaxyPanel/D1_GalaxyVisualRoot/FullBleedGalaxyMap/Planet02Node	0	351.35	863.00	OK	Canvas/HUD/VerticalUIRoot/VerticalSafeAreaRoot/ContentSlot/Dimension1Panel/GalaxyPanel/D1_GalaxyVisualRoot/FullBleedGalaxyMap/Planet02Node	Canvas/HUD/VerticalUIRoot/VerticalSafeAreaRoot/ContentSlot/Dimension1Panel/GalaxyPanel/D1_GalaxyVisualRoot/FullBleedGalaxyMap/Planet02Node
20_debris_ring_selected	1080	1920	Canvas/HUD/VerticalUIRoot/VerticalSafeAreaRoot/ContentSlot/Dimension1Panel/GalaxyPanel/D1_GalaxyVisualRoot/FullBleedGalaxyMap/Planet02Node	1	282.35	804.80	OK	Canvas/HUD/VerticalUIRoot/VerticalSafeAreaRoot/ContentSlot/Dimension1Panel/GalaxyPanel/D1_GalaxyVisualRoot/FullBleedGalaxyMap/Planet02Node	Canvas/HUD/VerticalUIRoot/VerticalSafeAreaRoot/ContentSlot/Dimension1Panel/GalaxyPanel/D1_GalaxyVisualRoot/FullBleedGalaxyMap/Planet02Node
20_debris_ring_selected	1080	1920	Canvas/HUD/VerticalUIRoot/VerticalSafeAreaRoot/ContentSlot/Dimension1Panel/GalaxyPanel/D1_GalaxyVisualRoot/FullBleedGalaxyMap/Planet02Node	2	420.35	804.80	OK	Canvas/HUD/VerticalUIRoot/VerticalSafeAreaRoot/ContentSlot/Dimension1Panel/GalaxyPanel/D1_GalaxyVisualRoot/FullBleedGalaxyMap/Planet02Node	Canvas/HUD/VerticalUIRoot/VerticalSafeAreaRoot/ContentSlot/Dimension1Panel/GalaxyPanel/D1_GalaxyVisualRoot/FullBleedGalaxyMap/Planet02Node
20_debris_ring_selected	1080	1920	Canvas/HUD/VerticalUIRoot/VerticalSafeAreaRoot/ContentSlot/Dimension1Panel/GalaxyPanel/D1_GalaxyVisualRoot/FullBleedGalaxyMap/Planet02Node	3	282.35	921.20	OK	Canvas/HUD/VerticalUIRoot/VerticalSafeAreaRoot/ContentSlot/Dimension1Panel/GalaxyPanel/D1_GalaxyVisualRoot/FullBleedGalaxyMap/Planet02Node	Canvas/HUD/VerticalUIRoot/VerticalSafeAreaRoot/ContentSlot/Dimension1Panel/GalaxyPanel/D1_GalaxyVisualRoot/FullBleedGalaxyMap/Planet02Node
20_debris_ring_selected	1080	1920	Canvas/HUD/VerticalUIRoot/VerticalSafeAreaRoot/ContentSlot/Dimension1Panel/GalaxyPanel/D1_GalaxyVisualRoot/FullBleedGalaxyMap/Planet02Node	4	420.35	921.20	OK	Canvas/HUD/VerticalUIRoot/VerticalSafeAreaRoot/ContentSlot/Dimension1Panel/GalaxyPanel/D1_GalaxyVisualRoot/FullBleedGalaxyMap/Planet02Node	Canvas/HUD/VerticalUIRoot/VerticalSafeAreaRoot/ContentSlot/Dimension1Panel/GalaxyPanel/D1_GalaxyVisualRoot/FullBleedGalaxyMap/Planet02Node
20_debris_ring_selected	1080	1920	Canvas/HUD/VerticalUIRoot/VerticalSafeAreaRoot/ContentSlot/Dimension1Panel/GalaxyPanel/D1_GalaxyVisualRoot/FullBleedGalaxyMap/Sector02	0	916.67	948.91	OK	Canvas/HUD/VerticalUIRoot/VerticalSafeAreaRoot/ContentSlot/Dimension1Panel/GalaxyPanel/D1_GalaxyVisualRoot/FullBleedGalaxyMap/Sector02	Canvas/HUD/VerticalUIRoot/VerticalSafeAreaRoot/ContentSlot/Dimension1Panel/GalaxyPanel/D1_GalaxyVisualRoot/FullBleedGalaxyMap/Sector02
20_debris_ring_selected	1080	1920	Canvas/HUD/VerticalUIRoot/VerticalSafeAreaRoot/ContentSlot/Dimension1Panel/GalaxyPanel/D1_GalaxyVisualRoot/FullBleedGalaxyMap/Sector02	1	826.67	878.11	OK	Canvas/HUD/VerticalUIRoot/VerticalSafeAreaRoot/ContentSlot/Dimension1Panel/GalaxyPanel/D1_GalaxyVisualRoot/FullBleedGalaxyMap/Sector02	Canvas/HUD/VerticalUIRoot/VerticalSafeAreaRoot/ContentSlot/Dimension1Panel/GalaxyPanel/D1_GalaxyVisualRoot/FullBleedGalaxyMap/Sector02
20_debris_ring_selected	1080	1920	Canvas/HUD/VerticalUIRoot/VerticalSafeAreaRoot/ContentSlot/Dimension1Panel/GalaxyPanel/D1_GalaxyVisualRoot/FullBleedGalaxyMap/Sector02	2	1006.67	878.11	OK	Canvas/HUD/VerticalUIRoot/VerticalSafeAreaRoot/ContentSlot/Dimension1Panel/GalaxyPanel/D1_GalaxyVisualRoot/FullBleedGalaxyMap/Sector02	Canvas/HUD/VerticalUIRoot/VerticalSafeAreaRoot/ContentSlot/Dimension1Panel/GalaxyPanel/D1_GalaxyVisualRoot/FullBleedGalaxyMap/Sector02
20_debris_ring_selected	1080	1920	Canvas/HUD/VerticalUIRoot/VerticalSafeAreaRoot/ContentSlot/Dimension1Panel/GalaxyPanel/D1_GalaxyVisualRoot/FullBleedGalaxyMap/Sector02	3	826.67	1019.71	OK	Canvas/HUD/VerticalUIRoot/VerticalSafeAreaRoot/ContentSlot/Dimension1Panel/GalaxyPanel/D1_GalaxyVisualRoot/FullBleedGalaxyMap/Sector02	Canvas/HUD/VerticalUIRoot/VerticalSafeAreaRoot/ContentSlot/Dimension1Panel/GalaxyPanel/D1_GalaxyVisualRoot/FullBleedGalaxyMap/Sector02
20_debris_ring_selected	1080	1920	Canvas/HUD/VerticalUIRoot/VerticalSafeAreaRoot/ContentSlot/Dimension1Panel/GalaxyPanel/D1_GalaxyVisualRoot/FullBleedGalaxyMap/Sector02	4	1006.67	1019.71	OK	Canvas/HUD/VerticalUIRoot/VerticalSafeAreaRoot/ContentSlot/Dimension1Panel/GalaxyPanel/D1_GalaxyVisualRoot/FullBleedGalaxyMap/Sector02	Canvas/HUD/VerticalUIRoot/VerticalSafeAreaRoot/ContentSlot/Dimension1Panel/GalaxyPanel/D1_GalaxyVisualRoot/FullBleedGalaxyMap/Sector02
20_debris_ring_selected	1080	1920	Canvas/HUD/VerticalUIRoot/VerticalSafeAreaRoot/ContentSlot/Dimension1Panel/GalaxyPanel/D1_GalaxyVisualRoot/SectorDetails/SelectedData/EnterSectorButton	0	193.50	267.00	OK	Canvas/HUD/VerticalUIRoot/VerticalSafeAreaRoot/ContentSlot/Dimension1Panel/GalaxyPanel/D1_GalaxyVisualRoot/SectorDetails/SelectedData/EnterSectorButton/Fill	Canvas/HUD/VerticalUIRoot/VerticalSafeAreaRoot/ContentSlot/Dimension1Panel/GalaxyPanel/D1_GalaxyVisualRoot/SectorDetails/SelectedData/EnterSectorButton
20_debris_ring_selected	1080	1920	Canvas/HUD/VerticalUIRoot/VerticalSafeAreaRoot/ContentSlot/Dimension1Panel/GalaxyPanel/D1_GalaxyVisualRoot/SectorDetails/SelectedData/EnterSectorButton	1	123.00	248.40	OK	Canvas/HUD/VerticalUIRoot/VerticalSafeAreaRoot/ContentSlot/Dimension1Panel/GalaxyPanel/D1_GalaxyVisualRoot/SectorDetails/SelectedData/EnterSectorButton/Fill	Canvas/HUD/VerticalUIRoot/VerticalSafeAreaRoot/ContentSlot/Dimension1Panel/GalaxyPanel/D1_GalaxyVisualRoot/SectorDetails/SelectedData/EnterSectorButton
20_debris_ring_selected	1080	1920	Canvas/HUD/VerticalUIRoot/VerticalSafeAreaRoot/ContentSlot/Dimension1Panel/GalaxyPanel/D1_GalaxyVisualRoot/SectorDetails/SelectedData/EnterSectorButton	2	264.00	248.40	OK	Canvas/HUD/VerticalUIRoot/VerticalSafeAreaRoot/ContentSlot/Dimension1Panel/GalaxyPanel/D1_GalaxyVisualRoot/SectorDetails/SelectedData/EnterSectorButton/Fill	Canvas/HUD/VerticalUIRoot/VerticalSafeAreaRoot/ContentSlot/Dimension1Panel/GalaxyPanel/D1_GalaxyVisualRoot/SectorDetails/SelectedData/EnterSectorButton
20_debris_ring_selected	1080	1920	Canvas/HUD/VerticalUIRoot/VerticalSafeAreaRoot/ContentSlot/Dimension1Panel/GalaxyPanel/D1_GalaxyVisualRoot/SectorDetails/SelectedData/EnterSectorButton	3	123.00	285.60	OK	Canvas/HUD/VerticalUIRoot/VerticalSafeAreaRoot/ContentSlot/Dimension1Panel/GalaxyPanel/D1_GalaxyVisualRoot/SectorDetails/SelectedData/EnterSectorButton/Fill	Canvas/HUD/VerticalUIRoot/VerticalSafeAreaRoot/ContentSlot/Dimension1Panel/GalaxyPanel/D1_GalaxyVisualRoot/SectorDetails/SelectedData/EnterSectorButton
20_debris_ring_selected	1080	1920	Canvas/HUD/VerticalUIRoot/VerticalSafeAreaRoot/ContentSlot/Dimension1Panel/GalaxyPanel/D1_GalaxyVisualRoot/SectorDetails/SelectedData/EnterSectorButton	4	264.00	285.60	OK	Canvas/HUD/VerticalUIRoot/VerticalSafeAreaRoot/ContentSlot/Dimension1Panel/GalaxyPanel/D1_GalaxyVisualRoot/SectorDetails/SelectedData/EnterSectorButton/Fill	Canvas/HUD/VerticalUIRoot/VerticalSafeAreaRoot/ContentSlot/Dimension1Panel/GalaxyPanel/D1_GalaxyVisualRoot/SectorDetails/SelectedData/EnterSectorButton
20_debris_ring_selected	1080	1920	Canvas/HUD/VerticalUIRoot/VerticalSafeAreaRoot/ContentSlot/Dimension1Panel/GalaxyPanel/D1_GalaxyVisualRoot/CommandCenterBack	0	112.00	1768.00	OK	Canvas/HUD/VerticalUIRoot/VerticalSafeAreaRoot/ContentSlot/Dimension1Panel/GalaxyPanel/D1_GalaxyVisualRoot/CommandCenterBack	Canvas/HUD/VerticalUIRoot/VerticalSafeAreaRoot/ContentSlot/Dimension1Panel/GalaxyPanel/D1_GalaxyVisualRoot/CommandCenterBack
20_debris_ring_selected	1080	1920	Canvas/HUD/VerticalUIRoot/VerticalSafeAreaRoot/ContentSlot/Dimension1Panel/GalaxyPanel/D1_GalaxyVisualRoot/CommandCenterBack	1	59.20	1738.00	OK	Canvas/HUD/VerticalUIRoot/VerticalSafeAreaRoot/ContentSlot/Dimension1Panel/GalaxyPanel/D1_GalaxyVisualRoot/CommandCenterBack	Canvas/HUD/VerticalUIRoot/VerticalSafeAreaRoot/ContentSlot/Dimension1Panel/GalaxyPanel/D1_GalaxyVisualRoot/CommandCenterBack
20_debris_ring_selected	1080	1920	Canvas/HUD/VerticalUIRoot/VerticalSafeAreaRoot/ContentSlot/Dimension1Panel/GalaxyPanel/D1_GalaxyVisualRoot/CommandCenterBack	2	164.80	1738.00	OK	Canvas/HUD/VerticalUIRoot/VerticalSafeAreaRoot/ContentSlot/Dimension1Panel/GalaxyPanel/D1_GalaxyVisualRoot/CommandCenterBack	Canvas/HUD/VerticalUIRoot/VerticalSafeAreaRoot/ContentSlot/Dimension1Panel/GalaxyPanel/D1_GalaxyVisualRoot/CommandCenterBack
20_debris_ring_selected	1080	1920	Canvas/HUD/VerticalUIRoot/VerticalSafeAreaRoot/ContentSlot/Dimension1Panel/GalaxyPanel/D1_GalaxyVisualRoot/CommandCenterBack	3	59.20	1798.00	OK	Canvas/HUD/VerticalUIRoot/VerticalSafeAreaRoot/ContentSlot/Dimension1Panel/GalaxyPanel/D1_GalaxyVisualRoot/CommandCenterBack	Canvas/HUD/VerticalUIRoot/VerticalSafeAreaRoot/ContentSlot/Dimension1Panel/GalaxyPanel/D1_GalaxyVisualRoot/CommandCenterBack
20_debris_ring_selected	1080	1920	Canvas/HUD/VerticalUIRoot/VerticalSafeAreaRoot/ContentSlot/Dimension1Panel/GalaxyPanel/D1_GalaxyVisualRoot/CommandCenterBack	4	164.80	1798.00	OK	Canvas/HUD/VerticalUIRoot/VerticalSafeAreaRoot/ContentSlot/Dimension1Panel/GalaxyPanel/D1_GalaxyVisualRoot/CommandCenterBack	Canvas/HUD/VerticalUIRoot/VerticalSafeAreaRoot/ContentSlot/Dimension1Panel/GalaxyPanel/D1_GalaxyVisualRoot/CommandCenterBack
20_debris_ring_selected	1080	1920	Canvas/HUD/VerticalUIRoot/VerticalSafeAreaRoot/ContentSlot/Dimension1Panel/GalaxyPanel/D1_GalaxyVisualRoot/FullBleedGalaxyMap/Sector03	0	220.12	1186.27	OK	Canvas/HUD/VerticalUIRoot/VerticalSafeAreaRoot/ContentSlot/Dimension1Panel/GalaxyPanel/D1_GalaxyVisualRoot/FullBleedGalaxyMap/Sector03	Canvas/HUD/VerticalUIRoot/VerticalSafeAreaRoot/ContentSlot/Dimension1Panel/GalaxyPanel/D1_GalaxyVisualRoot/FullBleedGalaxyMap/Sector03
20_debris_ring_selected	1080	1920	Canvas/HUD/VerticalUIRoot/VerticalSafeAreaRoot/ContentSlot/Dimension1Panel/GalaxyPanel/D1_GalaxyVisualRoot/FullBleedGalaxyMap/Sector03	1	151.12	1126.87	OK	Canvas/HUD/VerticalUIRoot/VerticalSafeAreaRoot/ContentSlot/Dimension1Panel/GalaxyPanel/D1_GalaxyVisualRoot/FullBleedGalaxyMap/Sector03	Canvas/HUD/VerticalUIRoot/VerticalSafeAreaRoot/ContentSlot/Dimension1Panel/GalaxyPanel/D1_GalaxyVisualRoot/FullBleedGalaxyMap/Sector03
20_debris_ring_selected	1080	1920	Canvas/HUD/VerticalUIRoot/VerticalSafeAreaRoot/ContentSlot/Dimension1Panel/GalaxyPanel/D1_GalaxyVisualRoot/FullBleedGalaxyMap/Sector03	2	289.12	1126.87	OK	Canvas/HUD/VerticalUIRoot/VerticalSafeAreaRoot/ContentSlot/Dimension1Panel/GalaxyPanel/D1_GalaxyVisualRoot/FullBleedGalaxyMap/Sector03	Canvas/HUD/VerticalUIRoot/VerticalSafeAreaRoot/ContentSlot/Dimension1Panel/GalaxyPanel/D1_GalaxyVisualRoot/FullBleedGalaxyMap/Sector03
20_debris_ring_selected	1080	1920	Canvas/HUD/VerticalUIRoot/VerticalSafeAreaRoot/ContentSlot/Dimension1Panel/GalaxyPanel/D1_GalaxyVisualRoot/FullBleedGalaxyMap/Sector03	3	151.12	1245.67	OK	Canvas/HUD/VerticalUIRoot/VerticalSafeAreaRoot/ContentSlot/Dimension1Panel/GalaxyPanel/D1_GalaxyVisualRoot/FullBleedGalaxyMap/Sector03	Canvas/HUD/VerticalUIRoot/VerticalSafeAreaRoot/ContentSlot/Dimension1Panel/GalaxyPanel/D1_GalaxyVisualRoot/FullBleedGalaxyMap/Sector03
20_debris_ring_selected	1080	1920	Canvas/HUD/VerticalUIRoot/VerticalSafeAreaRoot/ContentSlot/Dimension1Panel/GalaxyPanel/D1_GalaxyVisualRoot/FullBleedGalaxyMap/Sector03	4	289.12	1245.67	OK	Canvas/HUD/VerticalUIRoot/VerticalSafeAreaRoot/ContentSlot/Dimension1Panel/GalaxyPanel/D1_GalaxyVisualRoot/FullBleedGalaxyMap/Sector03	Canvas/HUD/VerticalUIRoot/VerticalSafeAreaRoot/ContentSlot/Dimension1Panel/GalaxyPanel/D1_GalaxyVisualRoot/FullBleedGalaxyMap/Sector03
20_debris_ring_selected	1080	1920	Canvas/HUD/VerticalUIRoot/VerticalSafeAreaRoot/ContentSlot/Dimension1Panel/GalaxyPanel/D1_GalaxyVisualRoot/D1BottomNavigation/ÁRBOLButton	0	951.00	110.00	OK	Canvas/HUD/VerticalUIRoot/VerticalSafeAreaRoot/ContentSlot/Dimension1Panel/GalaxyPanel/D1_GalaxyVisualRoot/D1BottomNavigation/ÁRBOLButton	Canvas/HUD/VerticalUIRoot/VerticalSafeAreaRoot/ContentSlot/Dimension1Panel/GalaxyPanel/D1_GalaxyVisualRoot/D1BottomNavigation/ÁRBOLButton
20_debris_ring_selected	1080	1920	Canvas/HUD/VerticalUIRoot/VerticalSafeAreaRoot/ContentSlot/Dimension1Panel/GalaxyPanel/D1_GalaxyVisualRoot/D1BottomNavigation/ÁRBOLButton	1	891.60	57.20	OK	Canvas/HUD/VerticalUIRoot/VerticalSafeAreaRoot/ContentSlot/Dimension1Panel/GalaxyPanel/D1_GalaxyVisualRoot/D1BottomNavigation/ÁRBOLButton	Canvas/HUD/VerticalUIRoot/VerticalSafeAreaRoot/ContentSlot/Dimension1Panel/GalaxyPanel/D1_GalaxyVisualRoot/D1BottomNavigation/ÁRBOLButton
20_debris_ring_selected	1080	1920	Canvas/HUD/VerticalUIRoot/VerticalSafeAreaRoot/ContentSlot/Dimension1Panel/GalaxyPanel/D1_GalaxyVisualRoot/D1BottomNavigation/ÁRBOLButton	2	1010.40	57.20	OK	Canvas/HUD/VerticalUIRoot/VerticalSafeAreaRoot/ContentSlot/Dimension1Panel/GalaxyPanel/D1_GalaxyVisualRoot/D1BottomNavigation/ÁRBOLButton	Canvas/HUD/VerticalUIRoot/VerticalSafeAreaRoot/ContentSlot/Dimension1Panel/GalaxyPanel/D1_GalaxyVisualRoot/D1BottomNavigation/ÁRBOLButton
20_debris_ring_selected	1080	1920	Canvas/HUD/VerticalUIRoot/VerticalSafeAreaRoot/ContentSlot/Dimension1Panel/GalaxyPanel/D1_GalaxyVisualRoot/D1BottomNavigation/ÁRBOLButton	3	891.60	162.80	OK	Canvas/HUD/VerticalUIRoot/VerticalSafeAreaRoot/ContentSlot/Dimension1Panel/GalaxyPanel/D1_GalaxyVisualRoot/D1BottomNavigation/ÁRBOLButton	Canvas/HUD/VerticalUIRoot/VerticalSafeAreaRoot/ContentSlot/Dimension1Panel/GalaxyPanel/D1_GalaxyVisualRoot/D1BottomNavigation/ÁRBOLButton
20_debris_ring_selected	1080	1920	Canvas/HUD/VerticalUIRoot/VerticalSafeAreaRoot/ContentSlot/Dimension1Panel/GalaxyPanel/D1_GalaxyVisualRoot/D1BottomNavigation/ÁRBOLButton	4	1010.40	162.80	OK	Canvas/HUD/VerticalUIRoot/VerticalSafeAreaRoot/ContentSlot/Dimension1Panel/GalaxyPanel/D1_GalaxyVisualRoot/D1BottomNavigation/ÁRBOLButton	Canvas/HUD/VerticalUIRoot/VerticalSafeAreaRoot/ContentSlot/Dimension1Panel/GalaxyPanel/D1_GalaxyVisualRoot/D1BottomNavigation/ÁRBOLButton
20_debris_ring_selected	1080	1920	Canvas/HUD/VerticalUIRoot/VerticalSafeAreaRoot/ContentSlot/Dimension1Panel/GalaxyPanel/D1_GalaxyVisualRoot/FullBleedGalaxyMap/Sector01	0	688.33	1048.83	OK	Canvas/HUD/VerticalUIRoot/VerticalSafeAreaRoot/ContentSlot/Dimension1Panel/GalaxyPanel/D1_GalaxyVisualRoot/FullBleedGalaxyMap/Sector01	Canvas/HUD/VerticalUIRoot/VerticalSafeAreaRoot/ContentSlot/Dimension1Panel/GalaxyPanel/D1_GalaxyVisualRoot/FullBleedGalaxyMap/Sector01
20_debris_ring_selected	1080	1920	Canvas/HUD/VerticalUIRoot/VerticalSafeAreaRoot/ContentSlot/Dimension1Panel/GalaxyPanel/D1_GalaxyVisualRoot/FullBleedGalaxyMap/Sector01	1	619.33	989.43	OK	Canvas/HUD/VerticalUIRoot/VerticalSafeAreaRoot/ContentSlot/Dimension1Panel/GalaxyPanel/D1_GalaxyVisualRoot/FullBleedGalaxyMap/Sector01	Canvas/HUD/VerticalUIRoot/VerticalSafeAreaRoot/ContentSlot/Dimension1Panel/GalaxyPanel/D1_GalaxyVisualRoot/FullBleedGalaxyMap/Sector01
20_debris_ring_selected	1080	1920	Canvas/HUD/VerticalUIRoot/VerticalSafeAreaRoot/ContentSlot/Dimension1Panel/GalaxyPanel/D1_GalaxyVisualRoot/FullBleedGalaxyMap/Sector01	2	757.33	989.43	OK	Canvas/HUD/VerticalUIRoot/VerticalSafeAreaRoot/ContentSlot/Dimension1Panel/GalaxyPanel/D1_GalaxyVisualRoot/FullBleedGalaxyMap/Sector01	Canvas/HUD/VerticalUIRoot/VerticalSafeAreaRoot/ContentSlot/Dimension1Panel/GalaxyPanel/D1_GalaxyVisualRoot/FullBleedGalaxyMap/Sector01
20_debris_ring_selected	1080	1920	Canvas/HUD/VerticalUIRoot/VerticalSafeAreaRoot/ContentSlot/Dimension1Panel/GalaxyPanel/D1_GalaxyVisualRoot/FullBleedGalaxyMap/Sector01	3	619.33	1108.23	OK	Canvas/HUD/VerticalUIRoot/VerticalSafeAreaRoot/ContentSlot/Dimension1Panel/GalaxyPanel/D1_GalaxyVisualRoot/FullBleedGalaxyMap/Sector01	Canvas/HUD/VerticalUIRoot/VerticalSafeAreaRoot/ContentSlot/Dimension1Panel/GalaxyPanel/D1_GalaxyVisualRoot/FullBleedGalaxyMap/Sector01
20_debris_ring_selected	1080	1920	Canvas/HUD/VerticalUIRoot/VerticalSafeAreaRoot/ContentSlot/Dimension1Panel/GalaxyPanel/D1_GalaxyVisualRoot/FullBleedGalaxyMap/Sector01	4	757.33	1108.23	OK	Canvas/HUD/VerticalUIRoot/VerticalSafeAreaRoot/ContentSlot/Dimension1Panel/GalaxyPanel/D1_GalaxyVisualRoot/FullBleedGalaxyMap/Sector01	Canvas/HUD/VerticalUIRoot/VerticalSafeAreaRoot/ContentSlot/Dimension1Panel/GalaxyPanel/D1_GalaxyVisualRoot/FullBleedGalaxyMap/Sector01
20_debris_ring_selected	1080	1920	Canvas/HUD/VerticalUIRoot/VerticalSafeAreaRoot/ContentSlot/Dimension1Panel/GalaxyPanel/D1_GalaxyVisualRoot/FullBleedGalaxyMap/Planet07Node	0	159.47	650.99	OK	Canvas/HUD/VerticalUIRoot/VerticalSafeAreaRoot/ContentSlot/Dimension1Panel/GalaxyPanel/D1_GalaxyVisualRoot/FullBleedGalaxyMap/Planet07Node	Canvas/HUD/VerticalUIRoot/VerticalSafeAreaRoot/ContentSlot/Dimension1Panel/GalaxyPanel/D1_GalaxyVisualRoot/FullBleedGalaxyMap/Planet07Node
20_debris_ring_selected	1080	1920	Canvas/HUD/VerticalUIRoot/VerticalSafeAreaRoot/ContentSlot/Dimension1Panel/GalaxyPanel/D1_GalaxyVisualRoot/FullBleedGalaxyMap/Planet07Node	1	90.47	596.99	OK	Canvas/HUD/VerticalUIRoot/VerticalSafeAreaRoot/ContentSlot/Dimension1Panel/GalaxyPanel/D1_GalaxyVisualRoot/FullBleedGalaxyMap/Planet07Node	Canvas/HUD/VerticalUIRoot/VerticalSafeAreaRoot/ContentSlot/Dimension1Panel/GalaxyPanel/D1_GalaxyVisualRoot/FullBleedGalaxyMap/Planet07Node
20_debris_ring_selected	1080	1920	Canvas/HUD/VerticalUIRoot/VerticalSafeAreaRoot/ContentSlot/Dimension1Panel/GalaxyPanel/D1_GalaxyVisualRoot/FullBleedGalaxyMap/Planet07Node	2	228.47	596.99	OK	Canvas/HUD/VerticalUIRoot/VerticalSafeAreaRoot/ContentSlot/Dimension1Panel/GalaxyPanel/D1_GalaxyVisualRoot/FullBleedGalaxyMap/Planet07Node	Canvas/HUD/VerticalUIRoot/VerticalSafeAreaRoot/ContentSlot/Dimension1Panel/GalaxyPanel/D1_GalaxyVisualRoot/FullBleedGalaxyMap/Planet07Node
20_debris_ring_selected	1080	1920	Canvas/HUD/VerticalUIRoot/VerticalSafeAreaRoot/ContentSlot/Dimension1Panel/GalaxyPanel/D1_GalaxyVisualRoot/FullBleedGalaxyMap/Planet07Node	3	90.47	704.99	OK	Canvas/HUD/VerticalUIRoot/VerticalSafeAreaRoot/ContentSlot/Dimension1Panel/GalaxyPanel/D1_GalaxyVisualRoot/FullBleedGalaxyMap/Planet07Node	Canvas/HUD/VerticalUIRoot/VerticalSafeAreaRoot/ContentSlot/Dimension1Panel/GalaxyPanel/D1_GalaxyVisualRoot/FullBleedGalaxyMap/Planet07Node
20_debris_ring_selected	1080	1920	Canvas/HUD/VerticalUIRoot/VerticalSafeAreaRoot/ContentSlot/Dimension1Panel/GalaxyPanel/D1_GalaxyVisualRoot/FullBleedGalaxyMap/Planet07Node	4	228.47	704.99	OK	Canvas/HUD/VerticalUIRoot/VerticalSafeAreaRoot/ContentSlot/Dimension1Panel/GalaxyPanel/D1_GalaxyVisualRoot/FullBleedGalaxyMap/Planet07Node	Canvas/HUD/VerticalUIRoot/VerticalSafeAreaRoot/ContentSlot/Dimension1Panel/GalaxyPanel/D1_GalaxyVisualRoot/FullBleedGalaxyMap/Planet07Node
20_debris_ring_selected	1080	1920	Canvas/HUD/VerticalUIRoot/VerticalSafeAreaRoot/ContentSlot/Dimension1Panel/GalaxyPanel/D1_GalaxyVisualRoot/FullBleedGalaxyMap/GalacticCenter	0	540.00	1008.00	OK	Canvas/HUD/VerticalUIRoot/VerticalSafeAreaRoot/ContentSlot/Dimension1Panel/GalaxyPanel/D1_GalaxyVisualRoot/FullBleedGalaxyMap/GalacticCenter	Canvas/HUD/VerticalUIRoot/VerticalSafeAreaRoot/ContentSlot/Dimension1Panel/GalaxyPanel/D1_GalaxyVisualRoot/FullBleedGalaxyMap/GalacticCenter
20_debris_ring_selected	1080	1920	Canvas/HUD/VerticalUIRoot/VerticalSafeAreaRoot/ContentSlot/Dimension1Panel/GalaxyPanel/D1_GalaxyVisualRoot/FullBleedGalaxyMap/GalacticCenter	1	405.00	876.00	INTERCEPTED	Canvas/HUD/VerticalUIRoot/VerticalSafeAreaRoot/ContentSlot/Dimension1Panel/GalaxyPanel/D1_GalaxyVisualRoot/FullBleedGalaxyMap/Planet02Node	Canvas/HUD/VerticalUIRoot/VerticalSafeAreaRoot/ContentSlot/Dimension1Panel/GalaxyPanel/D1_GalaxyVisualRoot/FullBleedGalaxyMap/Planet02Node
20_debris_ring_selected	1080	1920	Canvas/HUD/VerticalUIRoot/VerticalSafeAreaRoot/ContentSlot/Dimension1Panel/GalaxyPanel/D1_GalaxyVisualRoot/FullBleedGalaxyMap/GalacticCenter	2	675.00	876.00	OK	Canvas/HUD/VerticalUIRoot/VerticalSafeAreaRoot/ContentSlot/Dimension1Panel/GalaxyPanel/D1_GalaxyVisualRoot/FullBleedGalaxyMap/GalacticCenter	Canvas/HUD/VerticalUIRoot/VerticalSafeAreaRoot/ContentSlot/Dimension1Panel/GalaxyPanel/D1_GalaxyVisualRoot/FullBleedGalaxyMap/GalacticCenter
20_debris_ring_selected	1080	1920	Canvas/HUD/VerticalUIRoot/VerticalSafeAreaRoot/ContentSlot/Dimension1Panel/GalaxyPanel/D1_GalaxyVisualRoot/FullBleedGalaxyMap/GalacticCenter	3	405.00	1140.00	OK	Canvas/HUD/VerticalUIRoot/VerticalSafeAreaRoot/ContentSlot/Dimension1Panel/GalaxyPanel/D1_GalaxyVisualRoot/FullBleedGalaxyMap/GalacticCenter	Canvas/HUD/VerticalUIRoot/VerticalSafeAreaRoot/ContentSlot/Dimension1Panel/GalaxyPanel/D1_GalaxyVisualRoot/FullBleedGalaxyMap/GalacticCenter
20_debris_ring_selected	1080	1920	Canvas/HUD/VerticalUIRoot/VerticalSafeAreaRoot/ContentSlot/Dimension1Panel/GalaxyPanel/D1_GalaxyVisualRoot/FullBleedGalaxyMap/GalacticCenter	4	675.00	1140.00	INTERCEPTED	Canvas/HUD/VerticalUIRoot/VerticalSafeAreaRoot/ContentSlot/Dimension1Panel/GalaxyPanel/D1_GalaxyVisualRoot/FullBleedGalaxyMap/Sector01	Canvas/HUD/VerticalUIRoot/VerticalSafeAreaRoot/ContentSlot/Dimension1Panel/GalaxyPanel/D1_GalaxyVisualRoot/FullBleedGalaxyMap/Sector01
20_debris_ring_selected	1080	1920	Canvas/HUD/VerticalUIRoot/VerticalSafeAreaRoot/ContentSlot/Dimension1Panel/GalaxyPanel/D1_GalaxyVisualRoot/D1BottomNavigation/EXPLORARButton	0	330.00	110.00	OK	Canvas/HUD/VerticalUIRoot/VerticalSafeAreaRoot/ContentSlot/Dimension1Panel/GalaxyPanel/D1_GalaxyVisualRoot/D1BottomNavigation/EXPLORARButton	Canvas/HUD/VerticalUIRoot/VerticalSafeAreaRoot/ContentSlot/Dimension1Panel/GalaxyPanel/D1_GalaxyVisualRoot/D1BottomNavigation/EXPLORARButton
20_debris_ring_selected	1080	1920	Canvas/HUD/VerticalUIRoot/VerticalSafeAreaRoot/ContentSlot/Dimension1Panel/GalaxyPanel/D1_GalaxyVisualRoot/D1BottomNavigation/EXPLORARButton	1	270.60	57.20	OK	Canvas/HUD/VerticalUIRoot/VerticalSafeAreaRoot/ContentSlot/Dimension1Panel/GalaxyPanel/D1_GalaxyVisualRoot/D1BottomNavigation/EXPLORARButton	Canvas/HUD/VerticalUIRoot/VerticalSafeAreaRoot/ContentSlot/Dimension1Panel/GalaxyPanel/D1_GalaxyVisualRoot/D1BottomNavigation/EXPLORARButton
20_debris_ring_selected	1080	1920	Canvas/HUD/VerticalUIRoot/VerticalSafeAreaRoot/ContentSlot/Dimension1Panel/GalaxyPanel/D1_GalaxyVisualRoot/D1BottomNavigation/EXPLORARButton	2	389.40	57.20	OK	Canvas/HUD/VerticalUIRoot/VerticalSafeAreaRoot/ContentSlot/Dimension1Panel/GalaxyPanel/D1_GalaxyVisualRoot/D1BottomNavigation/EXPLORARButton	Canvas/HUD/VerticalUIRoot/VerticalSafeAreaRoot/ContentSlot/Dimension1Panel/GalaxyPanel/D1_GalaxyVisualRoot/D1BottomNavigation/EXPLORARButton
20_debris_ring_selected	1080	1920	Canvas/HUD/VerticalUIRoot/VerticalSafeAreaRoot/ContentSlot/Dimension1Panel/GalaxyPanel/D1_GalaxyVisualRoot/D1BottomNavigation/EXPLORARButton	3	270.60	162.80	OK	Canvas/HUD/VerticalUIRoot/VerticalSafeAreaRoot/ContentSlot/Dimension1Panel/GalaxyPanel/D1_GalaxyVisualRoot/D1BottomNavigation/EXPLORARButton	Canvas/HUD/VerticalUIRoot/VerticalSafeAreaRoot/ContentSlot/Dimension1Panel/GalaxyPanel/D1_GalaxyVisualRoot/D1BottomNavigation/EXPLORARButton
20_debris_ring_selected	1080	1920	Canvas/HUD/VerticalUIRoot/VerticalSafeAreaRoot/ContentSlot/Dimension1Panel/GalaxyPanel/D1_GalaxyVisualRoot/D1BottomNavigation/EXPLORARButton	4	389.40	162.80	OK	Canvas/HUD/VerticalUIRoot/VerticalSafeAreaRoot/ContentSlot/Dimension1Panel/GalaxyPanel/D1_GalaxyVisualRoot/D1BottomNavigation/EXPLORARButton	Canvas/HUD/VerticalUIRoot/VerticalSafeAreaRoot/ContentSlot/Dimension1Panel/GalaxyPanel/D1_GalaxyVisualRoot/D1BottomNavigation/EXPLORARButton
20_debris_ring_selected	1080	1920	Canvas/HUD/VerticalUIRoot/VerticalSafeAreaRoot/ContentSlot/Dimension1Panel/GalaxyPanel/D1_GalaxyVisualRoot/FullBleedGalaxyMap/Sector04	0	871.32	631.06	OK	Canvas/HUD/VerticalUIRoot/VerticalSafeAreaRoot/ContentSlot/Dimension1Panel/GalaxyPanel/D1_GalaxyVisualRoot/FullBleedGalaxyMap/Sector04	Canvas/HUD/VerticalUIRoot/VerticalSafeAreaRoot/ContentSlot/Dimension1Panel/GalaxyPanel/D1_GalaxyVisualRoot/FullBleedGalaxyMap/Sector04
20_debris_ring_selected	1080	1920	Canvas/HUD/VerticalUIRoot/VerticalSafeAreaRoot/ContentSlot/Dimension1Panel/GalaxyPanel/D1_GalaxyVisualRoot/FullBleedGalaxyMap/Sector04	1	802.32	575.26	OK	Canvas/HUD/VerticalUIRoot/VerticalSafeAreaRoot/ContentSlot/Dimension1Panel/GalaxyPanel/D1_GalaxyVisualRoot/FullBleedGalaxyMap/Sector04	Canvas/HUD/VerticalUIRoot/VerticalSafeAreaRoot/ContentSlot/Dimension1Panel/GalaxyPanel/D1_GalaxyVisualRoot/FullBleedGalaxyMap/Sector04
20_debris_ring_selected	1080	1920	Canvas/HUD/VerticalUIRoot/VerticalSafeAreaRoot/ContentSlot/Dimension1Panel/GalaxyPanel/D1_GalaxyVisualRoot/FullBleedGalaxyMap/Sector04	2	940.32	575.26	OK	Canvas/HUD/VerticalUIRoot/VerticalSafeAreaRoot/ContentSlot/Dimension1Panel/GalaxyPanel/D1_GalaxyVisualRoot/FullBleedGalaxyMap/Sector04	Canvas/HUD/VerticalUIRoot/VerticalSafeAreaRoot/ContentSlot/Dimension1Panel/GalaxyPanel/D1_GalaxyVisualRoot/FullBleedGalaxyMap/Sector04
20_debris_ring_selected	1080	1920	Canvas/HUD/VerticalUIRoot/VerticalSafeAreaRoot/ContentSlot/Dimension1Panel/GalaxyPanel/D1_GalaxyVisualRoot/FullBleedGalaxyMap/Sector04	3	802.32	686.86	OK	Canvas/HUD/VerticalUIRoot/VerticalSafeAreaRoot/ContentSlot/Dimension1Panel/GalaxyPanel/D1_GalaxyVisualRoot/FullBleedGalaxyMap/Sector04	Canvas/HUD/VerticalUIRoot/VerticalSafeAreaRoot/ContentSlot/Dimension1Panel/GalaxyPanel/D1_GalaxyVisualRoot/FullBleedGalaxyMap/Sector04
20_debris_ring_selected	1080	1920	Canvas/HUD/VerticalUIRoot/VerticalSafeAreaRoot/ContentSlot/Dimension1Panel/GalaxyPanel/D1_GalaxyVisualRoot/FullBleedGalaxyMap/Sector04	4	940.32	686.86	OK	Canvas/HUD/VerticalUIRoot/VerticalSafeAreaRoot/ContentSlot/Dimension1Panel/GalaxyPanel/D1_GalaxyVisualRoot/FullBleedGalaxyMap/Sector04	Canvas/HUD/VerticalUIRoot/VerticalSafeAreaRoot/ContentSlot/Dimension1Panel/GalaxyPanel/D1_GalaxyVisualRoot/FullBleedGalaxyMap/Sector04
20_debris_ring_selected	1080	1920	Canvas/HUD/VerticalUIRoot/VerticalSafeAreaRoot/ContentSlot/Dimension1Panel/GalaxyPanel/D1_GalaxyVisualRoot/D1BottomNavigation/RELIQUIASButton	0	744.00	110.00	OK	Canvas/HUD/VerticalUIRoot/VerticalSafeAreaRoot/ContentSlot/Dimension1Panel/GalaxyPanel/D1_GalaxyVisualRoot/D1BottomNavigation/RELIQUIASButton	Canvas/HUD/VerticalUIRoot/VerticalSafeAreaRoot/ContentSlot/Dimension1Panel/GalaxyPanel/D1_GalaxyVisualRoot/D1BottomNavigation/RELIQUIASButton
20_debris_ring_selected	1080	1920	Canvas/HUD/VerticalUIRoot/VerticalSafeAreaRoot/ContentSlot/Dimension1Panel/GalaxyPanel/D1_GalaxyVisualRoot/D1BottomNavigation/RELIQUIASButton	1	684.60	57.20	OK	Canvas/HUD/VerticalUIRoot/VerticalSafeAreaRoot/ContentSlot/Dimension1Panel/GalaxyPanel/D1_GalaxyVisualRoot/D1BottomNavigation/RELIQUIASButton	Canvas/HUD/VerticalUIRoot/VerticalSafeAreaRoot/ContentSlot/Dimension1Panel/GalaxyPanel/D1_GalaxyVisualRoot/D1BottomNavigation/RELIQUIASButton
20_debris_ring_selected	1080	1920	Canvas/HUD/VerticalUIRoot/VerticalSafeAreaRoot/ContentSlot/Dimension1Panel/GalaxyPanel/D1_GalaxyVisualRoot/D1BottomNavigation/RELIQUIASButton	2	803.40	57.20	OK	Canvas/HUD/VerticalUIRoot/VerticalSafeAreaRoot/ContentSlot/Dimension1Panel/GalaxyPanel/D1_GalaxyVisualRoot/D1BottomNavigation/RELIQUIASButton	Canvas/HUD/VerticalUIRoot/VerticalSafeAreaRoot/ContentSlot/Dimension1Panel/GalaxyPanel/D1_GalaxyVisualRoot/D1BottomNavigation/RELIQUIASButton
20_debris_ring_selected	1080	1920	Canvas/HUD/VerticalUIRoot/VerticalSafeAreaRoot/ContentSlot/Dimension1Panel/GalaxyPanel/D1_GalaxyVisualRoot/D1BottomNavigation/RELIQUIASButton	3	684.60	162.80	OK	Canvas/HUD/VerticalUIRoot/VerticalSafeAreaRoot/ContentSlot/Dimension1Panel/GalaxyPanel/D1_GalaxyVisualRoot/D1BottomNavigation/RELIQUIASButton	Canvas/HUD/VerticalUIRoot/VerticalSafeAreaRoot/ContentSlot/Dimension1Panel/GalaxyPanel/D1_GalaxyVisualRoot/D1BottomNavigation/RELIQUIASButton
20_debris_ring_selected	1080	1920	Canvas/HUD/VerticalUIRoot/VerticalSafeAreaRoot/ContentSlot/Dimension1Panel/GalaxyPanel/D1_GalaxyVisualRoot/D1BottomNavigation/RELIQUIASButton	4	803.40	162.80	OK	Canvas/HUD/VerticalUIRoot/VerticalSafeAreaRoot/ContentSlot/Dimension1Panel/GalaxyPanel/D1_GalaxyVisualRoot/D1BottomNavigation/RELIQUIASButton	Canvas/HUD/VerticalUIRoot/VerticalSafeAreaRoot/ContentSlot/Dimension1Panel/GalaxyPanel/D1_GalaxyVisualRoot/D1BottomNavigation/RELIQUIASButton
20_debris_ring_selected	1080	1920	Canvas/HUD/VerticalUIRoot/VerticalSafeAreaRoot/ContentSlot/Dimension1Panel/GalaxyPanel/D1_GalaxyVisualRoot/D1BottomNavigation/HANGARButton	0	537.00	110.00	OK	Canvas/HUD/VerticalUIRoot/VerticalSafeAreaRoot/ContentSlot/Dimension1Panel/GalaxyPanel/D1_GalaxyVisualRoot/D1BottomNavigation/HANGARButton	Canvas/HUD/VerticalUIRoot/VerticalSafeAreaRoot/ContentSlot/Dimension1Panel/GalaxyPanel/D1_GalaxyVisualRoot/D1BottomNavigation/HANGARButton
20_debris_ring_selected	1080	1920	Canvas/HUD/VerticalUIRoot/VerticalSafeAreaRoot/ContentSlot/Dimension1Panel/GalaxyPanel/D1_GalaxyVisualRoot/D1BottomNavigation/HANGARButton	1	477.60	57.20	OK	Canvas/HUD/VerticalUIRoot/VerticalSafeAreaRoot/ContentSlot/Dimension1Panel/GalaxyPanel/D1_GalaxyVisualRoot/D1BottomNavigation/HANGARButton	Canvas/HUD/VerticalUIRoot/VerticalSafeAreaRoot/ContentSlot/Dimension1Panel/GalaxyPanel/D1_GalaxyVisualRoot/D1BottomNavigation/HANGARButton
20_debris_ring_selected	1080	1920	Canvas/HUD/VerticalUIRoot/VerticalSafeAreaRoot/ContentSlot/Dimension1Panel/GalaxyPanel/D1_GalaxyVisualRoot/D1BottomNavigation/HANGARButton	2	596.40	57.20	OK	Canvas/HUD/VerticalUIRoot/VerticalSafeAreaRoot/ContentSlot/Dimension1Panel/GalaxyPanel/D1_GalaxyVisualRoot/D1BottomNavigation/HANGARButton	Canvas/HUD/VerticalUIRoot/VerticalSafeAreaRoot/ContentSlot/Dimension1Panel/GalaxyPanel/D1_GalaxyVisualRoot/D1BottomNavigation/HANGARButton
20_debris_ring_selected	1080	1920	Canvas/HUD/VerticalUIRoot/VerticalSafeAreaRoot/ContentSlot/Dimension1Panel/GalaxyPanel/D1_GalaxyVisualRoot/D1BottomNavigation/HANGARButton	3	477.60	162.80	OK	Canvas/HUD/VerticalUIRoot/VerticalSafeAreaRoot/ContentSlot/Dimension1Panel/GalaxyPanel/D1_GalaxyVisualRoot/D1BottomNavigation/HANGARButton	Canvas/HUD/VerticalUIRoot/VerticalSafeAreaRoot/ContentSlot/Dimension1Panel/GalaxyPanel/D1_GalaxyVisualRoot/D1BottomNavigation/HANGARButton
20_debris_ring_selected	1080	1920	Canvas/HUD/VerticalUIRoot/VerticalSafeAreaRoot/ContentSlot/Dimension1Panel/GalaxyPanel/D1_GalaxyVisualRoot/D1BottomNavigation/HANGARButton	4	596.40	162.80	OK	Canvas/HUD/VerticalUIRoot/VerticalSafeAreaRoot/ContentSlot/Dimension1Panel/GalaxyPanel/D1_GalaxyVisualRoot/D1BottomNavigation/HANGARButton	Canvas/HUD/VerticalUIRoot/VerticalSafeAreaRoot/ContentSlot/Dimension1Panel/GalaxyPanel/D1_GalaxyVisualRoot/D1BottomNavigation/HANGARButton
20_debris_ring_selected	1080	1920	Canvas/HUD/VerticalUIRoot/VerticalSafeAreaRoot/ContentSlot/Dimension1Panel/GalaxyPanel/D1_GalaxyVisualRoot/FullBleedGalaxyMap/Planet05Node	0	727.23	1242.36	OK	Canvas/HUD/VerticalUIRoot/VerticalSafeAreaRoot/ContentSlot/Dimension1Panel/GalaxyPanel/D1_GalaxyVisualRoot/FullBleedGalaxyMap/Planet05Node	Canvas/HUD/VerticalUIRoot/VerticalSafeAreaRoot/ContentSlot/Dimension1Panel/GalaxyPanel/D1_GalaxyVisualRoot/FullBleedGalaxyMap/Planet05Node
20_debris_ring_selected	1080	1920	Canvas/HUD/VerticalUIRoot/VerticalSafeAreaRoot/ContentSlot/Dimension1Panel/GalaxyPanel/D1_GalaxyVisualRoot/FullBleedGalaxyMap/Planet05Node	1	658.23	1185.36	OK	Canvas/HUD/VerticalUIRoot/VerticalSafeAreaRoot/ContentSlot/Dimension1Panel/GalaxyPanel/D1_GalaxyVisualRoot/FullBleedGalaxyMap/Planet05Node	Canvas/HUD/VerticalUIRoot/VerticalSafeAreaRoot/ContentSlot/Dimension1Panel/GalaxyPanel/D1_GalaxyVisualRoot/FullBleedGalaxyMap/Planet05Node
20_debris_ring_selected	1080	1920	Canvas/HUD/VerticalUIRoot/VerticalSafeAreaRoot/ContentSlot/Dimension1Panel/GalaxyPanel/D1_GalaxyVisualRoot/FullBleedGalaxyMap/Planet05Node	2	796.23	1185.36	OK	Canvas/HUD/VerticalUIRoot/VerticalSafeAreaRoot/ContentSlot/Dimension1Panel/GalaxyPanel/D1_GalaxyVisualRoot/FullBleedGalaxyMap/Planet05Node	Canvas/HUD/VerticalUIRoot/VerticalSafeAreaRoot/ContentSlot/Dimension1Panel/GalaxyPanel/D1_GalaxyVisualRoot/FullBleedGalaxyMap/Planet05Node
20_debris_ring_selected	1080	1920	Canvas/HUD/VerticalUIRoot/VerticalSafeAreaRoot/ContentSlot/Dimension1Panel/GalaxyPanel/D1_GalaxyVisualRoot/FullBleedGalaxyMap/Planet05Node	3	658.23	1299.36	OK	Canvas/HUD/VerticalUIRoot/VerticalSafeAreaRoot/ContentSlot/Dimension1Panel/GalaxyPanel/D1_GalaxyVisualRoot/FullBleedGalaxyMap/Planet05Node	Canvas/HUD/VerticalUIRoot/VerticalSafeAreaRoot/ContentSlot/Dimension1Panel/GalaxyPanel/D1_GalaxyVisualRoot/FullBleedGalaxyMap/Planet05Node
20_debris_ring_selected	1080	1920	Canvas/HUD/VerticalUIRoot/VerticalSafeAreaRoot/ContentSlot/Dimension1Panel/GalaxyPanel/D1_GalaxyVisualRoot/FullBleedGalaxyMap/Planet05Node	4	796.23	1299.36	OK	Canvas/HUD/VerticalUIRoot/VerticalSafeAreaRoot/ContentSlot/Dimension1Panel/GalaxyPanel/D1_GalaxyVisualRoot/FullBleedGalaxyMap/Planet05Node	Canvas/HUD/VerticalUIRoot/VerticalSafeAreaRoot/ContentSlot/Dimension1Panel/GalaxyPanel/D1_GalaxyVisualRoot/FullBleedGalaxyMap/Planet05Node
20_debris_ring	1080	1920	Canvas/HUD/VerticalUIRoot/VerticalSafeAreaRoot/ContentSlot/Dimension1Panel/D1_DebrisRingDetailVisualRoot/BottomNavigation/Nav_ÁRBOL	0	951.00	110.00	OK	Canvas/HUD/VerticalUIRoot/VerticalSafeAreaRoot/ContentSlot/Dimension1Panel/D1_DebrisRingDetailVisualRoot/BottomNavigation/Nav_ÁRBOL	Canvas/HUD/VerticalUIRoot/VerticalSafeAreaRoot/ContentSlot/Dimension1Panel/D1_DebrisRingDetailVisualRoot/BottomNavigation/Nav_ÁRBOL
20_debris_ring	1080	1920	Canvas/HUD/VerticalUIRoot/VerticalSafeAreaRoot/ContentSlot/Dimension1Panel/D1_DebrisRingDetailVisualRoot/BottomNavigation/Nav_ÁRBOL	1	891.60	57.20	OK	Canvas/HUD/VerticalUIRoot/VerticalSafeAreaRoot/ContentSlot/Dimension1Panel/D1_DebrisRingDetailVisualRoot/BottomNavigation/Nav_ÁRBOL	Canvas/HUD/VerticalUIRoot/VerticalSafeAreaRoot/ContentSlot/Dimension1Panel/D1_DebrisRingDetailVisualRoot/BottomNavigation/Nav_ÁRBOL
20_debris_ring	1080	1920	Canvas/HUD/VerticalUIRoot/VerticalSafeAreaRoot/ContentSlot/Dimension1Panel/D1_DebrisRingDetailVisualRoot/BottomNavigation/Nav_ÁRBOL	2	1010.40	57.20	OK	Canvas/HUD/VerticalUIRoot/VerticalSafeAreaRoot/ContentSlot/Dimension1Panel/D1_DebrisRingDetailVisualRoot/BottomNavigation/Nav_ÁRBOL	Canvas/HUD/VerticalUIRoot/VerticalSafeAreaRoot/ContentSlot/Dimension1Panel/D1_DebrisRingDetailVisualRoot/BottomNavigation/Nav_ÁRBOL
20_debris_ring	1080	1920	Canvas/HUD/VerticalUIRoot/VerticalSafeAreaRoot/ContentSlot/Dimension1Panel/D1_DebrisRingDetailVisualRoot/BottomNavigation/Nav_ÁRBOL	3	891.60	162.80	OK	Canvas/HUD/VerticalUIRoot/VerticalSafeAreaRoot/ContentSlot/Dimension1Panel/D1_DebrisRingDetailVisualRoot/BottomNavigation/Nav_ÁRBOL	Canvas/HUD/VerticalUIRoot/VerticalSafeAreaRoot/ContentSlot/Dimension1Panel/D1_DebrisRingDetailVisualRoot/BottomNavigation/Nav_ÁRBOL
20_debris_ring	1080	1920	Canvas/HUD/VerticalUIRoot/VerticalSafeAreaRoot/ContentSlot/Dimension1Panel/D1_DebrisRingDetailVisualRoot/BottomNavigation/Nav_ÁRBOL	4	1010.40	162.80	OK	Canvas/HUD/VerticalUIRoot/VerticalSafeAreaRoot/ContentSlot/Dimension1Panel/D1_DebrisRingDetailVisualRoot/BottomNavigation/Nav_ÁRBOL	Canvas/HUD/VerticalUIRoot/VerticalSafeAreaRoot/ContentSlot/Dimension1Panel/D1_DebrisRingDetailVisualRoot/BottomNavigation/Nav_ÁRBOL
20_debris_ring	1080	1920	Canvas/HUD/VerticalUIRoot/VerticalSafeAreaRoot/ContentSlot/Dimension1Panel/D1_DebrisRingDetailVisualRoot/Heading/BackButton	0	70.00	1810.00	OK	Canvas/HUD/VerticalUIRoot/VerticalSafeAreaRoot/ContentSlot/Dimension1Panel/D1_DebrisRingDetailVisualRoot/Heading/BackButton	Canvas/HUD/VerticalUIRoot/VerticalSafeAreaRoot/ContentSlot/Dimension1Panel/D1_DebrisRingDetailVisualRoot/Heading/BackButton
20_debris_ring	1080	1920	Canvas/HUD/VerticalUIRoot/VerticalSafeAreaRoot/ContentSlot/Dimension1Panel/D1_DebrisRingDetailVisualRoot/Heading/BackButton	1	44.80	1788.40	OK	Canvas/HUD/VerticalUIRoot/VerticalSafeAreaRoot/ContentSlot/Dimension1Panel/D1_DebrisRingDetailVisualRoot/Heading/BackButton	Canvas/HUD/VerticalUIRoot/VerticalSafeAreaRoot/ContentSlot/Dimension1Panel/D1_DebrisRingDetailVisualRoot/Heading/BackButton
20_debris_ring	1080	1920	Canvas/HUD/VerticalUIRoot/VerticalSafeAreaRoot/ContentSlot/Dimension1Panel/D1_DebrisRingDetailVisualRoot/Heading/BackButton	2	95.20	1788.40	OK	Canvas/HUD/VerticalUIRoot/VerticalSafeAreaRoot/ContentSlot/Dimension1Panel/D1_DebrisRingDetailVisualRoot/Heading/BackButton	Canvas/HUD/VerticalUIRoot/VerticalSafeAreaRoot/ContentSlot/Dimension1Panel/D1_DebrisRingDetailVisualRoot/Heading/BackButton
20_debris_ring	1080	1920	Canvas/HUD/VerticalUIRoot/VerticalSafeAreaRoot/ContentSlot/Dimension1Panel/D1_DebrisRingDetailVisualRoot/Heading/BackButton	3	44.80	1831.60	OK	Canvas/HUD/VerticalUIRoot/VerticalSafeAreaRoot/ContentSlot/Dimension1Panel/D1_DebrisRingDetailVisualRoot/Heading/BackButton	Canvas/HUD/VerticalUIRoot/VerticalSafeAreaRoot/ContentSlot/Dimension1Panel/D1_DebrisRingDetailVisualRoot/Heading/BackButton
20_debris_ring	1080	1920	Canvas/HUD/VerticalUIRoot/VerticalSafeAreaRoot/ContentSlot/Dimension1Panel/D1_DebrisRingDetailVisualRoot/Heading/BackButton	4	95.20	1831.60	OK	Canvas/HUD/VerticalUIRoot/VerticalSafeAreaRoot/ContentSlot/Dimension1Panel/D1_DebrisRingDetailVisualRoot/Heading/BackButton	Canvas/HUD/VerticalUIRoot/VerticalSafeAreaRoot/ContentSlot/Dimension1Panel/D1_DebrisRingDetailVisualRoot/Heading/BackButton
20_debris_ring	1080	1920	Canvas/HUD/VerticalUIRoot/VerticalSafeAreaRoot/ContentSlot/Dimension1Panel/D1_DebrisRingDetailVisualRoot/BackToGalaxyMap	0	540.00	798.00	OK	Canvas/HUD/VerticalUIRoot/VerticalSafeAreaRoot/ContentSlot/Dimension1Panel/D1_DebrisRingDetailVisualRoot/BackToGalaxyMap	Canvas/HUD/VerticalUIRoot/VerticalSafeAreaRoot/ContentSlot/Dimension1Panel/D1_DebrisRingDetailVisualRoot/BackToGalaxyMap
20_debris_ring	1080	1920	Canvas/HUD/VerticalUIRoot/VerticalSafeAreaRoot/ContentSlot/Dimension1Panel/D1_DebrisRingDetailVisualRoot/BackToGalaxyMap	1	360.00	770.40	OK	Canvas/HUD/VerticalUIRoot/VerticalSafeAreaRoot/ContentSlot/Dimension1Panel/D1_DebrisRingDetailVisualRoot/BackToGalaxyMap	Canvas/HUD/VerticalUIRoot/VerticalSafeAreaRoot/ContentSlot/Dimension1Panel/D1_DebrisRingDetailVisualRoot/BackToGalaxyMap
20_debris_ring	1080	1920	Canvas/HUD/VerticalUIRoot/VerticalSafeAreaRoot/ContentSlot/Dimension1Panel/D1_DebrisRingDetailVisualRoot/BackToGalaxyMap	2	720.00	770.40	OK	Canvas/HUD/VerticalUIRoot/VerticalSafeAreaRoot/ContentSlot/Dimension1Panel/D1_DebrisRingDetailVisualRoot/BackToGalaxyMap	Canvas/HUD/VerticalUIRoot/VerticalSafeAreaRoot/ContentSlot/Dimension1Panel/D1_DebrisRingDetailVisualRoot/BackToGalaxyMap
20_debris_ring	1080	1920	Canvas/HUD/VerticalUIRoot/VerticalSafeAreaRoot/ContentSlot/Dimension1Panel/D1_DebrisRingDetailVisualRoot/BackToGalaxyMap	3	360.00	825.60	OK	Canvas/HUD/VerticalUIRoot/VerticalSafeAreaRoot/ContentSlot/Dimension1Panel/D1_DebrisRingDetailVisualRoot/BackToGalaxyMap	Canvas/HUD/VerticalUIRoot/VerticalSafeAreaRoot/ContentSlot/Dimension1Panel/D1_DebrisRingDetailVisualRoot/BackToGalaxyMap
20_debris_ring	1080	1920	Canvas/HUD/VerticalUIRoot/VerticalSafeAreaRoot/ContentSlot/Dimension1Panel/D1_DebrisRingDetailVisualRoot/BackToGalaxyMap	4	720.00	825.60	OK	Canvas/HUD/VerticalUIRoot/VerticalSafeAreaRoot/ContentSlot/Dimension1Panel/D1_DebrisRingDetailVisualRoot/BackToGalaxyMap	Canvas/HUD/VerticalUIRoot/VerticalSafeAreaRoot/ContentSlot/Dimension1Panel/D1_DebrisRingDetailVisualRoot/BackToGalaxyMap
20_debris_ring	1080	1920	Canvas/HUD/VerticalUIRoot/VerticalSafeAreaRoot/ContentSlot/Dimension1Panel/D1_DebrisRingDetailVisualRoot/BottomNavigation/Nav_RELIQUIAS	0	744.00	110.00	OK	Canvas/HUD/VerticalUIRoot/VerticalSafeAreaRoot/ContentSlot/Dimension1Panel/D1_DebrisRingDetailVisualRoot/BottomNavigation/Nav_RELIQUIAS	Canvas/HUD/VerticalUIRoot/VerticalSafeAreaRoot/ContentSlot/Dimension1Panel/D1_DebrisRingDetailVisualRoot/BottomNavigation/Nav_RELIQUIAS
20_debris_ring	1080	1920	Canvas/HUD/VerticalUIRoot/VerticalSafeAreaRoot/ContentSlot/Dimension1Panel/D1_DebrisRingDetailVisualRoot/BottomNavigation/Nav_RELIQUIAS	1	684.60	57.20	OK	Canvas/HUD/VerticalUIRoot/VerticalSafeAreaRoot/ContentSlot/Dimension1Panel/D1_DebrisRingDetailVisualRoot/BottomNavigation/Nav_RELIQUIAS	Canvas/HUD/VerticalUIRoot/VerticalSafeAreaRoot/ContentSlot/Dimension1Panel/D1_DebrisRingDetailVisualRoot/BottomNavigation/Nav_RELIQUIAS
20_debris_ring	1080	1920	Canvas/HUD/VerticalUIRoot/VerticalSafeAreaRoot/ContentSlot/Dimension1Panel/D1_DebrisRingDetailVisualRoot/BottomNavigation/Nav_RELIQUIAS	2	803.40	57.20	OK	Canvas/HUD/VerticalUIRoot/VerticalSafeAreaRoot/ContentSlot/Dimension1Panel/D1_DebrisRingDetailVisualRoot/BottomNavigation/Nav_RELIQUIAS	Canvas/HUD/VerticalUIRoot/VerticalSafeAreaRoot/ContentSlot/Dimension1Panel/D1_DebrisRingDetailVisualRoot/BottomNavigation/Nav_RELIQUIAS
20_debris_ring	1080	1920	Canvas/HUD/VerticalUIRoot/VerticalSafeAreaRoot/ContentSlot/Dimension1Panel/D1_DebrisRingDetailVisualRoot/BottomNavigation/Nav_RELIQUIAS	3	684.60	162.80	OK	Canvas/HUD/VerticalUIRoot/VerticalSafeAreaRoot/ContentSlot/Dimension1Panel/D1_DebrisRingDetailVisualRoot/BottomNavigation/Nav_RELIQUIAS	Canvas/HUD/VerticalUIRoot/VerticalSafeAreaRoot/ContentSlot/Dimension1Panel/D1_DebrisRingDetailVisualRoot/BottomNavigation/Nav_RELIQUIAS
20_debris_ring	1080	1920	Canvas/HUD/VerticalUIRoot/VerticalSafeAreaRoot/ContentSlot/Dimension1Panel/D1_DebrisRingDetailVisualRoot/BottomNavigation/Nav_RELIQUIAS	4	803.40	162.80	OK	Canvas/HUD/VerticalUIRoot/VerticalSafeAreaRoot/ContentSlot/Dimension1Panel/D1_DebrisRingDetailVisualRoot/BottomNavigation/Nav_RELIQUIAS	Canvas/HUD/VerticalUIRoot/VerticalSafeAreaRoot/ContentSlot/Dimension1Panel/D1_DebrisRingDetailVisualRoot/BottomNavigation/Nav_RELIQUIAS
20_debris_ring	1080	1920	Canvas/HUD/VerticalUIRoot/VerticalSafeAreaRoot/ContentSlot/Dimension1Panel/D1_DebrisRingDetailVisualRoot/BottomNavigation/Nav_EXPLORAR	0	330.00	110.00	OK	Canvas/HUD/VerticalUIRoot/VerticalSafeAreaRoot/ContentSlot/Dimension1Panel/D1_DebrisRingDetailVisualRoot/BottomNavigation/Nav_EXPLORAR	Canvas/HUD/VerticalUIRoot/VerticalSafeAreaRoot/ContentSlot/Dimension1Panel/D1_DebrisRingDetailVisualRoot/BottomNavigation/Nav_EXPLORAR
20_debris_ring	1080	1920	Canvas/HUD/VerticalUIRoot/VerticalSafeAreaRoot/ContentSlot/Dimension1Panel/D1_DebrisRingDetailVisualRoot/BottomNavigation/Nav_EXPLORAR	1	270.60	57.20	OK	Canvas/HUD/VerticalUIRoot/VerticalSafeAreaRoot/ContentSlot/Dimension1Panel/D1_DebrisRingDetailVisualRoot/BottomNavigation/Nav_EXPLORAR	Canvas/HUD/VerticalUIRoot/VerticalSafeAreaRoot/ContentSlot/Dimension1Panel/D1_DebrisRingDetailVisualRoot/BottomNavigation/Nav_EXPLORAR
20_debris_ring	1080	1920	Canvas/HUD/VerticalUIRoot/VerticalSafeAreaRoot/ContentSlot/Dimension1Panel/D1_DebrisRingDetailVisualRoot/BottomNavigation/Nav_EXPLORAR	2	389.40	57.20	OK	Canvas/HUD/VerticalUIRoot/VerticalSafeAreaRoot/ContentSlot/Dimension1Panel/D1_DebrisRingDetailVisualRoot/BottomNavigation/Nav_EXPLORAR	Canvas/HUD/VerticalUIRoot/VerticalSafeAreaRoot/ContentSlot/Dimension1Panel/D1_DebrisRingDetailVisualRoot/BottomNavigation/Nav_EXPLORAR
20_debris_ring	1080	1920	Canvas/HUD/VerticalUIRoot/VerticalSafeAreaRoot/ContentSlot/Dimension1Panel/D1_DebrisRingDetailVisualRoot/BottomNavigation/Nav_EXPLORAR	3	270.60	162.80	OK	Canvas/HUD/VerticalUIRoot/VerticalSafeAreaRoot/ContentSlot/Dimension1Panel/D1_DebrisRingDetailVisualRoot/BottomNavigation/Nav_EXPLORAR	Canvas/HUD/VerticalUIRoot/VerticalSafeAreaRoot/ContentSlot/Dimension1Panel/D1_DebrisRingDetailVisualRoot/BottomNavigation/Nav_EXPLORAR
20_debris_ring	1080	1920	Canvas/HUD/VerticalUIRoot/VerticalSafeAreaRoot/ContentSlot/Dimension1Panel/D1_DebrisRingDetailVisualRoot/BottomNavigation/Nav_EXPLORAR	4	389.40	162.80	OK	Canvas/HUD/VerticalUIRoot/VerticalSafeAreaRoot/ContentSlot/Dimension1Panel/D1_DebrisRingDetailVisualRoot/BottomNavigation/Nav_EXPLORAR	Canvas/HUD/VerticalUIRoot/VerticalSafeAreaRoot/ContentSlot/Dimension1Panel/D1_DebrisRingDetailVisualRoot/BottomNavigation/Nav_EXPLORAR
20_debris_ring	1080	1920	Canvas/HUD/VerticalUIRoot/VerticalSafeAreaRoot/ContentSlot/Dimension1Panel/D1_DebrisRingDetailVisualRoot/AllMetals	0	921.50	1768.00	OK	Canvas/HUD/VerticalUIRoot/VerticalSafeAreaRoot/ContentSlot/Dimension1Panel/D1_DebrisRingDetailVisualRoot/AllMetals	Canvas/HUD/VerticalUIRoot/VerticalSafeAreaRoot/ContentSlot/Dimension1Panel/D1_DebrisRingDetailVisualRoot/AllMetals
20_debris_ring	1080	1920	Canvas/HUD/VerticalUIRoot/VerticalSafeAreaRoot/ContentSlot/Dimension1Panel/D1_DebrisRingDetailVisualRoot/AllMetals	1	848.00	1738.00	OK	Canvas/HUD/VerticalUIRoot/VerticalSafeAreaRoot/ContentSlot/Dimension1Panel/D1_DebrisRingDetailVisualRoot/AllMetals	Canvas/HUD/VerticalUIRoot/VerticalSafeAreaRoot/ContentSlot/Dimension1Panel/D1_DebrisRingDetailVisualRoot/AllMetals
20_debris_ring	1080	1920	Canvas/HUD/VerticalUIRoot/VerticalSafeAreaRoot/ContentSlot/Dimension1Panel/D1_DebrisRingDetailVisualRoot/AllMetals	2	995.00	1738.00	OK	Canvas/HUD/VerticalUIRoot/VerticalSafeAreaRoot/ContentSlot/Dimension1Panel/D1_DebrisRingDetailVisualRoot/AllMetals	Canvas/HUD/VerticalUIRoot/VerticalSafeAreaRoot/ContentSlot/Dimension1Panel/D1_DebrisRingDetailVisualRoot/AllMetals
20_debris_ring	1080	1920	Canvas/HUD/VerticalUIRoot/VerticalSafeAreaRoot/ContentSlot/Dimension1Panel/D1_DebrisRingDetailVisualRoot/AllMetals	3	848.00	1798.00	OK	Canvas/HUD/VerticalUIRoot/VerticalSafeAreaRoot/ContentSlot/Dimension1Panel/D1_DebrisRingDetailVisualRoot/AllMetals	Canvas/HUD/VerticalUIRoot/VerticalSafeAreaRoot/ContentSlot/Dimension1Panel/D1_DebrisRingDetailVisualRoot/AllMetals
20_debris_ring	1080	1920	Canvas/HUD/VerticalUIRoot/VerticalSafeAreaRoot/ContentSlot/Dimension1Panel/D1_DebrisRingDetailVisualRoot/AllMetals	4	995.00	1798.00	OK	Canvas/HUD/VerticalUIRoot/VerticalSafeAreaRoot/ContentSlot/Dimension1Panel/D1_DebrisRingDetailVisualRoot/AllMetals	Canvas/HUD/VerticalUIRoot/VerticalSafeAreaRoot/ContentSlot/Dimension1Panel/D1_DebrisRingDetailVisualRoot/AllMetals
20_debris_ring	1080	1920	Canvas/HUD/VerticalUIRoot/VerticalSafeAreaRoot/ContentSlot/Dimension1Panel/D1_DebrisRingDetailVisualRoot/BottomNavigation/Nav_HANGAR	0	537.00	110.00	OK	Canvas/HUD/VerticalUIRoot/VerticalSafeAreaRoot/ContentSlot/Dimension1Panel/D1_DebrisRingDetailVisualRoot/BottomNavigation/Nav_HANGAR	Canvas/HUD/VerticalUIRoot/VerticalSafeAreaRoot/ContentSlot/Dimension1Panel/D1_DebrisRingDetailVisualRoot/BottomNavigation/Nav_HANGAR
20_debris_ring	1080	1920	Canvas/HUD/VerticalUIRoot/VerticalSafeAreaRoot/ContentSlot/Dimension1Panel/D1_DebrisRingDetailVisualRoot/BottomNavigation/Nav_HANGAR	1	477.60	57.20	OK	Canvas/HUD/VerticalUIRoot/VerticalSafeAreaRoot/ContentSlot/Dimension1Panel/D1_DebrisRingDetailVisualRoot/BottomNavigation/Nav_HANGAR	Canvas/HUD/VerticalUIRoot/VerticalSafeAreaRoot/ContentSlot/Dimension1Panel/D1_DebrisRingDetailVisualRoot/BottomNavigation/Nav_HANGAR
20_debris_ring	1080	1920	Canvas/HUD/VerticalUIRoot/VerticalSafeAreaRoot/ContentSlot/Dimension1Panel/D1_DebrisRingDetailVisualRoot/BottomNavigation/Nav_HANGAR	2	596.40	57.20	OK	Canvas/HUD/VerticalUIRoot/VerticalSafeAreaRoot/ContentSlot/Dimension1Panel/D1_DebrisRingDetailVisualRoot/BottomNavigation/Nav_HANGAR	Canvas/HUD/VerticalUIRoot/VerticalSafeAreaRoot/ContentSlot/Dimension1Panel/D1_DebrisRingDetailVisualRoot/BottomNavigation/Nav_HANGAR
20_debris_ring	1080	1920	Canvas/HUD/VerticalUIRoot/VerticalSafeAreaRoot/ContentSlot/Dimension1Panel/D1_DebrisRingDetailVisualRoot/BottomNavigation/Nav_HANGAR	3	477.60	162.80	OK	Canvas/HUD/VerticalUIRoot/VerticalSafeAreaRoot/ContentSlot/Dimension1Panel/D1_DebrisRingDetailVisualRoot/BottomNavigation/Nav_HANGAR	Canvas/HUD/VerticalUIRoot/VerticalSafeAreaRoot/ContentSlot/Dimension1Panel/D1_DebrisRingDetailVisualRoot/BottomNavigation/Nav_HANGAR
20_debris_ring	1080	1920	Canvas/HUD/VerticalUIRoot/VerticalSafeAreaRoot/ContentSlot/Dimension1Panel/D1_DebrisRingDetailVisualRoot/BottomNavigation/Nav_HANGAR	4	596.40	162.80	OK	Canvas/HUD/VerticalUIRoot/VerticalSafeAreaRoot/ContentSlot/Dimension1Panel/D1_DebrisRingDetailVisualRoot/BottomNavigation/Nav_HANGAR	Canvas/HUD/VerticalUIRoot/VerticalSafeAreaRoot/ContentSlot/Dimension1Panel/D1_DebrisRingDetailVisualRoot/BottomNavigation/Nav_HANGAR
22_ancient_orbits_selected	1080	1920	Canvas/HUD/VerticalUIRoot/VerticalSafeAreaRoot/ContentSlot/Dimension1Panel/GalaxyPanel/D1_GalaxyVisualRoot/AllMetals	0	921.50	1768.00	OK	Canvas/HUD/VerticalUIRoot/VerticalSafeAreaRoot/ContentSlot/Dimension1Panel/GalaxyPanel/D1_GalaxyVisualRoot/AllMetals	Canvas/HUD/VerticalUIRoot/VerticalSafeAreaRoot/ContentSlot/Dimension1Panel/GalaxyPanel/D1_GalaxyVisualRoot/AllMetals
22_ancient_orbits_selected	1080	1920	Canvas/HUD/VerticalUIRoot/VerticalSafeAreaRoot/ContentSlot/Dimension1Panel/GalaxyPanel/D1_GalaxyVisualRoot/AllMetals	1	848.00	1738.00	OK	Canvas/HUD/VerticalUIRoot/VerticalSafeAreaRoot/ContentSlot/Dimension1Panel/GalaxyPanel/D1_GalaxyVisualRoot/AllMetals	Canvas/HUD/VerticalUIRoot/VerticalSafeAreaRoot/ContentSlot/Dimension1Panel/GalaxyPanel/D1_GalaxyVisualRoot/AllMetals
22_ancient_orbits_selected	1080	1920	Canvas/HUD/VerticalUIRoot/VerticalSafeAreaRoot/ContentSlot/Dimension1Panel/GalaxyPanel/D1_GalaxyVisualRoot/AllMetals	2	995.00	1738.00	OK	Canvas/HUD/VerticalUIRoot/VerticalSafeAreaRoot/ContentSlot/Dimension1Panel/GalaxyPanel/D1_GalaxyVisualRoot/AllMetals	Canvas/HUD/VerticalUIRoot/VerticalSafeAreaRoot/ContentSlot/Dimension1Panel/GalaxyPanel/D1_GalaxyVisualRoot/AllMetals
22_ancient_orbits_selected	1080	1920	Canvas/HUD/VerticalUIRoot/VerticalSafeAreaRoot/ContentSlot/Dimension1Panel/GalaxyPanel/D1_GalaxyVisualRoot/AllMetals	3	848.00	1798.00	OK	Canvas/HUD/VerticalUIRoot/VerticalSafeAreaRoot/ContentSlot/Dimension1Panel/GalaxyPanel/D1_GalaxyVisualRoot/AllMetals	Canvas/HUD/VerticalUIRoot/VerticalSafeAreaRoot/ContentSlot/Dimension1Panel/GalaxyPanel/D1_GalaxyVisualRoot/AllMetals
22_ancient_orbits_selected	1080	1920	Canvas/HUD/VerticalUIRoot/VerticalSafeAreaRoot/ContentSlot/Dimension1Panel/GalaxyPanel/D1_GalaxyVisualRoot/AllMetals	4	995.00	1798.00	OK	Canvas/HUD/VerticalUIRoot/VerticalSafeAreaRoot/ContentSlot/Dimension1Panel/GalaxyPanel/D1_GalaxyVisualRoot/AllMetals	Canvas/HUD/VerticalUIRoot/VerticalSafeAreaRoot/ContentSlot/Dimension1Panel/GalaxyPanel/D1_GalaxyVisualRoot/AllMetals
22_ancient_orbits_selected	1080	1920	Canvas/HUD/VerticalUIRoot/VerticalSafeAreaRoot/ContentSlot/Dimension1Panel/GalaxyPanel/D1_GalaxyVisualRoot/FullBleedGalaxyMap/Planet02Node	0	351.35	863.00	OK	Canvas/HUD/VerticalUIRoot/VerticalSafeAreaRoot/ContentSlot/Dimension1Panel/GalaxyPanel/D1_GalaxyVisualRoot/FullBleedGalaxyMap/Planet02Node	Canvas/HUD/VerticalUIRoot/VerticalSafeAreaRoot/ContentSlot/Dimension1Panel/GalaxyPanel/D1_GalaxyVisualRoot/FullBleedGalaxyMap/Planet02Node
22_ancient_orbits_selected	1080	1920	Canvas/HUD/VerticalUIRoot/VerticalSafeAreaRoot/ContentSlot/Dimension1Panel/GalaxyPanel/D1_GalaxyVisualRoot/FullBleedGalaxyMap/Planet02Node	1	282.35	804.80	OK	Canvas/HUD/VerticalUIRoot/VerticalSafeAreaRoot/ContentSlot/Dimension1Panel/GalaxyPanel/D1_GalaxyVisualRoot/FullBleedGalaxyMap/Planet02Node	Canvas/HUD/VerticalUIRoot/VerticalSafeAreaRoot/ContentSlot/Dimension1Panel/GalaxyPanel/D1_GalaxyVisualRoot/FullBleedGalaxyMap/Planet02Node
22_ancient_orbits_selected	1080	1920	Canvas/HUD/VerticalUIRoot/VerticalSafeAreaRoot/ContentSlot/Dimension1Panel/GalaxyPanel/D1_GalaxyVisualRoot/FullBleedGalaxyMap/Planet02Node	2	420.35	804.80	OK	Canvas/HUD/VerticalUIRoot/VerticalSafeAreaRoot/ContentSlot/Dimension1Panel/GalaxyPanel/D1_GalaxyVisualRoot/FullBleedGalaxyMap/Planet02Node	Canvas/HUD/VerticalUIRoot/VerticalSafeAreaRoot/ContentSlot/Dimension1Panel/GalaxyPanel/D1_GalaxyVisualRoot/FullBleedGalaxyMap/Planet02Node
22_ancient_orbits_selected	1080	1920	Canvas/HUD/VerticalUIRoot/VerticalSafeAreaRoot/ContentSlot/Dimension1Panel/GalaxyPanel/D1_GalaxyVisualRoot/FullBleedGalaxyMap/Planet02Node	3	282.35	921.20	OK	Canvas/HUD/VerticalUIRoot/VerticalSafeAreaRoot/ContentSlot/Dimension1Panel/GalaxyPanel/D1_GalaxyVisualRoot/FullBleedGalaxyMap/Planet02Node	Canvas/HUD/VerticalUIRoot/VerticalSafeAreaRoot/ContentSlot/Dimension1Panel/GalaxyPanel/D1_GalaxyVisualRoot/FullBleedGalaxyMap/Planet02Node
22_ancient_orbits_selected	1080	1920	Canvas/HUD/VerticalUIRoot/VerticalSafeAreaRoot/ContentSlot/Dimension1Panel/GalaxyPanel/D1_GalaxyVisualRoot/FullBleedGalaxyMap/Planet02Node	4	420.35	921.20	OK	Canvas/HUD/VerticalUIRoot/VerticalSafeAreaRoot/ContentSlot/Dimension1Panel/GalaxyPanel/D1_GalaxyVisualRoot/FullBleedGalaxyMap/Planet02Node	Canvas/HUD/VerticalUIRoot/VerticalSafeAreaRoot/ContentSlot/Dimension1Panel/GalaxyPanel/D1_GalaxyVisualRoot/FullBleedGalaxyMap/Planet02Node
22_ancient_orbits_selected	1080	1920	Canvas/HUD/VerticalUIRoot/VerticalSafeAreaRoot/ContentSlot/Dimension1Panel/GalaxyPanel/D1_GalaxyVisualRoot/FullBleedGalaxyMap/Sector02	0	916.67	948.91	OK	Canvas/HUD/VerticalUIRoot/VerticalSafeAreaRoot/ContentSlot/Dimension1Panel/GalaxyPanel/D1_GalaxyVisualRoot/FullBleedGalaxyMap/Sector02	Canvas/HUD/VerticalUIRoot/VerticalSafeAreaRoot/ContentSlot/Dimension1Panel/GalaxyPanel/D1_GalaxyVisualRoot/FullBleedGalaxyMap/Sector02
22_ancient_orbits_selected	1080	1920	Canvas/HUD/VerticalUIRoot/VerticalSafeAreaRoot/ContentSlot/Dimension1Panel/GalaxyPanel/D1_GalaxyVisualRoot/FullBleedGalaxyMap/Sector02	1	826.67	878.11	OK	Canvas/HUD/VerticalUIRoot/VerticalSafeAreaRoot/ContentSlot/Dimension1Panel/GalaxyPanel/D1_GalaxyVisualRoot/FullBleedGalaxyMap/Sector02	Canvas/HUD/VerticalUIRoot/VerticalSafeAreaRoot/ContentSlot/Dimension1Panel/GalaxyPanel/D1_GalaxyVisualRoot/FullBleedGalaxyMap/Sector02
22_ancient_orbits_selected	1080	1920	Canvas/HUD/VerticalUIRoot/VerticalSafeAreaRoot/ContentSlot/Dimension1Panel/GalaxyPanel/D1_GalaxyVisualRoot/FullBleedGalaxyMap/Sector02	2	1006.67	878.11	OK	Canvas/HUD/VerticalUIRoot/VerticalSafeAreaRoot/ContentSlot/Dimension1Panel/GalaxyPanel/D1_GalaxyVisualRoot/FullBleedGalaxyMap/Sector02	Canvas/HUD/VerticalUIRoot/VerticalSafeAreaRoot/ContentSlot/Dimension1Panel/GalaxyPanel/D1_GalaxyVisualRoot/FullBleedGalaxyMap/Sector02
22_ancient_orbits_selected	1080	1920	Canvas/HUD/VerticalUIRoot/VerticalSafeAreaRoot/ContentSlot/Dimension1Panel/GalaxyPanel/D1_GalaxyVisualRoot/FullBleedGalaxyMap/Sector02	3	826.67	1019.71	OK	Canvas/HUD/VerticalUIRoot/VerticalSafeAreaRoot/ContentSlot/Dimension1Panel/GalaxyPanel/D1_GalaxyVisualRoot/FullBleedGalaxyMap/Sector02	Canvas/HUD/VerticalUIRoot/VerticalSafeAreaRoot/ContentSlot/Dimension1Panel/GalaxyPanel/D1_GalaxyVisualRoot/FullBleedGalaxyMap/Sector02
22_ancient_orbits_selected	1080	1920	Canvas/HUD/VerticalUIRoot/VerticalSafeAreaRoot/ContentSlot/Dimension1Panel/GalaxyPanel/D1_GalaxyVisualRoot/FullBleedGalaxyMap/Sector02	4	1006.67	1019.71	OK	Canvas/HUD/VerticalUIRoot/VerticalSafeAreaRoot/ContentSlot/Dimension1Panel/GalaxyPanel/D1_GalaxyVisualRoot/FullBleedGalaxyMap/Sector02	Canvas/HUD/VerticalUIRoot/VerticalSafeAreaRoot/ContentSlot/Dimension1Panel/GalaxyPanel/D1_GalaxyVisualRoot/FullBleedGalaxyMap/Sector02
22_ancient_orbits_selected	1080	1920	Canvas/HUD/VerticalUIRoot/VerticalSafeAreaRoot/ContentSlot/Dimension1Panel/GalaxyPanel/D1_GalaxyVisualRoot/SectorDetails/SelectedData/EnterSectorButton	0	193.50	267.00	OK	Canvas/HUD/VerticalUIRoot/VerticalSafeAreaRoot/ContentSlot/Dimension1Panel/GalaxyPanel/D1_GalaxyVisualRoot/SectorDetails/SelectedData/EnterSectorButton/Fill	Canvas/HUD/VerticalUIRoot/VerticalSafeAreaRoot/ContentSlot/Dimension1Panel/GalaxyPanel/D1_GalaxyVisualRoot/SectorDetails/SelectedData/EnterSectorButton
22_ancient_orbits_selected	1080	1920	Canvas/HUD/VerticalUIRoot/VerticalSafeAreaRoot/ContentSlot/Dimension1Panel/GalaxyPanel/D1_GalaxyVisualRoot/SectorDetails/SelectedData/EnterSectorButton	1	123.00	248.40	OK	Canvas/HUD/VerticalUIRoot/VerticalSafeAreaRoot/ContentSlot/Dimension1Panel/GalaxyPanel/D1_GalaxyVisualRoot/SectorDetails/SelectedData/EnterSectorButton/Fill	Canvas/HUD/VerticalUIRoot/VerticalSafeAreaRoot/ContentSlot/Dimension1Panel/GalaxyPanel/D1_GalaxyVisualRoot/SectorDetails/SelectedData/EnterSectorButton
22_ancient_orbits_selected	1080	1920	Canvas/HUD/VerticalUIRoot/VerticalSafeAreaRoot/ContentSlot/Dimension1Panel/GalaxyPanel/D1_GalaxyVisualRoot/SectorDetails/SelectedData/EnterSectorButton	2	264.00	248.40	OK	Canvas/HUD/VerticalUIRoot/VerticalSafeAreaRoot/ContentSlot/Dimension1Panel/GalaxyPanel/D1_GalaxyVisualRoot/SectorDetails/SelectedData/EnterSectorButton/Fill	Canvas/HUD/VerticalUIRoot/VerticalSafeAreaRoot/ContentSlot/Dimension1Panel/GalaxyPanel/D1_GalaxyVisualRoot/SectorDetails/SelectedData/EnterSectorButton
22_ancient_orbits_selected	1080	1920	Canvas/HUD/VerticalUIRoot/VerticalSafeAreaRoot/ContentSlot/Dimension1Panel/GalaxyPanel/D1_GalaxyVisualRoot/SectorDetails/SelectedData/EnterSectorButton	3	123.00	285.60	OK	Canvas/HUD/VerticalUIRoot/VerticalSafeAreaRoot/ContentSlot/Dimension1Panel/GalaxyPanel/D1_GalaxyVisualRoot/SectorDetails/SelectedData/EnterSectorButton/Fill	Canvas/HUD/VerticalUIRoot/VerticalSafeAreaRoot/ContentSlot/Dimension1Panel/GalaxyPanel/D1_GalaxyVisualRoot/SectorDetails/SelectedData/EnterSectorButton
22_ancient_orbits_selected	1080	1920	Canvas/HUD/VerticalUIRoot/VerticalSafeAreaRoot/ContentSlot/Dimension1Panel/GalaxyPanel/D1_GalaxyVisualRoot/SectorDetails/SelectedData/EnterSectorButton	4	264.00	285.60	OK	Canvas/HUD/VerticalUIRoot/VerticalSafeAreaRoot/ContentSlot/Dimension1Panel/GalaxyPanel/D1_GalaxyVisualRoot/SectorDetails/SelectedData/EnterSectorButton/Fill	Canvas/HUD/VerticalUIRoot/VerticalSafeAreaRoot/ContentSlot/Dimension1Panel/GalaxyPanel/D1_GalaxyVisualRoot/SectorDetails/SelectedData/EnterSectorButton
22_ancient_orbits_selected	1080	1920	Canvas/HUD/VerticalUIRoot/VerticalSafeAreaRoot/ContentSlot/Dimension1Panel/GalaxyPanel/D1_GalaxyVisualRoot/CommandCenterBack	0	112.00	1768.00	OK	Canvas/HUD/VerticalUIRoot/VerticalSafeAreaRoot/ContentSlot/Dimension1Panel/GalaxyPanel/D1_GalaxyVisualRoot/CommandCenterBack	Canvas/HUD/VerticalUIRoot/VerticalSafeAreaRoot/ContentSlot/Dimension1Panel/GalaxyPanel/D1_GalaxyVisualRoot/CommandCenterBack
22_ancient_orbits_selected	1080	1920	Canvas/HUD/VerticalUIRoot/VerticalSafeAreaRoot/ContentSlot/Dimension1Panel/GalaxyPanel/D1_GalaxyVisualRoot/CommandCenterBack	1	59.20	1738.00	OK	Canvas/HUD/VerticalUIRoot/VerticalSafeAreaRoot/ContentSlot/Dimension1Panel/GalaxyPanel/D1_GalaxyVisualRoot/CommandCenterBack	Canvas/HUD/VerticalUIRoot/VerticalSafeAreaRoot/ContentSlot/Dimension1Panel/GalaxyPanel/D1_GalaxyVisualRoot/CommandCenterBack
22_ancient_orbits_selected	1080	1920	Canvas/HUD/VerticalUIRoot/VerticalSafeAreaRoot/ContentSlot/Dimension1Panel/GalaxyPanel/D1_GalaxyVisualRoot/CommandCenterBack	2	164.80	1738.00	OK	Canvas/HUD/VerticalUIRoot/VerticalSafeAreaRoot/ContentSlot/Dimension1Panel/GalaxyPanel/D1_GalaxyVisualRoot/CommandCenterBack	Canvas/HUD/VerticalUIRoot/VerticalSafeAreaRoot/ContentSlot/Dimension1Panel/GalaxyPanel/D1_GalaxyVisualRoot/CommandCenterBack
22_ancient_orbits_selected	1080	1920	Canvas/HUD/VerticalUIRoot/VerticalSafeAreaRoot/ContentSlot/Dimension1Panel/GalaxyPanel/D1_GalaxyVisualRoot/CommandCenterBack	3	59.20	1798.00	OK	Canvas/HUD/VerticalUIRoot/VerticalSafeAreaRoot/ContentSlot/Dimension1Panel/GalaxyPanel/D1_GalaxyVisualRoot/CommandCenterBack	Canvas/HUD/VerticalUIRoot/VerticalSafeAreaRoot/ContentSlot/Dimension1Panel/GalaxyPanel/D1_GalaxyVisualRoot/CommandCenterBack
22_ancient_orbits_selected	1080	1920	Canvas/HUD/VerticalUIRoot/VerticalSafeAreaRoot/ContentSlot/Dimension1Panel/GalaxyPanel/D1_GalaxyVisualRoot/CommandCenterBack	4	164.80	1798.00	OK	Canvas/HUD/VerticalUIRoot/VerticalSafeAreaRoot/ContentSlot/Dimension1Panel/GalaxyPanel/D1_GalaxyVisualRoot/CommandCenterBack	Canvas/HUD/VerticalUIRoot/VerticalSafeAreaRoot/ContentSlot/Dimension1Panel/GalaxyPanel/D1_GalaxyVisualRoot/CommandCenterBack
22_ancient_orbits_selected	1080	1920	Canvas/HUD/VerticalUIRoot/VerticalSafeAreaRoot/ContentSlot/Dimension1Panel/GalaxyPanel/D1_GalaxyVisualRoot/FullBleedGalaxyMap/Sector03	0	220.12	1186.27	OK	Canvas/HUD/VerticalUIRoot/VerticalSafeAreaRoot/ContentSlot/Dimension1Panel/GalaxyPanel/D1_GalaxyVisualRoot/FullBleedGalaxyMap/Sector03	Canvas/HUD/VerticalUIRoot/VerticalSafeAreaRoot/ContentSlot/Dimension1Panel/GalaxyPanel/D1_GalaxyVisualRoot/FullBleedGalaxyMap/Sector03
22_ancient_orbits_selected	1080	1920	Canvas/HUD/VerticalUIRoot/VerticalSafeAreaRoot/ContentSlot/Dimension1Panel/GalaxyPanel/D1_GalaxyVisualRoot/FullBleedGalaxyMap/Sector03	1	151.12	1126.87	OK	Canvas/HUD/VerticalUIRoot/VerticalSafeAreaRoot/ContentSlot/Dimension1Panel/GalaxyPanel/D1_GalaxyVisualRoot/FullBleedGalaxyMap/Sector03	Canvas/HUD/VerticalUIRoot/VerticalSafeAreaRoot/ContentSlot/Dimension1Panel/GalaxyPanel/D1_GalaxyVisualRoot/FullBleedGalaxyMap/Sector03
22_ancient_orbits_selected	1080	1920	Canvas/HUD/VerticalUIRoot/VerticalSafeAreaRoot/ContentSlot/Dimension1Panel/GalaxyPanel/D1_GalaxyVisualRoot/FullBleedGalaxyMap/Sector03	2	289.12	1126.87	OK	Canvas/HUD/VerticalUIRoot/VerticalSafeAreaRoot/ContentSlot/Dimension1Panel/GalaxyPanel/D1_GalaxyVisualRoot/FullBleedGalaxyMap/Sector03	Canvas/HUD/VerticalUIRoot/VerticalSafeAreaRoot/ContentSlot/Dimension1Panel/GalaxyPanel/D1_GalaxyVisualRoot/FullBleedGalaxyMap/Sector03
22_ancient_orbits_selected	1080	1920	Canvas/HUD/VerticalUIRoot/VerticalSafeAreaRoot/ContentSlot/Dimension1Panel/GalaxyPanel/D1_GalaxyVisualRoot/FullBleedGalaxyMap/Sector03	3	151.12	1245.67	OK	Canvas/HUD/VerticalUIRoot/VerticalSafeAreaRoot/ContentSlot/Dimension1Panel/GalaxyPanel/D1_GalaxyVisualRoot/FullBleedGalaxyMap/Sector03	Canvas/HUD/VerticalUIRoot/VerticalSafeAreaRoot/ContentSlot/Dimension1Panel/GalaxyPanel/D1_GalaxyVisualRoot/FullBleedGalaxyMap/Sector03
22_ancient_orbits_selected	1080	1920	Canvas/HUD/VerticalUIRoot/VerticalSafeAreaRoot/ContentSlot/Dimension1Panel/GalaxyPanel/D1_GalaxyVisualRoot/FullBleedGalaxyMap/Sector03	4	289.12	1245.67	OK	Canvas/HUD/VerticalUIRoot/VerticalSafeAreaRoot/ContentSlot/Dimension1Panel/GalaxyPanel/D1_GalaxyVisualRoot/FullBleedGalaxyMap/Sector03	Canvas/HUD/VerticalUIRoot/VerticalSafeAreaRoot/ContentSlot/Dimension1Panel/GalaxyPanel/D1_GalaxyVisualRoot/FullBleedGalaxyMap/Sector03
22_ancient_orbits_selected	1080	1920	Canvas/HUD/VerticalUIRoot/VerticalSafeAreaRoot/ContentSlot/Dimension1Panel/GalaxyPanel/D1_GalaxyVisualRoot/D1BottomNavigation/ÁRBOLButton	0	951.00	110.00	OK	Canvas/HUD/VerticalUIRoot/VerticalSafeAreaRoot/ContentSlot/Dimension1Panel/GalaxyPanel/D1_GalaxyVisualRoot/D1BottomNavigation/ÁRBOLButton	Canvas/HUD/VerticalUIRoot/VerticalSafeAreaRoot/ContentSlot/Dimension1Panel/GalaxyPanel/D1_GalaxyVisualRoot/D1BottomNavigation/ÁRBOLButton
22_ancient_orbits_selected	1080	1920	Canvas/HUD/VerticalUIRoot/VerticalSafeAreaRoot/ContentSlot/Dimension1Panel/GalaxyPanel/D1_GalaxyVisualRoot/D1BottomNavigation/ÁRBOLButton	1	891.60	57.20	OK	Canvas/HUD/VerticalUIRoot/VerticalSafeAreaRoot/ContentSlot/Dimension1Panel/GalaxyPanel/D1_GalaxyVisualRoot/D1BottomNavigation/ÁRBOLButton	Canvas/HUD/VerticalUIRoot/VerticalSafeAreaRoot/ContentSlot/Dimension1Panel/GalaxyPanel/D1_GalaxyVisualRoot/D1BottomNavigation/ÁRBOLButton
22_ancient_orbits_selected	1080	1920	Canvas/HUD/VerticalUIRoot/VerticalSafeAreaRoot/ContentSlot/Dimension1Panel/GalaxyPanel/D1_GalaxyVisualRoot/D1BottomNavigation/ÁRBOLButton	2	1010.40	57.20	OK	Canvas/HUD/VerticalUIRoot/VerticalSafeAreaRoot/ContentSlot/Dimension1Panel/GalaxyPanel/D1_GalaxyVisualRoot/D1BottomNavigation/ÁRBOLButton	Canvas/HUD/VerticalUIRoot/VerticalSafeAreaRoot/ContentSlot/Dimension1Panel/GalaxyPanel/D1_GalaxyVisualRoot/D1BottomNavigation/ÁRBOLButton
22_ancient_orbits_selected	1080	1920	Canvas/HUD/VerticalUIRoot/VerticalSafeAreaRoot/ContentSlot/Dimension1Panel/GalaxyPanel/D1_GalaxyVisualRoot/D1BottomNavigation/ÁRBOLButton	3	891.60	162.80	OK	Canvas/HUD/VerticalUIRoot/VerticalSafeAreaRoot/ContentSlot/Dimension1Panel/GalaxyPanel/D1_GalaxyVisualRoot/D1BottomNavigation/ÁRBOLButton	Canvas/HUD/VerticalUIRoot/VerticalSafeAreaRoot/ContentSlot/Dimension1Panel/GalaxyPanel/D1_GalaxyVisualRoot/D1BottomNavigation/ÁRBOLButton
22_ancient_orbits_selected	1080	1920	Canvas/HUD/VerticalUIRoot/VerticalSafeAreaRoot/ContentSlot/Dimension1Panel/GalaxyPanel/D1_GalaxyVisualRoot/D1BottomNavigation/ÁRBOLButton	4	1010.40	162.80	OK	Canvas/HUD/VerticalUIRoot/VerticalSafeAreaRoot/ContentSlot/Dimension1Panel/GalaxyPanel/D1_GalaxyVisualRoot/D1BottomNavigation/ÁRBOLButton	Canvas/HUD/VerticalUIRoot/VerticalSafeAreaRoot/ContentSlot/Dimension1Panel/GalaxyPanel/D1_GalaxyVisualRoot/D1BottomNavigation/ÁRBOLButton
22_ancient_orbits_selected	1080	1920	Canvas/HUD/VerticalUIRoot/VerticalSafeAreaRoot/ContentSlot/Dimension1Panel/GalaxyPanel/D1_GalaxyVisualRoot/FullBleedGalaxyMap/Sector01	0	688.33	1048.83	OK	Canvas/HUD/VerticalUIRoot/VerticalSafeAreaRoot/ContentSlot/Dimension1Panel/GalaxyPanel/D1_GalaxyVisualRoot/FullBleedGalaxyMap/Sector01	Canvas/HUD/VerticalUIRoot/VerticalSafeAreaRoot/ContentSlot/Dimension1Panel/GalaxyPanel/D1_GalaxyVisualRoot/FullBleedGalaxyMap/Sector01
22_ancient_orbits_selected	1080	1920	Canvas/HUD/VerticalUIRoot/VerticalSafeAreaRoot/ContentSlot/Dimension1Panel/GalaxyPanel/D1_GalaxyVisualRoot/FullBleedGalaxyMap/Sector01	1	619.33	989.43	OK	Canvas/HUD/VerticalUIRoot/VerticalSafeAreaRoot/ContentSlot/Dimension1Panel/GalaxyPanel/D1_GalaxyVisualRoot/FullBleedGalaxyMap/Sector01	Canvas/HUD/VerticalUIRoot/VerticalSafeAreaRoot/ContentSlot/Dimension1Panel/GalaxyPanel/D1_GalaxyVisualRoot/FullBleedGalaxyMap/Sector01
22_ancient_orbits_selected	1080	1920	Canvas/HUD/VerticalUIRoot/VerticalSafeAreaRoot/ContentSlot/Dimension1Panel/GalaxyPanel/D1_GalaxyVisualRoot/FullBleedGalaxyMap/Sector01	2	757.33	989.43	OK	Canvas/HUD/VerticalUIRoot/VerticalSafeAreaRoot/ContentSlot/Dimension1Panel/GalaxyPanel/D1_GalaxyVisualRoot/FullBleedGalaxyMap/Sector01	Canvas/HUD/VerticalUIRoot/VerticalSafeAreaRoot/ContentSlot/Dimension1Panel/GalaxyPanel/D1_GalaxyVisualRoot/FullBleedGalaxyMap/Sector01
22_ancient_orbits_selected	1080	1920	Canvas/HUD/VerticalUIRoot/VerticalSafeAreaRoot/ContentSlot/Dimension1Panel/GalaxyPanel/D1_GalaxyVisualRoot/FullBleedGalaxyMap/Sector01	3	619.33	1108.23	OK	Canvas/HUD/VerticalUIRoot/VerticalSafeAreaRoot/ContentSlot/Dimension1Panel/GalaxyPanel/D1_GalaxyVisualRoot/FullBleedGalaxyMap/Sector01	Canvas/HUD/VerticalUIRoot/VerticalSafeAreaRoot/ContentSlot/Dimension1Panel/GalaxyPanel/D1_GalaxyVisualRoot/FullBleedGalaxyMap/Sector01
22_ancient_orbits_selected	1080	1920	Canvas/HUD/VerticalUIRoot/VerticalSafeAreaRoot/ContentSlot/Dimension1Panel/GalaxyPanel/D1_GalaxyVisualRoot/FullBleedGalaxyMap/Sector01	4	757.33	1108.23	OK	Canvas/HUD/VerticalUIRoot/VerticalSafeAreaRoot/ContentSlot/Dimension1Panel/GalaxyPanel/D1_GalaxyVisualRoot/FullBleedGalaxyMap/Sector01	Canvas/HUD/VerticalUIRoot/VerticalSafeAreaRoot/ContentSlot/Dimension1Panel/GalaxyPanel/D1_GalaxyVisualRoot/FullBleedGalaxyMap/Sector01
22_ancient_orbits_selected	1080	1920	Canvas/HUD/VerticalUIRoot/VerticalSafeAreaRoot/ContentSlot/Dimension1Panel/GalaxyPanel/D1_GalaxyVisualRoot/FullBleedGalaxyMap/Planet07Node	0	159.47	650.99	OK	Canvas/HUD/VerticalUIRoot/VerticalSafeAreaRoot/ContentSlot/Dimension1Panel/GalaxyPanel/D1_GalaxyVisualRoot/FullBleedGalaxyMap/Planet07Node	Canvas/HUD/VerticalUIRoot/VerticalSafeAreaRoot/ContentSlot/Dimension1Panel/GalaxyPanel/D1_GalaxyVisualRoot/FullBleedGalaxyMap/Planet07Node
22_ancient_orbits_selected	1080	1920	Canvas/HUD/VerticalUIRoot/VerticalSafeAreaRoot/ContentSlot/Dimension1Panel/GalaxyPanel/D1_GalaxyVisualRoot/FullBleedGalaxyMap/Planet07Node	1	90.47	596.99	OK	Canvas/HUD/VerticalUIRoot/VerticalSafeAreaRoot/ContentSlot/Dimension1Panel/GalaxyPanel/D1_GalaxyVisualRoot/FullBleedGalaxyMap/Planet07Node	Canvas/HUD/VerticalUIRoot/VerticalSafeAreaRoot/ContentSlot/Dimension1Panel/GalaxyPanel/D1_GalaxyVisualRoot/FullBleedGalaxyMap/Planet07Node
22_ancient_orbits_selected	1080	1920	Canvas/HUD/VerticalUIRoot/VerticalSafeAreaRoot/ContentSlot/Dimension1Panel/GalaxyPanel/D1_GalaxyVisualRoot/FullBleedGalaxyMap/Planet07Node	2	228.47	596.99	OK	Canvas/HUD/VerticalUIRoot/VerticalSafeAreaRoot/ContentSlot/Dimension1Panel/GalaxyPanel/D1_GalaxyVisualRoot/FullBleedGalaxyMap/Planet07Node	Canvas/HUD/VerticalUIRoot/VerticalSafeAreaRoot/ContentSlot/Dimension1Panel/GalaxyPanel/D1_GalaxyVisualRoot/FullBleedGalaxyMap/Planet07Node
22_ancient_orbits_selected	1080	1920	Canvas/HUD/VerticalUIRoot/VerticalSafeAreaRoot/ContentSlot/Dimension1Panel/GalaxyPanel/D1_GalaxyVisualRoot/FullBleedGalaxyMap/Planet07Node	3	90.47	704.99	OK	Canvas/HUD/VerticalUIRoot/VerticalSafeAreaRoot/ContentSlot/Dimension1Panel/GalaxyPanel/D1_GalaxyVisualRoot/FullBleedGalaxyMap/Planet07Node	Canvas/HUD/VerticalUIRoot/VerticalSafeAreaRoot/ContentSlot/Dimension1Panel/GalaxyPanel/D1_GalaxyVisualRoot/FullBleedGalaxyMap/Planet07Node
22_ancient_orbits_selected	1080	1920	Canvas/HUD/VerticalUIRoot/VerticalSafeAreaRoot/ContentSlot/Dimension1Panel/GalaxyPanel/D1_GalaxyVisualRoot/FullBleedGalaxyMap/Planet07Node	4	228.47	704.99	OK	Canvas/HUD/VerticalUIRoot/VerticalSafeAreaRoot/ContentSlot/Dimension1Panel/GalaxyPanel/D1_GalaxyVisualRoot/FullBleedGalaxyMap/Planet07Node	Canvas/HUD/VerticalUIRoot/VerticalSafeAreaRoot/ContentSlot/Dimension1Panel/GalaxyPanel/D1_GalaxyVisualRoot/FullBleedGalaxyMap/Planet07Node
22_ancient_orbits_selected	1080	1920	Canvas/HUD/VerticalUIRoot/VerticalSafeAreaRoot/ContentSlot/Dimension1Panel/GalaxyPanel/D1_GalaxyVisualRoot/FullBleedGalaxyMap/GalacticCenter	0	540.00	1008.00	OK	Canvas/HUD/VerticalUIRoot/VerticalSafeAreaRoot/ContentSlot/Dimension1Panel/GalaxyPanel/D1_GalaxyVisualRoot/FullBleedGalaxyMap/GalacticCenter	Canvas/HUD/VerticalUIRoot/VerticalSafeAreaRoot/ContentSlot/Dimension1Panel/GalaxyPanel/D1_GalaxyVisualRoot/FullBleedGalaxyMap/GalacticCenter
22_ancient_orbits_selected	1080	1920	Canvas/HUD/VerticalUIRoot/VerticalSafeAreaRoot/ContentSlot/Dimension1Panel/GalaxyPanel/D1_GalaxyVisualRoot/FullBleedGalaxyMap/GalacticCenter	1	405.00	876.00	INTERCEPTED	Canvas/HUD/VerticalUIRoot/VerticalSafeAreaRoot/ContentSlot/Dimension1Panel/GalaxyPanel/D1_GalaxyVisualRoot/FullBleedGalaxyMap/Planet02Node	Canvas/HUD/VerticalUIRoot/VerticalSafeAreaRoot/ContentSlot/Dimension1Panel/GalaxyPanel/D1_GalaxyVisualRoot/FullBleedGalaxyMap/Planet02Node
22_ancient_orbits_selected	1080	1920	Canvas/HUD/VerticalUIRoot/VerticalSafeAreaRoot/ContentSlot/Dimension1Panel/GalaxyPanel/D1_GalaxyVisualRoot/FullBleedGalaxyMap/GalacticCenter	2	675.00	876.00	OK	Canvas/HUD/VerticalUIRoot/VerticalSafeAreaRoot/ContentSlot/Dimension1Panel/GalaxyPanel/D1_GalaxyVisualRoot/FullBleedGalaxyMap/GalacticCenter	Canvas/HUD/VerticalUIRoot/VerticalSafeAreaRoot/ContentSlot/Dimension1Panel/GalaxyPanel/D1_GalaxyVisualRoot/FullBleedGalaxyMap/GalacticCenter
22_ancient_orbits_selected	1080	1920	Canvas/HUD/VerticalUIRoot/VerticalSafeAreaRoot/ContentSlot/Dimension1Panel/GalaxyPanel/D1_GalaxyVisualRoot/FullBleedGalaxyMap/GalacticCenter	3	405.00	1140.00	OK	Canvas/HUD/VerticalUIRoot/VerticalSafeAreaRoot/ContentSlot/Dimension1Panel/GalaxyPanel/D1_GalaxyVisualRoot/FullBleedGalaxyMap/GalacticCenter	Canvas/HUD/VerticalUIRoot/VerticalSafeAreaRoot/ContentSlot/Dimension1Panel/GalaxyPanel/D1_GalaxyVisualRoot/FullBleedGalaxyMap/GalacticCenter
22_ancient_orbits_selected	1080	1920	Canvas/HUD/VerticalUIRoot/VerticalSafeAreaRoot/ContentSlot/Dimension1Panel/GalaxyPanel/D1_GalaxyVisualRoot/FullBleedGalaxyMap/GalacticCenter	4	675.00	1140.00	INTERCEPTED	Canvas/HUD/VerticalUIRoot/VerticalSafeAreaRoot/ContentSlot/Dimension1Panel/GalaxyPanel/D1_GalaxyVisualRoot/FullBleedGalaxyMap/Sector01	Canvas/HUD/VerticalUIRoot/VerticalSafeAreaRoot/ContentSlot/Dimension1Panel/GalaxyPanel/D1_GalaxyVisualRoot/FullBleedGalaxyMap/Sector01
22_ancient_orbits_selected	1080	1920	Canvas/HUD/VerticalUIRoot/VerticalSafeAreaRoot/ContentSlot/Dimension1Panel/GalaxyPanel/D1_GalaxyVisualRoot/D1BottomNavigation/EXPLORARButton	0	330.00	110.00	OK	Canvas/HUD/VerticalUIRoot/VerticalSafeAreaRoot/ContentSlot/Dimension1Panel/GalaxyPanel/D1_GalaxyVisualRoot/D1BottomNavigation/EXPLORARButton	Canvas/HUD/VerticalUIRoot/VerticalSafeAreaRoot/ContentSlot/Dimension1Panel/GalaxyPanel/D1_GalaxyVisualRoot/D1BottomNavigation/EXPLORARButton
22_ancient_orbits_selected	1080	1920	Canvas/HUD/VerticalUIRoot/VerticalSafeAreaRoot/ContentSlot/Dimension1Panel/GalaxyPanel/D1_GalaxyVisualRoot/D1BottomNavigation/EXPLORARButton	1	270.60	57.20	OK	Canvas/HUD/VerticalUIRoot/VerticalSafeAreaRoot/ContentSlot/Dimension1Panel/GalaxyPanel/D1_GalaxyVisualRoot/D1BottomNavigation/EXPLORARButton	Canvas/HUD/VerticalUIRoot/VerticalSafeAreaRoot/ContentSlot/Dimension1Panel/GalaxyPanel/D1_GalaxyVisualRoot/D1BottomNavigation/EXPLORARButton
22_ancient_orbits_selected	1080	1920	Canvas/HUD/VerticalUIRoot/VerticalSafeAreaRoot/ContentSlot/Dimension1Panel/GalaxyPanel/D1_GalaxyVisualRoot/D1BottomNavigation/EXPLORARButton	2	389.40	57.20	OK	Canvas/HUD/VerticalUIRoot/VerticalSafeAreaRoot/ContentSlot/Dimension1Panel/GalaxyPanel/D1_GalaxyVisualRoot/D1BottomNavigation/EXPLORARButton	Canvas/HUD/VerticalUIRoot/VerticalSafeAreaRoot/ContentSlot/Dimension1Panel/GalaxyPanel/D1_GalaxyVisualRoot/D1BottomNavigation/EXPLORARButton
22_ancient_orbits_selected	1080	1920	Canvas/HUD/VerticalUIRoot/VerticalSafeAreaRoot/ContentSlot/Dimension1Panel/GalaxyPanel/D1_GalaxyVisualRoot/D1BottomNavigation/EXPLORARButton	3	270.60	162.80	OK	Canvas/HUD/VerticalUIRoot/VerticalSafeAreaRoot/ContentSlot/Dimension1Panel/GalaxyPanel/D1_GalaxyVisualRoot/D1BottomNavigation/EXPLORARButton	Canvas/HUD/VerticalUIRoot/VerticalSafeAreaRoot/ContentSlot/Dimension1Panel/GalaxyPanel/D1_GalaxyVisualRoot/D1BottomNavigation/EXPLORARButton
22_ancient_orbits_selected	1080	1920	Canvas/HUD/VerticalUIRoot/VerticalSafeAreaRoot/ContentSlot/Dimension1Panel/GalaxyPanel/D1_GalaxyVisualRoot/D1BottomNavigation/EXPLORARButton	4	389.40	162.80	OK	Canvas/HUD/VerticalUIRoot/VerticalSafeAreaRoot/ContentSlot/Dimension1Panel/GalaxyPanel/D1_GalaxyVisualRoot/D1BottomNavigation/EXPLORARButton	Canvas/HUD/VerticalUIRoot/VerticalSafeAreaRoot/ContentSlot/Dimension1Panel/GalaxyPanel/D1_GalaxyVisualRoot/D1BottomNavigation/EXPLORARButton
22_ancient_orbits_selected	1080	1920	Canvas/HUD/VerticalUIRoot/VerticalSafeAreaRoot/ContentSlot/Dimension1Panel/GalaxyPanel/D1_GalaxyVisualRoot/FullBleedGalaxyMap/Sector04	0	871.32	631.06	OK	Canvas/HUD/VerticalUIRoot/VerticalSafeAreaRoot/ContentSlot/Dimension1Panel/GalaxyPanel/D1_GalaxyVisualRoot/FullBleedGalaxyMap/Sector04	Canvas/HUD/VerticalUIRoot/VerticalSafeAreaRoot/ContentSlot/Dimension1Panel/GalaxyPanel/D1_GalaxyVisualRoot/FullBleedGalaxyMap/Sector04
22_ancient_orbits_selected	1080	1920	Canvas/HUD/VerticalUIRoot/VerticalSafeAreaRoot/ContentSlot/Dimension1Panel/GalaxyPanel/D1_GalaxyVisualRoot/FullBleedGalaxyMap/Sector04	1	802.32	575.26	OK	Canvas/HUD/VerticalUIRoot/VerticalSafeAreaRoot/ContentSlot/Dimension1Panel/GalaxyPanel/D1_GalaxyVisualRoot/FullBleedGalaxyMap/Sector04	Canvas/HUD/VerticalUIRoot/VerticalSafeAreaRoot/ContentSlot/Dimension1Panel/GalaxyPanel/D1_GalaxyVisualRoot/FullBleedGalaxyMap/Sector04
22_ancient_orbits_selected	1080	1920	Canvas/HUD/VerticalUIRoot/VerticalSafeAreaRoot/ContentSlot/Dimension1Panel/GalaxyPanel/D1_GalaxyVisualRoot/FullBleedGalaxyMap/Sector04	2	940.32	575.26	OK	Canvas/HUD/VerticalUIRoot/VerticalSafeAreaRoot/ContentSlot/Dimension1Panel/GalaxyPanel/D1_GalaxyVisualRoot/FullBleedGalaxyMap/Sector04	Canvas/HUD/VerticalUIRoot/VerticalSafeAreaRoot/ContentSlot/Dimension1Panel/GalaxyPanel/D1_GalaxyVisualRoot/FullBleedGalaxyMap/Sector04
22_ancient_orbits_selected	1080	1920	Canvas/HUD/VerticalUIRoot/VerticalSafeAreaRoot/ContentSlot/Dimension1Panel/GalaxyPanel/D1_GalaxyVisualRoot/FullBleedGalaxyMap/Sector04	3	802.32	686.86	OK	Canvas/HUD/VerticalUIRoot/VerticalSafeAreaRoot/ContentSlot/Dimension1Panel/GalaxyPanel/D1_GalaxyVisualRoot/FullBleedGalaxyMap/Sector04	Canvas/HUD/VerticalUIRoot/VerticalSafeAreaRoot/ContentSlot/Dimension1Panel/GalaxyPanel/D1_GalaxyVisualRoot/FullBleedGalaxyMap/Sector04
22_ancient_orbits_selected	1080	1920	Canvas/HUD/VerticalUIRoot/VerticalSafeAreaRoot/ContentSlot/Dimension1Panel/GalaxyPanel/D1_GalaxyVisualRoot/FullBleedGalaxyMap/Sector04	4	940.32	686.86	OK	Canvas/HUD/VerticalUIRoot/VerticalSafeAreaRoot/ContentSlot/Dimension1Panel/GalaxyPanel/D1_GalaxyVisualRoot/FullBleedGalaxyMap/Sector04	Canvas/HUD/VerticalUIRoot/VerticalSafeAreaRoot/ContentSlot/Dimension1Panel/GalaxyPanel/D1_GalaxyVisualRoot/FullBleedGalaxyMap/Sector04
22_ancient_orbits_selected	1080	1920	Canvas/HUD/VerticalUIRoot/VerticalSafeAreaRoot/ContentSlot/Dimension1Panel/GalaxyPanel/D1_GalaxyVisualRoot/D1BottomNavigation/RELIQUIASButton	0	744.00	110.00	OK	Canvas/HUD/VerticalUIRoot/VerticalSafeAreaRoot/ContentSlot/Dimension1Panel/GalaxyPanel/D1_GalaxyVisualRoot/D1BottomNavigation/RELIQUIASButton	Canvas/HUD/VerticalUIRoot/VerticalSafeAreaRoot/ContentSlot/Dimension1Panel/GalaxyPanel/D1_GalaxyVisualRoot/D1BottomNavigation/RELIQUIASButton
22_ancient_orbits_selected	1080	1920	Canvas/HUD/VerticalUIRoot/VerticalSafeAreaRoot/ContentSlot/Dimension1Panel/GalaxyPanel/D1_GalaxyVisualRoot/D1BottomNavigation/RELIQUIASButton	1	684.60	57.20	OK	Canvas/HUD/VerticalUIRoot/VerticalSafeAreaRoot/ContentSlot/Dimension1Panel/GalaxyPanel/D1_GalaxyVisualRoot/D1BottomNavigation/RELIQUIASButton	Canvas/HUD/VerticalUIRoot/VerticalSafeAreaRoot/ContentSlot/Dimension1Panel/GalaxyPanel/D1_GalaxyVisualRoot/D1BottomNavigation/RELIQUIASButton
22_ancient_orbits_selected	1080	1920	Canvas/HUD/VerticalUIRoot/VerticalSafeAreaRoot/ContentSlot/Dimension1Panel/GalaxyPanel/D1_GalaxyVisualRoot/D1BottomNavigation/RELIQUIASButton	2	803.40	57.20	OK	Canvas/HUD/VerticalUIRoot/VerticalSafeAreaRoot/ContentSlot/Dimension1Panel/GalaxyPanel/D1_GalaxyVisualRoot/D1BottomNavigation/RELIQUIASButton	Canvas/HUD/VerticalUIRoot/VerticalSafeAreaRoot/ContentSlot/Dimension1Panel/GalaxyPanel/D1_GalaxyVisualRoot/D1BottomNavigation/RELIQUIASButton
22_ancient_orbits_selected	1080	1920	Canvas/HUD/VerticalUIRoot/VerticalSafeAreaRoot/ContentSlot/Dimension1Panel/GalaxyPanel/D1_GalaxyVisualRoot/D1BottomNavigation/RELIQUIASButton	3	684.60	162.80	OK	Canvas/HUD/VerticalUIRoot/VerticalSafeAreaRoot/ContentSlot/Dimension1Panel/GalaxyPanel/D1_GalaxyVisualRoot/D1BottomNavigation/RELIQUIASButton	Canvas/HUD/VerticalUIRoot/VerticalSafeAreaRoot/ContentSlot/Dimension1Panel/GalaxyPanel/D1_GalaxyVisualRoot/D1BottomNavigation/RELIQUIASButton
22_ancient_orbits_selected	1080	1920	Canvas/HUD/VerticalUIRoot/VerticalSafeAreaRoot/ContentSlot/Dimension1Panel/GalaxyPanel/D1_GalaxyVisualRoot/D1BottomNavigation/RELIQUIASButton	4	803.40	162.80	OK	Canvas/HUD/VerticalUIRoot/VerticalSafeAreaRoot/ContentSlot/Dimension1Panel/GalaxyPanel/D1_GalaxyVisualRoot/D1BottomNavigation/RELIQUIASButton	Canvas/HUD/VerticalUIRoot/VerticalSafeAreaRoot/ContentSlot/Dimension1Panel/GalaxyPanel/D1_GalaxyVisualRoot/D1BottomNavigation/RELIQUIASButton
22_ancient_orbits_selected	1080	1920	Canvas/HUD/VerticalUIRoot/VerticalSafeAreaRoot/ContentSlot/Dimension1Panel/GalaxyPanel/D1_GalaxyVisualRoot/D1BottomNavigation/HANGARButton	0	537.00	110.00	OK	Canvas/HUD/VerticalUIRoot/VerticalSafeAreaRoot/ContentSlot/Dimension1Panel/GalaxyPanel/D1_GalaxyVisualRoot/D1BottomNavigation/HANGARButton	Canvas/HUD/VerticalUIRoot/VerticalSafeAreaRoot/ContentSlot/Dimension1Panel/GalaxyPanel/D1_GalaxyVisualRoot/D1BottomNavigation/HANGARButton
22_ancient_orbits_selected	1080	1920	Canvas/HUD/VerticalUIRoot/VerticalSafeAreaRoot/ContentSlot/Dimension1Panel/GalaxyPanel/D1_GalaxyVisualRoot/D1BottomNavigation/HANGARButton	1	477.60	57.20	OK	Canvas/HUD/VerticalUIRoot/VerticalSafeAreaRoot/ContentSlot/Dimension1Panel/GalaxyPanel/D1_GalaxyVisualRoot/D1BottomNavigation/HANGARButton	Canvas/HUD/VerticalUIRoot/VerticalSafeAreaRoot/ContentSlot/Dimension1Panel/GalaxyPanel/D1_GalaxyVisualRoot/D1BottomNavigation/HANGARButton
22_ancient_orbits_selected	1080	1920	Canvas/HUD/VerticalUIRoot/VerticalSafeAreaRoot/ContentSlot/Dimension1Panel/GalaxyPanel/D1_GalaxyVisualRoot/D1BottomNavigation/HANGARButton	2	596.40	57.20	OK	Canvas/HUD/VerticalUIRoot/VerticalSafeAreaRoot/ContentSlot/Dimension1Panel/GalaxyPanel/D1_GalaxyVisualRoot/D1BottomNavigation/HANGARButton	Canvas/HUD/VerticalUIRoot/VerticalSafeAreaRoot/ContentSlot/Dimension1Panel/GalaxyPanel/D1_GalaxyVisualRoot/D1BottomNavigation/HANGARButton
22_ancient_orbits_selected	1080	1920	Canvas/HUD/VerticalUIRoot/VerticalSafeAreaRoot/ContentSlot/Dimension1Panel/GalaxyPanel/D1_GalaxyVisualRoot/D1BottomNavigation/HANGARButton	3	477.60	162.80	OK	Canvas/HUD/VerticalUIRoot/VerticalSafeAreaRoot/ContentSlot/Dimension1Panel/GalaxyPanel/D1_GalaxyVisualRoot/D1BottomNavigation/HANGARButton	Canvas/HUD/VerticalUIRoot/VerticalSafeAreaRoot/ContentSlot/Dimension1Panel/GalaxyPanel/D1_GalaxyVisualRoot/D1BottomNavigation/HANGARButton
22_ancient_orbits_selected	1080	1920	Canvas/HUD/VerticalUIRoot/VerticalSafeAreaRoot/ContentSlot/Dimension1Panel/GalaxyPanel/D1_GalaxyVisualRoot/D1BottomNavigation/HANGARButton	4	596.40	162.80	OK	Canvas/HUD/VerticalUIRoot/VerticalSafeAreaRoot/ContentSlot/Dimension1Panel/GalaxyPanel/D1_GalaxyVisualRoot/D1BottomNavigation/HANGARButton	Canvas/HUD/VerticalUIRoot/VerticalSafeAreaRoot/ContentSlot/Dimension1Panel/GalaxyPanel/D1_GalaxyVisualRoot/D1BottomNavigation/HANGARButton
22_ancient_orbits_selected	1080	1920	Canvas/HUD/VerticalUIRoot/VerticalSafeAreaRoot/ContentSlot/Dimension1Panel/GalaxyPanel/D1_GalaxyVisualRoot/FullBleedGalaxyMap/Planet05Node	0	727.23	1242.36	OK	Canvas/HUD/VerticalUIRoot/VerticalSafeAreaRoot/ContentSlot/Dimension1Panel/GalaxyPanel/D1_GalaxyVisualRoot/FullBleedGalaxyMap/Planet05Node	Canvas/HUD/VerticalUIRoot/VerticalSafeAreaRoot/ContentSlot/Dimension1Panel/GalaxyPanel/D1_GalaxyVisualRoot/FullBleedGalaxyMap/Planet05Node
22_ancient_orbits_selected	1080	1920	Canvas/HUD/VerticalUIRoot/VerticalSafeAreaRoot/ContentSlot/Dimension1Panel/GalaxyPanel/D1_GalaxyVisualRoot/FullBleedGalaxyMap/Planet05Node	1	658.23	1185.36	OK	Canvas/HUD/VerticalUIRoot/VerticalSafeAreaRoot/ContentSlot/Dimension1Panel/GalaxyPanel/D1_GalaxyVisualRoot/FullBleedGalaxyMap/Planet05Node	Canvas/HUD/VerticalUIRoot/VerticalSafeAreaRoot/ContentSlot/Dimension1Panel/GalaxyPanel/D1_GalaxyVisualRoot/FullBleedGalaxyMap/Planet05Node
22_ancient_orbits_selected	1080	1920	Canvas/HUD/VerticalUIRoot/VerticalSafeAreaRoot/ContentSlot/Dimension1Panel/GalaxyPanel/D1_GalaxyVisualRoot/FullBleedGalaxyMap/Planet05Node	2	796.23	1185.36	OK	Canvas/HUD/VerticalUIRoot/VerticalSafeAreaRoot/ContentSlot/Dimension1Panel/GalaxyPanel/D1_GalaxyVisualRoot/FullBleedGalaxyMap/Planet05Node	Canvas/HUD/VerticalUIRoot/VerticalSafeAreaRoot/ContentSlot/Dimension1Panel/GalaxyPanel/D1_GalaxyVisualRoot/FullBleedGalaxyMap/Planet05Node
22_ancient_orbits_selected	1080	1920	Canvas/HUD/VerticalUIRoot/VerticalSafeAreaRoot/ContentSlot/Dimension1Panel/GalaxyPanel/D1_GalaxyVisualRoot/FullBleedGalaxyMap/Planet05Node	3	658.23	1299.36	OK	Canvas/HUD/VerticalUIRoot/VerticalSafeAreaRoot/ContentSlot/Dimension1Panel/GalaxyPanel/D1_GalaxyVisualRoot/FullBleedGalaxyMap/Planet05Node	Canvas/HUD/VerticalUIRoot/VerticalSafeAreaRoot/ContentSlot/Dimension1Panel/GalaxyPanel/D1_GalaxyVisualRoot/FullBleedGalaxyMap/Planet05Node
22_ancient_orbits_selected	1080	1920	Canvas/HUD/VerticalUIRoot/VerticalSafeAreaRoot/ContentSlot/Dimension1Panel/GalaxyPanel/D1_GalaxyVisualRoot/FullBleedGalaxyMap/Planet05Node	4	796.23	1299.36	OK	Canvas/HUD/VerticalUIRoot/VerticalSafeAreaRoot/ContentSlot/Dimension1Panel/GalaxyPanel/D1_GalaxyVisualRoot/FullBleedGalaxyMap/Planet05Node	Canvas/HUD/VerticalUIRoot/VerticalSafeAreaRoot/ContentSlot/Dimension1Panel/GalaxyPanel/D1_GalaxyVisualRoot/FullBleedGalaxyMap/Planet05Node
22_ancient_orbits	1080	1920	Canvas/HUD/VerticalUIRoot/VerticalSafeAreaRoot/ContentSlot/Dimension1Panel/D1_AncientOrbitsVisualRoot/BottomNavigation/Nav_RELIQUIAS	0	744.00	110.00	OK	Canvas/HUD/VerticalUIRoot/VerticalSafeAreaRoot/ContentSlot/Dimension1Panel/D1_AncientOrbitsVisualRoot/BottomNavigation/Nav_RELIQUIAS	Canvas/HUD/VerticalUIRoot/VerticalSafeAreaRoot/ContentSlot/Dimension1Panel/D1_AncientOrbitsVisualRoot/BottomNavigation/Nav_RELIQUIAS
22_ancient_orbits	1080	1920	Canvas/HUD/VerticalUIRoot/VerticalSafeAreaRoot/ContentSlot/Dimension1Panel/D1_AncientOrbitsVisualRoot/BottomNavigation/Nav_RELIQUIAS	1	684.60	57.20	OK	Canvas/HUD/VerticalUIRoot/VerticalSafeAreaRoot/ContentSlot/Dimension1Panel/D1_AncientOrbitsVisualRoot/BottomNavigation/Nav_RELIQUIAS	Canvas/HUD/VerticalUIRoot/VerticalSafeAreaRoot/ContentSlot/Dimension1Panel/D1_AncientOrbitsVisualRoot/BottomNavigation/Nav_RELIQUIAS
22_ancient_orbits	1080	1920	Canvas/HUD/VerticalUIRoot/VerticalSafeAreaRoot/ContentSlot/Dimension1Panel/D1_AncientOrbitsVisualRoot/BottomNavigation/Nav_RELIQUIAS	2	803.40	57.20	OK	Canvas/HUD/VerticalUIRoot/VerticalSafeAreaRoot/ContentSlot/Dimension1Panel/D1_AncientOrbitsVisualRoot/BottomNavigation/Nav_RELIQUIAS	Canvas/HUD/VerticalUIRoot/VerticalSafeAreaRoot/ContentSlot/Dimension1Panel/D1_AncientOrbitsVisualRoot/BottomNavigation/Nav_RELIQUIAS
22_ancient_orbits	1080	1920	Canvas/HUD/VerticalUIRoot/VerticalSafeAreaRoot/ContentSlot/Dimension1Panel/D1_AncientOrbitsVisualRoot/BottomNavigation/Nav_RELIQUIAS	3	684.60	162.80	OK	Canvas/HUD/VerticalUIRoot/VerticalSafeAreaRoot/ContentSlot/Dimension1Panel/D1_AncientOrbitsVisualRoot/BottomNavigation/Nav_RELIQUIAS	Canvas/HUD/VerticalUIRoot/VerticalSafeAreaRoot/ContentSlot/Dimension1Panel/D1_AncientOrbitsVisualRoot/BottomNavigation/Nav_RELIQUIAS
22_ancient_orbits	1080	1920	Canvas/HUD/VerticalUIRoot/VerticalSafeAreaRoot/ContentSlot/Dimension1Panel/D1_AncientOrbitsVisualRoot/BottomNavigation/Nav_RELIQUIAS	4	803.40	162.80	OK	Canvas/HUD/VerticalUIRoot/VerticalSafeAreaRoot/ContentSlot/Dimension1Panel/D1_AncientOrbitsVisualRoot/BottomNavigation/Nav_RELIQUIAS	Canvas/HUD/VerticalUIRoot/VerticalSafeAreaRoot/ContentSlot/Dimension1Panel/D1_AncientOrbitsVisualRoot/BottomNavigation/Nav_RELIQUIAS
22_ancient_orbits	1080	1920	Canvas/HUD/VerticalUIRoot/VerticalSafeAreaRoot/ContentSlot/Dimension1Panel/D1_AncientOrbitsVisualRoot/BottomNavigation/Nav_EXPLORAR	0	330.00	110.00	OK	Canvas/HUD/VerticalUIRoot/VerticalSafeAreaRoot/ContentSlot/Dimension1Panel/D1_AncientOrbitsVisualRoot/BottomNavigation/Nav_EXPLORAR	Canvas/HUD/VerticalUIRoot/VerticalSafeAreaRoot/ContentSlot/Dimension1Panel/D1_AncientOrbitsVisualRoot/BottomNavigation/Nav_EXPLORAR
22_ancient_orbits	1080	1920	Canvas/HUD/VerticalUIRoot/VerticalSafeAreaRoot/ContentSlot/Dimension1Panel/D1_AncientOrbitsVisualRoot/BottomNavigation/Nav_EXPLORAR	1	270.60	57.20	OK	Canvas/HUD/VerticalUIRoot/VerticalSafeAreaRoot/ContentSlot/Dimension1Panel/D1_AncientOrbitsVisualRoot/BottomNavigation/Nav_EXPLORAR	Canvas/HUD/VerticalUIRoot/VerticalSafeAreaRoot/ContentSlot/Dimension1Panel/D1_AncientOrbitsVisualRoot/BottomNavigation/Nav_EXPLORAR
22_ancient_orbits	1080	1920	Canvas/HUD/VerticalUIRoot/VerticalSafeAreaRoot/ContentSlot/Dimension1Panel/D1_AncientOrbitsVisualRoot/BottomNavigation/Nav_EXPLORAR	2	389.40	57.20	OK	Canvas/HUD/VerticalUIRoot/VerticalSafeAreaRoot/ContentSlot/Dimension1Panel/D1_AncientOrbitsVisualRoot/BottomNavigation/Nav_EXPLORAR	Canvas/HUD/VerticalUIRoot/VerticalSafeAreaRoot/ContentSlot/Dimension1Panel/D1_AncientOrbitsVisualRoot/BottomNavigation/Nav_EXPLORAR
22_ancient_orbits	1080	1920	Canvas/HUD/VerticalUIRoot/VerticalSafeAreaRoot/ContentSlot/Dimension1Panel/D1_AncientOrbitsVisualRoot/BottomNavigation/Nav_EXPLORAR	3	270.60	162.80	OK	Canvas/HUD/VerticalUIRoot/VerticalSafeAreaRoot/ContentSlot/Dimension1Panel/D1_AncientOrbitsVisualRoot/BottomNavigation/Nav_EXPLORAR	Canvas/HUD/VerticalUIRoot/VerticalSafeAreaRoot/ContentSlot/Dimension1Panel/D1_AncientOrbitsVisualRoot/BottomNavigation/Nav_EXPLORAR
22_ancient_orbits	1080	1920	Canvas/HUD/VerticalUIRoot/VerticalSafeAreaRoot/ContentSlot/Dimension1Panel/D1_AncientOrbitsVisualRoot/BottomNavigation/Nav_EXPLORAR	4	389.40	162.80	OK	Canvas/HUD/VerticalUIRoot/VerticalSafeAreaRoot/ContentSlot/Dimension1Panel/D1_AncientOrbitsVisualRoot/BottomNavigation/Nav_EXPLORAR	Canvas/HUD/VerticalUIRoot/VerticalSafeAreaRoot/ContentSlot/Dimension1Panel/D1_AncientOrbitsVisualRoot/BottomNavigation/Nav_EXPLORAR
22_ancient_orbits	1080	1920	Canvas/HUD/VerticalUIRoot/VerticalSafeAreaRoot/ContentSlot/Dimension1Panel/D1_AncientOrbitsVisualRoot/BottomNavigation/Nav_ÁRBOL	0	951.00	110.00	OK	Canvas/HUD/VerticalUIRoot/VerticalSafeAreaRoot/ContentSlot/Dimension1Panel/D1_AncientOrbitsVisualRoot/BottomNavigation/Nav_ÁRBOL	Canvas/HUD/VerticalUIRoot/VerticalSafeAreaRoot/ContentSlot/Dimension1Panel/D1_AncientOrbitsVisualRoot/BottomNavigation/Nav_ÁRBOL
22_ancient_orbits	1080	1920	Canvas/HUD/VerticalUIRoot/VerticalSafeAreaRoot/ContentSlot/Dimension1Panel/D1_AncientOrbitsVisualRoot/BottomNavigation/Nav_ÁRBOL	1	891.60	57.20	OK	Canvas/HUD/VerticalUIRoot/VerticalSafeAreaRoot/ContentSlot/Dimension1Panel/D1_AncientOrbitsVisualRoot/BottomNavigation/Nav_ÁRBOL	Canvas/HUD/VerticalUIRoot/VerticalSafeAreaRoot/ContentSlot/Dimension1Panel/D1_AncientOrbitsVisualRoot/BottomNavigation/Nav_ÁRBOL
22_ancient_orbits	1080	1920	Canvas/HUD/VerticalUIRoot/VerticalSafeAreaRoot/ContentSlot/Dimension1Panel/D1_AncientOrbitsVisualRoot/BottomNavigation/Nav_ÁRBOL	2	1010.40	57.20	OK	Canvas/HUD/VerticalUIRoot/VerticalSafeAreaRoot/ContentSlot/Dimension1Panel/D1_AncientOrbitsVisualRoot/BottomNavigation/Nav_ÁRBOL	Canvas/HUD/VerticalUIRoot/VerticalSafeAreaRoot/ContentSlot/Dimension1Panel/D1_AncientOrbitsVisualRoot/BottomNavigation/Nav_ÁRBOL
22_ancient_orbits	1080	1920	Canvas/HUD/VerticalUIRoot/VerticalSafeAreaRoot/ContentSlot/Dimension1Panel/D1_AncientOrbitsVisualRoot/BottomNavigation/Nav_ÁRBOL	3	891.60	162.80	OK	Canvas/HUD/VerticalUIRoot/VerticalSafeAreaRoot/ContentSlot/Dimension1Panel/D1_AncientOrbitsVisualRoot/BottomNavigation/Nav_ÁRBOL	Canvas/HUD/VerticalUIRoot/VerticalSafeAreaRoot/ContentSlot/Dimension1Panel/D1_AncientOrbitsVisualRoot/BottomNavigation/Nav_ÁRBOL
22_ancient_orbits	1080	1920	Canvas/HUD/VerticalUIRoot/VerticalSafeAreaRoot/ContentSlot/Dimension1Panel/D1_AncientOrbitsVisualRoot/BottomNavigation/Nav_ÁRBOL	4	1010.40	162.80	OK	Canvas/HUD/VerticalUIRoot/VerticalSafeAreaRoot/ContentSlot/Dimension1Panel/D1_AncientOrbitsVisualRoot/BottomNavigation/Nav_ÁRBOL	Canvas/HUD/VerticalUIRoot/VerticalSafeAreaRoot/ContentSlot/Dimension1Panel/D1_AncientOrbitsVisualRoot/BottomNavigation/Nav_ÁRBOL
22_ancient_orbits	1080	1920	Canvas/HUD/VerticalUIRoot/VerticalSafeAreaRoot/ContentSlot/Dimension1Panel/D1_AncientOrbitsVisualRoot/AllMetals	0	921.50	1768.00	OK	Canvas/HUD/VerticalUIRoot/VerticalSafeAreaRoot/ContentSlot/Dimension1Panel/D1_AncientOrbitsVisualRoot/AllMetals	Canvas/HUD/VerticalUIRoot/VerticalSafeAreaRoot/ContentSlot/Dimension1Panel/D1_AncientOrbitsVisualRoot/AllMetals
22_ancient_orbits	1080	1920	Canvas/HUD/VerticalUIRoot/VerticalSafeAreaRoot/ContentSlot/Dimension1Panel/D1_AncientOrbitsVisualRoot/AllMetals	1	848.00	1738.00	OK	Canvas/HUD/VerticalUIRoot/VerticalSafeAreaRoot/ContentSlot/Dimension1Panel/D1_AncientOrbitsVisualRoot/AllMetals	Canvas/HUD/VerticalUIRoot/VerticalSafeAreaRoot/ContentSlot/Dimension1Panel/D1_AncientOrbitsVisualRoot/AllMetals
22_ancient_orbits	1080	1920	Canvas/HUD/VerticalUIRoot/VerticalSafeAreaRoot/ContentSlot/Dimension1Panel/D1_AncientOrbitsVisualRoot/AllMetals	2	995.00	1738.00	OK	Canvas/HUD/VerticalUIRoot/VerticalSafeAreaRoot/ContentSlot/Dimension1Panel/D1_AncientOrbitsVisualRoot/AllMetals	Canvas/HUD/VerticalUIRoot/VerticalSafeAreaRoot/ContentSlot/Dimension1Panel/D1_AncientOrbitsVisualRoot/AllMetals
22_ancient_orbits	1080	1920	Canvas/HUD/VerticalUIRoot/VerticalSafeAreaRoot/ContentSlot/Dimension1Panel/D1_AncientOrbitsVisualRoot/AllMetals	3	848.00	1798.00	OK	Canvas/HUD/VerticalUIRoot/VerticalSafeAreaRoot/ContentSlot/Dimension1Panel/D1_AncientOrbitsVisualRoot/AllMetals	Canvas/HUD/VerticalUIRoot/VerticalSafeAreaRoot/ContentSlot/Dimension1Panel/D1_AncientOrbitsVisualRoot/AllMetals
22_ancient_orbits	1080	1920	Canvas/HUD/VerticalUIRoot/VerticalSafeAreaRoot/ContentSlot/Dimension1Panel/D1_AncientOrbitsVisualRoot/AllMetals	4	995.00	1798.00	OK	Canvas/HUD/VerticalUIRoot/VerticalSafeAreaRoot/ContentSlot/Dimension1Panel/D1_AncientOrbitsVisualRoot/AllMetals	Canvas/HUD/VerticalUIRoot/VerticalSafeAreaRoot/ContentSlot/Dimension1Panel/D1_AncientOrbitsVisualRoot/AllMetals
22_ancient_orbits	1080	1920	Canvas/HUD/VerticalUIRoot/VerticalSafeAreaRoot/ContentSlot/Dimension1Panel/D1_AncientOrbitsVisualRoot/Heading/BackButton	0	70.00	1810.00	OK	Canvas/HUD/VerticalUIRoot/VerticalSafeAreaRoot/ContentSlot/Dimension1Panel/D1_AncientOrbitsVisualRoot/Heading/BackButton	Canvas/HUD/VerticalUIRoot/VerticalSafeAreaRoot/ContentSlot/Dimension1Panel/D1_AncientOrbitsVisualRoot/Heading/BackButton
22_ancient_orbits	1080	1920	Canvas/HUD/VerticalUIRoot/VerticalSafeAreaRoot/ContentSlot/Dimension1Panel/D1_AncientOrbitsVisualRoot/Heading/BackButton	1	44.80	1788.40	OK	Canvas/HUD/VerticalUIRoot/VerticalSafeAreaRoot/ContentSlot/Dimension1Panel/D1_AncientOrbitsVisualRoot/Heading/BackButton	Canvas/HUD/VerticalUIRoot/VerticalSafeAreaRoot/ContentSlot/Dimension1Panel/D1_AncientOrbitsVisualRoot/Heading/BackButton
22_ancient_orbits	1080	1920	Canvas/HUD/VerticalUIRoot/VerticalSafeAreaRoot/ContentSlot/Dimension1Panel/D1_AncientOrbitsVisualRoot/Heading/BackButton	2	95.20	1788.40	OK	Canvas/HUD/VerticalUIRoot/VerticalSafeAreaRoot/ContentSlot/Dimension1Panel/D1_AncientOrbitsVisualRoot/Heading/BackButton	Canvas/HUD/VerticalUIRoot/VerticalSafeAreaRoot/ContentSlot/Dimension1Panel/D1_AncientOrbitsVisualRoot/Heading/BackButton
22_ancient_orbits	1080	1920	Canvas/HUD/VerticalUIRoot/VerticalSafeAreaRoot/ContentSlot/Dimension1Panel/D1_AncientOrbitsVisualRoot/Heading/BackButton	3	44.80	1831.60	OK	Canvas/HUD/VerticalUIRoot/VerticalSafeAreaRoot/ContentSlot/Dimension1Panel/D1_AncientOrbitsVisualRoot/Heading/BackButton	Canvas/HUD/VerticalUIRoot/VerticalSafeAreaRoot/ContentSlot/Dimension1Panel/D1_AncientOrbitsVisualRoot/Heading/BackButton
22_ancient_orbits	1080	1920	Canvas/HUD/VerticalUIRoot/VerticalSafeAreaRoot/ContentSlot/Dimension1Panel/D1_AncientOrbitsVisualRoot/Heading/BackButton	4	95.20	1831.60	OK	Canvas/HUD/VerticalUIRoot/VerticalSafeAreaRoot/ContentSlot/Dimension1Panel/D1_AncientOrbitsVisualRoot/Heading/BackButton	Canvas/HUD/VerticalUIRoot/VerticalSafeAreaRoot/ContentSlot/Dimension1Panel/D1_AncientOrbitsVisualRoot/Heading/BackButton
22_ancient_orbits	1080	1920	Canvas/HUD/VerticalUIRoot/VerticalSafeAreaRoot/ContentSlot/Dimension1Panel/D1_AncientOrbitsVisualRoot/BackToGalaxyMap	0	540.00	544.00	OK	Canvas/HUD/VerticalUIRoot/VerticalSafeAreaRoot/ContentSlot/Dimension1Panel/D1_AncientOrbitsVisualRoot/BackToGalaxyMap	Canvas/HUD/VerticalUIRoot/VerticalSafeAreaRoot/ContentSlot/Dimension1Panel/D1_AncientOrbitsVisualRoot/BackToGalaxyMap
22_ancient_orbits	1080	1920	Canvas/HUD/VerticalUIRoot/VerticalSafeAreaRoot/ContentSlot/Dimension1Panel/D1_AncientOrbitsVisualRoot/BackToGalaxyMap	1	360.00	516.40	OK	Canvas/HUD/VerticalUIRoot/VerticalSafeAreaRoot/ContentSlot/Dimension1Panel/D1_AncientOrbitsVisualRoot/BackToGalaxyMap	Canvas/HUD/VerticalUIRoot/VerticalSafeAreaRoot/ContentSlot/Dimension1Panel/D1_AncientOrbitsVisualRoot/BackToGalaxyMap
22_ancient_orbits	1080	1920	Canvas/HUD/VerticalUIRoot/VerticalSafeAreaRoot/ContentSlot/Dimension1Panel/D1_AncientOrbitsVisualRoot/BackToGalaxyMap	2	720.00	516.40	OK	Canvas/HUD/VerticalUIRoot/VerticalSafeAreaRoot/ContentSlot/Dimension1Panel/D1_AncientOrbitsVisualRoot/BackToGalaxyMap	Canvas/HUD/VerticalUIRoot/VerticalSafeAreaRoot/ContentSlot/Dimension1Panel/D1_AncientOrbitsVisualRoot/BackToGalaxyMap
22_ancient_orbits	1080	1920	Canvas/HUD/VerticalUIRoot/VerticalSafeAreaRoot/ContentSlot/Dimension1Panel/D1_AncientOrbitsVisualRoot/BackToGalaxyMap	3	360.00	571.60	OK	Canvas/HUD/VerticalUIRoot/VerticalSafeAreaRoot/ContentSlot/Dimension1Panel/D1_AncientOrbitsVisualRoot/BackToGalaxyMap	Canvas/HUD/VerticalUIRoot/VerticalSafeAreaRoot/ContentSlot/Dimension1Panel/D1_AncientOrbitsVisualRoot/BackToGalaxyMap
22_ancient_orbits	1080	1920	Canvas/HUD/VerticalUIRoot/VerticalSafeAreaRoot/ContentSlot/Dimension1Panel/D1_AncientOrbitsVisualRoot/BackToGalaxyMap	4	720.00	571.60	OK	Canvas/HUD/VerticalUIRoot/VerticalSafeAreaRoot/ContentSlot/Dimension1Panel/D1_AncientOrbitsVisualRoot/BackToGalaxyMap	Canvas/HUD/VerticalUIRoot/VerticalSafeAreaRoot/ContentSlot/Dimension1Panel/D1_AncientOrbitsVisualRoot/BackToGalaxyMap
22_ancient_orbits	1080	1920	Canvas/HUD/VerticalUIRoot/VerticalSafeAreaRoot/ContentSlot/Dimension1Panel/D1_AncientOrbitsVisualRoot/BottomNavigation/Nav_HANGAR	0	537.00	110.00	OK	Canvas/HUD/VerticalUIRoot/VerticalSafeAreaRoot/ContentSlot/Dimension1Panel/D1_AncientOrbitsVisualRoot/BottomNavigation/Nav_HANGAR	Canvas/HUD/VerticalUIRoot/VerticalSafeAreaRoot/ContentSlot/Dimension1Panel/D1_AncientOrbitsVisualRoot/BottomNavigation/Nav_HANGAR
22_ancient_orbits	1080	1920	Canvas/HUD/VerticalUIRoot/VerticalSafeAreaRoot/ContentSlot/Dimension1Panel/D1_AncientOrbitsVisualRoot/BottomNavigation/Nav_HANGAR	1	477.60	57.20	OK	Canvas/HUD/VerticalUIRoot/VerticalSafeAreaRoot/ContentSlot/Dimension1Panel/D1_AncientOrbitsVisualRoot/BottomNavigation/Nav_HANGAR	Canvas/HUD/VerticalUIRoot/VerticalSafeAreaRoot/ContentSlot/Dimension1Panel/D1_AncientOrbitsVisualRoot/BottomNavigation/Nav_HANGAR
22_ancient_orbits	1080	1920	Canvas/HUD/VerticalUIRoot/VerticalSafeAreaRoot/ContentSlot/Dimension1Panel/D1_AncientOrbitsVisualRoot/BottomNavigation/Nav_HANGAR	2	596.40	57.20	OK	Canvas/HUD/VerticalUIRoot/VerticalSafeAreaRoot/ContentSlot/Dimension1Panel/D1_AncientOrbitsVisualRoot/BottomNavigation/Nav_HANGAR	Canvas/HUD/VerticalUIRoot/VerticalSafeAreaRoot/ContentSlot/Dimension1Panel/D1_AncientOrbitsVisualRoot/BottomNavigation/Nav_HANGAR
22_ancient_orbits	1080	1920	Canvas/HUD/VerticalUIRoot/VerticalSafeAreaRoot/ContentSlot/Dimension1Panel/D1_AncientOrbitsVisualRoot/BottomNavigation/Nav_HANGAR	3	477.60	162.80	OK	Canvas/HUD/VerticalUIRoot/VerticalSafeAreaRoot/ContentSlot/Dimension1Panel/D1_AncientOrbitsVisualRoot/BottomNavigation/Nav_HANGAR	Canvas/HUD/VerticalUIRoot/VerticalSafeAreaRoot/ContentSlot/Dimension1Panel/D1_AncientOrbitsVisualRoot/BottomNavigation/Nav_HANGAR
22_ancient_orbits	1080	1920	Canvas/HUD/VerticalUIRoot/VerticalSafeAreaRoot/ContentSlot/Dimension1Panel/D1_AncientOrbitsVisualRoot/BottomNavigation/Nav_HANGAR	4	596.40	162.80	OK	Canvas/HUD/VerticalUIRoot/VerticalSafeAreaRoot/ContentSlot/Dimension1Panel/D1_AncientOrbitsVisualRoot/BottomNavigation/Nav_HANGAR	Canvas/HUD/VerticalUIRoot/VerticalSafeAreaRoot/ContentSlot/Dimension1Panel/D1_AncientOrbitsVisualRoot/BottomNavigation/Nav_HANGAR
24_silent_frontier_selected	1080	1920	Canvas/HUD/VerticalUIRoot/VerticalSafeAreaRoot/ContentSlot/Dimension1Panel/GalaxyPanel/D1_GalaxyVisualRoot/AllMetals	0	921.50	1768.00	OK	Canvas/HUD/VerticalUIRoot/VerticalSafeAreaRoot/ContentSlot/Dimension1Panel/GalaxyPanel/D1_GalaxyVisualRoot/AllMetals	Canvas/HUD/VerticalUIRoot/VerticalSafeAreaRoot/ContentSlot/Dimension1Panel/GalaxyPanel/D1_GalaxyVisualRoot/AllMetals
24_silent_frontier_selected	1080	1920	Canvas/HUD/VerticalUIRoot/VerticalSafeAreaRoot/ContentSlot/Dimension1Panel/GalaxyPanel/D1_GalaxyVisualRoot/AllMetals	1	848.00	1738.00	OK	Canvas/HUD/VerticalUIRoot/VerticalSafeAreaRoot/ContentSlot/Dimension1Panel/GalaxyPanel/D1_GalaxyVisualRoot/AllMetals	Canvas/HUD/VerticalUIRoot/VerticalSafeAreaRoot/ContentSlot/Dimension1Panel/GalaxyPanel/D1_GalaxyVisualRoot/AllMetals
24_silent_frontier_selected	1080	1920	Canvas/HUD/VerticalUIRoot/VerticalSafeAreaRoot/ContentSlot/Dimension1Panel/GalaxyPanel/D1_GalaxyVisualRoot/AllMetals	2	995.00	1738.00	OK	Canvas/HUD/VerticalUIRoot/VerticalSafeAreaRoot/ContentSlot/Dimension1Panel/GalaxyPanel/D1_GalaxyVisualRoot/AllMetals	Canvas/HUD/VerticalUIRoot/VerticalSafeAreaRoot/ContentSlot/Dimension1Panel/GalaxyPanel/D1_GalaxyVisualRoot/AllMetals
24_silent_frontier_selected	1080	1920	Canvas/HUD/VerticalUIRoot/VerticalSafeAreaRoot/ContentSlot/Dimension1Panel/GalaxyPanel/D1_GalaxyVisualRoot/AllMetals	3	848.00	1798.00	OK	Canvas/HUD/VerticalUIRoot/VerticalSafeAreaRoot/ContentSlot/Dimension1Panel/GalaxyPanel/D1_GalaxyVisualRoot/AllMetals	Canvas/HUD/VerticalUIRoot/VerticalSafeAreaRoot/ContentSlot/Dimension1Panel/GalaxyPanel/D1_GalaxyVisualRoot/AllMetals
24_silent_frontier_selected	1080	1920	Canvas/HUD/VerticalUIRoot/VerticalSafeAreaRoot/ContentSlot/Dimension1Panel/GalaxyPanel/D1_GalaxyVisualRoot/AllMetals	4	995.00	1798.00	OK	Canvas/HUD/VerticalUIRoot/VerticalSafeAreaRoot/ContentSlot/Dimension1Panel/GalaxyPanel/D1_GalaxyVisualRoot/AllMetals	Canvas/HUD/VerticalUIRoot/VerticalSafeAreaRoot/ContentSlot/Dimension1Panel/GalaxyPanel/D1_GalaxyVisualRoot/AllMetals
24_silent_frontier_selected	1080	1920	Canvas/HUD/VerticalUIRoot/VerticalSafeAreaRoot/ContentSlot/Dimension1Panel/GalaxyPanel/D1_GalaxyVisualRoot/FullBleedGalaxyMap/Planet02Node	0	351.35	863.00	OK	Canvas/HUD/VerticalUIRoot/VerticalSafeAreaRoot/ContentSlot/Dimension1Panel/GalaxyPanel/D1_GalaxyVisualRoot/FullBleedGalaxyMap/Planet02Node	Canvas/HUD/VerticalUIRoot/VerticalSafeAreaRoot/ContentSlot/Dimension1Panel/GalaxyPanel/D1_GalaxyVisualRoot/FullBleedGalaxyMap/Planet02Node
24_silent_frontier_selected	1080	1920	Canvas/HUD/VerticalUIRoot/VerticalSafeAreaRoot/ContentSlot/Dimension1Panel/GalaxyPanel/D1_GalaxyVisualRoot/FullBleedGalaxyMap/Planet02Node	1	282.35	804.80	OK	Canvas/HUD/VerticalUIRoot/VerticalSafeAreaRoot/ContentSlot/Dimension1Panel/GalaxyPanel/D1_GalaxyVisualRoot/FullBleedGalaxyMap/Planet02Node	Canvas/HUD/VerticalUIRoot/VerticalSafeAreaRoot/ContentSlot/Dimension1Panel/GalaxyPanel/D1_GalaxyVisualRoot/FullBleedGalaxyMap/Planet02Node
24_silent_frontier_selected	1080	1920	Canvas/HUD/VerticalUIRoot/VerticalSafeAreaRoot/ContentSlot/Dimension1Panel/GalaxyPanel/D1_GalaxyVisualRoot/FullBleedGalaxyMap/Planet02Node	2	420.35	804.80	OK	Canvas/HUD/VerticalUIRoot/VerticalSafeAreaRoot/ContentSlot/Dimension1Panel/GalaxyPanel/D1_GalaxyVisualRoot/FullBleedGalaxyMap/Planet02Node	Canvas/HUD/VerticalUIRoot/VerticalSafeAreaRoot/ContentSlot/Dimension1Panel/GalaxyPanel/D1_GalaxyVisualRoot/FullBleedGalaxyMap/Planet02Node
24_silent_frontier_selected	1080	1920	Canvas/HUD/VerticalUIRoot/VerticalSafeAreaRoot/ContentSlot/Dimension1Panel/GalaxyPanel/D1_GalaxyVisualRoot/FullBleedGalaxyMap/Planet02Node	3	282.35	921.20	OK	Canvas/HUD/VerticalUIRoot/VerticalSafeAreaRoot/ContentSlot/Dimension1Panel/GalaxyPanel/D1_GalaxyVisualRoot/FullBleedGalaxyMap/Planet02Node	Canvas/HUD/VerticalUIRoot/VerticalSafeAreaRoot/ContentSlot/Dimension1Panel/GalaxyPanel/D1_GalaxyVisualRoot/FullBleedGalaxyMap/Planet02Node
24_silent_frontier_selected	1080	1920	Canvas/HUD/VerticalUIRoot/VerticalSafeAreaRoot/ContentSlot/Dimension1Panel/GalaxyPanel/D1_GalaxyVisualRoot/FullBleedGalaxyMap/Planet02Node	4	420.35	921.20	OK	Canvas/HUD/VerticalUIRoot/VerticalSafeAreaRoot/ContentSlot/Dimension1Panel/GalaxyPanel/D1_GalaxyVisualRoot/FullBleedGalaxyMap/Planet02Node	Canvas/HUD/VerticalUIRoot/VerticalSafeAreaRoot/ContentSlot/Dimension1Panel/GalaxyPanel/D1_GalaxyVisualRoot/FullBleedGalaxyMap/Planet02Node
24_silent_frontier_selected	1080	1920	Canvas/HUD/VerticalUIRoot/VerticalSafeAreaRoot/ContentSlot/Dimension1Panel/GalaxyPanel/D1_GalaxyVisualRoot/FullBleedGalaxyMap/Sector02	0	916.67	948.91	OK	Canvas/HUD/VerticalUIRoot/VerticalSafeAreaRoot/ContentSlot/Dimension1Panel/GalaxyPanel/D1_GalaxyVisualRoot/FullBleedGalaxyMap/Sector02	Canvas/HUD/VerticalUIRoot/VerticalSafeAreaRoot/ContentSlot/Dimension1Panel/GalaxyPanel/D1_GalaxyVisualRoot/FullBleedGalaxyMap/Sector02
24_silent_frontier_selected	1080	1920	Canvas/HUD/VerticalUIRoot/VerticalSafeAreaRoot/ContentSlot/Dimension1Panel/GalaxyPanel/D1_GalaxyVisualRoot/FullBleedGalaxyMap/Sector02	1	826.67	878.11	OK	Canvas/HUD/VerticalUIRoot/VerticalSafeAreaRoot/ContentSlot/Dimension1Panel/GalaxyPanel/D1_GalaxyVisualRoot/FullBleedGalaxyMap/Sector02	Canvas/HUD/VerticalUIRoot/VerticalSafeAreaRoot/ContentSlot/Dimension1Panel/GalaxyPanel/D1_GalaxyVisualRoot/FullBleedGalaxyMap/Sector02
24_silent_frontier_selected	1080	1920	Canvas/HUD/VerticalUIRoot/VerticalSafeAreaRoot/ContentSlot/Dimension1Panel/GalaxyPanel/D1_GalaxyVisualRoot/FullBleedGalaxyMap/Sector02	2	1006.67	878.11	OK	Canvas/HUD/VerticalUIRoot/VerticalSafeAreaRoot/ContentSlot/Dimension1Panel/GalaxyPanel/D1_GalaxyVisualRoot/FullBleedGalaxyMap/Sector02	Canvas/HUD/VerticalUIRoot/VerticalSafeAreaRoot/ContentSlot/Dimension1Panel/GalaxyPanel/D1_GalaxyVisualRoot/FullBleedGalaxyMap/Sector02
24_silent_frontier_selected	1080	1920	Canvas/HUD/VerticalUIRoot/VerticalSafeAreaRoot/ContentSlot/Dimension1Panel/GalaxyPanel/D1_GalaxyVisualRoot/FullBleedGalaxyMap/Sector02	3	826.67	1019.71	OK	Canvas/HUD/VerticalUIRoot/VerticalSafeAreaRoot/ContentSlot/Dimension1Panel/GalaxyPanel/D1_GalaxyVisualRoot/FullBleedGalaxyMap/Sector02	Canvas/HUD/VerticalUIRoot/VerticalSafeAreaRoot/ContentSlot/Dimension1Panel/GalaxyPanel/D1_GalaxyVisualRoot/FullBleedGalaxyMap/Sector02
24_silent_frontier_selected	1080	1920	Canvas/HUD/VerticalUIRoot/VerticalSafeAreaRoot/ContentSlot/Dimension1Panel/GalaxyPanel/D1_GalaxyVisualRoot/FullBleedGalaxyMap/Sector02	4	1006.67	1019.71	OK	Canvas/HUD/VerticalUIRoot/VerticalSafeAreaRoot/ContentSlot/Dimension1Panel/GalaxyPanel/D1_GalaxyVisualRoot/FullBleedGalaxyMap/Sector02	Canvas/HUD/VerticalUIRoot/VerticalSafeAreaRoot/ContentSlot/Dimension1Panel/GalaxyPanel/D1_GalaxyVisualRoot/FullBleedGalaxyMap/Sector02
24_silent_frontier_selected	1080	1920	Canvas/HUD/VerticalUIRoot/VerticalSafeAreaRoot/ContentSlot/Dimension1Panel/GalaxyPanel/D1_GalaxyVisualRoot/SectorDetails/SelectedData/EnterSectorButton	0	193.50	267.00	OK	Canvas/HUD/VerticalUIRoot/VerticalSafeAreaRoot/ContentSlot/Dimension1Panel/GalaxyPanel/D1_GalaxyVisualRoot/SectorDetails/SelectedData/EnterSectorButton/Fill	Canvas/HUD/VerticalUIRoot/VerticalSafeAreaRoot/ContentSlot/Dimension1Panel/GalaxyPanel/D1_GalaxyVisualRoot/SectorDetails/SelectedData/EnterSectorButton
24_silent_frontier_selected	1080	1920	Canvas/HUD/VerticalUIRoot/VerticalSafeAreaRoot/ContentSlot/Dimension1Panel/GalaxyPanel/D1_GalaxyVisualRoot/SectorDetails/SelectedData/EnterSectorButton	1	123.00	248.40	OK	Canvas/HUD/VerticalUIRoot/VerticalSafeAreaRoot/ContentSlot/Dimension1Panel/GalaxyPanel/D1_GalaxyVisualRoot/SectorDetails/SelectedData/EnterSectorButton/Fill	Canvas/HUD/VerticalUIRoot/VerticalSafeAreaRoot/ContentSlot/Dimension1Panel/GalaxyPanel/D1_GalaxyVisualRoot/SectorDetails/SelectedData/EnterSectorButton
24_silent_frontier_selected	1080	1920	Canvas/HUD/VerticalUIRoot/VerticalSafeAreaRoot/ContentSlot/Dimension1Panel/GalaxyPanel/D1_GalaxyVisualRoot/SectorDetails/SelectedData/EnterSectorButton	2	264.00	248.40	OK	Canvas/HUD/VerticalUIRoot/VerticalSafeAreaRoot/ContentSlot/Dimension1Panel/GalaxyPanel/D1_GalaxyVisualRoot/SectorDetails/SelectedData/EnterSectorButton/Fill	Canvas/HUD/VerticalUIRoot/VerticalSafeAreaRoot/ContentSlot/Dimension1Panel/GalaxyPanel/D1_GalaxyVisualRoot/SectorDetails/SelectedData/EnterSectorButton
24_silent_frontier_selected	1080	1920	Canvas/HUD/VerticalUIRoot/VerticalSafeAreaRoot/ContentSlot/Dimension1Panel/GalaxyPanel/D1_GalaxyVisualRoot/SectorDetails/SelectedData/EnterSectorButton	3	123.00	285.60	OK	Canvas/HUD/VerticalUIRoot/VerticalSafeAreaRoot/ContentSlot/Dimension1Panel/GalaxyPanel/D1_GalaxyVisualRoot/SectorDetails/SelectedData/EnterSectorButton/Fill	Canvas/HUD/VerticalUIRoot/VerticalSafeAreaRoot/ContentSlot/Dimension1Panel/GalaxyPanel/D1_GalaxyVisualRoot/SectorDetails/SelectedData/EnterSectorButton
24_silent_frontier_selected	1080	1920	Canvas/HUD/VerticalUIRoot/VerticalSafeAreaRoot/ContentSlot/Dimension1Panel/GalaxyPanel/D1_GalaxyVisualRoot/SectorDetails/SelectedData/EnterSectorButton	4	264.00	285.60	OK	Canvas/HUD/VerticalUIRoot/VerticalSafeAreaRoot/ContentSlot/Dimension1Panel/GalaxyPanel/D1_GalaxyVisualRoot/SectorDetails/SelectedData/EnterSectorButton/Fill	Canvas/HUD/VerticalUIRoot/VerticalSafeAreaRoot/ContentSlot/Dimension1Panel/GalaxyPanel/D1_GalaxyVisualRoot/SectorDetails/SelectedData/EnterSectorButton
24_silent_frontier_selected	1080	1920	Canvas/HUD/VerticalUIRoot/VerticalSafeAreaRoot/ContentSlot/Dimension1Panel/GalaxyPanel/D1_GalaxyVisualRoot/CommandCenterBack	0	112.00	1768.00	OK	Canvas/HUD/VerticalUIRoot/VerticalSafeAreaRoot/ContentSlot/Dimension1Panel/GalaxyPanel/D1_GalaxyVisualRoot/CommandCenterBack	Canvas/HUD/VerticalUIRoot/VerticalSafeAreaRoot/ContentSlot/Dimension1Panel/GalaxyPanel/D1_GalaxyVisualRoot/CommandCenterBack
24_silent_frontier_selected	1080	1920	Canvas/HUD/VerticalUIRoot/VerticalSafeAreaRoot/ContentSlot/Dimension1Panel/GalaxyPanel/D1_GalaxyVisualRoot/CommandCenterBack	1	59.20	1738.00	OK	Canvas/HUD/VerticalUIRoot/VerticalSafeAreaRoot/ContentSlot/Dimension1Panel/GalaxyPanel/D1_GalaxyVisualRoot/CommandCenterBack	Canvas/HUD/VerticalUIRoot/VerticalSafeAreaRoot/ContentSlot/Dimension1Panel/GalaxyPanel/D1_GalaxyVisualRoot/CommandCenterBack
24_silent_frontier_selected	1080	1920	Canvas/HUD/VerticalUIRoot/VerticalSafeAreaRoot/ContentSlot/Dimension1Panel/GalaxyPanel/D1_GalaxyVisualRoot/CommandCenterBack	2	164.80	1738.00	OK	Canvas/HUD/VerticalUIRoot/VerticalSafeAreaRoot/ContentSlot/Dimension1Panel/GalaxyPanel/D1_GalaxyVisualRoot/CommandCenterBack	Canvas/HUD/VerticalUIRoot/VerticalSafeAreaRoot/ContentSlot/Dimension1Panel/GalaxyPanel/D1_GalaxyVisualRoot/CommandCenterBack
24_silent_frontier_selected	1080	1920	Canvas/HUD/VerticalUIRoot/VerticalSafeAreaRoot/ContentSlot/Dimension1Panel/GalaxyPanel/D1_GalaxyVisualRoot/CommandCenterBack	3	59.20	1798.00	OK	Canvas/HUD/VerticalUIRoot/VerticalSafeAreaRoot/ContentSlot/Dimension1Panel/GalaxyPanel/D1_GalaxyVisualRoot/CommandCenterBack	Canvas/HUD/VerticalUIRoot/VerticalSafeAreaRoot/ContentSlot/Dimension1Panel/GalaxyPanel/D1_GalaxyVisualRoot/CommandCenterBack
24_silent_frontier_selected	1080	1920	Canvas/HUD/VerticalUIRoot/VerticalSafeAreaRoot/ContentSlot/Dimension1Panel/GalaxyPanel/D1_GalaxyVisualRoot/CommandCenterBack	4	164.80	1798.00	OK	Canvas/HUD/VerticalUIRoot/VerticalSafeAreaRoot/ContentSlot/Dimension1Panel/GalaxyPanel/D1_GalaxyVisualRoot/CommandCenterBack	Canvas/HUD/VerticalUIRoot/VerticalSafeAreaRoot/ContentSlot/Dimension1Panel/GalaxyPanel/D1_GalaxyVisualRoot/CommandCenterBack
24_silent_frontier_selected	1080	1920	Canvas/HUD/VerticalUIRoot/VerticalSafeAreaRoot/ContentSlot/Dimension1Panel/GalaxyPanel/D1_GalaxyVisualRoot/FullBleedGalaxyMap/Sector03	0	220.12	1186.27	OK	Canvas/HUD/VerticalUIRoot/VerticalSafeAreaRoot/ContentSlot/Dimension1Panel/GalaxyPanel/D1_GalaxyVisualRoot/FullBleedGalaxyMap/Sector03	Canvas/HUD/VerticalUIRoot/VerticalSafeAreaRoot/ContentSlot/Dimension1Panel/GalaxyPanel/D1_GalaxyVisualRoot/FullBleedGalaxyMap/Sector03
24_silent_frontier_selected	1080	1920	Canvas/HUD/VerticalUIRoot/VerticalSafeAreaRoot/ContentSlot/Dimension1Panel/GalaxyPanel/D1_GalaxyVisualRoot/FullBleedGalaxyMap/Sector03	1	151.12	1126.87	OK	Canvas/HUD/VerticalUIRoot/VerticalSafeAreaRoot/ContentSlot/Dimension1Panel/GalaxyPanel/D1_GalaxyVisualRoot/FullBleedGalaxyMap/Sector03	Canvas/HUD/VerticalUIRoot/VerticalSafeAreaRoot/ContentSlot/Dimension1Panel/GalaxyPanel/D1_GalaxyVisualRoot/FullBleedGalaxyMap/Sector03
24_silent_frontier_selected	1080	1920	Canvas/HUD/VerticalUIRoot/VerticalSafeAreaRoot/ContentSlot/Dimension1Panel/GalaxyPanel/D1_GalaxyVisualRoot/FullBleedGalaxyMap/Sector03	2	289.12	1126.87	OK	Canvas/HUD/VerticalUIRoot/VerticalSafeAreaRoot/ContentSlot/Dimension1Panel/GalaxyPanel/D1_GalaxyVisualRoot/FullBleedGalaxyMap/Sector03	Canvas/HUD/VerticalUIRoot/VerticalSafeAreaRoot/ContentSlot/Dimension1Panel/GalaxyPanel/D1_GalaxyVisualRoot/FullBleedGalaxyMap/Sector03
24_silent_frontier_selected	1080	1920	Canvas/HUD/VerticalUIRoot/VerticalSafeAreaRoot/ContentSlot/Dimension1Panel/GalaxyPanel/D1_GalaxyVisualRoot/FullBleedGalaxyMap/Sector03	3	151.12	1245.67	OK	Canvas/HUD/VerticalUIRoot/VerticalSafeAreaRoot/ContentSlot/Dimension1Panel/GalaxyPanel/D1_GalaxyVisualRoot/FullBleedGalaxyMap/Sector03	Canvas/HUD/VerticalUIRoot/VerticalSafeAreaRoot/ContentSlot/Dimension1Panel/GalaxyPanel/D1_GalaxyVisualRoot/FullBleedGalaxyMap/Sector03
24_silent_frontier_selected	1080	1920	Canvas/HUD/VerticalUIRoot/VerticalSafeAreaRoot/ContentSlot/Dimension1Panel/GalaxyPanel/D1_GalaxyVisualRoot/FullBleedGalaxyMap/Sector03	4	289.12	1245.67	OK	Canvas/HUD/VerticalUIRoot/VerticalSafeAreaRoot/ContentSlot/Dimension1Panel/GalaxyPanel/D1_GalaxyVisualRoot/FullBleedGalaxyMap/Sector03	Canvas/HUD/VerticalUIRoot/VerticalSafeAreaRoot/ContentSlot/Dimension1Panel/GalaxyPanel/D1_GalaxyVisualRoot/FullBleedGalaxyMap/Sector03
24_silent_frontier_selected	1080	1920	Canvas/HUD/VerticalUIRoot/VerticalSafeAreaRoot/ContentSlot/Dimension1Panel/GalaxyPanel/D1_GalaxyVisualRoot/D1BottomNavigation/ÁRBOLButton	0	951.00	110.00	OK	Canvas/HUD/VerticalUIRoot/VerticalSafeAreaRoot/ContentSlot/Dimension1Panel/GalaxyPanel/D1_GalaxyVisualRoot/D1BottomNavigation/ÁRBOLButton	Canvas/HUD/VerticalUIRoot/VerticalSafeAreaRoot/ContentSlot/Dimension1Panel/GalaxyPanel/D1_GalaxyVisualRoot/D1BottomNavigation/ÁRBOLButton
24_silent_frontier_selected	1080	1920	Canvas/HUD/VerticalUIRoot/VerticalSafeAreaRoot/ContentSlot/Dimension1Panel/GalaxyPanel/D1_GalaxyVisualRoot/D1BottomNavigation/ÁRBOLButton	1	891.60	57.20	OK	Canvas/HUD/VerticalUIRoot/VerticalSafeAreaRoot/ContentSlot/Dimension1Panel/GalaxyPanel/D1_GalaxyVisualRoot/D1BottomNavigation/ÁRBOLButton	Canvas/HUD/VerticalUIRoot/VerticalSafeAreaRoot/ContentSlot/Dimension1Panel/GalaxyPanel/D1_GalaxyVisualRoot/D1BottomNavigation/ÁRBOLButton
24_silent_frontier_selected	1080	1920	Canvas/HUD/VerticalUIRoot/VerticalSafeAreaRoot/ContentSlot/Dimension1Panel/GalaxyPanel/D1_GalaxyVisualRoot/D1BottomNavigation/ÁRBOLButton	2	1010.40	57.20	OK	Canvas/HUD/VerticalUIRoot/VerticalSafeAreaRoot/ContentSlot/Dimension1Panel/GalaxyPanel/D1_GalaxyVisualRoot/D1BottomNavigation/ÁRBOLButton	Canvas/HUD/VerticalUIRoot/VerticalSafeAreaRoot/ContentSlot/Dimension1Panel/GalaxyPanel/D1_GalaxyVisualRoot/D1BottomNavigation/ÁRBOLButton
24_silent_frontier_selected	1080	1920	Canvas/HUD/VerticalUIRoot/VerticalSafeAreaRoot/ContentSlot/Dimension1Panel/GalaxyPanel/D1_GalaxyVisualRoot/D1BottomNavigation/ÁRBOLButton	3	891.60	162.80	OK	Canvas/HUD/VerticalUIRoot/VerticalSafeAreaRoot/ContentSlot/Dimension1Panel/GalaxyPanel/D1_GalaxyVisualRoot/D1BottomNavigation/ÁRBOLButton	Canvas/HUD/VerticalUIRoot/VerticalSafeAreaRoot/ContentSlot/Dimension1Panel/GalaxyPanel/D1_GalaxyVisualRoot/D1BottomNavigation/ÁRBOLButton
24_silent_frontier_selected	1080	1920	Canvas/HUD/VerticalUIRoot/VerticalSafeAreaRoot/ContentSlot/Dimension1Panel/GalaxyPanel/D1_GalaxyVisualRoot/D1BottomNavigation/ÁRBOLButton	4	1010.40	162.80	OK	Canvas/HUD/VerticalUIRoot/VerticalSafeAreaRoot/ContentSlot/Dimension1Panel/GalaxyPanel/D1_GalaxyVisualRoot/D1BottomNavigation/ÁRBOLButton	Canvas/HUD/VerticalUIRoot/VerticalSafeAreaRoot/ContentSlot/Dimension1Panel/GalaxyPanel/D1_GalaxyVisualRoot/D1BottomNavigation/ÁRBOLButton
24_silent_frontier_selected	1080	1920	Canvas/HUD/VerticalUIRoot/VerticalSafeAreaRoot/ContentSlot/Dimension1Panel/GalaxyPanel/D1_GalaxyVisualRoot/FullBleedGalaxyMap/Sector01	0	688.33	1048.83	OK	Canvas/HUD/VerticalUIRoot/VerticalSafeAreaRoot/ContentSlot/Dimension1Panel/GalaxyPanel/D1_GalaxyVisualRoot/FullBleedGalaxyMap/Sector01	Canvas/HUD/VerticalUIRoot/VerticalSafeAreaRoot/ContentSlot/Dimension1Panel/GalaxyPanel/D1_GalaxyVisualRoot/FullBleedGalaxyMap/Sector01
24_silent_frontier_selected	1080	1920	Canvas/HUD/VerticalUIRoot/VerticalSafeAreaRoot/ContentSlot/Dimension1Panel/GalaxyPanel/D1_GalaxyVisualRoot/FullBleedGalaxyMap/Sector01	1	619.33	989.43	OK	Canvas/HUD/VerticalUIRoot/VerticalSafeAreaRoot/ContentSlot/Dimension1Panel/GalaxyPanel/D1_GalaxyVisualRoot/FullBleedGalaxyMap/Sector01	Canvas/HUD/VerticalUIRoot/VerticalSafeAreaRoot/ContentSlot/Dimension1Panel/GalaxyPanel/D1_GalaxyVisualRoot/FullBleedGalaxyMap/Sector01
24_silent_frontier_selected	1080	1920	Canvas/HUD/VerticalUIRoot/VerticalSafeAreaRoot/ContentSlot/Dimension1Panel/GalaxyPanel/D1_GalaxyVisualRoot/FullBleedGalaxyMap/Sector01	2	757.33	989.43	OK	Canvas/HUD/VerticalUIRoot/VerticalSafeAreaRoot/ContentSlot/Dimension1Panel/GalaxyPanel/D1_GalaxyVisualRoot/FullBleedGalaxyMap/Sector01	Canvas/HUD/VerticalUIRoot/VerticalSafeAreaRoot/ContentSlot/Dimension1Panel/GalaxyPanel/D1_GalaxyVisualRoot/FullBleedGalaxyMap/Sector01
24_silent_frontier_selected	1080	1920	Canvas/HUD/VerticalUIRoot/VerticalSafeAreaRoot/ContentSlot/Dimension1Panel/GalaxyPanel/D1_GalaxyVisualRoot/FullBleedGalaxyMap/Sector01	3	619.33	1108.23	OK	Canvas/HUD/VerticalUIRoot/VerticalSafeAreaRoot/ContentSlot/Dimension1Panel/GalaxyPanel/D1_GalaxyVisualRoot/FullBleedGalaxyMap/Sector01	Canvas/HUD/VerticalUIRoot/VerticalSafeAreaRoot/ContentSlot/Dimension1Panel/GalaxyPanel/D1_GalaxyVisualRoot/FullBleedGalaxyMap/Sector01
24_silent_frontier_selected	1080	1920	Canvas/HUD/VerticalUIRoot/VerticalSafeAreaRoot/ContentSlot/Dimension1Panel/GalaxyPanel/D1_GalaxyVisualRoot/FullBleedGalaxyMap/Sector01	4	757.33	1108.23	OK	Canvas/HUD/VerticalUIRoot/VerticalSafeAreaRoot/ContentSlot/Dimension1Panel/GalaxyPanel/D1_GalaxyVisualRoot/FullBleedGalaxyMap/Sector01	Canvas/HUD/VerticalUIRoot/VerticalSafeAreaRoot/ContentSlot/Dimension1Panel/GalaxyPanel/D1_GalaxyVisualRoot/FullBleedGalaxyMap/Sector01
24_silent_frontier_selected	1080	1920	Canvas/HUD/VerticalUIRoot/VerticalSafeAreaRoot/ContentSlot/Dimension1Panel/GalaxyPanel/D1_GalaxyVisualRoot/FullBleedGalaxyMap/Planet07Node	0	159.47	650.99	OK	Canvas/HUD/VerticalUIRoot/VerticalSafeAreaRoot/ContentSlot/Dimension1Panel/GalaxyPanel/D1_GalaxyVisualRoot/FullBleedGalaxyMap/Planet07Node	Canvas/HUD/VerticalUIRoot/VerticalSafeAreaRoot/ContentSlot/Dimension1Panel/GalaxyPanel/D1_GalaxyVisualRoot/FullBleedGalaxyMap/Planet07Node
24_silent_frontier_selected	1080	1920	Canvas/HUD/VerticalUIRoot/VerticalSafeAreaRoot/ContentSlot/Dimension1Panel/GalaxyPanel/D1_GalaxyVisualRoot/FullBleedGalaxyMap/Planet07Node	1	90.47	596.99	OK	Canvas/HUD/VerticalUIRoot/VerticalSafeAreaRoot/ContentSlot/Dimension1Panel/GalaxyPanel/D1_GalaxyVisualRoot/FullBleedGalaxyMap/Planet07Node	Canvas/HUD/VerticalUIRoot/VerticalSafeAreaRoot/ContentSlot/Dimension1Panel/GalaxyPanel/D1_GalaxyVisualRoot/FullBleedGalaxyMap/Planet07Node
24_silent_frontier_selected	1080	1920	Canvas/HUD/VerticalUIRoot/VerticalSafeAreaRoot/ContentSlot/Dimension1Panel/GalaxyPanel/D1_GalaxyVisualRoot/FullBleedGalaxyMap/Planet07Node	2	228.47	596.99	OK	Canvas/HUD/VerticalUIRoot/VerticalSafeAreaRoot/ContentSlot/Dimension1Panel/GalaxyPanel/D1_GalaxyVisualRoot/FullBleedGalaxyMap/Planet07Node	Canvas/HUD/VerticalUIRoot/VerticalSafeAreaRoot/ContentSlot/Dimension1Panel/GalaxyPanel/D1_GalaxyVisualRoot/FullBleedGalaxyMap/Planet07Node
24_silent_frontier_selected	1080	1920	Canvas/HUD/VerticalUIRoot/VerticalSafeAreaRoot/ContentSlot/Dimension1Panel/GalaxyPanel/D1_GalaxyVisualRoot/FullBleedGalaxyMap/Planet07Node	3	90.47	704.99	OK	Canvas/HUD/VerticalUIRoot/VerticalSafeAreaRoot/ContentSlot/Dimension1Panel/GalaxyPanel/D1_GalaxyVisualRoot/FullBleedGalaxyMap/Planet07Node	Canvas/HUD/VerticalUIRoot/VerticalSafeAreaRoot/ContentSlot/Dimension1Panel/GalaxyPanel/D1_GalaxyVisualRoot/FullBleedGalaxyMap/Planet07Node
24_silent_frontier_selected	1080	1920	Canvas/HUD/VerticalUIRoot/VerticalSafeAreaRoot/ContentSlot/Dimension1Panel/GalaxyPanel/D1_GalaxyVisualRoot/FullBleedGalaxyMap/Planet07Node	4	228.47	704.99	OK	Canvas/HUD/VerticalUIRoot/VerticalSafeAreaRoot/ContentSlot/Dimension1Panel/GalaxyPanel/D1_GalaxyVisualRoot/FullBleedGalaxyMap/Planet07Node	Canvas/HUD/VerticalUIRoot/VerticalSafeAreaRoot/ContentSlot/Dimension1Panel/GalaxyPanel/D1_GalaxyVisualRoot/FullBleedGalaxyMap/Planet07Node
24_silent_frontier_selected	1080	1920	Canvas/HUD/VerticalUIRoot/VerticalSafeAreaRoot/ContentSlot/Dimension1Panel/GalaxyPanel/D1_GalaxyVisualRoot/FullBleedGalaxyMap/GalacticCenter	0	540.00	1008.00	OK	Canvas/HUD/VerticalUIRoot/VerticalSafeAreaRoot/ContentSlot/Dimension1Panel/GalaxyPanel/D1_GalaxyVisualRoot/FullBleedGalaxyMap/GalacticCenter	Canvas/HUD/VerticalUIRoot/VerticalSafeAreaRoot/ContentSlot/Dimension1Panel/GalaxyPanel/D1_GalaxyVisualRoot/FullBleedGalaxyMap/GalacticCenter
24_silent_frontier_selected	1080	1920	Canvas/HUD/VerticalUIRoot/VerticalSafeAreaRoot/ContentSlot/Dimension1Panel/GalaxyPanel/D1_GalaxyVisualRoot/FullBleedGalaxyMap/GalacticCenter	1	405.00	876.00	INTERCEPTED	Canvas/HUD/VerticalUIRoot/VerticalSafeAreaRoot/ContentSlot/Dimension1Panel/GalaxyPanel/D1_GalaxyVisualRoot/FullBleedGalaxyMap/Planet02Node	Canvas/HUD/VerticalUIRoot/VerticalSafeAreaRoot/ContentSlot/Dimension1Panel/GalaxyPanel/D1_GalaxyVisualRoot/FullBleedGalaxyMap/Planet02Node
24_silent_frontier_selected	1080	1920	Canvas/HUD/VerticalUIRoot/VerticalSafeAreaRoot/ContentSlot/Dimension1Panel/GalaxyPanel/D1_GalaxyVisualRoot/FullBleedGalaxyMap/GalacticCenter	2	675.00	876.00	OK	Canvas/HUD/VerticalUIRoot/VerticalSafeAreaRoot/ContentSlot/Dimension1Panel/GalaxyPanel/D1_GalaxyVisualRoot/FullBleedGalaxyMap/GalacticCenter	Canvas/HUD/VerticalUIRoot/VerticalSafeAreaRoot/ContentSlot/Dimension1Panel/GalaxyPanel/D1_GalaxyVisualRoot/FullBleedGalaxyMap/GalacticCenter
24_silent_frontier_selected	1080	1920	Canvas/HUD/VerticalUIRoot/VerticalSafeAreaRoot/ContentSlot/Dimension1Panel/GalaxyPanel/D1_GalaxyVisualRoot/FullBleedGalaxyMap/GalacticCenter	3	405.00	1140.00	OK	Canvas/HUD/VerticalUIRoot/VerticalSafeAreaRoot/ContentSlot/Dimension1Panel/GalaxyPanel/D1_GalaxyVisualRoot/FullBleedGalaxyMap/GalacticCenter	Canvas/HUD/VerticalUIRoot/VerticalSafeAreaRoot/ContentSlot/Dimension1Panel/GalaxyPanel/D1_GalaxyVisualRoot/FullBleedGalaxyMap/GalacticCenter
24_silent_frontier_selected	1080	1920	Canvas/HUD/VerticalUIRoot/VerticalSafeAreaRoot/ContentSlot/Dimension1Panel/GalaxyPanel/D1_GalaxyVisualRoot/FullBleedGalaxyMap/GalacticCenter	4	675.00	1140.00	INTERCEPTED	Canvas/HUD/VerticalUIRoot/VerticalSafeAreaRoot/ContentSlot/Dimension1Panel/GalaxyPanel/D1_GalaxyVisualRoot/FullBleedGalaxyMap/Sector01	Canvas/HUD/VerticalUIRoot/VerticalSafeAreaRoot/ContentSlot/Dimension1Panel/GalaxyPanel/D1_GalaxyVisualRoot/FullBleedGalaxyMap/Sector01
24_silent_frontier_selected	1080	1920	Canvas/HUD/VerticalUIRoot/VerticalSafeAreaRoot/ContentSlot/Dimension1Panel/GalaxyPanel/D1_GalaxyVisualRoot/D1BottomNavigation/EXPLORARButton	0	330.00	110.00	OK	Canvas/HUD/VerticalUIRoot/VerticalSafeAreaRoot/ContentSlot/Dimension1Panel/GalaxyPanel/D1_GalaxyVisualRoot/D1BottomNavigation/EXPLORARButton	Canvas/HUD/VerticalUIRoot/VerticalSafeAreaRoot/ContentSlot/Dimension1Panel/GalaxyPanel/D1_GalaxyVisualRoot/D1BottomNavigation/EXPLORARButton
24_silent_frontier_selected	1080	1920	Canvas/HUD/VerticalUIRoot/VerticalSafeAreaRoot/ContentSlot/Dimension1Panel/GalaxyPanel/D1_GalaxyVisualRoot/D1BottomNavigation/EXPLORARButton	1	270.60	57.20	OK	Canvas/HUD/VerticalUIRoot/VerticalSafeAreaRoot/ContentSlot/Dimension1Panel/GalaxyPanel/D1_GalaxyVisualRoot/D1BottomNavigation/EXPLORARButton	Canvas/HUD/VerticalUIRoot/VerticalSafeAreaRoot/ContentSlot/Dimension1Panel/GalaxyPanel/D1_GalaxyVisualRoot/D1BottomNavigation/EXPLORARButton
24_silent_frontier_selected	1080	1920	Canvas/HUD/VerticalUIRoot/VerticalSafeAreaRoot/ContentSlot/Dimension1Panel/GalaxyPanel/D1_GalaxyVisualRoot/D1BottomNavigation/EXPLORARButton	2	389.40	57.20	OK	Canvas/HUD/VerticalUIRoot/VerticalSafeAreaRoot/ContentSlot/Dimension1Panel/GalaxyPanel/D1_GalaxyVisualRoot/D1BottomNavigation/EXPLORARButton	Canvas/HUD/VerticalUIRoot/VerticalSafeAreaRoot/ContentSlot/Dimension1Panel/GalaxyPanel/D1_GalaxyVisualRoot/D1BottomNavigation/EXPLORARButton
24_silent_frontier_selected	1080	1920	Canvas/HUD/VerticalUIRoot/VerticalSafeAreaRoot/ContentSlot/Dimension1Panel/GalaxyPanel/D1_GalaxyVisualRoot/D1BottomNavigation/EXPLORARButton	3	270.60	162.80	OK	Canvas/HUD/VerticalUIRoot/VerticalSafeAreaRoot/ContentSlot/Dimension1Panel/GalaxyPanel/D1_GalaxyVisualRoot/D1BottomNavigation/EXPLORARButton	Canvas/HUD/VerticalUIRoot/VerticalSafeAreaRoot/ContentSlot/Dimension1Panel/GalaxyPanel/D1_GalaxyVisualRoot/D1BottomNavigation/EXPLORARButton
24_silent_frontier_selected	1080	1920	Canvas/HUD/VerticalUIRoot/VerticalSafeAreaRoot/ContentSlot/Dimension1Panel/GalaxyPanel/D1_GalaxyVisualRoot/D1BottomNavigation/EXPLORARButton	4	389.40	162.80	OK	Canvas/HUD/VerticalUIRoot/VerticalSafeAreaRoot/ContentSlot/Dimension1Panel/GalaxyPanel/D1_GalaxyVisualRoot/D1BottomNavigation/EXPLORARButton	Canvas/HUD/VerticalUIRoot/VerticalSafeAreaRoot/ContentSlot/Dimension1Panel/GalaxyPanel/D1_GalaxyVisualRoot/D1BottomNavigation/EXPLORARButton
24_silent_frontier_selected	1080	1920	Canvas/HUD/VerticalUIRoot/VerticalSafeAreaRoot/ContentSlot/Dimension1Panel/GalaxyPanel/D1_GalaxyVisualRoot/FullBleedGalaxyMap/Sector04	0	871.32	631.06	OK	Canvas/HUD/VerticalUIRoot/VerticalSafeAreaRoot/ContentSlot/Dimension1Panel/GalaxyPanel/D1_GalaxyVisualRoot/FullBleedGalaxyMap/Sector04	Canvas/HUD/VerticalUIRoot/VerticalSafeAreaRoot/ContentSlot/Dimension1Panel/GalaxyPanel/D1_GalaxyVisualRoot/FullBleedGalaxyMap/Sector04
24_silent_frontier_selected	1080	1920	Canvas/HUD/VerticalUIRoot/VerticalSafeAreaRoot/ContentSlot/Dimension1Panel/GalaxyPanel/D1_GalaxyVisualRoot/FullBleedGalaxyMap/Sector04	1	802.32	575.26	OK	Canvas/HUD/VerticalUIRoot/VerticalSafeAreaRoot/ContentSlot/Dimension1Panel/GalaxyPanel/D1_GalaxyVisualRoot/FullBleedGalaxyMap/Sector04	Canvas/HUD/VerticalUIRoot/VerticalSafeAreaRoot/ContentSlot/Dimension1Panel/GalaxyPanel/D1_GalaxyVisualRoot/FullBleedGalaxyMap/Sector04
24_silent_frontier_selected	1080	1920	Canvas/HUD/VerticalUIRoot/VerticalSafeAreaRoot/ContentSlot/Dimension1Panel/GalaxyPanel/D1_GalaxyVisualRoot/FullBleedGalaxyMap/Sector04	2	940.32	575.26	OK	Canvas/HUD/VerticalUIRoot/VerticalSafeAreaRoot/ContentSlot/Dimension1Panel/GalaxyPanel/D1_GalaxyVisualRoot/FullBleedGalaxyMap/Sector04	Canvas/HUD/VerticalUIRoot/VerticalSafeAreaRoot/ContentSlot/Dimension1Panel/GalaxyPanel/D1_GalaxyVisualRoot/FullBleedGalaxyMap/Sector04
24_silent_frontier_selected	1080	1920	Canvas/HUD/VerticalUIRoot/VerticalSafeAreaRoot/ContentSlot/Dimension1Panel/GalaxyPanel/D1_GalaxyVisualRoot/FullBleedGalaxyMap/Sector04	3	802.32	686.86	OK	Canvas/HUD/VerticalUIRoot/VerticalSafeAreaRoot/ContentSlot/Dimension1Panel/GalaxyPanel/D1_GalaxyVisualRoot/FullBleedGalaxyMap/Sector04	Canvas/HUD/VerticalUIRoot/VerticalSafeAreaRoot/ContentSlot/Dimension1Panel/GalaxyPanel/D1_GalaxyVisualRoot/FullBleedGalaxyMap/Sector04
24_silent_frontier_selected	1080	1920	Canvas/HUD/VerticalUIRoot/VerticalSafeAreaRoot/ContentSlot/Dimension1Panel/GalaxyPanel/D1_GalaxyVisualRoot/FullBleedGalaxyMap/Sector04	4	940.32	686.86	OK	Canvas/HUD/VerticalUIRoot/VerticalSafeAreaRoot/ContentSlot/Dimension1Panel/GalaxyPanel/D1_GalaxyVisualRoot/FullBleedGalaxyMap/Sector04	Canvas/HUD/VerticalUIRoot/VerticalSafeAreaRoot/ContentSlot/Dimension1Panel/GalaxyPanel/D1_GalaxyVisualRoot/FullBleedGalaxyMap/Sector04
24_silent_frontier_selected	1080	1920	Canvas/HUD/VerticalUIRoot/VerticalSafeAreaRoot/ContentSlot/Dimension1Panel/GalaxyPanel/D1_GalaxyVisualRoot/D1BottomNavigation/RELIQUIASButton	0	744.00	110.00	OK	Canvas/HUD/VerticalUIRoot/VerticalSafeAreaRoot/ContentSlot/Dimension1Panel/GalaxyPanel/D1_GalaxyVisualRoot/D1BottomNavigation/RELIQUIASButton	Canvas/HUD/VerticalUIRoot/VerticalSafeAreaRoot/ContentSlot/Dimension1Panel/GalaxyPanel/D1_GalaxyVisualRoot/D1BottomNavigation/RELIQUIASButton
24_silent_frontier_selected	1080	1920	Canvas/HUD/VerticalUIRoot/VerticalSafeAreaRoot/ContentSlot/Dimension1Panel/GalaxyPanel/D1_GalaxyVisualRoot/D1BottomNavigation/RELIQUIASButton	1	684.60	57.20	OK	Canvas/HUD/VerticalUIRoot/VerticalSafeAreaRoot/ContentSlot/Dimension1Panel/GalaxyPanel/D1_GalaxyVisualRoot/D1BottomNavigation/RELIQUIASButton	Canvas/HUD/VerticalUIRoot/VerticalSafeAreaRoot/ContentSlot/Dimension1Panel/GalaxyPanel/D1_GalaxyVisualRoot/D1BottomNavigation/RELIQUIASButton
24_silent_frontier_selected	1080	1920	Canvas/HUD/VerticalUIRoot/VerticalSafeAreaRoot/ContentSlot/Dimension1Panel/GalaxyPanel/D1_GalaxyVisualRoot/D1BottomNavigation/RELIQUIASButton	2	803.40	57.20	OK	Canvas/HUD/VerticalUIRoot/VerticalSafeAreaRoot/ContentSlot/Dimension1Panel/GalaxyPanel/D1_GalaxyVisualRoot/D1BottomNavigation/RELIQUIASButton	Canvas/HUD/VerticalUIRoot/VerticalSafeAreaRoot/ContentSlot/Dimension1Panel/GalaxyPanel/D1_GalaxyVisualRoot/D1BottomNavigation/RELIQUIASButton
24_silent_frontier_selected	1080	1920	Canvas/HUD/VerticalUIRoot/VerticalSafeAreaRoot/ContentSlot/Dimension1Panel/GalaxyPanel/D1_GalaxyVisualRoot/D1BottomNavigation/RELIQUIASButton	3	684.60	162.80	OK	Canvas/HUD/VerticalUIRoot/VerticalSafeAreaRoot/ContentSlot/Dimension1Panel/GalaxyPanel/D1_GalaxyVisualRoot/D1BottomNavigation/RELIQUIASButton	Canvas/HUD/VerticalUIRoot/VerticalSafeAreaRoot/ContentSlot/Dimension1Panel/GalaxyPanel/D1_GalaxyVisualRoot/D1BottomNavigation/RELIQUIASButton
24_silent_frontier_selected	1080	1920	Canvas/HUD/VerticalUIRoot/VerticalSafeAreaRoot/ContentSlot/Dimension1Panel/GalaxyPanel/D1_GalaxyVisualRoot/D1BottomNavigation/RELIQUIASButton	4	803.40	162.80	OK	Canvas/HUD/VerticalUIRoot/VerticalSafeAreaRoot/ContentSlot/Dimension1Panel/GalaxyPanel/D1_GalaxyVisualRoot/D1BottomNavigation/RELIQUIASButton	Canvas/HUD/VerticalUIRoot/VerticalSafeAreaRoot/ContentSlot/Dimension1Panel/GalaxyPanel/D1_GalaxyVisualRoot/D1BottomNavigation/RELIQUIASButton
24_silent_frontier_selected	1080	1920	Canvas/HUD/VerticalUIRoot/VerticalSafeAreaRoot/ContentSlot/Dimension1Panel/GalaxyPanel/D1_GalaxyVisualRoot/D1BottomNavigation/HANGARButton	0	537.00	110.00	OK	Canvas/HUD/VerticalUIRoot/VerticalSafeAreaRoot/ContentSlot/Dimension1Panel/GalaxyPanel/D1_GalaxyVisualRoot/D1BottomNavigation/HANGARButton	Canvas/HUD/VerticalUIRoot/VerticalSafeAreaRoot/ContentSlot/Dimension1Panel/GalaxyPanel/D1_GalaxyVisualRoot/D1BottomNavigation/HANGARButton
24_silent_frontier_selected	1080	1920	Canvas/HUD/VerticalUIRoot/VerticalSafeAreaRoot/ContentSlot/Dimension1Panel/GalaxyPanel/D1_GalaxyVisualRoot/D1BottomNavigation/HANGARButton	1	477.60	57.20	OK	Canvas/HUD/VerticalUIRoot/VerticalSafeAreaRoot/ContentSlot/Dimension1Panel/GalaxyPanel/D1_GalaxyVisualRoot/D1BottomNavigation/HANGARButton	Canvas/HUD/VerticalUIRoot/VerticalSafeAreaRoot/ContentSlot/Dimension1Panel/GalaxyPanel/D1_GalaxyVisualRoot/D1BottomNavigation/HANGARButton
24_silent_frontier_selected	1080	1920	Canvas/HUD/VerticalUIRoot/VerticalSafeAreaRoot/ContentSlot/Dimension1Panel/GalaxyPanel/D1_GalaxyVisualRoot/D1BottomNavigation/HANGARButton	2	596.40	57.20	OK	Canvas/HUD/VerticalUIRoot/VerticalSafeAreaRoot/ContentSlot/Dimension1Panel/GalaxyPanel/D1_GalaxyVisualRoot/D1BottomNavigation/HANGARButton	Canvas/HUD/VerticalUIRoot/VerticalSafeAreaRoot/ContentSlot/Dimension1Panel/GalaxyPanel/D1_GalaxyVisualRoot/D1BottomNavigation/HANGARButton
24_silent_frontier_selected	1080	1920	Canvas/HUD/VerticalUIRoot/VerticalSafeAreaRoot/ContentSlot/Dimension1Panel/GalaxyPanel/D1_GalaxyVisualRoot/D1BottomNavigation/HANGARButton	3	477.60	162.80	OK	Canvas/HUD/VerticalUIRoot/VerticalSafeAreaRoot/ContentSlot/Dimension1Panel/GalaxyPanel/D1_GalaxyVisualRoot/D1BottomNavigation/HANGARButton	Canvas/HUD/VerticalUIRoot/VerticalSafeAreaRoot/ContentSlot/Dimension1Panel/GalaxyPanel/D1_GalaxyVisualRoot/D1BottomNavigation/HANGARButton
24_silent_frontier_selected	1080	1920	Canvas/HUD/VerticalUIRoot/VerticalSafeAreaRoot/ContentSlot/Dimension1Panel/GalaxyPanel/D1_GalaxyVisualRoot/D1BottomNavigation/HANGARButton	4	596.40	162.80	OK	Canvas/HUD/VerticalUIRoot/VerticalSafeAreaRoot/ContentSlot/Dimension1Panel/GalaxyPanel/D1_GalaxyVisualRoot/D1BottomNavigation/HANGARButton	Canvas/HUD/VerticalUIRoot/VerticalSafeAreaRoot/ContentSlot/Dimension1Panel/GalaxyPanel/D1_GalaxyVisualRoot/D1BottomNavigation/HANGARButton
24_silent_frontier_selected	1080	1920	Canvas/HUD/VerticalUIRoot/VerticalSafeAreaRoot/ContentSlot/Dimension1Panel/GalaxyPanel/D1_GalaxyVisualRoot/FullBleedGalaxyMap/Planet05Node	0	727.23	1242.36	OK	Canvas/HUD/VerticalUIRoot/VerticalSafeAreaRoot/ContentSlot/Dimension1Panel/GalaxyPanel/D1_GalaxyVisualRoot/FullBleedGalaxyMap/Planet05Node	Canvas/HUD/VerticalUIRoot/VerticalSafeAreaRoot/ContentSlot/Dimension1Panel/GalaxyPanel/D1_GalaxyVisualRoot/FullBleedGalaxyMap/Planet05Node
24_silent_frontier_selected	1080	1920	Canvas/HUD/VerticalUIRoot/VerticalSafeAreaRoot/ContentSlot/Dimension1Panel/GalaxyPanel/D1_GalaxyVisualRoot/FullBleedGalaxyMap/Planet05Node	1	658.23	1185.36	OK	Canvas/HUD/VerticalUIRoot/VerticalSafeAreaRoot/ContentSlot/Dimension1Panel/GalaxyPanel/D1_GalaxyVisualRoot/FullBleedGalaxyMap/Planet05Node	Canvas/HUD/VerticalUIRoot/VerticalSafeAreaRoot/ContentSlot/Dimension1Panel/GalaxyPanel/D1_GalaxyVisualRoot/FullBleedGalaxyMap/Planet05Node
24_silent_frontier_selected	1080	1920	Canvas/HUD/VerticalUIRoot/VerticalSafeAreaRoot/ContentSlot/Dimension1Panel/GalaxyPanel/D1_GalaxyVisualRoot/FullBleedGalaxyMap/Planet05Node	2	796.23	1185.36	OK	Canvas/HUD/VerticalUIRoot/VerticalSafeAreaRoot/ContentSlot/Dimension1Panel/GalaxyPanel/D1_GalaxyVisualRoot/FullBleedGalaxyMap/Planet05Node	Canvas/HUD/VerticalUIRoot/VerticalSafeAreaRoot/ContentSlot/Dimension1Panel/GalaxyPanel/D1_GalaxyVisualRoot/FullBleedGalaxyMap/Planet05Node
24_silent_frontier_selected	1080	1920	Canvas/HUD/VerticalUIRoot/VerticalSafeAreaRoot/ContentSlot/Dimension1Panel/GalaxyPanel/D1_GalaxyVisualRoot/FullBleedGalaxyMap/Planet05Node	3	658.23	1299.36	OK	Canvas/HUD/VerticalUIRoot/VerticalSafeAreaRoot/ContentSlot/Dimension1Panel/GalaxyPanel/D1_GalaxyVisualRoot/FullBleedGalaxyMap/Planet05Node	Canvas/HUD/VerticalUIRoot/VerticalSafeAreaRoot/ContentSlot/Dimension1Panel/GalaxyPanel/D1_GalaxyVisualRoot/FullBleedGalaxyMap/Planet05Node
24_silent_frontier_selected	1080	1920	Canvas/HUD/VerticalUIRoot/VerticalSafeAreaRoot/ContentSlot/Dimension1Panel/GalaxyPanel/D1_GalaxyVisualRoot/FullBleedGalaxyMap/Planet05Node	4	796.23	1299.36	OK	Canvas/HUD/VerticalUIRoot/VerticalSafeAreaRoot/ContentSlot/Dimension1Panel/GalaxyPanel/D1_GalaxyVisualRoot/FullBleedGalaxyMap/Planet05Node	Canvas/HUD/VerticalUIRoot/VerticalSafeAreaRoot/ContentSlot/Dimension1Panel/GalaxyPanel/D1_GalaxyVisualRoot/FullBleedGalaxyMap/Planet05Node
24_silent_frontier	1080	1920	Canvas/HUD/VerticalUIRoot/VerticalSafeAreaRoot/ContentSlot/Dimension1Panel/D1_SilentFrontierDetailVisualRoot/BottomNavigation/Nav_RELIQUIAS	0	744.00	110.00	OK	Canvas/HUD/VerticalUIRoot/VerticalSafeAreaRoot/ContentSlot/Dimension1Panel/D1_SilentFrontierDetailVisualRoot/BottomNavigation/Nav_RELIQUIAS	Canvas/HUD/VerticalUIRoot/VerticalSafeAreaRoot/ContentSlot/Dimension1Panel/D1_SilentFrontierDetailVisualRoot/BottomNavigation/Nav_RELIQUIAS
24_silent_frontier	1080	1920	Canvas/HUD/VerticalUIRoot/VerticalSafeAreaRoot/ContentSlot/Dimension1Panel/D1_SilentFrontierDetailVisualRoot/BottomNavigation/Nav_RELIQUIAS	1	684.60	57.20	OK	Canvas/HUD/VerticalUIRoot/VerticalSafeAreaRoot/ContentSlot/Dimension1Panel/D1_SilentFrontierDetailVisualRoot/BottomNavigation/Nav_RELIQUIAS	Canvas/HUD/VerticalUIRoot/VerticalSafeAreaRoot/ContentSlot/Dimension1Panel/D1_SilentFrontierDetailVisualRoot/BottomNavigation/Nav_RELIQUIAS
24_silent_frontier	1080	1920	Canvas/HUD/VerticalUIRoot/VerticalSafeAreaRoot/ContentSlot/Dimension1Panel/D1_SilentFrontierDetailVisualRoot/BottomNavigation/Nav_RELIQUIAS	2	803.40	57.20	OK	Canvas/HUD/VerticalUIRoot/VerticalSafeAreaRoot/ContentSlot/Dimension1Panel/D1_SilentFrontierDetailVisualRoot/BottomNavigation/Nav_RELIQUIAS	Canvas/HUD/VerticalUIRoot/VerticalSafeAreaRoot/ContentSlot/Dimension1Panel/D1_SilentFrontierDetailVisualRoot/BottomNavigation/Nav_RELIQUIAS
24_silent_frontier	1080	1920	Canvas/HUD/VerticalUIRoot/VerticalSafeAreaRoot/ContentSlot/Dimension1Panel/D1_SilentFrontierDetailVisualRoot/BottomNavigation/Nav_RELIQUIAS	3	684.60	162.80	OK	Canvas/HUD/VerticalUIRoot/VerticalSafeAreaRoot/ContentSlot/Dimension1Panel/D1_SilentFrontierDetailVisualRoot/BottomNavigation/Nav_RELIQUIAS	Canvas/HUD/VerticalUIRoot/VerticalSafeAreaRoot/ContentSlot/Dimension1Panel/D1_SilentFrontierDetailVisualRoot/BottomNavigation/Nav_RELIQUIAS
24_silent_frontier	1080	1920	Canvas/HUD/VerticalUIRoot/VerticalSafeAreaRoot/ContentSlot/Dimension1Panel/D1_SilentFrontierDetailVisualRoot/BottomNavigation/Nav_RELIQUIAS	4	803.40	162.80	OK	Canvas/HUD/VerticalUIRoot/VerticalSafeAreaRoot/ContentSlot/Dimension1Panel/D1_SilentFrontierDetailVisualRoot/BottomNavigation/Nav_RELIQUIAS	Canvas/HUD/VerticalUIRoot/VerticalSafeAreaRoot/ContentSlot/Dimension1Panel/D1_SilentFrontierDetailVisualRoot/BottomNavigation/Nav_RELIQUIAS
24_silent_frontier	1080	1920	Canvas/HUD/VerticalUIRoot/VerticalSafeAreaRoot/ContentSlot/Dimension1Panel/D1_SilentFrontierDetailVisualRoot/Heading/BackButton	0	70.00	1810.00	OK	Canvas/HUD/VerticalUIRoot/VerticalSafeAreaRoot/ContentSlot/Dimension1Panel/D1_SilentFrontierDetailVisualRoot/Heading/BackButton	Canvas/HUD/VerticalUIRoot/VerticalSafeAreaRoot/ContentSlot/Dimension1Panel/D1_SilentFrontierDetailVisualRoot/Heading/BackButton
24_silent_frontier	1080	1920	Canvas/HUD/VerticalUIRoot/VerticalSafeAreaRoot/ContentSlot/Dimension1Panel/D1_SilentFrontierDetailVisualRoot/Heading/BackButton	1	44.80	1788.40	OK	Canvas/HUD/VerticalUIRoot/VerticalSafeAreaRoot/ContentSlot/Dimension1Panel/D1_SilentFrontierDetailVisualRoot/Heading/BackButton	Canvas/HUD/VerticalUIRoot/VerticalSafeAreaRoot/ContentSlot/Dimension1Panel/D1_SilentFrontierDetailVisualRoot/Heading/BackButton
24_silent_frontier	1080	1920	Canvas/HUD/VerticalUIRoot/VerticalSafeAreaRoot/ContentSlot/Dimension1Panel/D1_SilentFrontierDetailVisualRoot/Heading/BackButton	2	95.20	1788.40	OK	Canvas/HUD/VerticalUIRoot/VerticalSafeAreaRoot/ContentSlot/Dimension1Panel/D1_SilentFrontierDetailVisualRoot/Heading/BackButton	Canvas/HUD/VerticalUIRoot/VerticalSafeAreaRoot/ContentSlot/Dimension1Panel/D1_SilentFrontierDetailVisualRoot/Heading/BackButton
24_silent_frontier	1080	1920	Canvas/HUD/VerticalUIRoot/VerticalSafeAreaRoot/ContentSlot/Dimension1Panel/D1_SilentFrontierDetailVisualRoot/Heading/BackButton	3	44.80	1831.60	OK	Canvas/HUD/VerticalUIRoot/VerticalSafeAreaRoot/ContentSlot/Dimension1Panel/D1_SilentFrontierDetailVisualRoot/Heading/BackButton	Canvas/HUD/VerticalUIRoot/VerticalSafeAreaRoot/ContentSlot/Dimension1Panel/D1_SilentFrontierDetailVisualRoot/Heading/BackButton
24_silent_frontier	1080	1920	Canvas/HUD/VerticalUIRoot/VerticalSafeAreaRoot/ContentSlot/Dimension1Panel/D1_SilentFrontierDetailVisualRoot/Heading/BackButton	4	95.20	1831.60	OK	Canvas/HUD/VerticalUIRoot/VerticalSafeAreaRoot/ContentSlot/Dimension1Panel/D1_SilentFrontierDetailVisualRoot/Heading/BackButton	Canvas/HUD/VerticalUIRoot/VerticalSafeAreaRoot/ContentSlot/Dimension1Panel/D1_SilentFrontierDetailVisualRoot/Heading/BackButton
24_silent_frontier	1080	1920	Canvas/HUD/VerticalUIRoot/VerticalSafeAreaRoot/ContentSlot/Dimension1Panel/D1_SilentFrontierDetailVisualRoot/BackToGalaxyMap	0	540.00	544.00	OK	Canvas/HUD/VerticalUIRoot/VerticalSafeAreaRoot/ContentSlot/Dimension1Panel/D1_SilentFrontierDetailVisualRoot/BackToGalaxyMap	Canvas/HUD/VerticalUIRoot/VerticalSafeAreaRoot/ContentSlot/Dimension1Panel/D1_SilentFrontierDetailVisualRoot/BackToGalaxyMap
24_silent_frontier	1080	1920	Canvas/HUD/VerticalUIRoot/VerticalSafeAreaRoot/ContentSlot/Dimension1Panel/D1_SilentFrontierDetailVisualRoot/BackToGalaxyMap	1	360.00	516.40	OK	Canvas/HUD/VerticalUIRoot/VerticalSafeAreaRoot/ContentSlot/Dimension1Panel/D1_SilentFrontierDetailVisualRoot/BackToGalaxyMap	Canvas/HUD/VerticalUIRoot/VerticalSafeAreaRoot/ContentSlot/Dimension1Panel/D1_SilentFrontierDetailVisualRoot/BackToGalaxyMap
24_silent_frontier	1080	1920	Canvas/HUD/VerticalUIRoot/VerticalSafeAreaRoot/ContentSlot/Dimension1Panel/D1_SilentFrontierDetailVisualRoot/BackToGalaxyMap	2	720.00	516.40	OK	Canvas/HUD/VerticalUIRoot/VerticalSafeAreaRoot/ContentSlot/Dimension1Panel/D1_SilentFrontierDetailVisualRoot/BackToGalaxyMap	Canvas/HUD/VerticalUIRoot/VerticalSafeAreaRoot/ContentSlot/Dimension1Panel/D1_SilentFrontierDetailVisualRoot/BackToGalaxyMap
24_silent_frontier	1080	1920	Canvas/HUD/VerticalUIRoot/VerticalSafeAreaRoot/ContentSlot/Dimension1Panel/D1_SilentFrontierDetailVisualRoot/BackToGalaxyMap	3	360.00	571.60	OK	Canvas/HUD/VerticalUIRoot/VerticalSafeAreaRoot/ContentSlot/Dimension1Panel/D1_SilentFrontierDetailVisualRoot/BackToGalaxyMap	Canvas/HUD/VerticalUIRoot/VerticalSafeAreaRoot/ContentSlot/Dimension1Panel/D1_SilentFrontierDetailVisualRoot/BackToGalaxyMap
24_silent_frontier	1080	1920	Canvas/HUD/VerticalUIRoot/VerticalSafeAreaRoot/ContentSlot/Dimension1Panel/D1_SilentFrontierDetailVisualRoot/BackToGalaxyMap	4	720.00	571.60	OK	Canvas/HUD/VerticalUIRoot/VerticalSafeAreaRoot/ContentSlot/Dimension1Panel/D1_SilentFrontierDetailVisualRoot/BackToGalaxyMap	Canvas/HUD/VerticalUIRoot/VerticalSafeAreaRoot/ContentSlot/Dimension1Panel/D1_SilentFrontierDetailVisualRoot/BackToGalaxyMap
24_silent_frontier	1080	1920	Canvas/HUD/VerticalUIRoot/VerticalSafeAreaRoot/ContentSlot/Dimension1Panel/D1_SilentFrontierDetailVisualRoot/BottomNavigation/Nav_ÁRBOL	0	951.00	110.00	OK	Canvas/HUD/VerticalUIRoot/VerticalSafeAreaRoot/ContentSlot/Dimension1Panel/D1_SilentFrontierDetailVisualRoot/BottomNavigation/Nav_ÁRBOL	Canvas/HUD/VerticalUIRoot/VerticalSafeAreaRoot/ContentSlot/Dimension1Panel/D1_SilentFrontierDetailVisualRoot/BottomNavigation/Nav_ÁRBOL
24_silent_frontier	1080	1920	Canvas/HUD/VerticalUIRoot/VerticalSafeAreaRoot/ContentSlot/Dimension1Panel/D1_SilentFrontierDetailVisualRoot/BottomNavigation/Nav_ÁRBOL	1	891.60	57.20	OK	Canvas/HUD/VerticalUIRoot/VerticalSafeAreaRoot/ContentSlot/Dimension1Panel/D1_SilentFrontierDetailVisualRoot/BottomNavigation/Nav_ÁRBOL	Canvas/HUD/VerticalUIRoot/VerticalSafeAreaRoot/ContentSlot/Dimension1Panel/D1_SilentFrontierDetailVisualRoot/BottomNavigation/Nav_ÁRBOL
24_silent_frontier	1080	1920	Canvas/HUD/VerticalUIRoot/VerticalSafeAreaRoot/ContentSlot/Dimension1Panel/D1_SilentFrontierDetailVisualRoot/BottomNavigation/Nav_ÁRBOL	2	1010.40	57.20	OK	Canvas/HUD/VerticalUIRoot/VerticalSafeAreaRoot/ContentSlot/Dimension1Panel/D1_SilentFrontierDetailVisualRoot/BottomNavigation/Nav_ÁRBOL	Canvas/HUD/VerticalUIRoot/VerticalSafeAreaRoot/ContentSlot/Dimension1Panel/D1_SilentFrontierDetailVisualRoot/BottomNavigation/Nav_ÁRBOL
24_silent_frontier	1080	1920	Canvas/HUD/VerticalUIRoot/VerticalSafeAreaRoot/ContentSlot/Dimension1Panel/D1_SilentFrontierDetailVisualRoot/BottomNavigation/Nav_ÁRBOL	3	891.60	162.80	OK	Canvas/HUD/VerticalUIRoot/VerticalSafeAreaRoot/ContentSlot/Dimension1Panel/D1_SilentFrontierDetailVisualRoot/BottomNavigation/Nav_ÁRBOL	Canvas/HUD/VerticalUIRoot/VerticalSafeAreaRoot/ContentSlot/Dimension1Panel/D1_SilentFrontierDetailVisualRoot/BottomNavigation/Nav_ÁRBOL
24_silent_frontier	1080	1920	Canvas/HUD/VerticalUIRoot/VerticalSafeAreaRoot/ContentSlot/Dimension1Panel/D1_SilentFrontierDetailVisualRoot/BottomNavigation/Nav_ÁRBOL	4	1010.40	162.80	OK	Canvas/HUD/VerticalUIRoot/VerticalSafeAreaRoot/ContentSlot/Dimension1Panel/D1_SilentFrontierDetailVisualRoot/BottomNavigation/Nav_ÁRBOL	Canvas/HUD/VerticalUIRoot/VerticalSafeAreaRoot/ContentSlot/Dimension1Panel/D1_SilentFrontierDetailVisualRoot/BottomNavigation/Nav_ÁRBOL
24_silent_frontier	1080	1920	Canvas/HUD/VerticalUIRoot/VerticalSafeAreaRoot/ContentSlot/Dimension1Panel/D1_SilentFrontierDetailVisualRoot/BottomNavigation/Nav_EXPLORAR	0	330.00	110.00	OK	Canvas/HUD/VerticalUIRoot/VerticalSafeAreaRoot/ContentSlot/Dimension1Panel/D1_SilentFrontierDetailVisualRoot/BottomNavigation/Nav_EXPLORAR	Canvas/HUD/VerticalUIRoot/VerticalSafeAreaRoot/ContentSlot/Dimension1Panel/D1_SilentFrontierDetailVisualRoot/BottomNavigation/Nav_EXPLORAR
24_silent_frontier	1080	1920	Canvas/HUD/VerticalUIRoot/VerticalSafeAreaRoot/ContentSlot/Dimension1Panel/D1_SilentFrontierDetailVisualRoot/BottomNavigation/Nav_EXPLORAR	1	270.60	57.20	OK	Canvas/HUD/VerticalUIRoot/VerticalSafeAreaRoot/ContentSlot/Dimension1Panel/D1_SilentFrontierDetailVisualRoot/BottomNavigation/Nav_EXPLORAR	Canvas/HUD/VerticalUIRoot/VerticalSafeAreaRoot/ContentSlot/Dimension1Panel/D1_SilentFrontierDetailVisualRoot/BottomNavigation/Nav_EXPLORAR
24_silent_frontier	1080	1920	Canvas/HUD/VerticalUIRoot/VerticalSafeAreaRoot/ContentSlot/Dimension1Panel/D1_SilentFrontierDetailVisualRoot/BottomNavigation/Nav_EXPLORAR	2	389.40	57.20	OK	Canvas/HUD/VerticalUIRoot/VerticalSafeAreaRoot/ContentSlot/Dimension1Panel/D1_SilentFrontierDetailVisualRoot/BottomNavigation/Nav_EXPLORAR	Canvas/HUD/VerticalUIRoot/VerticalSafeAreaRoot/ContentSlot/Dimension1Panel/D1_SilentFrontierDetailVisualRoot/BottomNavigation/Nav_EXPLORAR
24_silent_frontier	1080	1920	Canvas/HUD/VerticalUIRoot/VerticalSafeAreaRoot/ContentSlot/Dimension1Panel/D1_SilentFrontierDetailVisualRoot/BottomNavigation/Nav_EXPLORAR	3	270.60	162.80	OK	Canvas/HUD/VerticalUIRoot/VerticalSafeAreaRoot/ContentSlot/Dimension1Panel/D1_SilentFrontierDetailVisualRoot/BottomNavigation/Nav_EXPLORAR	Canvas/HUD/VerticalUIRoot/VerticalSafeAreaRoot/ContentSlot/Dimension1Panel/D1_SilentFrontierDetailVisualRoot/BottomNavigation/Nav_EXPLORAR
24_silent_frontier	1080	1920	Canvas/HUD/VerticalUIRoot/VerticalSafeAreaRoot/ContentSlot/Dimension1Panel/D1_SilentFrontierDetailVisualRoot/BottomNavigation/Nav_EXPLORAR	4	389.40	162.80	OK	Canvas/HUD/VerticalUIRoot/VerticalSafeAreaRoot/ContentSlot/Dimension1Panel/D1_SilentFrontierDetailVisualRoot/BottomNavigation/Nav_EXPLORAR	Canvas/HUD/VerticalUIRoot/VerticalSafeAreaRoot/ContentSlot/Dimension1Panel/D1_SilentFrontierDetailVisualRoot/BottomNavigation/Nav_EXPLORAR
24_silent_frontier	1080	1920	Canvas/HUD/VerticalUIRoot/VerticalSafeAreaRoot/ContentSlot/Dimension1Panel/D1_SilentFrontierDetailVisualRoot/BottomNavigation/Nav_HANGAR	0	537.00	110.00	OK	Canvas/HUD/VerticalUIRoot/VerticalSafeAreaRoot/ContentSlot/Dimension1Panel/D1_SilentFrontierDetailVisualRoot/BottomNavigation/Nav_HANGAR	Canvas/HUD/VerticalUIRoot/VerticalSafeAreaRoot/ContentSlot/Dimension1Panel/D1_SilentFrontierDetailVisualRoot/BottomNavigation/Nav_HANGAR
24_silent_frontier	1080	1920	Canvas/HUD/VerticalUIRoot/VerticalSafeAreaRoot/ContentSlot/Dimension1Panel/D1_SilentFrontierDetailVisualRoot/BottomNavigation/Nav_HANGAR	1	477.60	57.20	OK	Canvas/HUD/VerticalUIRoot/VerticalSafeAreaRoot/ContentSlot/Dimension1Panel/D1_SilentFrontierDetailVisualRoot/BottomNavigation/Nav_HANGAR	Canvas/HUD/VerticalUIRoot/VerticalSafeAreaRoot/ContentSlot/Dimension1Panel/D1_SilentFrontierDetailVisualRoot/BottomNavigation/Nav_HANGAR
24_silent_frontier	1080	1920	Canvas/HUD/VerticalUIRoot/VerticalSafeAreaRoot/ContentSlot/Dimension1Panel/D1_SilentFrontierDetailVisualRoot/BottomNavigation/Nav_HANGAR	2	596.40	57.20	OK	Canvas/HUD/VerticalUIRoot/VerticalSafeAreaRoot/ContentSlot/Dimension1Panel/D1_SilentFrontierDetailVisualRoot/BottomNavigation/Nav_HANGAR	Canvas/HUD/VerticalUIRoot/VerticalSafeAreaRoot/ContentSlot/Dimension1Panel/D1_SilentFrontierDetailVisualRoot/BottomNavigation/Nav_HANGAR
24_silent_frontier	1080	1920	Canvas/HUD/VerticalUIRoot/VerticalSafeAreaRoot/ContentSlot/Dimension1Panel/D1_SilentFrontierDetailVisualRoot/BottomNavigation/Nav_HANGAR	3	477.60	162.80	OK	Canvas/HUD/VerticalUIRoot/VerticalSafeAreaRoot/ContentSlot/Dimension1Panel/D1_SilentFrontierDetailVisualRoot/BottomNavigation/Nav_HANGAR	Canvas/HUD/VerticalUIRoot/VerticalSafeAreaRoot/ContentSlot/Dimension1Panel/D1_SilentFrontierDetailVisualRoot/BottomNavigation/Nav_HANGAR
24_silent_frontier	1080	1920	Canvas/HUD/VerticalUIRoot/VerticalSafeAreaRoot/ContentSlot/Dimension1Panel/D1_SilentFrontierDetailVisualRoot/BottomNavigation/Nav_HANGAR	4	596.40	162.80	OK	Canvas/HUD/VerticalUIRoot/VerticalSafeAreaRoot/ContentSlot/Dimension1Panel/D1_SilentFrontierDetailVisualRoot/BottomNavigation/Nav_HANGAR	Canvas/HUD/VerticalUIRoot/VerticalSafeAreaRoot/ContentSlot/Dimension1Panel/D1_SilentFrontierDetailVisualRoot/BottomNavigation/Nav_HANGAR
24_silent_frontier	1080	1920	Canvas/HUD/VerticalUIRoot/VerticalSafeAreaRoot/ContentSlot/Dimension1Panel/D1_SilentFrontierDetailVisualRoot/AllMetals	0	921.50	1768.00	OK	Canvas/HUD/VerticalUIRoot/VerticalSafeAreaRoot/ContentSlot/Dimension1Panel/D1_SilentFrontierDetailVisualRoot/AllMetals	Canvas/HUD/VerticalUIRoot/VerticalSafeAreaRoot/ContentSlot/Dimension1Panel/D1_SilentFrontierDetailVisualRoot/AllMetals
24_silent_frontier	1080	1920	Canvas/HUD/VerticalUIRoot/VerticalSafeAreaRoot/ContentSlot/Dimension1Panel/D1_SilentFrontierDetailVisualRoot/AllMetals	1	848.00	1738.00	OK	Canvas/HUD/VerticalUIRoot/VerticalSafeAreaRoot/ContentSlot/Dimension1Panel/D1_SilentFrontierDetailVisualRoot/AllMetals	Canvas/HUD/VerticalUIRoot/VerticalSafeAreaRoot/ContentSlot/Dimension1Panel/D1_SilentFrontierDetailVisualRoot/AllMetals
24_silent_frontier	1080	1920	Canvas/HUD/VerticalUIRoot/VerticalSafeAreaRoot/ContentSlot/Dimension1Panel/D1_SilentFrontierDetailVisualRoot/AllMetals	2	995.00	1738.00	OK	Canvas/HUD/VerticalUIRoot/VerticalSafeAreaRoot/ContentSlot/Dimension1Panel/D1_SilentFrontierDetailVisualRoot/AllMetals	Canvas/HUD/VerticalUIRoot/VerticalSafeAreaRoot/ContentSlot/Dimension1Panel/D1_SilentFrontierDetailVisualRoot/AllMetals
24_silent_frontier	1080	1920	Canvas/HUD/VerticalUIRoot/VerticalSafeAreaRoot/ContentSlot/Dimension1Panel/D1_SilentFrontierDetailVisualRoot/AllMetals	3	848.00	1798.00	OK	Canvas/HUD/VerticalUIRoot/VerticalSafeAreaRoot/ContentSlot/Dimension1Panel/D1_SilentFrontierDetailVisualRoot/AllMetals	Canvas/HUD/VerticalUIRoot/VerticalSafeAreaRoot/ContentSlot/Dimension1Panel/D1_SilentFrontierDetailVisualRoot/AllMetals
24_silent_frontier	1080	1920	Canvas/HUD/VerticalUIRoot/VerticalSafeAreaRoot/ContentSlot/Dimension1Panel/D1_SilentFrontierDetailVisualRoot/AllMetals	4	995.00	1798.00	OK	Canvas/HUD/VerticalUIRoot/VerticalSafeAreaRoot/ContentSlot/Dimension1Panel/D1_SilentFrontierDetailVisualRoot/AllMetals	Canvas/HUD/VerticalUIRoot/VerticalSafeAreaRoot/ContentSlot/Dimension1Panel/D1_SilentFrontierDetailVisualRoot/AllMetals
26_galaxy_ark_selected	1080	1920	Canvas/HUD/VerticalUIRoot/VerticalSafeAreaRoot/ContentSlot/Dimension1Panel/GalaxyPanel/D1_GalaxyVisualRoot/AllMetals	0	921.50	1768.00	OK	Canvas/HUD/VerticalUIRoot/VerticalSafeAreaRoot/ContentSlot/Dimension1Panel/GalaxyPanel/D1_GalaxyVisualRoot/AllMetals	Canvas/HUD/VerticalUIRoot/VerticalSafeAreaRoot/ContentSlot/Dimension1Panel/GalaxyPanel/D1_GalaxyVisualRoot/AllMetals
26_galaxy_ark_selected	1080	1920	Canvas/HUD/VerticalUIRoot/VerticalSafeAreaRoot/ContentSlot/Dimension1Panel/GalaxyPanel/D1_GalaxyVisualRoot/AllMetals	1	848.00	1738.00	OK	Canvas/HUD/VerticalUIRoot/VerticalSafeAreaRoot/ContentSlot/Dimension1Panel/GalaxyPanel/D1_GalaxyVisualRoot/AllMetals	Canvas/HUD/VerticalUIRoot/VerticalSafeAreaRoot/ContentSlot/Dimension1Panel/GalaxyPanel/D1_GalaxyVisualRoot/AllMetals
26_galaxy_ark_selected	1080	1920	Canvas/HUD/VerticalUIRoot/VerticalSafeAreaRoot/ContentSlot/Dimension1Panel/GalaxyPanel/D1_GalaxyVisualRoot/AllMetals	2	995.00	1738.00	OK	Canvas/HUD/VerticalUIRoot/VerticalSafeAreaRoot/ContentSlot/Dimension1Panel/GalaxyPanel/D1_GalaxyVisualRoot/AllMetals	Canvas/HUD/VerticalUIRoot/VerticalSafeAreaRoot/ContentSlot/Dimension1Panel/GalaxyPanel/D1_GalaxyVisualRoot/AllMetals
26_galaxy_ark_selected	1080	1920	Canvas/HUD/VerticalUIRoot/VerticalSafeAreaRoot/ContentSlot/Dimension1Panel/GalaxyPanel/D1_GalaxyVisualRoot/AllMetals	3	848.00	1798.00	OK	Canvas/HUD/VerticalUIRoot/VerticalSafeAreaRoot/ContentSlot/Dimension1Panel/GalaxyPanel/D1_GalaxyVisualRoot/AllMetals	Canvas/HUD/VerticalUIRoot/VerticalSafeAreaRoot/ContentSlot/Dimension1Panel/GalaxyPanel/D1_GalaxyVisualRoot/AllMetals
26_galaxy_ark_selected	1080	1920	Canvas/HUD/VerticalUIRoot/VerticalSafeAreaRoot/ContentSlot/Dimension1Panel/GalaxyPanel/D1_GalaxyVisualRoot/AllMetals	4	995.00	1798.00	OK	Canvas/HUD/VerticalUIRoot/VerticalSafeAreaRoot/ContentSlot/Dimension1Panel/GalaxyPanel/D1_GalaxyVisualRoot/AllMetals	Canvas/HUD/VerticalUIRoot/VerticalSafeAreaRoot/ContentSlot/Dimension1Panel/GalaxyPanel/D1_GalaxyVisualRoot/AllMetals
26_galaxy_ark_selected	1080	1920	Canvas/HUD/VerticalUIRoot/VerticalSafeAreaRoot/ContentSlot/Dimension1Panel/GalaxyPanel/D1_GalaxyVisualRoot/FullBleedGalaxyMap/Planet02Node	0	351.35	863.00	OK	Canvas/HUD/VerticalUIRoot/VerticalSafeAreaRoot/ContentSlot/Dimension1Panel/GalaxyPanel/D1_GalaxyVisualRoot/FullBleedGalaxyMap/Planet02Node	Canvas/HUD/VerticalUIRoot/VerticalSafeAreaRoot/ContentSlot/Dimension1Panel/GalaxyPanel/D1_GalaxyVisualRoot/FullBleedGalaxyMap/Planet02Node
26_galaxy_ark_selected	1080	1920	Canvas/HUD/VerticalUIRoot/VerticalSafeAreaRoot/ContentSlot/Dimension1Panel/GalaxyPanel/D1_GalaxyVisualRoot/FullBleedGalaxyMap/Planet02Node	1	282.35	804.80	OK	Canvas/HUD/VerticalUIRoot/VerticalSafeAreaRoot/ContentSlot/Dimension1Panel/GalaxyPanel/D1_GalaxyVisualRoot/FullBleedGalaxyMap/Planet02Node	Canvas/HUD/VerticalUIRoot/VerticalSafeAreaRoot/ContentSlot/Dimension1Panel/GalaxyPanel/D1_GalaxyVisualRoot/FullBleedGalaxyMap/Planet02Node
26_galaxy_ark_selected	1080	1920	Canvas/HUD/VerticalUIRoot/VerticalSafeAreaRoot/ContentSlot/Dimension1Panel/GalaxyPanel/D1_GalaxyVisualRoot/FullBleedGalaxyMap/Planet02Node	2	420.35	804.80	OK	Canvas/HUD/VerticalUIRoot/VerticalSafeAreaRoot/ContentSlot/Dimension1Panel/GalaxyPanel/D1_GalaxyVisualRoot/FullBleedGalaxyMap/Planet02Node	Canvas/HUD/VerticalUIRoot/VerticalSafeAreaRoot/ContentSlot/Dimension1Panel/GalaxyPanel/D1_GalaxyVisualRoot/FullBleedGalaxyMap/Planet02Node
26_galaxy_ark_selected	1080	1920	Canvas/HUD/VerticalUIRoot/VerticalSafeAreaRoot/ContentSlot/Dimension1Panel/GalaxyPanel/D1_GalaxyVisualRoot/FullBleedGalaxyMap/Planet02Node	3	282.35	921.20	OK	Canvas/HUD/VerticalUIRoot/VerticalSafeAreaRoot/ContentSlot/Dimension1Panel/GalaxyPanel/D1_GalaxyVisualRoot/FullBleedGalaxyMap/Planet02Node	Canvas/HUD/VerticalUIRoot/VerticalSafeAreaRoot/ContentSlot/Dimension1Panel/GalaxyPanel/D1_GalaxyVisualRoot/FullBleedGalaxyMap/Planet02Node
26_galaxy_ark_selected	1080	1920	Canvas/HUD/VerticalUIRoot/VerticalSafeAreaRoot/ContentSlot/Dimension1Panel/GalaxyPanel/D1_GalaxyVisualRoot/FullBleedGalaxyMap/Planet02Node	4	420.35	921.20	OK	Canvas/HUD/VerticalUIRoot/VerticalSafeAreaRoot/ContentSlot/Dimension1Panel/GalaxyPanel/D1_GalaxyVisualRoot/FullBleedGalaxyMap/Planet02Node	Canvas/HUD/VerticalUIRoot/VerticalSafeAreaRoot/ContentSlot/Dimension1Panel/GalaxyPanel/D1_GalaxyVisualRoot/FullBleedGalaxyMap/Planet02Node
26_galaxy_ark_selected	1080	1920	Canvas/HUD/VerticalUIRoot/VerticalSafeAreaRoot/ContentSlot/Dimension1Panel/GalaxyPanel/D1_GalaxyVisualRoot/FullBleedGalaxyMap/Sector02	0	916.67	948.91	OK	Canvas/HUD/VerticalUIRoot/VerticalSafeAreaRoot/ContentSlot/Dimension1Panel/GalaxyPanel/D1_GalaxyVisualRoot/FullBleedGalaxyMap/Sector02	Canvas/HUD/VerticalUIRoot/VerticalSafeAreaRoot/ContentSlot/Dimension1Panel/GalaxyPanel/D1_GalaxyVisualRoot/FullBleedGalaxyMap/Sector02
26_galaxy_ark_selected	1080	1920	Canvas/HUD/VerticalUIRoot/VerticalSafeAreaRoot/ContentSlot/Dimension1Panel/GalaxyPanel/D1_GalaxyVisualRoot/FullBleedGalaxyMap/Sector02	1	826.67	878.11	OK	Canvas/HUD/VerticalUIRoot/VerticalSafeAreaRoot/ContentSlot/Dimension1Panel/GalaxyPanel/D1_GalaxyVisualRoot/FullBleedGalaxyMap/Sector02	Canvas/HUD/VerticalUIRoot/VerticalSafeAreaRoot/ContentSlot/Dimension1Panel/GalaxyPanel/D1_GalaxyVisualRoot/FullBleedGalaxyMap/Sector02
26_galaxy_ark_selected	1080	1920	Canvas/HUD/VerticalUIRoot/VerticalSafeAreaRoot/ContentSlot/Dimension1Panel/GalaxyPanel/D1_GalaxyVisualRoot/FullBleedGalaxyMap/Sector02	2	1006.67	878.11	OK	Canvas/HUD/VerticalUIRoot/VerticalSafeAreaRoot/ContentSlot/Dimension1Panel/GalaxyPanel/D1_GalaxyVisualRoot/FullBleedGalaxyMap/Sector02	Canvas/HUD/VerticalUIRoot/VerticalSafeAreaRoot/ContentSlot/Dimension1Panel/GalaxyPanel/D1_GalaxyVisualRoot/FullBleedGalaxyMap/Sector02
26_galaxy_ark_selected	1080	1920	Canvas/HUD/VerticalUIRoot/VerticalSafeAreaRoot/ContentSlot/Dimension1Panel/GalaxyPanel/D1_GalaxyVisualRoot/FullBleedGalaxyMap/Sector02	3	826.67	1019.71	OK	Canvas/HUD/VerticalUIRoot/VerticalSafeAreaRoot/ContentSlot/Dimension1Panel/GalaxyPanel/D1_GalaxyVisualRoot/FullBleedGalaxyMap/Sector02	Canvas/HUD/VerticalUIRoot/VerticalSafeAreaRoot/ContentSlot/Dimension1Panel/GalaxyPanel/D1_GalaxyVisualRoot/FullBleedGalaxyMap/Sector02
26_galaxy_ark_selected	1080	1920	Canvas/HUD/VerticalUIRoot/VerticalSafeAreaRoot/ContentSlot/Dimension1Panel/GalaxyPanel/D1_GalaxyVisualRoot/FullBleedGalaxyMap/Sector02	4	1006.67	1019.71	OK	Canvas/HUD/VerticalUIRoot/VerticalSafeAreaRoot/ContentSlot/Dimension1Panel/GalaxyPanel/D1_GalaxyVisualRoot/FullBleedGalaxyMap/Sector02	Canvas/HUD/VerticalUIRoot/VerticalSafeAreaRoot/ContentSlot/Dimension1Panel/GalaxyPanel/D1_GalaxyVisualRoot/FullBleedGalaxyMap/Sector02
26_galaxy_ark_selected	1080	1920	Canvas/HUD/VerticalUIRoot/VerticalSafeAreaRoot/ContentSlot/Dimension1Panel/GalaxyPanel/D1_GalaxyVisualRoot/SectorDetails/SelectedData/EnterSectorButton	0	193.50	267.00	OK	Canvas/HUD/VerticalUIRoot/VerticalSafeAreaRoot/ContentSlot/Dimension1Panel/GalaxyPanel/D1_GalaxyVisualRoot/SectorDetails/SelectedData/EnterSectorButton/Fill	Canvas/HUD/VerticalUIRoot/VerticalSafeAreaRoot/ContentSlot/Dimension1Panel/GalaxyPanel/D1_GalaxyVisualRoot/SectorDetails/SelectedData/EnterSectorButton
26_galaxy_ark_selected	1080	1920	Canvas/HUD/VerticalUIRoot/VerticalSafeAreaRoot/ContentSlot/Dimension1Panel/GalaxyPanel/D1_GalaxyVisualRoot/SectorDetails/SelectedData/EnterSectorButton	1	123.00	248.40	OK	Canvas/HUD/VerticalUIRoot/VerticalSafeAreaRoot/ContentSlot/Dimension1Panel/GalaxyPanel/D1_GalaxyVisualRoot/SectorDetails/SelectedData/EnterSectorButton/Fill	Canvas/HUD/VerticalUIRoot/VerticalSafeAreaRoot/ContentSlot/Dimension1Panel/GalaxyPanel/D1_GalaxyVisualRoot/SectorDetails/SelectedData/EnterSectorButton
26_galaxy_ark_selected	1080	1920	Canvas/HUD/VerticalUIRoot/VerticalSafeAreaRoot/ContentSlot/Dimension1Panel/GalaxyPanel/D1_GalaxyVisualRoot/SectorDetails/SelectedData/EnterSectorButton	2	264.00	248.40	OK	Canvas/HUD/VerticalUIRoot/VerticalSafeAreaRoot/ContentSlot/Dimension1Panel/GalaxyPanel/D1_GalaxyVisualRoot/SectorDetails/SelectedData/EnterSectorButton/Fill	Canvas/HUD/VerticalUIRoot/VerticalSafeAreaRoot/ContentSlot/Dimension1Panel/GalaxyPanel/D1_GalaxyVisualRoot/SectorDetails/SelectedData/EnterSectorButton
26_galaxy_ark_selected	1080	1920	Canvas/HUD/VerticalUIRoot/VerticalSafeAreaRoot/ContentSlot/Dimension1Panel/GalaxyPanel/D1_GalaxyVisualRoot/SectorDetails/SelectedData/EnterSectorButton	3	123.00	285.60	OK	Canvas/HUD/VerticalUIRoot/VerticalSafeAreaRoot/ContentSlot/Dimension1Panel/GalaxyPanel/D1_GalaxyVisualRoot/SectorDetails/SelectedData/EnterSectorButton/Fill	Canvas/HUD/VerticalUIRoot/VerticalSafeAreaRoot/ContentSlot/Dimension1Panel/GalaxyPanel/D1_GalaxyVisualRoot/SectorDetails/SelectedData/EnterSectorButton
26_galaxy_ark_selected	1080	1920	Canvas/HUD/VerticalUIRoot/VerticalSafeAreaRoot/ContentSlot/Dimension1Panel/GalaxyPanel/D1_GalaxyVisualRoot/SectorDetails/SelectedData/EnterSectorButton	4	264.00	285.60	OK	Canvas/HUD/VerticalUIRoot/VerticalSafeAreaRoot/ContentSlot/Dimension1Panel/GalaxyPanel/D1_GalaxyVisualRoot/SectorDetails/SelectedData/EnterSectorButton/Fill	Canvas/HUD/VerticalUIRoot/VerticalSafeAreaRoot/ContentSlot/Dimension1Panel/GalaxyPanel/D1_GalaxyVisualRoot/SectorDetails/SelectedData/EnterSectorButton
26_galaxy_ark_selected	1080	1920	Canvas/HUD/VerticalUIRoot/VerticalSafeAreaRoot/ContentSlot/Dimension1Panel/GalaxyPanel/D1_GalaxyVisualRoot/CommandCenterBack	0	112.00	1768.00	OK	Canvas/HUD/VerticalUIRoot/VerticalSafeAreaRoot/ContentSlot/Dimension1Panel/GalaxyPanel/D1_GalaxyVisualRoot/CommandCenterBack	Canvas/HUD/VerticalUIRoot/VerticalSafeAreaRoot/ContentSlot/Dimension1Panel/GalaxyPanel/D1_GalaxyVisualRoot/CommandCenterBack
26_galaxy_ark_selected	1080	1920	Canvas/HUD/VerticalUIRoot/VerticalSafeAreaRoot/ContentSlot/Dimension1Panel/GalaxyPanel/D1_GalaxyVisualRoot/CommandCenterBack	1	59.20	1738.00	OK	Canvas/HUD/VerticalUIRoot/VerticalSafeAreaRoot/ContentSlot/Dimension1Panel/GalaxyPanel/D1_GalaxyVisualRoot/CommandCenterBack	Canvas/HUD/VerticalUIRoot/VerticalSafeAreaRoot/ContentSlot/Dimension1Panel/GalaxyPanel/D1_GalaxyVisualRoot/CommandCenterBack
26_galaxy_ark_selected	1080	1920	Canvas/HUD/VerticalUIRoot/VerticalSafeAreaRoot/ContentSlot/Dimension1Panel/GalaxyPanel/D1_GalaxyVisualRoot/CommandCenterBack	2	164.80	1738.00	OK	Canvas/HUD/VerticalUIRoot/VerticalSafeAreaRoot/ContentSlot/Dimension1Panel/GalaxyPanel/D1_GalaxyVisualRoot/CommandCenterBack	Canvas/HUD/VerticalUIRoot/VerticalSafeAreaRoot/ContentSlot/Dimension1Panel/GalaxyPanel/D1_GalaxyVisualRoot/CommandCenterBack
26_galaxy_ark_selected	1080	1920	Canvas/HUD/VerticalUIRoot/VerticalSafeAreaRoot/ContentSlot/Dimension1Panel/GalaxyPanel/D1_GalaxyVisualRoot/CommandCenterBack	3	59.20	1798.00	OK	Canvas/HUD/VerticalUIRoot/VerticalSafeAreaRoot/ContentSlot/Dimension1Panel/GalaxyPanel/D1_GalaxyVisualRoot/CommandCenterBack	Canvas/HUD/VerticalUIRoot/VerticalSafeAreaRoot/ContentSlot/Dimension1Panel/GalaxyPanel/D1_GalaxyVisualRoot/CommandCenterBack
26_galaxy_ark_selected	1080	1920	Canvas/HUD/VerticalUIRoot/VerticalSafeAreaRoot/ContentSlot/Dimension1Panel/GalaxyPanel/D1_GalaxyVisualRoot/CommandCenterBack	4	164.80	1798.00	OK	Canvas/HUD/VerticalUIRoot/VerticalSafeAreaRoot/ContentSlot/Dimension1Panel/GalaxyPanel/D1_GalaxyVisualRoot/CommandCenterBack	Canvas/HUD/VerticalUIRoot/VerticalSafeAreaRoot/ContentSlot/Dimension1Panel/GalaxyPanel/D1_GalaxyVisualRoot/CommandCenterBack
26_galaxy_ark_selected	1080	1920	Canvas/HUD/VerticalUIRoot/VerticalSafeAreaRoot/ContentSlot/Dimension1Panel/GalaxyPanel/D1_GalaxyVisualRoot/FullBleedGalaxyMap/Sector03	0	220.12	1186.27	OK	Canvas/HUD/VerticalUIRoot/VerticalSafeAreaRoot/ContentSlot/Dimension1Panel/GalaxyPanel/D1_GalaxyVisualRoot/FullBleedGalaxyMap/Sector03	Canvas/HUD/VerticalUIRoot/VerticalSafeAreaRoot/ContentSlot/Dimension1Panel/GalaxyPanel/D1_GalaxyVisualRoot/FullBleedGalaxyMap/Sector03
26_galaxy_ark_selected	1080	1920	Canvas/HUD/VerticalUIRoot/VerticalSafeAreaRoot/ContentSlot/Dimension1Panel/GalaxyPanel/D1_GalaxyVisualRoot/FullBleedGalaxyMap/Sector03	1	151.12	1126.87	OK	Canvas/HUD/VerticalUIRoot/VerticalSafeAreaRoot/ContentSlot/Dimension1Panel/GalaxyPanel/D1_GalaxyVisualRoot/FullBleedGalaxyMap/Sector03	Canvas/HUD/VerticalUIRoot/VerticalSafeAreaRoot/ContentSlot/Dimension1Panel/GalaxyPanel/D1_GalaxyVisualRoot/FullBleedGalaxyMap/Sector03
26_galaxy_ark_selected	1080	1920	Canvas/HUD/VerticalUIRoot/VerticalSafeAreaRoot/ContentSlot/Dimension1Panel/GalaxyPanel/D1_GalaxyVisualRoot/FullBleedGalaxyMap/Sector03	2	289.12	1126.87	OK	Canvas/HUD/VerticalUIRoot/VerticalSafeAreaRoot/ContentSlot/Dimension1Panel/GalaxyPanel/D1_GalaxyVisualRoot/FullBleedGalaxyMap/Sector03	Canvas/HUD/VerticalUIRoot/VerticalSafeAreaRoot/ContentSlot/Dimension1Panel/GalaxyPanel/D1_GalaxyVisualRoot/FullBleedGalaxyMap/Sector03
26_galaxy_ark_selected	1080	1920	Canvas/HUD/VerticalUIRoot/VerticalSafeAreaRoot/ContentSlot/Dimension1Panel/GalaxyPanel/D1_GalaxyVisualRoot/FullBleedGalaxyMap/Sector03	3	151.12	1245.67	OK	Canvas/HUD/VerticalUIRoot/VerticalSafeAreaRoot/ContentSlot/Dimension1Panel/GalaxyPanel/D1_GalaxyVisualRoot/FullBleedGalaxyMap/Sector03	Canvas/HUD/VerticalUIRoot/VerticalSafeAreaRoot/ContentSlot/Dimension1Panel/GalaxyPanel/D1_GalaxyVisualRoot/FullBleedGalaxyMap/Sector03
26_galaxy_ark_selected	1080	1920	Canvas/HUD/VerticalUIRoot/VerticalSafeAreaRoot/ContentSlot/Dimension1Panel/GalaxyPanel/D1_GalaxyVisualRoot/FullBleedGalaxyMap/Sector03	4	289.12	1245.67	OK	Canvas/HUD/VerticalUIRoot/VerticalSafeAreaRoot/ContentSlot/Dimension1Panel/GalaxyPanel/D1_GalaxyVisualRoot/FullBleedGalaxyMap/Sector03	Canvas/HUD/VerticalUIRoot/VerticalSafeAreaRoot/ContentSlot/Dimension1Panel/GalaxyPanel/D1_GalaxyVisualRoot/FullBleedGalaxyMap/Sector03
26_galaxy_ark_selected	1080	1920	Canvas/HUD/VerticalUIRoot/VerticalSafeAreaRoot/ContentSlot/Dimension1Panel/GalaxyPanel/D1_GalaxyVisualRoot/D1BottomNavigation/ÁRBOLButton	0	951.00	110.00	OK	Canvas/HUD/VerticalUIRoot/VerticalSafeAreaRoot/ContentSlot/Dimension1Panel/GalaxyPanel/D1_GalaxyVisualRoot/D1BottomNavigation/ÁRBOLButton	Canvas/HUD/VerticalUIRoot/VerticalSafeAreaRoot/ContentSlot/Dimension1Panel/GalaxyPanel/D1_GalaxyVisualRoot/D1BottomNavigation/ÁRBOLButton
26_galaxy_ark_selected	1080	1920	Canvas/HUD/VerticalUIRoot/VerticalSafeAreaRoot/ContentSlot/Dimension1Panel/GalaxyPanel/D1_GalaxyVisualRoot/D1BottomNavigation/ÁRBOLButton	1	891.60	57.20	OK	Canvas/HUD/VerticalUIRoot/VerticalSafeAreaRoot/ContentSlot/Dimension1Panel/GalaxyPanel/D1_GalaxyVisualRoot/D1BottomNavigation/ÁRBOLButton	Canvas/HUD/VerticalUIRoot/VerticalSafeAreaRoot/ContentSlot/Dimension1Panel/GalaxyPanel/D1_GalaxyVisualRoot/D1BottomNavigation/ÁRBOLButton
26_galaxy_ark_selected	1080	1920	Canvas/HUD/VerticalUIRoot/VerticalSafeAreaRoot/ContentSlot/Dimension1Panel/GalaxyPanel/D1_GalaxyVisualRoot/D1BottomNavigation/ÁRBOLButton	2	1010.40	57.20	OK	Canvas/HUD/VerticalUIRoot/VerticalSafeAreaRoot/ContentSlot/Dimension1Panel/GalaxyPanel/D1_GalaxyVisualRoot/D1BottomNavigation/ÁRBOLButton	Canvas/HUD/VerticalUIRoot/VerticalSafeAreaRoot/ContentSlot/Dimension1Panel/GalaxyPanel/D1_GalaxyVisualRoot/D1BottomNavigation/ÁRBOLButton
26_galaxy_ark_selected	1080	1920	Canvas/HUD/VerticalUIRoot/VerticalSafeAreaRoot/ContentSlot/Dimension1Panel/GalaxyPanel/D1_GalaxyVisualRoot/D1BottomNavigation/ÁRBOLButton	3	891.60	162.80	OK	Canvas/HUD/VerticalUIRoot/VerticalSafeAreaRoot/ContentSlot/Dimension1Panel/GalaxyPanel/D1_GalaxyVisualRoot/D1BottomNavigation/ÁRBOLButton	Canvas/HUD/VerticalUIRoot/VerticalSafeAreaRoot/ContentSlot/Dimension1Panel/GalaxyPanel/D1_GalaxyVisualRoot/D1BottomNavigation/ÁRBOLButton
26_galaxy_ark_selected	1080	1920	Canvas/HUD/VerticalUIRoot/VerticalSafeAreaRoot/ContentSlot/Dimension1Panel/GalaxyPanel/D1_GalaxyVisualRoot/D1BottomNavigation/ÁRBOLButton	4	1010.40	162.80	OK	Canvas/HUD/VerticalUIRoot/VerticalSafeAreaRoot/ContentSlot/Dimension1Panel/GalaxyPanel/D1_GalaxyVisualRoot/D1BottomNavigation/ÁRBOLButton	Canvas/HUD/VerticalUIRoot/VerticalSafeAreaRoot/ContentSlot/Dimension1Panel/GalaxyPanel/D1_GalaxyVisualRoot/D1BottomNavigation/ÁRBOLButton
26_galaxy_ark_selected	1080	1920	Canvas/HUD/VerticalUIRoot/VerticalSafeAreaRoot/ContentSlot/Dimension1Panel/GalaxyPanel/D1_GalaxyVisualRoot/FullBleedGalaxyMap/Sector01	0	688.33	1048.83	OK	Canvas/HUD/VerticalUIRoot/VerticalSafeAreaRoot/ContentSlot/Dimension1Panel/GalaxyPanel/D1_GalaxyVisualRoot/FullBleedGalaxyMap/Sector01	Canvas/HUD/VerticalUIRoot/VerticalSafeAreaRoot/ContentSlot/Dimension1Panel/GalaxyPanel/D1_GalaxyVisualRoot/FullBleedGalaxyMap/Sector01
26_galaxy_ark_selected	1080	1920	Canvas/HUD/VerticalUIRoot/VerticalSafeAreaRoot/ContentSlot/Dimension1Panel/GalaxyPanel/D1_GalaxyVisualRoot/FullBleedGalaxyMap/Sector01	1	619.33	989.43	OK	Canvas/HUD/VerticalUIRoot/VerticalSafeAreaRoot/ContentSlot/Dimension1Panel/GalaxyPanel/D1_GalaxyVisualRoot/FullBleedGalaxyMap/Sector01	Canvas/HUD/VerticalUIRoot/VerticalSafeAreaRoot/ContentSlot/Dimension1Panel/GalaxyPanel/D1_GalaxyVisualRoot/FullBleedGalaxyMap/Sector01
26_galaxy_ark_selected	1080	1920	Canvas/HUD/VerticalUIRoot/VerticalSafeAreaRoot/ContentSlot/Dimension1Panel/GalaxyPanel/D1_GalaxyVisualRoot/FullBleedGalaxyMap/Sector01	2	757.33	989.43	OK	Canvas/HUD/VerticalUIRoot/VerticalSafeAreaRoot/ContentSlot/Dimension1Panel/GalaxyPanel/D1_GalaxyVisualRoot/FullBleedGalaxyMap/Sector01	Canvas/HUD/VerticalUIRoot/VerticalSafeAreaRoot/ContentSlot/Dimension1Panel/GalaxyPanel/D1_GalaxyVisualRoot/FullBleedGalaxyMap/Sector01
26_galaxy_ark_selected	1080	1920	Canvas/HUD/VerticalUIRoot/VerticalSafeAreaRoot/ContentSlot/Dimension1Panel/GalaxyPanel/D1_GalaxyVisualRoot/FullBleedGalaxyMap/Sector01	3	619.33	1108.23	OK	Canvas/HUD/VerticalUIRoot/VerticalSafeAreaRoot/ContentSlot/Dimension1Panel/GalaxyPanel/D1_GalaxyVisualRoot/FullBleedGalaxyMap/Sector01	Canvas/HUD/VerticalUIRoot/VerticalSafeAreaRoot/ContentSlot/Dimension1Panel/GalaxyPanel/D1_GalaxyVisualRoot/FullBleedGalaxyMap/Sector01
26_galaxy_ark_selected	1080	1920	Canvas/HUD/VerticalUIRoot/VerticalSafeAreaRoot/ContentSlot/Dimension1Panel/GalaxyPanel/D1_GalaxyVisualRoot/FullBleedGalaxyMap/Sector01	4	757.33	1108.23	OK	Canvas/HUD/VerticalUIRoot/VerticalSafeAreaRoot/ContentSlot/Dimension1Panel/GalaxyPanel/D1_GalaxyVisualRoot/FullBleedGalaxyMap/Sector01	Canvas/HUD/VerticalUIRoot/VerticalSafeAreaRoot/ContentSlot/Dimension1Panel/GalaxyPanel/D1_GalaxyVisualRoot/FullBleedGalaxyMap/Sector01
26_galaxy_ark_selected	1080	1920	Canvas/HUD/VerticalUIRoot/VerticalSafeAreaRoot/ContentSlot/Dimension1Panel/GalaxyPanel/D1_GalaxyVisualRoot/FullBleedGalaxyMap/Planet07Node	0	159.47	650.99	OK	Canvas/HUD/VerticalUIRoot/VerticalSafeAreaRoot/ContentSlot/Dimension1Panel/GalaxyPanel/D1_GalaxyVisualRoot/FullBleedGalaxyMap/Planet07Node	Canvas/HUD/VerticalUIRoot/VerticalSafeAreaRoot/ContentSlot/Dimension1Panel/GalaxyPanel/D1_GalaxyVisualRoot/FullBleedGalaxyMap/Planet07Node
26_galaxy_ark_selected	1080	1920	Canvas/HUD/VerticalUIRoot/VerticalSafeAreaRoot/ContentSlot/Dimension1Panel/GalaxyPanel/D1_GalaxyVisualRoot/FullBleedGalaxyMap/Planet07Node	1	90.47	596.99	OK	Canvas/HUD/VerticalUIRoot/VerticalSafeAreaRoot/ContentSlot/Dimension1Panel/GalaxyPanel/D1_GalaxyVisualRoot/FullBleedGalaxyMap/Planet07Node	Canvas/HUD/VerticalUIRoot/VerticalSafeAreaRoot/ContentSlot/Dimension1Panel/GalaxyPanel/D1_GalaxyVisualRoot/FullBleedGalaxyMap/Planet07Node
26_galaxy_ark_selected	1080	1920	Canvas/HUD/VerticalUIRoot/VerticalSafeAreaRoot/ContentSlot/Dimension1Panel/GalaxyPanel/D1_GalaxyVisualRoot/FullBleedGalaxyMap/Planet07Node	2	228.47	596.99	OK	Canvas/HUD/VerticalUIRoot/VerticalSafeAreaRoot/ContentSlot/Dimension1Panel/GalaxyPanel/D1_GalaxyVisualRoot/FullBleedGalaxyMap/Planet07Node	Canvas/HUD/VerticalUIRoot/VerticalSafeAreaRoot/ContentSlot/Dimension1Panel/GalaxyPanel/D1_GalaxyVisualRoot/FullBleedGalaxyMap/Planet07Node
26_galaxy_ark_selected	1080	1920	Canvas/HUD/VerticalUIRoot/VerticalSafeAreaRoot/ContentSlot/Dimension1Panel/GalaxyPanel/D1_GalaxyVisualRoot/FullBleedGalaxyMap/Planet07Node	3	90.47	704.99	OK	Canvas/HUD/VerticalUIRoot/VerticalSafeAreaRoot/ContentSlot/Dimension1Panel/GalaxyPanel/D1_GalaxyVisualRoot/FullBleedGalaxyMap/Planet07Node	Canvas/HUD/VerticalUIRoot/VerticalSafeAreaRoot/ContentSlot/Dimension1Panel/GalaxyPanel/D1_GalaxyVisualRoot/FullBleedGalaxyMap/Planet07Node
26_galaxy_ark_selected	1080	1920	Canvas/HUD/VerticalUIRoot/VerticalSafeAreaRoot/ContentSlot/Dimension1Panel/GalaxyPanel/D1_GalaxyVisualRoot/FullBleedGalaxyMap/Planet07Node	4	228.47	704.99	OK	Canvas/HUD/VerticalUIRoot/VerticalSafeAreaRoot/ContentSlot/Dimension1Panel/GalaxyPanel/D1_GalaxyVisualRoot/FullBleedGalaxyMap/Planet07Node	Canvas/HUD/VerticalUIRoot/VerticalSafeAreaRoot/ContentSlot/Dimension1Panel/GalaxyPanel/D1_GalaxyVisualRoot/FullBleedGalaxyMap/Planet07Node
26_galaxy_ark_selected	1080	1920	Canvas/HUD/VerticalUIRoot/VerticalSafeAreaRoot/ContentSlot/Dimension1Panel/GalaxyPanel/D1_GalaxyVisualRoot/FullBleedGalaxyMap/GalacticCenter	0	540.00	1008.00	OK	Canvas/HUD/VerticalUIRoot/VerticalSafeAreaRoot/ContentSlot/Dimension1Panel/GalaxyPanel/D1_GalaxyVisualRoot/FullBleedGalaxyMap/GalacticCenter	Canvas/HUD/VerticalUIRoot/VerticalSafeAreaRoot/ContentSlot/Dimension1Panel/GalaxyPanel/D1_GalaxyVisualRoot/FullBleedGalaxyMap/GalacticCenter
26_galaxy_ark_selected	1080	1920	Canvas/HUD/VerticalUIRoot/VerticalSafeAreaRoot/ContentSlot/Dimension1Panel/GalaxyPanel/D1_GalaxyVisualRoot/FullBleedGalaxyMap/GalacticCenter	1	405.00	876.00	INTERCEPTED	Canvas/HUD/VerticalUIRoot/VerticalSafeAreaRoot/ContentSlot/Dimension1Panel/GalaxyPanel/D1_GalaxyVisualRoot/FullBleedGalaxyMap/Planet02Node	Canvas/HUD/VerticalUIRoot/VerticalSafeAreaRoot/ContentSlot/Dimension1Panel/GalaxyPanel/D1_GalaxyVisualRoot/FullBleedGalaxyMap/Planet02Node
26_galaxy_ark_selected	1080	1920	Canvas/HUD/VerticalUIRoot/VerticalSafeAreaRoot/ContentSlot/Dimension1Panel/GalaxyPanel/D1_GalaxyVisualRoot/FullBleedGalaxyMap/GalacticCenter	2	675.00	876.00	OK	Canvas/HUD/VerticalUIRoot/VerticalSafeAreaRoot/ContentSlot/Dimension1Panel/GalaxyPanel/D1_GalaxyVisualRoot/FullBleedGalaxyMap/GalacticCenter	Canvas/HUD/VerticalUIRoot/VerticalSafeAreaRoot/ContentSlot/Dimension1Panel/GalaxyPanel/D1_GalaxyVisualRoot/FullBleedGalaxyMap/GalacticCenter
26_galaxy_ark_selected	1080	1920	Canvas/HUD/VerticalUIRoot/VerticalSafeAreaRoot/ContentSlot/Dimension1Panel/GalaxyPanel/D1_GalaxyVisualRoot/FullBleedGalaxyMap/GalacticCenter	3	405.00	1140.00	OK	Canvas/HUD/VerticalUIRoot/VerticalSafeAreaRoot/ContentSlot/Dimension1Panel/GalaxyPanel/D1_GalaxyVisualRoot/FullBleedGalaxyMap/GalacticCenter	Canvas/HUD/VerticalUIRoot/VerticalSafeAreaRoot/ContentSlot/Dimension1Panel/GalaxyPanel/D1_GalaxyVisualRoot/FullBleedGalaxyMap/GalacticCenter
26_galaxy_ark_selected	1080	1920	Canvas/HUD/VerticalUIRoot/VerticalSafeAreaRoot/ContentSlot/Dimension1Panel/GalaxyPanel/D1_GalaxyVisualRoot/FullBleedGalaxyMap/GalacticCenter	4	675.00	1140.00	INTERCEPTED	Canvas/HUD/VerticalUIRoot/VerticalSafeAreaRoot/ContentSlot/Dimension1Panel/GalaxyPanel/D1_GalaxyVisualRoot/FullBleedGalaxyMap/Sector01	Canvas/HUD/VerticalUIRoot/VerticalSafeAreaRoot/ContentSlot/Dimension1Panel/GalaxyPanel/D1_GalaxyVisualRoot/FullBleedGalaxyMap/Sector01
26_galaxy_ark_selected	1080	1920	Canvas/HUD/VerticalUIRoot/VerticalSafeAreaRoot/ContentSlot/Dimension1Panel/GalaxyPanel/D1_GalaxyVisualRoot/D1BottomNavigation/EXPLORARButton	0	330.00	110.00	OK	Canvas/HUD/VerticalUIRoot/VerticalSafeAreaRoot/ContentSlot/Dimension1Panel/GalaxyPanel/D1_GalaxyVisualRoot/D1BottomNavigation/EXPLORARButton	Canvas/HUD/VerticalUIRoot/VerticalSafeAreaRoot/ContentSlot/Dimension1Panel/GalaxyPanel/D1_GalaxyVisualRoot/D1BottomNavigation/EXPLORARButton
26_galaxy_ark_selected	1080	1920	Canvas/HUD/VerticalUIRoot/VerticalSafeAreaRoot/ContentSlot/Dimension1Panel/GalaxyPanel/D1_GalaxyVisualRoot/D1BottomNavigation/EXPLORARButton	1	270.60	57.20	OK	Canvas/HUD/VerticalUIRoot/VerticalSafeAreaRoot/ContentSlot/Dimension1Panel/GalaxyPanel/D1_GalaxyVisualRoot/D1BottomNavigation/EXPLORARButton	Canvas/HUD/VerticalUIRoot/VerticalSafeAreaRoot/ContentSlot/Dimension1Panel/GalaxyPanel/D1_GalaxyVisualRoot/D1BottomNavigation/EXPLORARButton
26_galaxy_ark_selected	1080	1920	Canvas/HUD/VerticalUIRoot/VerticalSafeAreaRoot/ContentSlot/Dimension1Panel/GalaxyPanel/D1_GalaxyVisualRoot/D1BottomNavigation/EXPLORARButton	2	389.40	57.20	OK	Canvas/HUD/VerticalUIRoot/VerticalSafeAreaRoot/ContentSlot/Dimension1Panel/GalaxyPanel/D1_GalaxyVisualRoot/D1BottomNavigation/EXPLORARButton	Canvas/HUD/VerticalUIRoot/VerticalSafeAreaRoot/ContentSlot/Dimension1Panel/GalaxyPanel/D1_GalaxyVisualRoot/D1BottomNavigation/EXPLORARButton
26_galaxy_ark_selected	1080	1920	Canvas/HUD/VerticalUIRoot/VerticalSafeAreaRoot/ContentSlot/Dimension1Panel/GalaxyPanel/D1_GalaxyVisualRoot/D1BottomNavigation/EXPLORARButton	3	270.60	162.80	OK	Canvas/HUD/VerticalUIRoot/VerticalSafeAreaRoot/ContentSlot/Dimension1Panel/GalaxyPanel/D1_GalaxyVisualRoot/D1BottomNavigation/EXPLORARButton	Canvas/HUD/VerticalUIRoot/VerticalSafeAreaRoot/ContentSlot/Dimension1Panel/GalaxyPanel/D1_GalaxyVisualRoot/D1BottomNavigation/EXPLORARButton
26_galaxy_ark_selected	1080	1920	Canvas/HUD/VerticalUIRoot/VerticalSafeAreaRoot/ContentSlot/Dimension1Panel/GalaxyPanel/D1_GalaxyVisualRoot/D1BottomNavigation/EXPLORARButton	4	389.40	162.80	OK	Canvas/HUD/VerticalUIRoot/VerticalSafeAreaRoot/ContentSlot/Dimension1Panel/GalaxyPanel/D1_GalaxyVisualRoot/D1BottomNavigation/EXPLORARButton	Canvas/HUD/VerticalUIRoot/VerticalSafeAreaRoot/ContentSlot/Dimension1Panel/GalaxyPanel/D1_GalaxyVisualRoot/D1BottomNavigation/EXPLORARButton
26_galaxy_ark_selected	1080	1920	Canvas/HUD/VerticalUIRoot/VerticalSafeAreaRoot/ContentSlot/Dimension1Panel/GalaxyPanel/D1_GalaxyVisualRoot/FullBleedGalaxyMap/Sector04	0	871.32	631.06	OK	Canvas/HUD/VerticalUIRoot/VerticalSafeAreaRoot/ContentSlot/Dimension1Panel/GalaxyPanel/D1_GalaxyVisualRoot/FullBleedGalaxyMap/Sector04	Canvas/HUD/VerticalUIRoot/VerticalSafeAreaRoot/ContentSlot/Dimension1Panel/GalaxyPanel/D1_GalaxyVisualRoot/FullBleedGalaxyMap/Sector04
26_galaxy_ark_selected	1080	1920	Canvas/HUD/VerticalUIRoot/VerticalSafeAreaRoot/ContentSlot/Dimension1Panel/GalaxyPanel/D1_GalaxyVisualRoot/FullBleedGalaxyMap/Sector04	1	802.32	575.26	OK	Canvas/HUD/VerticalUIRoot/VerticalSafeAreaRoot/ContentSlot/Dimension1Panel/GalaxyPanel/D1_GalaxyVisualRoot/FullBleedGalaxyMap/Sector04	Canvas/HUD/VerticalUIRoot/VerticalSafeAreaRoot/ContentSlot/Dimension1Panel/GalaxyPanel/D1_GalaxyVisualRoot/FullBleedGalaxyMap/Sector04
26_galaxy_ark_selected	1080	1920	Canvas/HUD/VerticalUIRoot/VerticalSafeAreaRoot/ContentSlot/Dimension1Panel/GalaxyPanel/D1_GalaxyVisualRoot/FullBleedGalaxyMap/Sector04	2	940.32	575.26	OK	Canvas/HUD/VerticalUIRoot/VerticalSafeAreaRoot/ContentSlot/Dimension1Panel/GalaxyPanel/D1_GalaxyVisualRoot/FullBleedGalaxyMap/Sector04	Canvas/HUD/VerticalUIRoot/VerticalSafeAreaRoot/ContentSlot/Dimension1Panel/GalaxyPanel/D1_GalaxyVisualRoot/FullBleedGalaxyMap/Sector04
26_galaxy_ark_selected	1080	1920	Canvas/HUD/VerticalUIRoot/VerticalSafeAreaRoot/ContentSlot/Dimension1Panel/GalaxyPanel/D1_GalaxyVisualRoot/FullBleedGalaxyMap/Sector04	3	802.32	686.86	OK	Canvas/HUD/VerticalUIRoot/VerticalSafeAreaRoot/ContentSlot/Dimension1Panel/GalaxyPanel/D1_GalaxyVisualRoot/FullBleedGalaxyMap/Sector04	Canvas/HUD/VerticalUIRoot/VerticalSafeAreaRoot/ContentSlot/Dimension1Panel/GalaxyPanel/D1_GalaxyVisualRoot/FullBleedGalaxyMap/Sector04
26_galaxy_ark_selected	1080	1920	Canvas/HUD/VerticalUIRoot/VerticalSafeAreaRoot/ContentSlot/Dimension1Panel/GalaxyPanel/D1_GalaxyVisualRoot/FullBleedGalaxyMap/Sector04	4	940.32	686.86	OK	Canvas/HUD/VerticalUIRoot/VerticalSafeAreaRoot/ContentSlot/Dimension1Panel/GalaxyPanel/D1_GalaxyVisualRoot/FullBleedGalaxyMap/Sector04	Canvas/HUD/VerticalUIRoot/VerticalSafeAreaRoot/ContentSlot/Dimension1Panel/GalaxyPanel/D1_GalaxyVisualRoot/FullBleedGalaxyMap/Sector04
26_galaxy_ark_selected	1080	1920	Canvas/HUD/VerticalUIRoot/VerticalSafeAreaRoot/ContentSlot/Dimension1Panel/GalaxyPanel/D1_GalaxyVisualRoot/D1BottomNavigation/RELIQUIASButton	0	744.00	110.00	OK	Canvas/HUD/VerticalUIRoot/VerticalSafeAreaRoot/ContentSlot/Dimension1Panel/GalaxyPanel/D1_GalaxyVisualRoot/D1BottomNavigation/RELIQUIASButton	Canvas/HUD/VerticalUIRoot/VerticalSafeAreaRoot/ContentSlot/Dimension1Panel/GalaxyPanel/D1_GalaxyVisualRoot/D1BottomNavigation/RELIQUIASButton
26_galaxy_ark_selected	1080	1920	Canvas/HUD/VerticalUIRoot/VerticalSafeAreaRoot/ContentSlot/Dimension1Panel/GalaxyPanel/D1_GalaxyVisualRoot/D1BottomNavigation/RELIQUIASButton	1	684.60	57.20	OK	Canvas/HUD/VerticalUIRoot/VerticalSafeAreaRoot/ContentSlot/Dimension1Panel/GalaxyPanel/D1_GalaxyVisualRoot/D1BottomNavigation/RELIQUIASButton	Canvas/HUD/VerticalUIRoot/VerticalSafeAreaRoot/ContentSlot/Dimension1Panel/GalaxyPanel/D1_GalaxyVisualRoot/D1BottomNavigation/RELIQUIASButton
26_galaxy_ark_selected	1080	1920	Canvas/HUD/VerticalUIRoot/VerticalSafeAreaRoot/ContentSlot/Dimension1Panel/GalaxyPanel/D1_GalaxyVisualRoot/D1BottomNavigation/RELIQUIASButton	2	803.40	57.20	OK	Canvas/HUD/VerticalUIRoot/VerticalSafeAreaRoot/ContentSlot/Dimension1Panel/GalaxyPanel/D1_GalaxyVisualRoot/D1BottomNavigation/RELIQUIASButton	Canvas/HUD/VerticalUIRoot/VerticalSafeAreaRoot/ContentSlot/Dimension1Panel/GalaxyPanel/D1_GalaxyVisualRoot/D1BottomNavigation/RELIQUIASButton
26_galaxy_ark_selected	1080	1920	Canvas/HUD/VerticalUIRoot/VerticalSafeAreaRoot/ContentSlot/Dimension1Panel/GalaxyPanel/D1_GalaxyVisualRoot/D1BottomNavigation/RELIQUIASButton	3	684.60	162.80	OK	Canvas/HUD/VerticalUIRoot/VerticalSafeAreaRoot/ContentSlot/Dimension1Panel/GalaxyPanel/D1_GalaxyVisualRoot/D1BottomNavigation/RELIQUIASButton	Canvas/HUD/VerticalUIRoot/VerticalSafeAreaRoot/ContentSlot/Dimension1Panel/GalaxyPanel/D1_GalaxyVisualRoot/D1BottomNavigation/RELIQUIASButton
26_galaxy_ark_selected	1080	1920	Canvas/HUD/VerticalUIRoot/VerticalSafeAreaRoot/ContentSlot/Dimension1Panel/GalaxyPanel/D1_GalaxyVisualRoot/D1BottomNavigation/RELIQUIASButton	4	803.40	162.80	OK	Canvas/HUD/VerticalUIRoot/VerticalSafeAreaRoot/ContentSlot/Dimension1Panel/GalaxyPanel/D1_GalaxyVisualRoot/D1BottomNavigation/RELIQUIASButton	Canvas/HUD/VerticalUIRoot/VerticalSafeAreaRoot/ContentSlot/Dimension1Panel/GalaxyPanel/D1_GalaxyVisualRoot/D1BottomNavigation/RELIQUIASButton
26_galaxy_ark_selected	1080	1920	Canvas/HUD/VerticalUIRoot/VerticalSafeAreaRoot/ContentSlot/Dimension1Panel/GalaxyPanel/D1_GalaxyVisualRoot/D1BottomNavigation/HANGARButton	0	537.00	110.00	OK	Canvas/HUD/VerticalUIRoot/VerticalSafeAreaRoot/ContentSlot/Dimension1Panel/GalaxyPanel/D1_GalaxyVisualRoot/D1BottomNavigation/HANGARButton	Canvas/HUD/VerticalUIRoot/VerticalSafeAreaRoot/ContentSlot/Dimension1Panel/GalaxyPanel/D1_GalaxyVisualRoot/D1BottomNavigation/HANGARButton
26_galaxy_ark_selected	1080	1920	Canvas/HUD/VerticalUIRoot/VerticalSafeAreaRoot/ContentSlot/Dimension1Panel/GalaxyPanel/D1_GalaxyVisualRoot/D1BottomNavigation/HANGARButton	1	477.60	57.20	OK	Canvas/HUD/VerticalUIRoot/VerticalSafeAreaRoot/ContentSlot/Dimension1Panel/GalaxyPanel/D1_GalaxyVisualRoot/D1BottomNavigation/HANGARButton	Canvas/HUD/VerticalUIRoot/VerticalSafeAreaRoot/ContentSlot/Dimension1Panel/GalaxyPanel/D1_GalaxyVisualRoot/D1BottomNavigation/HANGARButton
26_galaxy_ark_selected	1080	1920	Canvas/HUD/VerticalUIRoot/VerticalSafeAreaRoot/ContentSlot/Dimension1Panel/GalaxyPanel/D1_GalaxyVisualRoot/D1BottomNavigation/HANGARButton	2	596.40	57.20	OK	Canvas/HUD/VerticalUIRoot/VerticalSafeAreaRoot/ContentSlot/Dimension1Panel/GalaxyPanel/D1_GalaxyVisualRoot/D1BottomNavigation/HANGARButton	Canvas/HUD/VerticalUIRoot/VerticalSafeAreaRoot/ContentSlot/Dimension1Panel/GalaxyPanel/D1_GalaxyVisualRoot/D1BottomNavigation/HANGARButton
26_galaxy_ark_selected	1080	1920	Canvas/HUD/VerticalUIRoot/VerticalSafeAreaRoot/ContentSlot/Dimension1Panel/GalaxyPanel/D1_GalaxyVisualRoot/D1BottomNavigation/HANGARButton	3	477.60	162.80	OK	Canvas/HUD/VerticalUIRoot/VerticalSafeAreaRoot/ContentSlot/Dimension1Panel/GalaxyPanel/D1_GalaxyVisualRoot/D1BottomNavigation/HANGARButton	Canvas/HUD/VerticalUIRoot/VerticalSafeAreaRoot/ContentSlot/Dimension1Panel/GalaxyPanel/D1_GalaxyVisualRoot/D1BottomNavigation/HANGARButton
26_galaxy_ark_selected	1080	1920	Canvas/HUD/VerticalUIRoot/VerticalSafeAreaRoot/ContentSlot/Dimension1Panel/GalaxyPanel/D1_GalaxyVisualRoot/D1BottomNavigation/HANGARButton	4	596.40	162.80	OK	Canvas/HUD/VerticalUIRoot/VerticalSafeAreaRoot/ContentSlot/Dimension1Panel/GalaxyPanel/D1_GalaxyVisualRoot/D1BottomNavigation/HANGARButton	Canvas/HUD/VerticalUIRoot/VerticalSafeAreaRoot/ContentSlot/Dimension1Panel/GalaxyPanel/D1_GalaxyVisualRoot/D1BottomNavigation/HANGARButton
26_galaxy_ark_selected	1080	1920	Canvas/HUD/VerticalUIRoot/VerticalSafeAreaRoot/ContentSlot/Dimension1Panel/GalaxyPanel/D1_GalaxyVisualRoot/FullBleedGalaxyMap/Planet05Node	0	727.23	1242.36	OK	Canvas/HUD/VerticalUIRoot/VerticalSafeAreaRoot/ContentSlot/Dimension1Panel/GalaxyPanel/D1_GalaxyVisualRoot/FullBleedGalaxyMap/Planet05Node	Canvas/HUD/VerticalUIRoot/VerticalSafeAreaRoot/ContentSlot/Dimension1Panel/GalaxyPanel/D1_GalaxyVisualRoot/FullBleedGalaxyMap/Planet05Node
26_galaxy_ark_selected	1080	1920	Canvas/HUD/VerticalUIRoot/VerticalSafeAreaRoot/ContentSlot/Dimension1Panel/GalaxyPanel/D1_GalaxyVisualRoot/FullBleedGalaxyMap/Planet05Node	1	658.23	1185.36	OK	Canvas/HUD/VerticalUIRoot/VerticalSafeAreaRoot/ContentSlot/Dimension1Panel/GalaxyPanel/D1_GalaxyVisualRoot/FullBleedGalaxyMap/Planet05Node	Canvas/HUD/VerticalUIRoot/VerticalSafeAreaRoot/ContentSlot/Dimension1Panel/GalaxyPanel/D1_GalaxyVisualRoot/FullBleedGalaxyMap/Planet05Node
26_galaxy_ark_selected	1080	1920	Canvas/HUD/VerticalUIRoot/VerticalSafeAreaRoot/ContentSlot/Dimension1Panel/GalaxyPanel/D1_GalaxyVisualRoot/FullBleedGalaxyMap/Planet05Node	2	796.23	1185.36	OK	Canvas/HUD/VerticalUIRoot/VerticalSafeAreaRoot/ContentSlot/Dimension1Panel/GalaxyPanel/D1_GalaxyVisualRoot/FullBleedGalaxyMap/Planet05Node	Canvas/HUD/VerticalUIRoot/VerticalSafeAreaRoot/ContentSlot/Dimension1Panel/GalaxyPanel/D1_GalaxyVisualRoot/FullBleedGalaxyMap/Planet05Node
26_galaxy_ark_selected	1080	1920	Canvas/HUD/VerticalUIRoot/VerticalSafeAreaRoot/ContentSlot/Dimension1Panel/GalaxyPanel/D1_GalaxyVisualRoot/FullBleedGalaxyMap/Planet05Node	3	658.23	1299.36	OK	Canvas/HUD/VerticalUIRoot/VerticalSafeAreaRoot/ContentSlot/Dimension1Panel/GalaxyPanel/D1_GalaxyVisualRoot/FullBleedGalaxyMap/Planet05Node	Canvas/HUD/VerticalUIRoot/VerticalSafeAreaRoot/ContentSlot/Dimension1Panel/GalaxyPanel/D1_GalaxyVisualRoot/FullBleedGalaxyMap/Planet05Node
26_galaxy_ark_selected	1080	1920	Canvas/HUD/VerticalUIRoot/VerticalSafeAreaRoot/ContentSlot/Dimension1Panel/GalaxyPanel/D1_GalaxyVisualRoot/FullBleedGalaxyMap/Planet05Node	4	796.23	1299.36	OK	Canvas/HUD/VerticalUIRoot/VerticalSafeAreaRoot/ContentSlot/Dimension1Panel/GalaxyPanel/D1_GalaxyVisualRoot/FullBleedGalaxyMap/Planet05Node	Canvas/HUD/VerticalUIRoot/VerticalSafeAreaRoot/ContentSlot/Dimension1Panel/GalaxyPanel/D1_GalaxyVisualRoot/FullBleedGalaxyMap/Planet05Node
27_ark	1080	1920	Canvas/HUD/VerticalUIRoot/VerticalSafeAreaRoot/ContentSlot/Dimension1Panel/ArkPanel/Hero/InvestigationStrip/InvestigateArkButton	0	540.00	1035.00	OK	Canvas/HUD/VerticalUIRoot/VerticalSafeAreaRoot/ContentSlot/Dimension1Panel/ArkPanel/Hero/InvestigationStrip/InvestigateArkButton	Canvas/HUD/VerticalUIRoot/VerticalSafeAreaRoot/ContentSlot/Dimension1Panel/ArkPanel/Hero/InvestigationStrip/InvestigateArkButton
27_ark	1080	1920	Canvas/HUD/VerticalUIRoot/VerticalSafeAreaRoot/ContentSlot/Dimension1Panel/ArkPanel/Hero/InvestigationStrip/InvestigateArkButton	1	243.60	1002.60	OK	Canvas/HUD/VerticalUIRoot/VerticalSafeAreaRoot/ContentSlot/Dimension1Panel/ArkPanel/Hero/InvestigationStrip/InvestigateArkButton	Canvas/HUD/VerticalUIRoot/VerticalSafeAreaRoot/ContentSlot/Dimension1Panel/ArkPanel/Hero/InvestigationStrip/InvestigateArkButton
27_ark	1080	1920	Canvas/HUD/VerticalUIRoot/VerticalSafeAreaRoot/ContentSlot/Dimension1Panel/ArkPanel/Hero/InvestigationStrip/InvestigateArkButton	2	836.40	1002.60	OK	Canvas/HUD/VerticalUIRoot/VerticalSafeAreaRoot/ContentSlot/Dimension1Panel/ArkPanel/Hero/InvestigationStrip/InvestigateArkButton	Canvas/HUD/VerticalUIRoot/VerticalSafeAreaRoot/ContentSlot/Dimension1Panel/ArkPanel/Hero/InvestigationStrip/InvestigateArkButton
27_ark	1080	1920	Canvas/HUD/VerticalUIRoot/VerticalSafeAreaRoot/ContentSlot/Dimension1Panel/ArkPanel/Hero/InvestigationStrip/InvestigateArkButton	3	243.60	1067.40	OK	Canvas/HUD/VerticalUIRoot/VerticalSafeAreaRoot/ContentSlot/Dimension1Panel/ArkPanel/Hero/InvestigationStrip/InvestigateArkButton	Canvas/HUD/VerticalUIRoot/VerticalSafeAreaRoot/ContentSlot/Dimension1Panel/ArkPanel/Hero/InvestigationStrip/InvestigateArkButton
27_ark	1080	1920	Canvas/HUD/VerticalUIRoot/VerticalSafeAreaRoot/ContentSlot/Dimension1Panel/ArkPanel/Hero/InvestigationStrip/InvestigateArkButton	4	836.40	1067.40	OK	Canvas/HUD/VerticalUIRoot/VerticalSafeAreaRoot/ContentSlot/Dimension1Panel/ArkPanel/Hero/InvestigationStrip/InvestigateArkButton	Canvas/HUD/VerticalUIRoot/VerticalSafeAreaRoot/ContentSlot/Dimension1Panel/ArkPanel/Hero/InvestigationStrip/InvestigateArkButton
27_ark	1080	1920	Canvas/HUD/VerticalUIRoot/VerticalSafeAreaRoot/ContentSlot/Dimension1Panel/ArkPanel/Header/AllMetals	0	927.00	1752.00	OK	Canvas/HUD/VerticalUIRoot/VerticalSafeAreaRoot/ContentSlot/Dimension1Panel/ArkPanel/Header/AllMetals/Surface	Canvas/HUD/VerticalUIRoot/VerticalSafeAreaRoot/ContentSlot/Dimension1Panel/ArkPanel/Header/AllMetals
27_ark	1080	1920	Canvas/HUD/VerticalUIRoot/VerticalSafeAreaRoot/ContentSlot/Dimension1Panel/ArkPanel/Header/AllMetals	1	855.60	1723.20	OK	Canvas/HUD/VerticalUIRoot/VerticalSafeAreaRoot/ContentSlot/Dimension1Panel/ArkPanel/Header/AllMetals/Surface	Canvas/HUD/VerticalUIRoot/VerticalSafeAreaRoot/ContentSlot/Dimension1Panel/ArkPanel/Header/AllMetals
27_ark	1080	1920	Canvas/HUD/VerticalUIRoot/VerticalSafeAreaRoot/ContentSlot/Dimension1Panel/ArkPanel/Header/AllMetals	2	998.40	1723.20	OK	Canvas/HUD/VerticalUIRoot/VerticalSafeAreaRoot/ContentSlot/Dimension1Panel/ArkPanel/Header/AllMetals/Surface	Canvas/HUD/VerticalUIRoot/VerticalSafeAreaRoot/ContentSlot/Dimension1Panel/ArkPanel/Header/AllMetals
27_ark	1080	1920	Canvas/HUD/VerticalUIRoot/VerticalSafeAreaRoot/ContentSlot/Dimension1Panel/ArkPanel/Header/AllMetals	3	855.60	1780.80	OK	Canvas/HUD/VerticalUIRoot/VerticalSafeAreaRoot/ContentSlot/Dimension1Panel/ArkPanel/Header/AllMetals/Surface	Canvas/HUD/VerticalUIRoot/VerticalSafeAreaRoot/ContentSlot/Dimension1Panel/ArkPanel/Header/AllMetals
27_ark	1080	1920	Canvas/HUD/VerticalUIRoot/VerticalSafeAreaRoot/ContentSlot/Dimension1Panel/ArkPanel/Header/AllMetals	4	998.40	1780.80	OK	Canvas/HUD/VerticalUIRoot/VerticalSafeAreaRoot/ContentSlot/Dimension1Panel/ArkPanel/Header/AllMetals/Surface	Canvas/HUD/VerticalUIRoot/VerticalSafeAreaRoot/ContentSlot/Dimension1Panel/ArkPanel/Header/AllMetals
27_ark	1080	1920	Canvas/HUD/VerticalUIRoot/VerticalSafeAreaRoot/ContentSlot/Dimension1Panel/ArkPanel/Header/CloseArkPanelButton	0	76.00	1836.00	OK	Canvas/HUD/VerticalUIRoot/VerticalSafeAreaRoot/ContentSlot/Dimension1Panel/ArkPanel/Header/CloseArkPanelButton/Surface	Canvas/HUD/VerticalUIRoot/VerticalSafeAreaRoot/ContentSlot/Dimension1Panel/ArkPanel/Header/CloseArkPanelButton
27_ark	1080	1920	Canvas/HUD/VerticalUIRoot/VerticalSafeAreaRoot/ContentSlot/Dimension1Panel/ArkPanel/Header/CloseArkPanelButton	1	50.80	1814.40	OK	Canvas/HUD/VerticalUIRoot/VerticalSafeAreaRoot/ContentSlot/Dimension1Panel/ArkPanel/Header/CloseArkPanelButton/Surface	Canvas/HUD/VerticalUIRoot/VerticalSafeAreaRoot/ContentSlot/Dimension1Panel/ArkPanel/Header/CloseArkPanelButton
27_ark	1080	1920	Canvas/HUD/VerticalUIRoot/VerticalSafeAreaRoot/ContentSlot/Dimension1Panel/ArkPanel/Header/CloseArkPanelButton	2	101.20	1814.40	OK	Canvas/HUD/VerticalUIRoot/VerticalSafeAreaRoot/ContentSlot/Dimension1Panel/ArkPanel/Header/CloseArkPanelButton/Surface	Canvas/HUD/VerticalUIRoot/VerticalSafeAreaRoot/ContentSlot/Dimension1Panel/ArkPanel/Header/CloseArkPanelButton
27_ark	1080	1920	Canvas/HUD/VerticalUIRoot/VerticalSafeAreaRoot/ContentSlot/Dimension1Panel/ArkPanel/Header/CloseArkPanelButton	3	50.80	1857.60	OK	Canvas/HUD/VerticalUIRoot/VerticalSafeAreaRoot/ContentSlot/Dimension1Panel/ArkPanel/Header/CloseArkPanelButton/Surface	Canvas/HUD/VerticalUIRoot/VerticalSafeAreaRoot/ContentSlot/Dimension1Panel/ArkPanel/Header/CloseArkPanelButton
27_ark	1080	1920	Canvas/HUD/VerticalUIRoot/VerticalSafeAreaRoot/ContentSlot/Dimension1Panel/ArkPanel/Header/CloseArkPanelButton	4	101.20	1857.60	OK	Canvas/HUD/VerticalUIRoot/VerticalSafeAreaRoot/ContentSlot/Dimension1Panel/ArkPanel/Header/CloseArkPanelButton/Surface	Canvas/HUD/VerticalUIRoot/VerticalSafeAreaRoot/ContentSlot/Dimension1Panel/ArkPanel/Header/CloseArkPanelButton
28_ark_investigated	1080	1920	Canvas/HUD/VerticalUIRoot/VerticalSafeAreaRoot/ContentSlot/Dimension1Panel/ArkPanel/Header/AllMetals	0	927.00	1752.00	OK	Canvas/HUD/VerticalUIRoot/VerticalSafeAreaRoot/ContentSlot/Dimension1Panel/ArkPanel/Header/AllMetals/Surface	Canvas/HUD/VerticalUIRoot/VerticalSafeAreaRoot/ContentSlot/Dimension1Panel/ArkPanel/Header/AllMetals
28_ark_investigated	1080	1920	Canvas/HUD/VerticalUIRoot/VerticalSafeAreaRoot/ContentSlot/Dimension1Panel/ArkPanel/Header/AllMetals	1	855.60	1723.20	OK	Canvas/HUD/VerticalUIRoot/VerticalSafeAreaRoot/ContentSlot/Dimension1Panel/ArkPanel/Header/AllMetals/Surface	Canvas/HUD/VerticalUIRoot/VerticalSafeAreaRoot/ContentSlot/Dimension1Panel/ArkPanel/Header/AllMetals
28_ark_investigated	1080	1920	Canvas/HUD/VerticalUIRoot/VerticalSafeAreaRoot/ContentSlot/Dimension1Panel/ArkPanel/Header/AllMetals	2	998.40	1723.20	OK	Canvas/HUD/VerticalUIRoot/VerticalSafeAreaRoot/ContentSlot/Dimension1Panel/ArkPanel/Header/AllMetals/Surface	Canvas/HUD/VerticalUIRoot/VerticalSafeAreaRoot/ContentSlot/Dimension1Panel/ArkPanel/Header/AllMetals
28_ark_investigated	1080	1920	Canvas/HUD/VerticalUIRoot/VerticalSafeAreaRoot/ContentSlot/Dimension1Panel/ArkPanel/Header/AllMetals	3	855.60	1780.80	OK	Canvas/HUD/VerticalUIRoot/VerticalSafeAreaRoot/ContentSlot/Dimension1Panel/ArkPanel/Header/AllMetals/Surface	Canvas/HUD/VerticalUIRoot/VerticalSafeAreaRoot/ContentSlot/Dimension1Panel/ArkPanel/Header/AllMetals
28_ark_investigated	1080	1920	Canvas/HUD/VerticalUIRoot/VerticalSafeAreaRoot/ContentSlot/Dimension1Panel/ArkPanel/Header/AllMetals	4	998.40	1780.80	OK	Canvas/HUD/VerticalUIRoot/VerticalSafeAreaRoot/ContentSlot/Dimension1Panel/ArkPanel/Header/AllMetals/Surface	Canvas/HUD/VerticalUIRoot/VerticalSafeAreaRoot/ContentSlot/Dimension1Panel/ArkPanel/Header/AllMetals
28_ark_investigated	1080	1920	Canvas/HUD/VerticalUIRoot/VerticalSafeAreaRoot/ContentSlot/Dimension1Panel/ArkPanel/Header/CloseArkPanelButton	0	76.00	1836.00	OK	Canvas/HUD/VerticalUIRoot/VerticalSafeAreaRoot/ContentSlot/Dimension1Panel/ArkPanel/Header/CloseArkPanelButton/Surface	Canvas/HUD/VerticalUIRoot/VerticalSafeAreaRoot/ContentSlot/Dimension1Panel/ArkPanel/Header/CloseArkPanelButton
28_ark_investigated	1080	1920	Canvas/HUD/VerticalUIRoot/VerticalSafeAreaRoot/ContentSlot/Dimension1Panel/ArkPanel/Header/CloseArkPanelButton	1	50.80	1814.40	OK	Canvas/HUD/VerticalUIRoot/VerticalSafeAreaRoot/ContentSlot/Dimension1Panel/ArkPanel/Header/CloseArkPanelButton/Surface	Canvas/HUD/VerticalUIRoot/VerticalSafeAreaRoot/ContentSlot/Dimension1Panel/ArkPanel/Header/CloseArkPanelButton
28_ark_investigated	1080	1920	Canvas/HUD/VerticalUIRoot/VerticalSafeAreaRoot/ContentSlot/Dimension1Panel/ArkPanel/Header/CloseArkPanelButton	2	101.20	1814.40	OK	Canvas/HUD/VerticalUIRoot/VerticalSafeAreaRoot/ContentSlot/Dimension1Panel/ArkPanel/Header/CloseArkPanelButton/Surface	Canvas/HUD/VerticalUIRoot/VerticalSafeAreaRoot/ContentSlot/Dimension1Panel/ArkPanel/Header/CloseArkPanelButton
28_ark_investigated	1080	1920	Canvas/HUD/VerticalUIRoot/VerticalSafeAreaRoot/ContentSlot/Dimension1Panel/ArkPanel/Header/CloseArkPanelButton	3	50.80	1857.60	OK	Canvas/HUD/VerticalUIRoot/VerticalSafeAreaRoot/ContentSlot/Dimension1Panel/ArkPanel/Header/CloseArkPanelButton/Surface	Canvas/HUD/VerticalUIRoot/VerticalSafeAreaRoot/ContentSlot/Dimension1Panel/ArkPanel/Header/CloseArkPanelButton
28_ark_investigated	1080	1920	Canvas/HUD/VerticalUIRoot/VerticalSafeAreaRoot/ContentSlot/Dimension1Panel/ArkPanel/Header/CloseArkPanelButton	4	101.20	1857.60	OK	Canvas/HUD/VerticalUIRoot/VerticalSafeAreaRoot/ContentSlot/Dimension1Panel/ArkPanel/Header/CloseArkPanelButton/Surface	Canvas/HUD/VerticalUIRoot/VerticalSafeAreaRoot/ContentSlot/Dimension1Panel/ArkPanel/Header/CloseArkPanelButton
29_expedition_result	1080	1920	Canvas/HUD/VerticalUIRoot/VerticalSafeAreaRoot/ContentSlot/Dimension1Panel/D1_ExpeditionResultVisualRoot/ResultFrame/CollectAndContinue	0	540.00	219.00	OK	Canvas/HUD/VerticalUIRoot/VerticalSafeAreaRoot/ContentSlot/Dimension1Panel/D1_ExpeditionResultVisualRoot/ResultFrame/CollectAndContinue	Canvas/HUD/VerticalUIRoot/VerticalSafeAreaRoot/ContentSlot/Dimension1Panel/D1_ExpeditionResultVisualRoot/ResultFrame/CollectAndContinue
29_expedition_result	1080	1920	Canvas/HUD/VerticalUIRoot/VerticalSafeAreaRoot/ContentSlot/Dimension1Panel/D1_ExpeditionResultVisualRoot/ResultFrame/CollectAndContinue	1	302.40	182.40	OK	Canvas/HUD/VerticalUIRoot/VerticalSafeAreaRoot/ContentSlot/Dimension1Panel/D1_ExpeditionResultVisualRoot/ResultFrame/CollectAndContinue	Canvas/HUD/VerticalUIRoot/VerticalSafeAreaRoot/ContentSlot/Dimension1Panel/D1_ExpeditionResultVisualRoot/ResultFrame/CollectAndContinue
29_expedition_result	1080	1920	Canvas/HUD/VerticalUIRoot/VerticalSafeAreaRoot/ContentSlot/Dimension1Panel/D1_ExpeditionResultVisualRoot/ResultFrame/CollectAndContinue	2	777.60	182.40	OK	Canvas/HUD/VerticalUIRoot/VerticalSafeAreaRoot/ContentSlot/Dimension1Panel/D1_ExpeditionResultVisualRoot/ResultFrame/CollectAndContinue	Canvas/HUD/VerticalUIRoot/VerticalSafeAreaRoot/ContentSlot/Dimension1Panel/D1_ExpeditionResultVisualRoot/ResultFrame/CollectAndContinue
29_expedition_result	1080	1920	Canvas/HUD/VerticalUIRoot/VerticalSafeAreaRoot/ContentSlot/Dimension1Panel/D1_ExpeditionResultVisualRoot/ResultFrame/CollectAndContinue	3	302.40	255.60	OK	Canvas/HUD/VerticalUIRoot/VerticalSafeAreaRoot/ContentSlot/Dimension1Panel/D1_ExpeditionResultVisualRoot/ResultFrame/CollectAndContinue	Canvas/HUD/VerticalUIRoot/VerticalSafeAreaRoot/ContentSlot/Dimension1Panel/D1_ExpeditionResultVisualRoot/ResultFrame/CollectAndContinue
29_expedition_result	1080	1920	Canvas/HUD/VerticalUIRoot/VerticalSafeAreaRoot/ContentSlot/Dimension1Panel/D1_ExpeditionResultVisualRoot/ResultFrame/CollectAndContinue	4	777.60	255.60	OK	Canvas/HUD/VerticalUIRoot/VerticalSafeAreaRoot/ContentSlot/Dimension1Panel/D1_ExpeditionResultVisualRoot/ResultFrame/CollectAndContinue	Canvas/HUD/VerticalUIRoot/VerticalSafeAreaRoot/ContentSlot/Dimension1Panel/D1_ExpeditionResultVisualRoot/ResultFrame/CollectAndContinue
29_expedition_result	1080	1920	Canvas/HUD/VerticalUIRoot/VerticalSafeAreaRoot/ContentSlot/Dimension1Panel/D1_ExploreVisualRoot/BottomNavigation/Nav_RELIQUIAS	0	744.00	110.00	INTERCEPTED	Canvas/HUD/VerticalUIRoot/VerticalSafeAreaRoot/ContentSlot/Dimension1Panel/D1_ExpeditionResultVisualRoot/Backdrop	<none>
29_expedition_result	1080	1920	Canvas/HUD/VerticalUIRoot/VerticalSafeAreaRoot/ContentSlot/Dimension1Panel/D1_ExploreVisualRoot/BottomNavigation/Nav_RELIQUIAS	1	684.60	57.20	INTERCEPTED	Canvas/HUD/VerticalUIRoot/VerticalSafeAreaRoot/ContentSlot/Dimension1Panel/D1_ExpeditionResultVisualRoot/Backdrop	<none>
29_expedition_result	1080	1920	Canvas/HUD/VerticalUIRoot/VerticalSafeAreaRoot/ContentSlot/Dimension1Panel/D1_ExploreVisualRoot/BottomNavigation/Nav_RELIQUIAS	2	803.40	57.20	INTERCEPTED	Canvas/HUD/VerticalUIRoot/VerticalSafeAreaRoot/ContentSlot/Dimension1Panel/D1_ExpeditionResultVisualRoot/Backdrop	<none>
29_expedition_result	1080	1920	Canvas/HUD/VerticalUIRoot/VerticalSafeAreaRoot/ContentSlot/Dimension1Panel/D1_ExploreVisualRoot/BottomNavigation/Nav_RELIQUIAS	3	684.60	162.80	INTERCEPTED	Canvas/HUD/VerticalUIRoot/VerticalSafeAreaRoot/ContentSlot/Dimension1Panel/D1_ExpeditionResultVisualRoot/ResultFrame/CollectAndContinue	Canvas/HUD/VerticalUIRoot/VerticalSafeAreaRoot/ContentSlot/Dimension1Panel/D1_ExpeditionResultVisualRoot/ResultFrame/CollectAndContinue
29_expedition_result	1080	1920	Canvas/HUD/VerticalUIRoot/VerticalSafeAreaRoot/ContentSlot/Dimension1Panel/D1_ExploreVisualRoot/BottomNavigation/Nav_RELIQUIAS	4	803.40	162.80	INTERCEPTED	Canvas/HUD/VerticalUIRoot/VerticalSafeAreaRoot/ContentSlot/Dimension1Panel/D1_ExpeditionResultVisualRoot/ResultFrame/CollectAndContinue	Canvas/HUD/VerticalUIRoot/VerticalSafeAreaRoot/ContentSlot/Dimension1Panel/D1_ExpeditionResultVisualRoot/ResultFrame/CollectAndContinue
29_expedition_result	1080	1920	Canvas/HUD/VerticalUIRoot/VerticalSafeAreaRoot/ContentSlot/Dimension1Panel/D1_ExploreVisualRoot/ActiveExpedition/Next	0	718.00	420.00	INTERCEPTED	Canvas/HUD/VerticalUIRoot/VerticalSafeAreaRoot/ContentSlot/Dimension1Panel/D1_ExpeditionResultVisualRoot/Backdrop	<none>
29_expedition_result	1080	1920	Canvas/HUD/VerticalUIRoot/VerticalSafeAreaRoot/ContentSlot/Dimension1Panel/D1_ExploreVisualRoot/ActiveExpedition/Next	1	696.40	398.40	INTERCEPTED	Canvas/HUD/VerticalUIRoot/VerticalSafeAreaRoot/ContentSlot/Dimension1Panel/D1_ExpeditionResultVisualRoot/Backdrop	<none>
29_expedition_result	1080	1920	Canvas/HUD/VerticalUIRoot/VerticalSafeAreaRoot/ContentSlot/Dimension1Panel/D1_ExploreVisualRoot/ActiveExpedition/Next	2	739.60	398.40	INTERCEPTED	Canvas/HUD/VerticalUIRoot/VerticalSafeAreaRoot/ContentSlot/Dimension1Panel/D1_ExpeditionResultVisualRoot/Backdrop	<none>
29_expedition_result	1080	1920	Canvas/HUD/VerticalUIRoot/VerticalSafeAreaRoot/ContentSlot/Dimension1Panel/D1_ExploreVisualRoot/ActiveExpedition/Next	3	696.40	441.60	INTERCEPTED	Canvas/HUD/VerticalUIRoot/VerticalSafeAreaRoot/ContentSlot/Dimension1Panel/D1_ExpeditionResultVisualRoot/Backdrop	<none>
29_expedition_result	1080	1920	Canvas/HUD/VerticalUIRoot/VerticalSafeAreaRoot/ContentSlot/Dimension1Panel/D1_ExploreVisualRoot/ActiveExpedition/Next	4	739.60	441.60	INTERCEPTED	Canvas/HUD/VerticalUIRoot/VerticalSafeAreaRoot/ContentSlot/Dimension1Panel/D1_ExpeditionResultVisualRoot/Backdrop	<none>
29_expedition_result	1080	1920	Canvas/HUD/VerticalUIRoot/VerticalSafeAreaRoot/ContentSlot/Dimension1Panel/D1_ExploreVisualRoot/ShipPanel/Previous	0	398.00	717.00	INTERCEPTED	Canvas/HUD/VerticalUIRoot/VerticalSafeAreaRoot/ContentSlot/Dimension1Panel/D1_ExpeditionResultVisualRoot/Backdrop	<none>
29_expedition_result	1080	1920	Canvas/HUD/VerticalUIRoot/VerticalSafeAreaRoot/ContentSlot/Dimension1Panel/D1_ExploreVisualRoot/ShipPanel/Previous	1	376.40	695.40	INTERCEPTED	Canvas/HUD/VerticalUIRoot/VerticalSafeAreaRoot/ContentSlot/Dimension1Panel/D1_ExpeditionResultVisualRoot/Backdrop	<none>
29_expedition_result	1080	1920	Canvas/HUD/VerticalUIRoot/VerticalSafeAreaRoot/ContentSlot/Dimension1Panel/D1_ExploreVisualRoot/ShipPanel/Previous	2	419.60	695.40	INTERCEPTED	Canvas/HUD/VerticalUIRoot/VerticalSafeAreaRoot/ContentSlot/Dimension1Panel/D1_ExpeditionResultVisualRoot/Backdrop	<none>
29_expedition_result	1080	1920	Canvas/HUD/VerticalUIRoot/VerticalSafeAreaRoot/ContentSlot/Dimension1Panel/D1_ExploreVisualRoot/ShipPanel/Previous	3	376.40	738.60	INTERCEPTED	Canvas/HUD/VerticalUIRoot/VerticalSafeAreaRoot/ContentSlot/Dimension1Panel/D1_ExpeditionResultVisualRoot/Backdrop	<none>
29_expedition_result	1080	1920	Canvas/HUD/VerticalUIRoot/VerticalSafeAreaRoot/ContentSlot/Dimension1Panel/D1_ExploreVisualRoot/ShipPanel/Previous	4	419.60	738.60	INTERCEPTED	Canvas/HUD/VerticalUIRoot/VerticalSafeAreaRoot/ContentSlot/Dimension1Panel/D1_ExpeditionResultVisualRoot/Backdrop	<none>
29_expedition_result	1080	1920	Canvas/HUD/VerticalUIRoot/VerticalSafeAreaRoot/ContentSlot/Dimension1Panel/D1_ExploreVisualRoot/ModePanel/CoordinatedMode	0	772.00	575.00	INTERCEPTED	Canvas/HUD/VerticalUIRoot/VerticalSafeAreaRoot/ContentSlot/Dimension1Panel/D1_ExpeditionResultVisualRoot/Backdrop	<none>
29_expedition_result	1080	1920	Canvas/HUD/VerticalUIRoot/VerticalSafeAreaRoot/ContentSlot/Dimension1Panel/D1_ExploreVisualRoot/ModePanel/CoordinatedMode	1	640.00	551.60	INTERCEPTED	Canvas/HUD/VerticalUIRoot/VerticalSafeAreaRoot/ContentSlot/Dimension1Panel/D1_ExpeditionResultVisualRoot/Backdrop	<none>
29_expedition_result	1080	1920	Canvas/HUD/VerticalUIRoot/VerticalSafeAreaRoot/ContentSlot/Dimension1Panel/D1_ExploreVisualRoot/ModePanel/CoordinatedMode	2	904.00	551.60	INTERCEPTED	Canvas/HUD/VerticalUIRoot/VerticalSafeAreaRoot/ContentSlot/Dimension1Panel/D1_ExpeditionResultVisualRoot/Backdrop	<none>
29_expedition_result	1080	1920	Canvas/HUD/VerticalUIRoot/VerticalSafeAreaRoot/ContentSlot/Dimension1Panel/D1_ExploreVisualRoot/ModePanel/CoordinatedMode	3	640.00	598.40	INTERCEPTED	Canvas/HUD/VerticalUIRoot/VerticalSafeAreaRoot/ContentSlot/Dimension1Panel/D1_ExpeditionResultVisualRoot/Backdrop	<none>
29_expedition_result	1080	1920	Canvas/HUD/VerticalUIRoot/VerticalSafeAreaRoot/ContentSlot/Dimension1Panel/D1_ExploreVisualRoot/ModePanel/CoordinatedMode	4	904.00	598.40	INTERCEPTED	Canvas/HUD/VerticalUIRoot/VerticalSafeAreaRoot/ContentSlot/Dimension1Panel/D1_ExpeditionResultVisualRoot/Backdrop	<none>
29_expedition_result	1080	1920	Canvas/HUD/VerticalUIRoot/VerticalSafeAreaRoot/ContentSlot/Dimension1Panel/D1_ExploreVisualRoot/SupportPanel/Next	0	976.00	717.00	INTERCEPTED	Canvas/HUD/VerticalUIRoot/VerticalSafeAreaRoot/ContentSlot/Dimension1Panel/D1_ExpeditionResultVisualRoot/Backdrop	<none>
29_expedition_result	1080	1920	Canvas/HUD/VerticalUIRoot/VerticalSafeAreaRoot/ContentSlot/Dimension1Panel/D1_ExploreVisualRoot/SupportPanel/Next	1	954.40	695.40	INTERCEPTED	Canvas/HUD/VerticalUIRoot/VerticalSafeAreaRoot/ContentSlot/Dimension1Panel/D1_ExpeditionResultVisualRoot/Backdrop	<none>
29_expedition_result	1080	1920	Canvas/HUD/VerticalUIRoot/VerticalSafeAreaRoot/ContentSlot/Dimension1Panel/D1_ExploreVisualRoot/SupportPanel/Next	2	997.60	695.40	INTERCEPTED	Canvas/HUD/VerticalUIRoot/VerticalSafeAreaRoot/ContentSlot/Dimension1Panel/D1_ExpeditionResultVisualRoot/Backdrop	<none>
29_expedition_result	1080	1920	Canvas/HUD/VerticalUIRoot/VerticalSafeAreaRoot/ContentSlot/Dimension1Panel/D1_ExploreVisualRoot/SupportPanel/Next	3	954.40	738.60	INTERCEPTED	Canvas/HUD/VerticalUIRoot/VerticalSafeAreaRoot/ContentSlot/Dimension1Panel/D1_ExpeditionResultVisualRoot/Backdrop	<none>
29_expedition_result	1080	1920	Canvas/HUD/VerticalUIRoot/VerticalSafeAreaRoot/ContentSlot/Dimension1Panel/D1_ExploreVisualRoot/SupportPanel/Next	4	997.60	738.60	INTERCEPTED	Canvas/HUD/VerticalUIRoot/VerticalSafeAreaRoot/ContentSlot/Dimension1Panel/D1_ExpeditionResultVisualRoot/Backdrop	<none>
29_expedition_result	1080	1920	Canvas/HUD/VerticalUIRoot/VerticalSafeAreaRoot/ContentSlot/Dimension1Panel/D1_ExploreVisualRoot/ExplorationRecord	0	832.00	281.00	INTERCEPTED	Canvas/HUD/VerticalUIRoot/VerticalSafeAreaRoot/ContentSlot/Dimension1Panel/D1_ExpeditionResultVisualRoot/Backdrop	<none>
29_expedition_result	1080	1920	Canvas/HUD/VerticalUIRoot/VerticalSafeAreaRoot/ContentSlot/Dimension1Panel/D1_ExploreVisualRoot/ExplorationRecord	1	721.60	244.40	INTERCEPTED	Canvas/HUD/VerticalUIRoot/VerticalSafeAreaRoot/ContentSlot/Dimension1Panel/D1_ExpeditionResultVisualRoot/ResultFrame/CollectAndContinue	Canvas/HUD/VerticalUIRoot/VerticalSafeAreaRoot/ContentSlot/Dimension1Panel/D1_ExpeditionResultVisualRoot/ResultFrame/CollectAndContinue
29_expedition_result	1080	1920	Canvas/HUD/VerticalUIRoot/VerticalSafeAreaRoot/ContentSlot/Dimension1Panel/D1_ExploreVisualRoot/ExplorationRecord	2	942.40	244.40	INTERCEPTED	Canvas/HUD/VerticalUIRoot/VerticalSafeAreaRoot/ContentSlot/Dimension1Panel/D1_ExpeditionResultVisualRoot/Backdrop	<none>
29_expedition_result	1080	1920	Canvas/HUD/VerticalUIRoot/VerticalSafeAreaRoot/ContentSlot/Dimension1Panel/D1_ExploreVisualRoot/ExplorationRecord	3	721.60	317.60	INTERCEPTED	Canvas/HUD/VerticalUIRoot/VerticalSafeAreaRoot/ContentSlot/Dimension1Panel/D1_ExpeditionResultVisualRoot/Backdrop	<none>
29_expedition_result	1080	1920	Canvas/HUD/VerticalUIRoot/VerticalSafeAreaRoot/ContentSlot/Dimension1Panel/D1_ExploreVisualRoot/ExplorationRecord	4	942.40	317.60	INTERCEPTED	Canvas/HUD/VerticalUIRoot/VerticalSafeAreaRoot/ContentSlot/Dimension1Panel/D1_ExpeditionResultVisualRoot/Backdrop	<none>
29_expedition_result	1080	1920	Canvas/HUD/VerticalUIRoot/VerticalSafeAreaRoot/ContentSlot/Dimension1Panel/D1_ExploreVisualRoot/BottomNavigation/Nav_ÁRBOL	0	951.00	110.00	INTERCEPTED	Canvas/HUD/VerticalUIRoot/VerticalSafeAreaRoot/ContentSlot/Dimension1Panel/D1_ExpeditionResultVisualRoot/Backdrop	<none>
29_expedition_result	1080	1920	Canvas/HUD/VerticalUIRoot/VerticalSafeAreaRoot/ContentSlot/Dimension1Panel/D1_ExploreVisualRoot/BottomNavigation/Nav_ÁRBOL	1	891.60	57.20	INTERCEPTED	Canvas/HUD/VerticalUIRoot/VerticalSafeAreaRoot/ContentSlot/Dimension1Panel/D1_ExpeditionResultVisualRoot/Backdrop	<none>
29_expedition_result	1080	1920	Canvas/HUD/VerticalUIRoot/VerticalSafeAreaRoot/ContentSlot/Dimension1Panel/D1_ExploreVisualRoot/BottomNavigation/Nav_ÁRBOL	2	1010.40	57.20	INTERCEPTED	Canvas/HUD/VerticalUIRoot/VerticalSafeAreaRoot/ContentSlot/Dimension1Panel/D1_ExpeditionResultVisualRoot/Backdrop	<none>
29_expedition_result	1080	1920	Canvas/HUD/VerticalUIRoot/VerticalSafeAreaRoot/ContentSlot/Dimension1Panel/D1_ExploreVisualRoot/BottomNavigation/Nav_ÁRBOL	3	891.60	162.80	INTERCEPTED	Canvas/HUD/VerticalUIRoot/VerticalSafeAreaRoot/ContentSlot/Dimension1Panel/D1_ExpeditionResultVisualRoot/ResultFrame/CollectAndContinue	Canvas/HUD/VerticalUIRoot/VerticalSafeAreaRoot/ContentSlot/Dimension1Panel/D1_ExpeditionResultVisualRoot/ResultFrame/CollectAndContinue
29_expedition_result	1080	1920	Canvas/HUD/VerticalUIRoot/VerticalSafeAreaRoot/ContentSlot/Dimension1Panel/D1_ExploreVisualRoot/BottomNavigation/Nav_ÁRBOL	4	1010.40	162.80	INTERCEPTED	Canvas/HUD/VerticalUIRoot/VerticalSafeAreaRoot/ContentSlot/Dimension1Panel/D1_ExpeditionResultVisualRoot/Backdrop	<none>
29_expedition_result	1080	1920	Canvas/HUD/VerticalUIRoot/VerticalSafeAreaRoot/ContentSlot/Dimension1Panel/D1_ExploreVisualRoot/SupportPanel/Previous	0	890.00	717.00	INTERCEPTED	Canvas/HUD/VerticalUIRoot/VerticalSafeAreaRoot/ContentSlot/Dimension1Panel/D1_ExpeditionResultVisualRoot/Backdrop	<none>
29_expedition_result	1080	1920	Canvas/HUD/VerticalUIRoot/VerticalSafeAreaRoot/ContentSlot/Dimension1Panel/D1_ExploreVisualRoot/SupportPanel/Previous	1	868.40	695.40	INTERCEPTED	Canvas/HUD/VerticalUIRoot/VerticalSafeAreaRoot/ContentSlot/Dimension1Panel/D1_ExpeditionResultVisualRoot/Backdrop	<none>
29_expedition_result	1080	1920	Canvas/HUD/VerticalUIRoot/VerticalSafeAreaRoot/ContentSlot/Dimension1Panel/D1_ExploreVisualRoot/SupportPanel/Previous	2	911.60	695.40	INTERCEPTED	Canvas/HUD/VerticalUIRoot/VerticalSafeAreaRoot/ContentSlot/Dimension1Panel/D1_ExpeditionResultVisualRoot/Backdrop	<none>
29_expedition_result	1080	1920	Canvas/HUD/VerticalUIRoot/VerticalSafeAreaRoot/ContentSlot/Dimension1Panel/D1_ExploreVisualRoot/SupportPanel/Previous	3	868.40	738.60	INTERCEPTED	Canvas/HUD/VerticalUIRoot/VerticalSafeAreaRoot/ContentSlot/Dimension1Panel/D1_ExpeditionResultVisualRoot/Backdrop	<none>
29_expedition_result	1080	1920	Canvas/HUD/VerticalUIRoot/VerticalSafeAreaRoot/ContentSlot/Dimension1Panel/D1_ExploreVisualRoot/SupportPanel/Previous	4	911.60	738.60	INTERCEPTED	Canvas/HUD/VerticalUIRoot/VerticalSafeAreaRoot/ContentSlot/Dimension1Panel/D1_ExpeditionResultVisualRoot/Backdrop	<none>
29_expedition_result	1080	1920	Canvas/HUD/VerticalUIRoot/VerticalSafeAreaRoot/ContentSlot/Dimension1Panel/D1_ExploreVisualRoot/ShipPanel/Next	0	484.00	717.00	INTERCEPTED	Canvas/HUD/VerticalUIRoot/VerticalSafeAreaRoot/ContentSlot/Dimension1Panel/D1_ExpeditionResultVisualRoot/Backdrop	<none>
29_expedition_result	1080	1920	Canvas/HUD/VerticalUIRoot/VerticalSafeAreaRoot/ContentSlot/Dimension1Panel/D1_ExploreVisualRoot/ShipPanel/Next	1	462.40	695.40	INTERCEPTED	Canvas/HUD/VerticalUIRoot/VerticalSafeAreaRoot/ContentSlot/Dimension1Panel/D1_ExpeditionResultVisualRoot/Backdrop	<none>
29_expedition_result	1080	1920	Canvas/HUD/VerticalUIRoot/VerticalSafeAreaRoot/ContentSlot/Dimension1Panel/D1_ExploreVisualRoot/ShipPanel/Next	2	505.60	695.40	INTERCEPTED	Canvas/HUD/VerticalUIRoot/VerticalSafeAreaRoot/ContentSlot/Dimension1Panel/D1_ExpeditionResultVisualRoot/Backdrop	<none>
29_expedition_result	1080	1920	Canvas/HUD/VerticalUIRoot/VerticalSafeAreaRoot/ContentSlot/Dimension1Panel/D1_ExploreVisualRoot/ShipPanel/Next	3	462.40	738.60	INTERCEPTED	Canvas/HUD/VerticalUIRoot/VerticalSafeAreaRoot/ContentSlot/Dimension1Panel/D1_ExpeditionResultVisualRoot/Backdrop	<none>
29_expedition_result	1080	1920	Canvas/HUD/VerticalUIRoot/VerticalSafeAreaRoot/ContentSlot/Dimension1Panel/D1_ExploreVisualRoot/ShipPanel/Next	4	505.60	738.60	INTERCEPTED	Canvas/HUD/VerticalUIRoot/VerticalSafeAreaRoot/ContentSlot/Dimension1Panel/D1_ExpeditionResultVisualRoot/Backdrop	<none>
29_expedition_result	1080	1920	Canvas/HUD/VerticalUIRoot/VerticalSafeAreaRoot/ContentSlot/Dimension1Panel/D1_ExploreVisualRoot/DestinationPanel/OpenDetails	0	918.00	1218.00	INTERCEPTED	Canvas/HUD/VerticalUIRoot/VerticalSafeAreaRoot/ContentSlot/Dimension1Panel/D1_ExpeditionResultVisualRoot/Backdrop	<none>
29_expedition_result	1080	1920	Canvas/HUD/VerticalUIRoot/VerticalSafeAreaRoot/ContentSlot/Dimension1Panel/D1_ExploreVisualRoot/DestinationPanel/OpenDetails	1	876.00	1200.60	INTERCEPTED	Canvas/HUD/VerticalUIRoot/VerticalSafeAreaRoot/ContentSlot/Dimension1Panel/D1_ExpeditionResultVisualRoot/Backdrop	<none>
29_expedition_result	1080	1920	Canvas/HUD/VerticalUIRoot/VerticalSafeAreaRoot/ContentSlot/Dimension1Panel/D1_ExploreVisualRoot/DestinationPanel/OpenDetails	2	960.00	1200.60	INTERCEPTED	Canvas/HUD/VerticalUIRoot/VerticalSafeAreaRoot/ContentSlot/Dimension1Panel/D1_ExpeditionResultVisualRoot/Backdrop	<none>
29_expedition_result	1080	1920	Canvas/HUD/VerticalUIRoot/VerticalSafeAreaRoot/ContentSlot/Dimension1Panel/D1_ExploreVisualRoot/DestinationPanel/OpenDetails	3	876.00	1235.40	INTERCEPTED	Canvas/HUD/VerticalUIRoot/VerticalSafeAreaRoot/ContentSlot/Dimension1Panel/D1_ExpeditionResultVisualRoot/Backdrop	<none>
29_expedition_result	1080	1920	Canvas/HUD/VerticalUIRoot/VerticalSafeAreaRoot/ContentSlot/Dimension1Panel/D1_ExploreVisualRoot/DestinationPanel/OpenDetails	4	960.00	1235.40	INTERCEPTED	Canvas/HUD/VerticalUIRoot/VerticalSafeAreaRoot/ContentSlot/Dimension1Panel/D1_ExpeditionResultVisualRoot/Backdrop	<none>
29_expedition_result	1080	1920	Canvas/HUD/VerticalUIRoot/VerticalSafeAreaRoot/ContentSlot/Dimension1Panel/D1_ExploreVisualRoot/ModePanel/SimpleMode	0	306.00	575.00	INTERCEPTED	Canvas/HUD/VerticalUIRoot/VerticalSafeAreaRoot/ContentSlot/Dimension1Panel/D1_ExpeditionResultVisualRoot/Backdrop	<none>
29_expedition_result	1080	1920	Canvas/HUD/VerticalUIRoot/VerticalSafeAreaRoot/ContentSlot/Dimension1Panel/D1_ExploreVisualRoot/ModePanel/SimpleMode	1	174.00	551.60	INTERCEPTED	Canvas/HUD/VerticalUIRoot/VerticalSafeAreaRoot/ContentSlot/Dimension1Panel/D1_ExpeditionResultVisualRoot/Backdrop	<none>
29_expedition_result	1080	1920	Canvas/HUD/VerticalUIRoot/VerticalSafeAreaRoot/ContentSlot/Dimension1Panel/D1_ExploreVisualRoot/ModePanel/SimpleMode	2	438.00	551.60	INTERCEPTED	Canvas/HUD/VerticalUIRoot/VerticalSafeAreaRoot/ContentSlot/Dimension1Panel/D1_ExpeditionResultVisualRoot/Backdrop	<none>
29_expedition_result	1080	1920	Canvas/HUD/VerticalUIRoot/VerticalSafeAreaRoot/ContentSlot/Dimension1Panel/D1_ExploreVisualRoot/ModePanel/SimpleMode	3	174.00	598.40	INTERCEPTED	Canvas/HUD/VerticalUIRoot/VerticalSafeAreaRoot/ContentSlot/Dimension1Panel/D1_ExpeditionResultVisualRoot/Backdrop	<none>
29_expedition_result	1080	1920	Canvas/HUD/VerticalUIRoot/VerticalSafeAreaRoot/ContentSlot/Dimension1Panel/D1_ExploreVisualRoot/ModePanel/SimpleMode	4	438.00	598.40	INTERCEPTED	Canvas/HUD/VerticalUIRoot/VerticalSafeAreaRoot/ContentSlot/Dimension1Panel/D1_ExpeditionResultVisualRoot/Backdrop	<none>
29_expedition_result	1080	1920	Canvas/HUD/VerticalUIRoot/VerticalSafeAreaRoot/ContentSlot/Dimension1Panel/OpenRelicChamberPanelButton	0	1240.00	1476.00	OFFSCREEN	<none>	<none>
29_expedition_result	1080	1920	Canvas/HUD/VerticalUIRoot/VerticalSafeAreaRoot/ContentSlot/Dimension1Panel/OpenRelicChamberPanelButton	1	1192.00	1467.00	OFFSCREEN	<none>	<none>
29_expedition_result	1080	1920	Canvas/HUD/VerticalUIRoot/VerticalSafeAreaRoot/ContentSlot/Dimension1Panel/OpenRelicChamberPanelButton	2	1288.00	1467.00	OFFSCREEN	<none>	<none>
29_expedition_result	1080	1920	Canvas/HUD/VerticalUIRoot/VerticalSafeAreaRoot/ContentSlot/Dimension1Panel/OpenRelicChamberPanelButton	3	1192.00	1485.00	OFFSCREEN	<none>	<none>
29_expedition_result	1080	1920	Canvas/HUD/VerticalUIRoot/VerticalSafeAreaRoot/ContentSlot/Dimension1Panel/OpenRelicChamberPanelButton	4	1288.00	1485.00	OFFSCREEN	<none>	<none>
29_expedition_result	1080	1920	Canvas/HUD/VerticalUIRoot/VerticalSafeAreaRoot/ContentSlot/Dimension1Panel/OpenDimension1TreePanelButton	0	1240.00	1376.00	OFFSCREEN	<none>	<none>
29_expedition_result	1080	1920	Canvas/HUD/VerticalUIRoot/VerticalSafeAreaRoot/ContentSlot/Dimension1Panel/OpenDimension1TreePanelButton	1	1192.00	1367.00	OFFSCREEN	<none>	<none>
29_expedition_result	1080	1920	Canvas/HUD/VerticalUIRoot/VerticalSafeAreaRoot/ContentSlot/Dimension1Panel/OpenDimension1TreePanelButton	2	1288.00	1367.00	OFFSCREEN	<none>	<none>
29_expedition_result	1080	1920	Canvas/HUD/VerticalUIRoot/VerticalSafeAreaRoot/ContentSlot/Dimension1Panel/OpenDimension1TreePanelButton	3	1192.00	1385.00	OFFSCREEN	<none>	<none>
29_expedition_result	1080	1920	Canvas/HUD/VerticalUIRoot/VerticalSafeAreaRoot/ContentSlot/Dimension1Panel/OpenDimension1TreePanelButton	4	1288.00	1385.00	OFFSCREEN	<none>	<none>
29_expedition_result	1080	1920	Canvas/HUD/VerticalUIRoot/VerticalSafeAreaRoot/ContentSlot/Dimension1Panel/D1_ExploreVisualRoot/BottomNavigation/Nav_HANGAR	0	537.00	110.00	INTERCEPTED	Canvas/HUD/VerticalUIRoot/VerticalSafeAreaRoot/ContentSlot/Dimension1Panel/D1_ExpeditionResultVisualRoot/Backdrop	<none>
29_expedition_result	1080	1920	Canvas/HUD/VerticalUIRoot/VerticalSafeAreaRoot/ContentSlot/Dimension1Panel/D1_ExploreVisualRoot/BottomNavigation/Nav_HANGAR	1	477.60	57.20	INTERCEPTED	Canvas/HUD/VerticalUIRoot/VerticalSafeAreaRoot/ContentSlot/Dimension1Panel/D1_ExpeditionResultVisualRoot/Backdrop	<none>
29_expedition_result	1080	1920	Canvas/HUD/VerticalUIRoot/VerticalSafeAreaRoot/ContentSlot/Dimension1Panel/D1_ExploreVisualRoot/BottomNavigation/Nav_HANGAR	2	596.40	57.20	INTERCEPTED	Canvas/HUD/VerticalUIRoot/VerticalSafeAreaRoot/ContentSlot/Dimension1Panel/D1_ExpeditionResultVisualRoot/Backdrop	<none>
29_expedition_result	1080	1920	Canvas/HUD/VerticalUIRoot/VerticalSafeAreaRoot/ContentSlot/Dimension1Panel/D1_ExploreVisualRoot/BottomNavigation/Nav_HANGAR	3	477.60	162.80	INTERCEPTED	Canvas/HUD/VerticalUIRoot/VerticalSafeAreaRoot/ContentSlot/Dimension1Panel/D1_ExpeditionResultVisualRoot/ResultFrame/CollectAndContinue	Canvas/HUD/VerticalUIRoot/VerticalSafeAreaRoot/ContentSlot/Dimension1Panel/D1_ExpeditionResultVisualRoot/ResultFrame/CollectAndContinue
29_expedition_result	1080	1920	Canvas/HUD/VerticalUIRoot/VerticalSafeAreaRoot/ContentSlot/Dimension1Panel/D1_ExploreVisualRoot/BottomNavigation/Nav_HANGAR	4	596.40	162.80	INTERCEPTED	Canvas/HUD/VerticalUIRoot/VerticalSafeAreaRoot/ContentSlot/Dimension1Panel/D1_ExpeditionResultVisualRoot/ResultFrame/CollectAndContinue	Canvas/HUD/VerticalUIRoot/VerticalSafeAreaRoot/ContentSlot/Dimension1Panel/D1_ExpeditionResultVisualRoot/ResultFrame/CollectAndContinue
29_expedition_result	1080	1920	Canvas/HUD/VerticalUIRoot/VerticalSafeAreaRoot/ContentSlot/Dimension1Panel/D1_ExploreVisualRoot/CommandCenter	0	112.00	1768.00	INTERCEPTED	Canvas/HUD/VerticalUIRoot/VerticalSafeAreaRoot/ContentSlot/Dimension1Panel/D1_ExpeditionResultVisualRoot/Backdrop	<none>
29_expedition_result	1080	1920	Canvas/HUD/VerticalUIRoot/VerticalSafeAreaRoot/ContentSlot/Dimension1Panel/D1_ExploreVisualRoot/CommandCenter	1	59.20	1738.00	INTERCEPTED	Canvas/HUD/VerticalUIRoot/VerticalSafeAreaRoot/ContentSlot/Dimension1Panel/D1_ExpeditionResultVisualRoot/Backdrop	<none>
29_expedition_result	1080	1920	Canvas/HUD/VerticalUIRoot/VerticalSafeAreaRoot/ContentSlot/Dimension1Panel/D1_ExploreVisualRoot/CommandCenter	2	164.80	1738.00	INTERCEPTED	Canvas/HUD/VerticalUIRoot/VerticalSafeAreaRoot/ContentSlot/Dimension1Panel/D1_ExpeditionResultVisualRoot/Backdrop	<none>
29_expedition_result	1080	1920	Canvas/HUD/VerticalUIRoot/VerticalSafeAreaRoot/ContentSlot/Dimension1Panel/D1_ExploreVisualRoot/CommandCenter	3	59.20	1798.00	INTERCEPTED	Canvas/HUD/VerticalUIRoot/VerticalSafeAreaRoot/ContentSlot/Dimension1Panel/D1_ExpeditionResultVisualRoot/Backdrop	<none>
29_expedition_result	1080	1920	Canvas/HUD/VerticalUIRoot/VerticalSafeAreaRoot/ContentSlot/Dimension1Panel/D1_ExploreVisualRoot/CommandCenter	4	164.80	1798.00	INTERCEPTED	Canvas/HUD/VerticalUIRoot/VerticalSafeAreaRoot/ContentSlot/Dimension1Panel/D1_ExpeditionResultVisualRoot/Backdrop	<none>
29_expedition_result	1080	1920	Canvas/HUD/VerticalUIRoot/VerticalSafeAreaRoot/ContentSlot/Dimension1Panel/OpenHangarPanelButton	0	1240.00	1426.00	OFFSCREEN	<none>	<none>
29_expedition_result	1080	1920	Canvas/HUD/VerticalUIRoot/VerticalSafeAreaRoot/ContentSlot/Dimension1Panel/OpenHangarPanelButton	1	1192.00	1417.00	OFFSCREEN	<none>	<none>
29_expedition_result	1080	1920	Canvas/HUD/VerticalUIRoot/VerticalSafeAreaRoot/ContentSlot/Dimension1Panel/OpenHangarPanelButton	2	1288.00	1417.00	OFFSCREEN	<none>	<none>
29_expedition_result	1080	1920	Canvas/HUD/VerticalUIRoot/VerticalSafeAreaRoot/ContentSlot/Dimension1Panel/OpenHangarPanelButton	3	1192.00	1435.00	OFFSCREEN	<none>	<none>
29_expedition_result	1080	1920	Canvas/HUD/VerticalUIRoot/VerticalSafeAreaRoot/ContentSlot/Dimension1Panel/OpenHangarPanelButton	4	1288.00	1435.00	OFFSCREEN	<none>	<none>
29_expedition_result	1080	1920	Canvas/HUD/VerticalUIRoot/VerticalSafeAreaRoot/ContentSlot/Dimension1Panel/D1_ExploreVisualRoot/ActiveExpedition/Previous	0	632.00	420.00	INTERCEPTED	Canvas/HUD/VerticalUIRoot/VerticalSafeAreaRoot/ContentSlot/Dimension1Panel/D1_ExpeditionResultVisualRoot/Backdrop	<none>
29_expedition_result	1080	1920	Canvas/HUD/VerticalUIRoot/VerticalSafeAreaRoot/ContentSlot/Dimension1Panel/D1_ExploreVisualRoot/ActiveExpedition/Previous	1	610.40	398.40	INTERCEPTED	Canvas/HUD/VerticalUIRoot/VerticalSafeAreaRoot/ContentSlot/Dimension1Panel/D1_ExpeditionResultVisualRoot/Backdrop	<none>
29_expedition_result	1080	1920	Canvas/HUD/VerticalUIRoot/VerticalSafeAreaRoot/ContentSlot/Dimension1Panel/D1_ExploreVisualRoot/ActiveExpedition/Previous	2	653.60	398.40	INTERCEPTED	Canvas/HUD/VerticalUIRoot/VerticalSafeAreaRoot/ContentSlot/Dimension1Panel/D1_ExpeditionResultVisualRoot/Backdrop	<none>
29_expedition_result	1080	1920	Canvas/HUD/VerticalUIRoot/VerticalSafeAreaRoot/ContentSlot/Dimension1Panel/D1_ExploreVisualRoot/ActiveExpedition/Previous	3	610.40	441.60	INTERCEPTED	Canvas/HUD/VerticalUIRoot/VerticalSafeAreaRoot/ContentSlot/Dimension1Panel/D1_ExpeditionResultVisualRoot/Backdrop	<none>
29_expedition_result	1080	1920	Canvas/HUD/VerticalUIRoot/VerticalSafeAreaRoot/ContentSlot/Dimension1Panel/D1_ExploreVisualRoot/ActiveExpedition/Previous	4	653.60	441.60	INTERCEPTED	Canvas/HUD/VerticalUIRoot/VerticalSafeAreaRoot/ContentSlot/Dimension1Panel/D1_ExpeditionResultVisualRoot/Backdrop	<none>
29_expedition_result	1080	1920	Canvas/HUD/VerticalUIRoot/VerticalSafeAreaRoot/ContentSlot/Dimension1Panel/D1_ExploreVisualRoot/BottomNavigation/Nav_GALAXIA	0	123.00	110.00	INTERCEPTED	Canvas/HUD/VerticalUIRoot/VerticalSafeAreaRoot/ContentSlot/Dimension1Panel/D1_ExpeditionResultVisualRoot/Backdrop	<none>
29_expedition_result	1080	1920	Canvas/HUD/VerticalUIRoot/VerticalSafeAreaRoot/ContentSlot/Dimension1Panel/D1_ExploreVisualRoot/BottomNavigation/Nav_GALAXIA	1	63.60	57.20	INTERCEPTED	Canvas/HUD/VerticalUIRoot/VerticalSafeAreaRoot/ContentSlot/Dimension1Panel/D1_ExpeditionResultVisualRoot/Backdrop	<none>
29_expedition_result	1080	1920	Canvas/HUD/VerticalUIRoot/VerticalSafeAreaRoot/ContentSlot/Dimension1Panel/D1_ExploreVisualRoot/BottomNavigation/Nav_GALAXIA	2	182.40	57.20	INTERCEPTED	Canvas/HUD/VerticalUIRoot/VerticalSafeAreaRoot/ContentSlot/Dimension1Panel/D1_ExpeditionResultVisualRoot/Backdrop	<none>
29_expedition_result	1080	1920	Canvas/HUD/VerticalUIRoot/VerticalSafeAreaRoot/ContentSlot/Dimension1Panel/D1_ExploreVisualRoot/BottomNavigation/Nav_GALAXIA	3	63.60	162.80	INTERCEPTED	Canvas/HUD/VerticalUIRoot/VerticalSafeAreaRoot/ContentSlot/Dimension1Panel/D1_ExpeditionResultVisualRoot/Backdrop	<none>
29_expedition_result	1080	1920	Canvas/HUD/VerticalUIRoot/VerticalSafeAreaRoot/ContentSlot/Dimension1Panel/D1_ExploreVisualRoot/BottomNavigation/Nav_GALAXIA	4	182.40	162.80	INTERCEPTED	Canvas/HUD/VerticalUIRoot/VerticalSafeAreaRoot/ContentSlot/Dimension1Panel/D1_ExpeditionResultVisualRoot/ResultFrame/CollectAndContinue	Canvas/HUD/VerticalUIRoot/VerticalSafeAreaRoot/ContentSlot/Dimension1Panel/D1_ExpeditionResultVisualRoot/ResultFrame/CollectAndContinue
29_expedition_result	1080	1920	Canvas/HUD/VerticalUIRoot/VerticalSafeAreaRoot/ContentSlot/Dimension1Panel/Registro	0	-60.00	1426.00	OFFSCREEN	<none>	<none>
29_expedition_result	1080	1920	Canvas/HUD/VerticalUIRoot/VerticalSafeAreaRoot/ContentSlot/Dimension1Panel/Registro	1	-108.00	1417.00	OFFSCREEN	<none>	<none>
29_expedition_result	1080	1920	Canvas/HUD/VerticalUIRoot/VerticalSafeAreaRoot/ContentSlot/Dimension1Panel/Registro	2	-12.00	1417.00	OFFSCREEN	<none>	<none>
29_expedition_result	1080	1920	Canvas/HUD/VerticalUIRoot/VerticalSafeAreaRoot/ContentSlot/Dimension1Panel/Registro	3	-108.00	1435.00	OFFSCREEN	<none>	<none>
29_expedition_result	1080	1920	Canvas/HUD/VerticalUIRoot/VerticalSafeAreaRoot/ContentSlot/Dimension1Panel/Registro	4	-12.00	1435.00	OFFSCREEN	<none>	<none>
29_expedition_result	1080	1920	Canvas/HUD/VerticalUIRoot/VerticalSafeAreaRoot/ContentSlot/Dimension1Panel/D1_ExploreVisualRoot/ScannerPanel/ChangeSector	0	864.00	1567.00	INTERCEPTED	Canvas/HUD/VerticalUIRoot/VerticalSafeAreaRoot/ContentSlot/Dimension1Panel/D1_ExpeditionResultVisualRoot/Backdrop	<none>
29_expedition_result	1080	1920	Canvas/HUD/VerticalUIRoot/VerticalSafeAreaRoot/ContentSlot/Dimension1Panel/D1_ExploreVisualRoot/ScannerPanel/ChangeSector	1	794.40	1548.40	INTERCEPTED	Canvas/HUD/VerticalUIRoot/VerticalSafeAreaRoot/ContentSlot/Dimension1Panel/D1_ExpeditionResultVisualRoot/Backdrop	<none>
29_expedition_result	1080	1920	Canvas/HUD/VerticalUIRoot/VerticalSafeAreaRoot/ContentSlot/Dimension1Panel/D1_ExploreVisualRoot/ScannerPanel/ChangeSector	2	933.60	1548.40	INTERCEPTED	Canvas/HUD/VerticalUIRoot/VerticalSafeAreaRoot/ContentSlot/Dimension1Panel/D1_ExpeditionResultVisualRoot/Backdrop	<none>
29_expedition_result	1080	1920	Canvas/HUD/VerticalUIRoot/VerticalSafeAreaRoot/ContentSlot/Dimension1Panel/D1_ExploreVisualRoot/ScannerPanel/ChangeSector	3	794.40	1585.60	INTERCEPTED	Canvas/HUD/VerticalUIRoot/VerticalSafeAreaRoot/ContentSlot/Dimension1Panel/D1_ExpeditionResultVisualRoot/Backdrop	<none>
29_expedition_result	1080	1920	Canvas/HUD/VerticalUIRoot/VerticalSafeAreaRoot/ContentSlot/Dimension1Panel/D1_ExploreVisualRoot/ScannerPanel/ChangeSector	4	933.60	1585.60	INTERCEPTED	Canvas/HUD/VerticalUIRoot/VerticalSafeAreaRoot/ContentSlot/Dimension1Panel/D1_ExpeditionResultVisualRoot/Backdrop	<none>
29_expedition_result	1080	1920	Canvas/HUD/VerticalUIRoot/VerticalSafeAreaRoot/ContentSlot/Dimension1Panel/D1_ExploreVisualRoot/MetalsButton	0	921.50	1768.00	INTERCEPTED	Canvas/HUD/VerticalUIRoot/VerticalSafeAreaRoot/ContentSlot/Dimension1Panel/D1_ExpeditionResultVisualRoot/Backdrop	<none>
29_expedition_result	1080	1920	Canvas/HUD/VerticalUIRoot/VerticalSafeAreaRoot/ContentSlot/Dimension1Panel/D1_ExploreVisualRoot/MetalsButton	1	848.00	1738.00	INTERCEPTED	Canvas/HUD/VerticalUIRoot/VerticalSafeAreaRoot/ContentSlot/Dimension1Panel/D1_ExpeditionResultVisualRoot/Backdrop	<none>
29_expedition_result	1080	1920	Canvas/HUD/VerticalUIRoot/VerticalSafeAreaRoot/ContentSlot/Dimension1Panel/D1_ExploreVisualRoot/MetalsButton	2	995.00	1738.00	INTERCEPTED	Canvas/HUD/VerticalUIRoot/VerticalSafeAreaRoot/ContentSlot/Dimension1Panel/D1_ExpeditionResultVisualRoot/Backdrop	<none>
29_expedition_result	1080	1920	Canvas/HUD/VerticalUIRoot/VerticalSafeAreaRoot/ContentSlot/Dimension1Panel/D1_ExploreVisualRoot/MetalsButton	3	848.00	1798.00	INTERCEPTED	Canvas/HUD/VerticalUIRoot/VerticalSafeAreaRoot/ContentSlot/Dimension1Panel/D1_ExpeditionResultVisualRoot/Backdrop	<none>
29_expedition_result	1080	1920	Canvas/HUD/VerticalUIRoot/VerticalSafeAreaRoot/ContentSlot/Dimension1Panel/D1_ExploreVisualRoot/MetalsButton	4	995.00	1798.00	INTERCEPTED	Canvas/HUD/VerticalUIRoot/VerticalSafeAreaRoot/ContentSlot/Dimension1Panel/D1_ExpeditionResultVisualRoot/Backdrop	<none>
29_expedition_result	1080	1920	Canvas/HUD/VerticalUIRoot/VerticalSafeAreaRoot/ContentSlot/Dimension1Panel/OpenGalaxyPanelButton	0	1240.00	1526.00	OFFSCREEN	<none>	<none>
29_expedition_result	1080	1920	Canvas/HUD/VerticalUIRoot/VerticalSafeAreaRoot/ContentSlot/Dimension1Panel/OpenGalaxyPanelButton	1	1192.00	1517.00	OFFSCREEN	<none>	<none>
29_expedition_result	1080	1920	Canvas/HUD/VerticalUIRoot/VerticalSafeAreaRoot/ContentSlot/Dimension1Panel/OpenGalaxyPanelButton	2	1288.00	1517.00	OFFSCREEN	<none>	<none>
29_expedition_result	1080	1920	Canvas/HUD/VerticalUIRoot/VerticalSafeAreaRoot/ContentSlot/Dimension1Panel/OpenGalaxyPanelButton	3	1192.00	1535.00	OFFSCREEN	<none>	<none>
29_expedition_result	1080	1920	Canvas/HUD/VerticalUIRoot/VerticalSafeAreaRoot/ContentSlot/Dimension1Panel/OpenGalaxyPanelButton	4	1288.00	1535.00	OFFSCREEN	<none>	<none>
30_record	1080	1920	Canvas/HUD/VerticalUIRoot/VerticalSafeAreaRoot/ContentSlot/Dimension1Panel/D1_ExpeditionRecordVisualRoot/RecordBody/ReturnToExplore	0	540.00	74.00	OK	Canvas/HUD/VerticalUIRoot/VerticalSafeAreaRoot/ContentSlot/Dimension1Panel/D1_ExpeditionRecordVisualRoot/RecordBody/ReturnToExplore	Canvas/HUD/VerticalUIRoot/VerticalSafeAreaRoot/ContentSlot/Dimension1Panel/D1_ExpeditionRecordVisualRoot/RecordBody/ReturnToExplore
30_record	1080	1920	Canvas/HUD/VerticalUIRoot/VerticalSafeAreaRoot/ContentSlot/Dimension1Panel/D1_ExpeditionRecordVisualRoot/RecordBody/ReturnToExplore	1	277.20	46.40	OK	Canvas/HUD/VerticalUIRoot/VerticalSafeAreaRoot/ContentSlot/Dimension1Panel/D1_ExpeditionRecordVisualRoot/RecordBody/ReturnToExplore	Canvas/HUD/VerticalUIRoot/VerticalSafeAreaRoot/ContentSlot/Dimension1Panel/D1_ExpeditionRecordVisualRoot/RecordBody/ReturnToExplore
30_record	1080	1920	Canvas/HUD/VerticalUIRoot/VerticalSafeAreaRoot/ContentSlot/Dimension1Panel/D1_ExpeditionRecordVisualRoot/RecordBody/ReturnToExplore	2	802.80	46.40	OK	Canvas/HUD/VerticalUIRoot/VerticalSafeAreaRoot/ContentSlot/Dimension1Panel/D1_ExpeditionRecordVisualRoot/RecordBody/ReturnToExplore	Canvas/HUD/VerticalUIRoot/VerticalSafeAreaRoot/ContentSlot/Dimension1Panel/D1_ExpeditionRecordVisualRoot/RecordBody/ReturnToExplore
30_record	1080	1920	Canvas/HUD/VerticalUIRoot/VerticalSafeAreaRoot/ContentSlot/Dimension1Panel/D1_ExpeditionRecordVisualRoot/RecordBody/ReturnToExplore	3	277.20	101.60	OK	Canvas/HUD/VerticalUIRoot/VerticalSafeAreaRoot/ContentSlot/Dimension1Panel/D1_ExpeditionRecordVisualRoot/RecordBody/ReturnToExplore	Canvas/HUD/VerticalUIRoot/VerticalSafeAreaRoot/ContentSlot/Dimension1Panel/D1_ExpeditionRecordVisualRoot/RecordBody/ReturnToExplore
30_record	1080	1920	Canvas/HUD/VerticalUIRoot/VerticalSafeAreaRoot/ContentSlot/Dimension1Panel/D1_ExpeditionRecordVisualRoot/RecordBody/ReturnToExplore	4	802.80	101.60	OK	Canvas/HUD/VerticalUIRoot/VerticalSafeAreaRoot/ContentSlot/Dimension1Panel/D1_ExpeditionRecordVisualRoot/RecordBody/ReturnToExplore	Canvas/HUD/VerticalUIRoot/VerticalSafeAreaRoot/ContentSlot/Dimension1Panel/D1_ExpeditionRecordVisualRoot/RecordBody/ReturnToExplore
30_record	1080	1920	Canvas/HUD/VerticalUIRoot/VerticalSafeAreaRoot/ContentSlot/Dimension1Panel/D1_ExpeditionRecordVisualRoot/AllMetals	0	924.50	1783.00	OK	Canvas/HUD/VerticalUIRoot/VerticalSafeAreaRoot/ContentSlot/Dimension1Panel/D1_ExpeditionRecordVisualRoot/AllMetals	Canvas/HUD/VerticalUIRoot/VerticalSafeAreaRoot/ContentSlot/Dimension1Panel/D1_ExpeditionRecordVisualRoot/AllMetals
30_record	1080	1920	Canvas/HUD/VerticalUIRoot/VerticalSafeAreaRoot/ContentSlot/Dimension1Panel/D1_ExpeditionRecordVisualRoot/AllMetals	1	846.80	1757.20	OK	Canvas/HUD/VerticalUIRoot/VerticalSafeAreaRoot/ContentSlot/Dimension1Panel/D1_ExpeditionRecordVisualRoot/AllMetals	Canvas/HUD/VerticalUIRoot/VerticalSafeAreaRoot/ContentSlot/Dimension1Panel/D1_ExpeditionRecordVisualRoot/AllMetals
30_record	1080	1920	Canvas/HUD/VerticalUIRoot/VerticalSafeAreaRoot/ContentSlot/Dimension1Panel/D1_ExpeditionRecordVisualRoot/AllMetals	2	1002.20	1757.20	OK	Canvas/HUD/VerticalUIRoot/VerticalSafeAreaRoot/ContentSlot/Dimension1Panel/D1_ExpeditionRecordVisualRoot/AllMetals	Canvas/HUD/VerticalUIRoot/VerticalSafeAreaRoot/ContentSlot/Dimension1Panel/D1_ExpeditionRecordVisualRoot/AllMetals
30_record	1080	1920	Canvas/HUD/VerticalUIRoot/VerticalSafeAreaRoot/ContentSlot/Dimension1Panel/D1_ExpeditionRecordVisualRoot/AllMetals	3	846.80	1808.80	OK	Canvas/HUD/VerticalUIRoot/VerticalSafeAreaRoot/ContentSlot/Dimension1Panel/D1_ExpeditionRecordVisualRoot/AllMetals	Canvas/HUD/VerticalUIRoot/VerticalSafeAreaRoot/ContentSlot/Dimension1Panel/D1_ExpeditionRecordVisualRoot/AllMetals
30_record	1080	1920	Canvas/HUD/VerticalUIRoot/VerticalSafeAreaRoot/ContentSlot/Dimension1Panel/D1_ExpeditionRecordVisualRoot/AllMetals	4	1002.20	1808.80	OK	Canvas/HUD/VerticalUIRoot/VerticalSafeAreaRoot/ContentSlot/Dimension1Panel/D1_ExpeditionRecordVisualRoot/AllMetals	Canvas/HUD/VerticalUIRoot/VerticalSafeAreaRoot/ContentSlot/Dimension1Panel/D1_ExpeditionRecordVisualRoot/AllMetals
30_record	1080	1920	Canvas/HUD/VerticalUIRoot/VerticalSafeAreaRoot/ContentSlot/Dimension1Panel/OpenRelicChamberPanelButton	0	1240.00	1476.00	OFFSCREEN	<none>	<none>
30_record	1080	1920	Canvas/HUD/VerticalUIRoot/VerticalSafeAreaRoot/ContentSlot/Dimension1Panel/OpenRelicChamberPanelButton	1	1192.00	1467.00	OFFSCREEN	<none>	<none>
30_record	1080	1920	Canvas/HUD/VerticalUIRoot/VerticalSafeAreaRoot/ContentSlot/Dimension1Panel/OpenRelicChamberPanelButton	2	1288.00	1467.00	OFFSCREEN	<none>	<none>
30_record	1080	1920	Canvas/HUD/VerticalUIRoot/VerticalSafeAreaRoot/ContentSlot/Dimension1Panel/OpenRelicChamberPanelButton	3	1192.00	1485.00	OFFSCREEN	<none>	<none>
30_record	1080	1920	Canvas/HUD/VerticalUIRoot/VerticalSafeAreaRoot/ContentSlot/Dimension1Panel/OpenRelicChamberPanelButton	4	1288.00	1485.00	OFFSCREEN	<none>	<none>
30_record	1080	1920	Canvas/HUD/VerticalUIRoot/VerticalSafeAreaRoot/ContentSlot/Dimension1Panel/D1_ExpeditionRecordVisualRoot/RecordBody/Filter_0	0	150.00	1539.00	OK	Canvas/HUD/VerticalUIRoot/VerticalSafeAreaRoot/ContentSlot/Dimension1Panel/D1_ExpeditionRecordVisualRoot/RecordBody/Filter_0	Canvas/HUD/VerticalUIRoot/VerticalSafeAreaRoot/ContentSlot/Dimension1Panel/D1_ExpeditionRecordVisualRoot/RecordBody/Filter_0
30_record	1080	1920	Canvas/HUD/VerticalUIRoot/VerticalSafeAreaRoot/ContentSlot/Dimension1Panel/D1_ExpeditionRecordVisualRoot/RecordBody/Filter_0	1	91.20	1520.40	OK	Canvas/HUD/VerticalUIRoot/VerticalSafeAreaRoot/ContentSlot/Dimension1Panel/D1_ExpeditionRecordVisualRoot/RecordBody/Filter_0	Canvas/HUD/VerticalUIRoot/VerticalSafeAreaRoot/ContentSlot/Dimension1Panel/D1_ExpeditionRecordVisualRoot/RecordBody/Filter_0
30_record	1080	1920	Canvas/HUD/VerticalUIRoot/VerticalSafeAreaRoot/ContentSlot/Dimension1Panel/D1_ExpeditionRecordVisualRoot/RecordBody/Filter_0	2	208.80	1520.40	OK	Canvas/HUD/VerticalUIRoot/VerticalSafeAreaRoot/ContentSlot/Dimension1Panel/D1_ExpeditionRecordVisualRoot/RecordBody/Filter_0	Canvas/HUD/VerticalUIRoot/VerticalSafeAreaRoot/ContentSlot/Dimension1Panel/D1_ExpeditionRecordVisualRoot/RecordBody/Filter_0
30_record	1080	1920	Canvas/HUD/VerticalUIRoot/VerticalSafeAreaRoot/ContentSlot/Dimension1Panel/D1_ExpeditionRecordVisualRoot/RecordBody/Filter_0	3	91.20	1557.60	OK	Canvas/HUD/VerticalUIRoot/VerticalSafeAreaRoot/ContentSlot/Dimension1Panel/D1_ExpeditionRecordVisualRoot/RecordBody/Filter_0	Canvas/HUD/VerticalUIRoot/VerticalSafeAreaRoot/ContentSlot/Dimension1Panel/D1_ExpeditionRecordVisualRoot/RecordBody/Filter_0
30_record	1080	1920	Canvas/HUD/VerticalUIRoot/VerticalSafeAreaRoot/ContentSlot/Dimension1Panel/D1_ExpeditionRecordVisualRoot/RecordBody/Filter_0	4	208.80	1557.60	OK	Canvas/HUD/VerticalUIRoot/VerticalSafeAreaRoot/ContentSlot/Dimension1Panel/D1_ExpeditionRecordVisualRoot/RecordBody/Filter_0	Canvas/HUD/VerticalUIRoot/VerticalSafeAreaRoot/ContentSlot/Dimension1Panel/D1_ExpeditionRecordVisualRoot/RecordBody/Filter_0
30_record	1080	1920	Canvas/HUD/VerticalUIRoot/VerticalSafeAreaRoot/ContentSlot/Dimension1Panel/OpenDimension1TreePanelButton	0	1240.00	1376.00	OFFSCREEN	<none>	<none>
30_record	1080	1920	Canvas/HUD/VerticalUIRoot/VerticalSafeAreaRoot/ContentSlot/Dimension1Panel/OpenDimension1TreePanelButton	1	1192.00	1367.00	OFFSCREEN	<none>	<none>
30_record	1080	1920	Canvas/HUD/VerticalUIRoot/VerticalSafeAreaRoot/ContentSlot/Dimension1Panel/OpenDimension1TreePanelButton	2	1288.00	1367.00	OFFSCREEN	<none>	<none>
30_record	1080	1920	Canvas/HUD/VerticalUIRoot/VerticalSafeAreaRoot/ContentSlot/Dimension1Panel/OpenDimension1TreePanelButton	3	1192.00	1385.00	OFFSCREEN	<none>	<none>
30_record	1080	1920	Canvas/HUD/VerticalUIRoot/VerticalSafeAreaRoot/ContentSlot/Dimension1Panel/OpenDimension1TreePanelButton	4	1288.00	1385.00	OFFSCREEN	<none>	<none>
30_record	1080	1920	Canvas/HUD/VerticalUIRoot/VerticalSafeAreaRoot/ContentSlot/Dimension1Panel/D1_ExpeditionRecordVisualRoot/RecordBody/Filter_2	0	606.00	1539.00	OK	Canvas/HUD/VerticalUIRoot/VerticalSafeAreaRoot/ContentSlot/Dimension1Panel/D1_ExpeditionRecordVisualRoot/RecordBody/Filter_2	Canvas/HUD/VerticalUIRoot/VerticalSafeAreaRoot/ContentSlot/Dimension1Panel/D1_ExpeditionRecordVisualRoot/RecordBody/Filter_2
30_record	1080	1920	Canvas/HUD/VerticalUIRoot/VerticalSafeAreaRoot/ContentSlot/Dimension1Panel/D1_ExpeditionRecordVisualRoot/RecordBody/Filter_2	1	535.20	1520.40	OK	Canvas/HUD/VerticalUIRoot/VerticalSafeAreaRoot/ContentSlot/Dimension1Panel/D1_ExpeditionRecordVisualRoot/RecordBody/Filter_2	Canvas/HUD/VerticalUIRoot/VerticalSafeAreaRoot/ContentSlot/Dimension1Panel/D1_ExpeditionRecordVisualRoot/RecordBody/Filter_2
30_record	1080	1920	Canvas/HUD/VerticalUIRoot/VerticalSafeAreaRoot/ContentSlot/Dimension1Panel/D1_ExpeditionRecordVisualRoot/RecordBody/Filter_2	2	676.80	1520.40	OK	Canvas/HUD/VerticalUIRoot/VerticalSafeAreaRoot/ContentSlot/Dimension1Panel/D1_ExpeditionRecordVisualRoot/RecordBody/Filter_2	Canvas/HUD/VerticalUIRoot/VerticalSafeAreaRoot/ContentSlot/Dimension1Panel/D1_ExpeditionRecordVisualRoot/RecordBody/Filter_2
30_record	1080	1920	Canvas/HUD/VerticalUIRoot/VerticalSafeAreaRoot/ContentSlot/Dimension1Panel/D1_ExpeditionRecordVisualRoot/RecordBody/Filter_2	3	535.20	1557.60	OK	Canvas/HUD/VerticalUIRoot/VerticalSafeAreaRoot/ContentSlot/Dimension1Panel/D1_ExpeditionRecordVisualRoot/RecordBody/Filter_2	Canvas/HUD/VerticalUIRoot/VerticalSafeAreaRoot/ContentSlot/Dimension1Panel/D1_ExpeditionRecordVisualRoot/RecordBody/Filter_2
30_record	1080	1920	Canvas/HUD/VerticalUIRoot/VerticalSafeAreaRoot/ContentSlot/Dimension1Panel/D1_ExpeditionRecordVisualRoot/RecordBody/Filter_2	4	676.80	1557.60	OK	Canvas/HUD/VerticalUIRoot/VerticalSafeAreaRoot/ContentSlot/Dimension1Panel/D1_ExpeditionRecordVisualRoot/RecordBody/Filter_2	Canvas/HUD/VerticalUIRoot/VerticalSafeAreaRoot/ContentSlot/Dimension1Panel/D1_ExpeditionRecordVisualRoot/RecordBody/Filter_2
30_record	1080	1920	Canvas/HUD/VerticalUIRoot/VerticalSafeAreaRoot/ContentSlot/Dimension1Panel/D1_ExpeditionRecordVisualRoot/RecordBody/Filter_3	0	884.00	1539.00	OK	Canvas/HUD/VerticalUIRoot/VerticalSafeAreaRoot/ContentSlot/Dimension1Panel/D1_ExpeditionRecordVisualRoot/RecordBody/Filter_3	Canvas/HUD/VerticalUIRoot/VerticalSafeAreaRoot/ContentSlot/Dimension1Panel/D1_ExpeditionRecordVisualRoot/RecordBody/Filter_3
30_record	1080	1920	Canvas/HUD/VerticalUIRoot/VerticalSafeAreaRoot/ContentSlot/Dimension1Panel/D1_ExpeditionRecordVisualRoot/RecordBody/Filter_3	1	797.60	1520.40	OK	Canvas/HUD/VerticalUIRoot/VerticalSafeAreaRoot/ContentSlot/Dimension1Panel/D1_ExpeditionRecordVisualRoot/RecordBody/Filter_3	Canvas/HUD/VerticalUIRoot/VerticalSafeAreaRoot/ContentSlot/Dimension1Panel/D1_ExpeditionRecordVisualRoot/RecordBody/Filter_3
30_record	1080	1920	Canvas/HUD/VerticalUIRoot/VerticalSafeAreaRoot/ContentSlot/Dimension1Panel/D1_ExpeditionRecordVisualRoot/RecordBody/Filter_3	2	970.40	1520.40	OK	Canvas/HUD/VerticalUIRoot/VerticalSafeAreaRoot/ContentSlot/Dimension1Panel/D1_ExpeditionRecordVisualRoot/RecordBody/Filter_3	Canvas/HUD/VerticalUIRoot/VerticalSafeAreaRoot/ContentSlot/Dimension1Panel/D1_ExpeditionRecordVisualRoot/RecordBody/Filter_3
30_record	1080	1920	Canvas/HUD/VerticalUIRoot/VerticalSafeAreaRoot/ContentSlot/Dimension1Panel/D1_ExpeditionRecordVisualRoot/RecordBody/Filter_3	3	797.60	1557.60	OK	Canvas/HUD/VerticalUIRoot/VerticalSafeAreaRoot/ContentSlot/Dimension1Panel/D1_ExpeditionRecordVisualRoot/RecordBody/Filter_3	Canvas/HUD/VerticalUIRoot/VerticalSafeAreaRoot/ContentSlot/Dimension1Panel/D1_ExpeditionRecordVisualRoot/RecordBody/Filter_3
30_record	1080	1920	Canvas/HUD/VerticalUIRoot/VerticalSafeAreaRoot/ContentSlot/Dimension1Panel/D1_ExpeditionRecordVisualRoot/RecordBody/Filter_3	4	970.40	1557.60	OK	Canvas/HUD/VerticalUIRoot/VerticalSafeAreaRoot/ContentSlot/Dimension1Panel/D1_ExpeditionRecordVisualRoot/RecordBody/Filter_3	Canvas/HUD/VerticalUIRoot/VerticalSafeAreaRoot/ContentSlot/Dimension1Panel/D1_ExpeditionRecordVisualRoot/RecordBody/Filter_3
30_record	1080	1920	Canvas/HUD/VerticalUIRoot/VerticalSafeAreaRoot/ContentSlot/Dimension1Panel/OpenHangarPanelButton	0	1240.00	1426.00	OFFSCREEN	<none>	<none>
30_record	1080	1920	Canvas/HUD/VerticalUIRoot/VerticalSafeAreaRoot/ContentSlot/Dimension1Panel/OpenHangarPanelButton	1	1192.00	1417.00	OFFSCREEN	<none>	<none>
30_record	1080	1920	Canvas/HUD/VerticalUIRoot/VerticalSafeAreaRoot/ContentSlot/Dimension1Panel/OpenHangarPanelButton	2	1288.00	1417.00	OFFSCREEN	<none>	<none>
30_record	1080	1920	Canvas/HUD/VerticalUIRoot/VerticalSafeAreaRoot/ContentSlot/Dimension1Panel/OpenHangarPanelButton	3	1192.00	1435.00	OFFSCREEN	<none>	<none>
30_record	1080	1920	Canvas/HUD/VerticalUIRoot/VerticalSafeAreaRoot/ContentSlot/Dimension1Panel/OpenHangarPanelButton	4	1288.00	1435.00	OFFSCREEN	<none>	<none>
30_record	1080	1920	Canvas/HUD/VerticalUIRoot/VerticalSafeAreaRoot/ContentSlot/Dimension1Panel/D1_ExpeditionRecordVisualRoot/BackButton	0	79.00	1827.00	OK	Canvas/HUD/VerticalUIRoot/VerticalSafeAreaRoot/ContentSlot/Dimension1Panel/D1_ExpeditionRecordVisualRoot/BackButton	Canvas/HUD/VerticalUIRoot/VerticalSafeAreaRoot/ContentSlot/Dimension1Panel/D1_ExpeditionRecordVisualRoot/BackButton
30_record	1080	1920	Canvas/HUD/VerticalUIRoot/VerticalSafeAreaRoot/ContentSlot/Dimension1Panel/D1_ExpeditionRecordVisualRoot/BackButton	1	47.20	1795.20	OK	Canvas/HUD/VerticalUIRoot/VerticalSafeAreaRoot/ContentSlot/Dimension1Panel/D1_ExpeditionRecordVisualRoot/BackButton	Canvas/HUD/VerticalUIRoot/VerticalSafeAreaRoot/ContentSlot/Dimension1Panel/D1_ExpeditionRecordVisualRoot/BackButton
30_record	1080	1920	Canvas/HUD/VerticalUIRoot/VerticalSafeAreaRoot/ContentSlot/Dimension1Panel/D1_ExpeditionRecordVisualRoot/BackButton	2	110.80	1795.20	OK	Canvas/HUD/VerticalUIRoot/VerticalSafeAreaRoot/ContentSlot/Dimension1Panel/D1_ExpeditionRecordVisualRoot/BackButton	Canvas/HUD/VerticalUIRoot/VerticalSafeAreaRoot/ContentSlot/Dimension1Panel/D1_ExpeditionRecordVisualRoot/BackButton
30_record	1080	1920	Canvas/HUD/VerticalUIRoot/VerticalSafeAreaRoot/ContentSlot/Dimension1Panel/D1_ExpeditionRecordVisualRoot/BackButton	3	47.20	1858.80	OK	Canvas/HUD/VerticalUIRoot/VerticalSafeAreaRoot/ContentSlot/Dimension1Panel/D1_ExpeditionRecordVisualRoot/BackButton	Canvas/HUD/VerticalUIRoot/VerticalSafeAreaRoot/ContentSlot/Dimension1Panel/D1_ExpeditionRecordVisualRoot/BackButton
30_record	1080	1920	Canvas/HUD/VerticalUIRoot/VerticalSafeAreaRoot/ContentSlot/Dimension1Panel/D1_ExpeditionRecordVisualRoot/BackButton	4	110.80	1858.80	OK	Canvas/HUD/VerticalUIRoot/VerticalSafeAreaRoot/ContentSlot/Dimension1Panel/D1_ExpeditionRecordVisualRoot/BackButton	Canvas/HUD/VerticalUIRoot/VerticalSafeAreaRoot/ContentSlot/Dimension1Panel/D1_ExpeditionRecordVisualRoot/BackButton
30_record	1080	1920	Canvas/HUD/VerticalUIRoot/VerticalSafeAreaRoot/ContentSlot/Dimension1Panel/D1_ExpeditionRecordVisualRoot/RecordBody/Filter_1	0	368.00	1539.00	OK	Canvas/HUD/VerticalUIRoot/VerticalSafeAreaRoot/ContentSlot/Dimension1Panel/D1_ExpeditionRecordVisualRoot/RecordBody/Filter_1	Canvas/HUD/VerticalUIRoot/VerticalSafeAreaRoot/ContentSlot/Dimension1Panel/D1_ExpeditionRecordVisualRoot/RecordBody/Filter_1
30_record	1080	1920	Canvas/HUD/VerticalUIRoot/VerticalSafeAreaRoot/ContentSlot/Dimension1Panel/D1_ExpeditionRecordVisualRoot/RecordBody/Filter_1	1	305.60	1520.40	OK	Canvas/HUD/VerticalUIRoot/VerticalSafeAreaRoot/ContentSlot/Dimension1Panel/D1_ExpeditionRecordVisualRoot/RecordBody/Filter_1	Canvas/HUD/VerticalUIRoot/VerticalSafeAreaRoot/ContentSlot/Dimension1Panel/D1_ExpeditionRecordVisualRoot/RecordBody/Filter_1
30_record	1080	1920	Canvas/HUD/VerticalUIRoot/VerticalSafeAreaRoot/ContentSlot/Dimension1Panel/D1_ExpeditionRecordVisualRoot/RecordBody/Filter_1	2	430.40	1520.40	OK	Canvas/HUD/VerticalUIRoot/VerticalSafeAreaRoot/ContentSlot/Dimension1Panel/D1_ExpeditionRecordVisualRoot/RecordBody/Filter_1	Canvas/HUD/VerticalUIRoot/VerticalSafeAreaRoot/ContentSlot/Dimension1Panel/D1_ExpeditionRecordVisualRoot/RecordBody/Filter_1
30_record	1080	1920	Canvas/HUD/VerticalUIRoot/VerticalSafeAreaRoot/ContentSlot/Dimension1Panel/D1_ExpeditionRecordVisualRoot/RecordBody/Filter_1	3	305.60	1557.60	OK	Canvas/HUD/VerticalUIRoot/VerticalSafeAreaRoot/ContentSlot/Dimension1Panel/D1_ExpeditionRecordVisualRoot/RecordBody/Filter_1	Canvas/HUD/VerticalUIRoot/VerticalSafeAreaRoot/ContentSlot/Dimension1Panel/D1_ExpeditionRecordVisualRoot/RecordBody/Filter_1
30_record	1080	1920	Canvas/HUD/VerticalUIRoot/VerticalSafeAreaRoot/ContentSlot/Dimension1Panel/D1_ExpeditionRecordVisualRoot/RecordBody/Filter_1	4	430.40	1557.60	OK	Canvas/HUD/VerticalUIRoot/VerticalSafeAreaRoot/ContentSlot/Dimension1Panel/D1_ExpeditionRecordVisualRoot/RecordBody/Filter_1	Canvas/HUD/VerticalUIRoot/VerticalSafeAreaRoot/ContentSlot/Dimension1Panel/D1_ExpeditionRecordVisualRoot/RecordBody/Filter_1
30_record	1080	1920	Canvas/HUD/VerticalUIRoot/VerticalSafeAreaRoot/ContentSlot/Dimension1Panel/OpenGalaxyPanelButton	0	1240.00	1526.00	OFFSCREEN	<none>	<none>
30_record	1080	1920	Canvas/HUD/VerticalUIRoot/VerticalSafeAreaRoot/ContentSlot/Dimension1Panel/OpenGalaxyPanelButton	1	1192.00	1517.00	OFFSCREEN	<none>	<none>
30_record	1080	1920	Canvas/HUD/VerticalUIRoot/VerticalSafeAreaRoot/ContentSlot/Dimension1Panel/OpenGalaxyPanelButton	2	1288.00	1517.00	OFFSCREEN	<none>	<none>
30_record	1080	1920	Canvas/HUD/VerticalUIRoot/VerticalSafeAreaRoot/ContentSlot/Dimension1Panel/OpenGalaxyPanelButton	3	1192.00	1535.00	OFFSCREEN	<none>	<none>
30_record	1080	1920	Canvas/HUD/VerticalUIRoot/VerticalSafeAreaRoot/ContentSlot/Dimension1Panel/OpenGalaxyPanelButton	4	1288.00	1535.00	OFFSCREEN	<none>	<none>
31_record_to_explore	1080	1920	Canvas/HUD/VerticalUIRoot/VerticalSafeAreaRoot/ContentSlot/Dimension1Panel/D1_ExploreVisualRoot/BottomNavigation/Nav_RELIQUIAS	0	744.00	110.00	OK	Canvas/HUD/VerticalUIRoot/VerticalSafeAreaRoot/ContentSlot/Dimension1Panel/D1_ExploreVisualRoot/BottomNavigation/Nav_RELIQUIAS	Canvas/HUD/VerticalUIRoot/VerticalSafeAreaRoot/ContentSlot/Dimension1Panel/D1_ExploreVisualRoot/BottomNavigation/Nav_RELIQUIAS
31_record_to_explore	1080	1920	Canvas/HUD/VerticalUIRoot/VerticalSafeAreaRoot/ContentSlot/Dimension1Panel/D1_ExploreVisualRoot/BottomNavigation/Nav_RELIQUIAS	1	684.60	57.20	OK	Canvas/HUD/VerticalUIRoot/VerticalSafeAreaRoot/ContentSlot/Dimension1Panel/D1_ExploreVisualRoot/BottomNavigation/Nav_RELIQUIAS	Canvas/HUD/VerticalUIRoot/VerticalSafeAreaRoot/ContentSlot/Dimension1Panel/D1_ExploreVisualRoot/BottomNavigation/Nav_RELIQUIAS
31_record_to_explore	1080	1920	Canvas/HUD/VerticalUIRoot/VerticalSafeAreaRoot/ContentSlot/Dimension1Panel/D1_ExploreVisualRoot/BottomNavigation/Nav_RELIQUIAS	2	803.40	57.20	OK	Canvas/HUD/VerticalUIRoot/VerticalSafeAreaRoot/ContentSlot/Dimension1Panel/D1_ExploreVisualRoot/BottomNavigation/Nav_RELIQUIAS	Canvas/HUD/VerticalUIRoot/VerticalSafeAreaRoot/ContentSlot/Dimension1Panel/D1_ExploreVisualRoot/BottomNavigation/Nav_RELIQUIAS
31_record_to_explore	1080	1920	Canvas/HUD/VerticalUIRoot/VerticalSafeAreaRoot/ContentSlot/Dimension1Panel/D1_ExploreVisualRoot/BottomNavigation/Nav_RELIQUIAS	3	684.60	162.80	OK	Canvas/HUD/VerticalUIRoot/VerticalSafeAreaRoot/ContentSlot/Dimension1Panel/D1_ExploreVisualRoot/BottomNavigation/Nav_RELIQUIAS	Canvas/HUD/VerticalUIRoot/VerticalSafeAreaRoot/ContentSlot/Dimension1Panel/D1_ExploreVisualRoot/BottomNavigation/Nav_RELIQUIAS
31_record_to_explore	1080	1920	Canvas/HUD/VerticalUIRoot/VerticalSafeAreaRoot/ContentSlot/Dimension1Panel/D1_ExploreVisualRoot/BottomNavigation/Nav_RELIQUIAS	4	803.40	162.80	OK	Canvas/HUD/VerticalUIRoot/VerticalSafeAreaRoot/ContentSlot/Dimension1Panel/D1_ExploreVisualRoot/BottomNavigation/Nav_RELIQUIAS	Canvas/HUD/VerticalUIRoot/VerticalSafeAreaRoot/ContentSlot/Dimension1Panel/D1_ExploreVisualRoot/BottomNavigation/Nav_RELIQUIAS
31_record_to_explore	1080	1920	Canvas/HUD/VerticalUIRoot/VerticalSafeAreaRoot/ContentSlot/Dimension1Panel/D1_ExploreVisualRoot/ActiveExpedition/Next	0	718.00	420.00	OK	Canvas/HUD/VerticalUIRoot/VerticalSafeAreaRoot/ContentSlot/Dimension1Panel/D1_ExploreVisualRoot/ActiveExpedition/Next	Canvas/HUD/VerticalUIRoot/VerticalSafeAreaRoot/ContentSlot/Dimension1Panel/D1_ExploreVisualRoot/ActiveExpedition/Next
31_record_to_explore	1080	1920	Canvas/HUD/VerticalUIRoot/VerticalSafeAreaRoot/ContentSlot/Dimension1Panel/D1_ExploreVisualRoot/ActiveExpedition/Next	1	696.40	398.40	OK	Canvas/HUD/VerticalUIRoot/VerticalSafeAreaRoot/ContentSlot/Dimension1Panel/D1_ExploreVisualRoot/ActiveExpedition/Next	Canvas/HUD/VerticalUIRoot/VerticalSafeAreaRoot/ContentSlot/Dimension1Panel/D1_ExploreVisualRoot/ActiveExpedition/Next
31_record_to_explore	1080	1920	Canvas/HUD/VerticalUIRoot/VerticalSafeAreaRoot/ContentSlot/Dimension1Panel/D1_ExploreVisualRoot/ActiveExpedition/Next	2	739.60	398.40	OK	Canvas/HUD/VerticalUIRoot/VerticalSafeAreaRoot/ContentSlot/Dimension1Panel/D1_ExploreVisualRoot/ActiveExpedition/Next	Canvas/HUD/VerticalUIRoot/VerticalSafeAreaRoot/ContentSlot/Dimension1Panel/D1_ExploreVisualRoot/ActiveExpedition/Next
31_record_to_explore	1080	1920	Canvas/HUD/VerticalUIRoot/VerticalSafeAreaRoot/ContentSlot/Dimension1Panel/D1_ExploreVisualRoot/ActiveExpedition/Next	3	696.40	441.60	OK	Canvas/HUD/VerticalUIRoot/VerticalSafeAreaRoot/ContentSlot/Dimension1Panel/D1_ExploreVisualRoot/ActiveExpedition/Next	Canvas/HUD/VerticalUIRoot/VerticalSafeAreaRoot/ContentSlot/Dimension1Panel/D1_ExploreVisualRoot/ActiveExpedition/Next
31_record_to_explore	1080	1920	Canvas/HUD/VerticalUIRoot/VerticalSafeAreaRoot/ContentSlot/Dimension1Panel/D1_ExploreVisualRoot/ActiveExpedition/Next	4	739.60	441.60	OK	Canvas/HUD/VerticalUIRoot/VerticalSafeAreaRoot/ContentSlot/Dimension1Panel/D1_ExploreVisualRoot/ActiveExpedition/Next	Canvas/HUD/VerticalUIRoot/VerticalSafeAreaRoot/ContentSlot/Dimension1Panel/D1_ExploreVisualRoot/ActiveExpedition/Next
31_record_to_explore	1080	1920	Canvas/HUD/VerticalUIRoot/VerticalSafeAreaRoot/ContentSlot/Dimension1Panel/D1_ExploreVisualRoot/ShipPanel/Previous	0	398.00	717.00	OK	Canvas/HUD/VerticalUIRoot/VerticalSafeAreaRoot/ContentSlot/Dimension1Panel/D1_ExploreVisualRoot/ShipPanel/Previous	Canvas/HUD/VerticalUIRoot/VerticalSafeAreaRoot/ContentSlot/Dimension1Panel/D1_ExploreVisualRoot/ShipPanel/Previous
31_record_to_explore	1080	1920	Canvas/HUD/VerticalUIRoot/VerticalSafeAreaRoot/ContentSlot/Dimension1Panel/D1_ExploreVisualRoot/ShipPanel/Previous	1	376.40	695.40	OK	Canvas/HUD/VerticalUIRoot/VerticalSafeAreaRoot/ContentSlot/Dimension1Panel/D1_ExploreVisualRoot/ShipPanel/Previous	Canvas/HUD/VerticalUIRoot/VerticalSafeAreaRoot/ContentSlot/Dimension1Panel/D1_ExploreVisualRoot/ShipPanel/Previous
31_record_to_explore	1080	1920	Canvas/HUD/VerticalUIRoot/VerticalSafeAreaRoot/ContentSlot/Dimension1Panel/D1_ExploreVisualRoot/ShipPanel/Previous	2	419.60	695.40	OK	Canvas/HUD/VerticalUIRoot/VerticalSafeAreaRoot/ContentSlot/Dimension1Panel/D1_ExploreVisualRoot/ShipPanel/Previous	Canvas/HUD/VerticalUIRoot/VerticalSafeAreaRoot/ContentSlot/Dimension1Panel/D1_ExploreVisualRoot/ShipPanel/Previous
31_record_to_explore	1080	1920	Canvas/HUD/VerticalUIRoot/VerticalSafeAreaRoot/ContentSlot/Dimension1Panel/D1_ExploreVisualRoot/ShipPanel/Previous	3	376.40	738.60	OK	Canvas/HUD/VerticalUIRoot/VerticalSafeAreaRoot/ContentSlot/Dimension1Panel/D1_ExploreVisualRoot/ShipPanel/Previous	Canvas/HUD/VerticalUIRoot/VerticalSafeAreaRoot/ContentSlot/Dimension1Panel/D1_ExploreVisualRoot/ShipPanel/Previous
31_record_to_explore	1080	1920	Canvas/HUD/VerticalUIRoot/VerticalSafeAreaRoot/ContentSlot/Dimension1Panel/D1_ExploreVisualRoot/ShipPanel/Previous	4	419.60	738.60	OK	Canvas/HUD/VerticalUIRoot/VerticalSafeAreaRoot/ContentSlot/Dimension1Panel/D1_ExploreVisualRoot/ShipPanel/Previous	Canvas/HUD/VerticalUIRoot/VerticalSafeAreaRoot/ContentSlot/Dimension1Panel/D1_ExploreVisualRoot/ShipPanel/Previous
31_record_to_explore	1080	1920	Canvas/HUD/VerticalUIRoot/VerticalSafeAreaRoot/ContentSlot/Dimension1Panel/D1_ExploreVisualRoot/ModePanel/CoordinatedMode	0	772.00	575.00	OK	Canvas/HUD/VerticalUIRoot/VerticalSafeAreaRoot/ContentSlot/Dimension1Panel/D1_ExploreVisualRoot/ModePanel/CoordinatedMode	Canvas/HUD/VerticalUIRoot/VerticalSafeAreaRoot/ContentSlot/Dimension1Panel/D1_ExploreVisualRoot/ModePanel/CoordinatedMode
31_record_to_explore	1080	1920	Canvas/HUD/VerticalUIRoot/VerticalSafeAreaRoot/ContentSlot/Dimension1Panel/D1_ExploreVisualRoot/ModePanel/CoordinatedMode	1	640.00	551.60	OK	Canvas/HUD/VerticalUIRoot/VerticalSafeAreaRoot/ContentSlot/Dimension1Panel/D1_ExploreVisualRoot/ModePanel/CoordinatedMode	Canvas/HUD/VerticalUIRoot/VerticalSafeAreaRoot/ContentSlot/Dimension1Panel/D1_ExploreVisualRoot/ModePanel/CoordinatedMode
31_record_to_explore	1080	1920	Canvas/HUD/VerticalUIRoot/VerticalSafeAreaRoot/ContentSlot/Dimension1Panel/D1_ExploreVisualRoot/ModePanel/CoordinatedMode	2	904.00	551.60	OK	Canvas/HUD/VerticalUIRoot/VerticalSafeAreaRoot/ContentSlot/Dimension1Panel/D1_ExploreVisualRoot/ModePanel/CoordinatedMode	Canvas/HUD/VerticalUIRoot/VerticalSafeAreaRoot/ContentSlot/Dimension1Panel/D1_ExploreVisualRoot/ModePanel/CoordinatedMode
31_record_to_explore	1080	1920	Canvas/HUD/VerticalUIRoot/VerticalSafeAreaRoot/ContentSlot/Dimension1Panel/D1_ExploreVisualRoot/ModePanel/CoordinatedMode	3	640.00	598.40	OK	Canvas/HUD/VerticalUIRoot/VerticalSafeAreaRoot/ContentSlot/Dimension1Panel/D1_ExploreVisualRoot/ModePanel/CoordinatedMode	Canvas/HUD/VerticalUIRoot/VerticalSafeAreaRoot/ContentSlot/Dimension1Panel/D1_ExploreVisualRoot/ModePanel/CoordinatedMode
31_record_to_explore	1080	1920	Canvas/HUD/VerticalUIRoot/VerticalSafeAreaRoot/ContentSlot/Dimension1Panel/D1_ExploreVisualRoot/ModePanel/CoordinatedMode	4	904.00	598.40	OK	Canvas/HUD/VerticalUIRoot/VerticalSafeAreaRoot/ContentSlot/Dimension1Panel/D1_ExploreVisualRoot/ModePanel/CoordinatedMode	Canvas/HUD/VerticalUIRoot/VerticalSafeAreaRoot/ContentSlot/Dimension1Panel/D1_ExploreVisualRoot/ModePanel/CoordinatedMode
31_record_to_explore	1080	1920	Canvas/HUD/VerticalUIRoot/VerticalSafeAreaRoot/ContentSlot/Dimension1Panel/D1_ExploreVisualRoot/SupportPanel/Next	0	976.00	717.00	OK	Canvas/HUD/VerticalUIRoot/VerticalSafeAreaRoot/ContentSlot/Dimension1Panel/D1_ExploreVisualRoot/SupportPanel/Next	Canvas/HUD/VerticalUIRoot/VerticalSafeAreaRoot/ContentSlot/Dimension1Panel/D1_ExploreVisualRoot/SupportPanel/Next
31_record_to_explore	1080	1920	Canvas/HUD/VerticalUIRoot/VerticalSafeAreaRoot/ContentSlot/Dimension1Panel/D1_ExploreVisualRoot/SupportPanel/Next	1	954.40	695.40	OK	Canvas/HUD/VerticalUIRoot/VerticalSafeAreaRoot/ContentSlot/Dimension1Panel/D1_ExploreVisualRoot/SupportPanel/Next	Canvas/HUD/VerticalUIRoot/VerticalSafeAreaRoot/ContentSlot/Dimension1Panel/D1_ExploreVisualRoot/SupportPanel/Next
31_record_to_explore	1080	1920	Canvas/HUD/VerticalUIRoot/VerticalSafeAreaRoot/ContentSlot/Dimension1Panel/D1_ExploreVisualRoot/SupportPanel/Next	2	997.60	695.40	OK	Canvas/HUD/VerticalUIRoot/VerticalSafeAreaRoot/ContentSlot/Dimension1Panel/D1_ExploreVisualRoot/SupportPanel/Next	Canvas/HUD/VerticalUIRoot/VerticalSafeAreaRoot/ContentSlot/Dimension1Panel/D1_ExploreVisualRoot/SupportPanel/Next
31_record_to_explore	1080	1920	Canvas/HUD/VerticalUIRoot/VerticalSafeAreaRoot/ContentSlot/Dimension1Panel/D1_ExploreVisualRoot/SupportPanel/Next	3	954.40	738.60	OK	Canvas/HUD/VerticalUIRoot/VerticalSafeAreaRoot/ContentSlot/Dimension1Panel/D1_ExploreVisualRoot/SupportPanel/Next	Canvas/HUD/VerticalUIRoot/VerticalSafeAreaRoot/ContentSlot/Dimension1Panel/D1_ExploreVisualRoot/SupportPanel/Next
31_record_to_explore	1080	1920	Canvas/HUD/VerticalUIRoot/VerticalSafeAreaRoot/ContentSlot/Dimension1Panel/D1_ExploreVisualRoot/SupportPanel/Next	4	997.60	738.60	OK	Canvas/HUD/VerticalUIRoot/VerticalSafeAreaRoot/ContentSlot/Dimension1Panel/D1_ExploreVisualRoot/SupportPanel/Next	Canvas/HUD/VerticalUIRoot/VerticalSafeAreaRoot/ContentSlot/Dimension1Panel/D1_ExploreVisualRoot/SupportPanel/Next
31_record_to_explore	1080	1920	Canvas/HUD/VerticalUIRoot/VerticalSafeAreaRoot/ContentSlot/Dimension1Panel/D1_ExploreVisualRoot/ExplorationRecord	0	832.00	281.00	OK	Canvas/HUD/VerticalUIRoot/VerticalSafeAreaRoot/ContentSlot/Dimension1Panel/D1_ExploreVisualRoot/ExplorationRecord	Canvas/HUD/VerticalUIRoot/VerticalSafeAreaRoot/ContentSlot/Dimension1Panel/D1_ExploreVisualRoot/ExplorationRecord
31_record_to_explore	1080	1920	Canvas/HUD/VerticalUIRoot/VerticalSafeAreaRoot/ContentSlot/Dimension1Panel/D1_ExploreVisualRoot/ExplorationRecord	1	721.60	244.40	OK	Canvas/HUD/VerticalUIRoot/VerticalSafeAreaRoot/ContentSlot/Dimension1Panel/D1_ExploreVisualRoot/ExplorationRecord	Canvas/HUD/VerticalUIRoot/VerticalSafeAreaRoot/ContentSlot/Dimension1Panel/D1_ExploreVisualRoot/ExplorationRecord
31_record_to_explore	1080	1920	Canvas/HUD/VerticalUIRoot/VerticalSafeAreaRoot/ContentSlot/Dimension1Panel/D1_ExploreVisualRoot/ExplorationRecord	2	942.40	244.40	OK	Canvas/HUD/VerticalUIRoot/VerticalSafeAreaRoot/ContentSlot/Dimension1Panel/D1_ExploreVisualRoot/ExplorationRecord	Canvas/HUD/VerticalUIRoot/VerticalSafeAreaRoot/ContentSlot/Dimension1Panel/D1_ExploreVisualRoot/ExplorationRecord
31_record_to_explore	1080	1920	Canvas/HUD/VerticalUIRoot/VerticalSafeAreaRoot/ContentSlot/Dimension1Panel/D1_ExploreVisualRoot/ExplorationRecord	3	721.60	317.60	OK	Canvas/HUD/VerticalUIRoot/VerticalSafeAreaRoot/ContentSlot/Dimension1Panel/D1_ExploreVisualRoot/ExplorationRecord	Canvas/HUD/VerticalUIRoot/VerticalSafeAreaRoot/ContentSlot/Dimension1Panel/D1_ExploreVisualRoot/ExplorationRecord
31_record_to_explore	1080	1920	Canvas/HUD/VerticalUIRoot/VerticalSafeAreaRoot/ContentSlot/Dimension1Panel/D1_ExploreVisualRoot/ExplorationRecord	4	942.40	317.60	OK	Canvas/HUD/VerticalUIRoot/VerticalSafeAreaRoot/ContentSlot/Dimension1Panel/D1_ExploreVisualRoot/ExplorationRecord	Canvas/HUD/VerticalUIRoot/VerticalSafeAreaRoot/ContentSlot/Dimension1Panel/D1_ExploreVisualRoot/ExplorationRecord
31_record_to_explore	1080	1920	Canvas/HUD/VerticalUIRoot/VerticalSafeAreaRoot/ContentSlot/Dimension1Panel/D1_ExploreVisualRoot/BottomNavigation/Nav_ÁRBOL	0	951.00	110.00	OK	Canvas/HUD/VerticalUIRoot/VerticalSafeAreaRoot/ContentSlot/Dimension1Panel/D1_ExploreVisualRoot/BottomNavigation/Nav_ÁRBOL	Canvas/HUD/VerticalUIRoot/VerticalSafeAreaRoot/ContentSlot/Dimension1Panel/D1_ExploreVisualRoot/BottomNavigation/Nav_ÁRBOL
31_record_to_explore	1080	1920	Canvas/HUD/VerticalUIRoot/VerticalSafeAreaRoot/ContentSlot/Dimension1Panel/D1_ExploreVisualRoot/BottomNavigation/Nav_ÁRBOL	1	891.60	57.20	OK	Canvas/HUD/VerticalUIRoot/VerticalSafeAreaRoot/ContentSlot/Dimension1Panel/D1_ExploreVisualRoot/BottomNavigation/Nav_ÁRBOL	Canvas/HUD/VerticalUIRoot/VerticalSafeAreaRoot/ContentSlot/Dimension1Panel/D1_ExploreVisualRoot/BottomNavigation/Nav_ÁRBOL
31_record_to_explore	1080	1920	Canvas/HUD/VerticalUIRoot/VerticalSafeAreaRoot/ContentSlot/Dimension1Panel/D1_ExploreVisualRoot/BottomNavigation/Nav_ÁRBOL	2	1010.40	57.20	OK	Canvas/HUD/VerticalUIRoot/VerticalSafeAreaRoot/ContentSlot/Dimension1Panel/D1_ExploreVisualRoot/BottomNavigation/Nav_ÁRBOL	Canvas/HUD/VerticalUIRoot/VerticalSafeAreaRoot/ContentSlot/Dimension1Panel/D1_ExploreVisualRoot/BottomNavigation/Nav_ÁRBOL
31_record_to_explore	1080	1920	Canvas/HUD/VerticalUIRoot/VerticalSafeAreaRoot/ContentSlot/Dimension1Panel/D1_ExploreVisualRoot/BottomNavigation/Nav_ÁRBOL	3	891.60	162.80	OK	Canvas/HUD/VerticalUIRoot/VerticalSafeAreaRoot/ContentSlot/Dimension1Panel/D1_ExploreVisualRoot/BottomNavigation/Nav_ÁRBOL	Canvas/HUD/VerticalUIRoot/VerticalSafeAreaRoot/ContentSlot/Dimension1Panel/D1_ExploreVisualRoot/BottomNavigation/Nav_ÁRBOL
31_record_to_explore	1080	1920	Canvas/HUD/VerticalUIRoot/VerticalSafeAreaRoot/ContentSlot/Dimension1Panel/D1_ExploreVisualRoot/BottomNavigation/Nav_ÁRBOL	4	1010.40	162.80	OK	Canvas/HUD/VerticalUIRoot/VerticalSafeAreaRoot/ContentSlot/Dimension1Panel/D1_ExploreVisualRoot/BottomNavigation/Nav_ÁRBOL	Canvas/HUD/VerticalUIRoot/VerticalSafeAreaRoot/ContentSlot/Dimension1Panel/D1_ExploreVisualRoot/BottomNavigation/Nav_ÁRBOL
31_record_to_explore	1080	1920	Canvas/HUD/VerticalUIRoot/VerticalSafeAreaRoot/ContentSlot/Dimension1Panel/D1_ExploreVisualRoot/SupportPanel/Previous	0	890.00	717.00	OK	Canvas/HUD/VerticalUIRoot/VerticalSafeAreaRoot/ContentSlot/Dimension1Panel/D1_ExploreVisualRoot/SupportPanel/Previous	Canvas/HUD/VerticalUIRoot/VerticalSafeAreaRoot/ContentSlot/Dimension1Panel/D1_ExploreVisualRoot/SupportPanel/Previous
31_record_to_explore	1080	1920	Canvas/HUD/VerticalUIRoot/VerticalSafeAreaRoot/ContentSlot/Dimension1Panel/D1_ExploreVisualRoot/SupportPanel/Previous	1	868.40	695.40	OK	Canvas/HUD/VerticalUIRoot/VerticalSafeAreaRoot/ContentSlot/Dimension1Panel/D1_ExploreVisualRoot/SupportPanel/Previous	Canvas/HUD/VerticalUIRoot/VerticalSafeAreaRoot/ContentSlot/Dimension1Panel/D1_ExploreVisualRoot/SupportPanel/Previous
31_record_to_explore	1080	1920	Canvas/HUD/VerticalUIRoot/VerticalSafeAreaRoot/ContentSlot/Dimension1Panel/D1_ExploreVisualRoot/SupportPanel/Previous	2	911.60	695.40	OK	Canvas/HUD/VerticalUIRoot/VerticalSafeAreaRoot/ContentSlot/Dimension1Panel/D1_ExploreVisualRoot/SupportPanel/Previous	Canvas/HUD/VerticalUIRoot/VerticalSafeAreaRoot/ContentSlot/Dimension1Panel/D1_ExploreVisualRoot/SupportPanel/Previous
31_record_to_explore	1080	1920	Canvas/HUD/VerticalUIRoot/VerticalSafeAreaRoot/ContentSlot/Dimension1Panel/D1_ExploreVisualRoot/SupportPanel/Previous	3	868.40	738.60	OK	Canvas/HUD/VerticalUIRoot/VerticalSafeAreaRoot/ContentSlot/Dimension1Panel/D1_ExploreVisualRoot/SupportPanel/Previous	Canvas/HUD/VerticalUIRoot/VerticalSafeAreaRoot/ContentSlot/Dimension1Panel/D1_ExploreVisualRoot/SupportPanel/Previous
31_record_to_explore	1080	1920	Canvas/HUD/VerticalUIRoot/VerticalSafeAreaRoot/ContentSlot/Dimension1Panel/D1_ExploreVisualRoot/SupportPanel/Previous	4	911.60	738.60	OK	Canvas/HUD/VerticalUIRoot/VerticalSafeAreaRoot/ContentSlot/Dimension1Panel/D1_ExploreVisualRoot/SupportPanel/Previous	Canvas/HUD/VerticalUIRoot/VerticalSafeAreaRoot/ContentSlot/Dimension1Panel/D1_ExploreVisualRoot/SupportPanel/Previous
31_record_to_explore	1080	1920	Canvas/HUD/VerticalUIRoot/VerticalSafeAreaRoot/ContentSlot/Dimension1Panel/D1_ExploreVisualRoot/ShipPanel/Next	0	484.00	717.00	OK	Canvas/HUD/VerticalUIRoot/VerticalSafeAreaRoot/ContentSlot/Dimension1Panel/D1_ExploreVisualRoot/ShipPanel/Next	Canvas/HUD/VerticalUIRoot/VerticalSafeAreaRoot/ContentSlot/Dimension1Panel/D1_ExploreVisualRoot/ShipPanel/Next
31_record_to_explore	1080	1920	Canvas/HUD/VerticalUIRoot/VerticalSafeAreaRoot/ContentSlot/Dimension1Panel/D1_ExploreVisualRoot/ShipPanel/Next	1	462.40	695.40	OK	Canvas/HUD/VerticalUIRoot/VerticalSafeAreaRoot/ContentSlot/Dimension1Panel/D1_ExploreVisualRoot/ShipPanel/Next	Canvas/HUD/VerticalUIRoot/VerticalSafeAreaRoot/ContentSlot/Dimension1Panel/D1_ExploreVisualRoot/ShipPanel/Next
31_record_to_explore	1080	1920	Canvas/HUD/VerticalUIRoot/VerticalSafeAreaRoot/ContentSlot/Dimension1Panel/D1_ExploreVisualRoot/ShipPanel/Next	2	505.60	695.40	OK	Canvas/HUD/VerticalUIRoot/VerticalSafeAreaRoot/ContentSlot/Dimension1Panel/D1_ExploreVisualRoot/ShipPanel/Next	Canvas/HUD/VerticalUIRoot/VerticalSafeAreaRoot/ContentSlot/Dimension1Panel/D1_ExploreVisualRoot/ShipPanel/Next
31_record_to_explore	1080	1920	Canvas/HUD/VerticalUIRoot/VerticalSafeAreaRoot/ContentSlot/Dimension1Panel/D1_ExploreVisualRoot/ShipPanel/Next	3	462.40	738.60	OK	Canvas/HUD/VerticalUIRoot/VerticalSafeAreaRoot/ContentSlot/Dimension1Panel/D1_ExploreVisualRoot/ShipPanel/Next	Canvas/HUD/VerticalUIRoot/VerticalSafeAreaRoot/ContentSlot/Dimension1Panel/D1_ExploreVisualRoot/ShipPanel/Next
31_record_to_explore	1080	1920	Canvas/HUD/VerticalUIRoot/VerticalSafeAreaRoot/ContentSlot/Dimension1Panel/D1_ExploreVisualRoot/ShipPanel/Next	4	505.60	738.60	OK	Canvas/HUD/VerticalUIRoot/VerticalSafeAreaRoot/ContentSlot/Dimension1Panel/D1_ExploreVisualRoot/ShipPanel/Next	Canvas/HUD/VerticalUIRoot/VerticalSafeAreaRoot/ContentSlot/Dimension1Panel/D1_ExploreVisualRoot/ShipPanel/Next
31_record_to_explore	1080	1920	Canvas/HUD/VerticalUIRoot/VerticalSafeAreaRoot/ContentSlot/Dimension1Panel/D1_ExploreVisualRoot/DestinationPanel/OpenDetails	0	918.00	1218.00	OK	Canvas/HUD/VerticalUIRoot/VerticalSafeAreaRoot/ContentSlot/Dimension1Panel/D1_ExploreVisualRoot/DestinationPanel/OpenDetails	Canvas/HUD/VerticalUIRoot/VerticalSafeAreaRoot/ContentSlot/Dimension1Panel/D1_ExploreVisualRoot/DestinationPanel/OpenDetails
31_record_to_explore	1080	1920	Canvas/HUD/VerticalUIRoot/VerticalSafeAreaRoot/ContentSlot/Dimension1Panel/D1_ExploreVisualRoot/DestinationPanel/OpenDetails	1	876.00	1200.60	OK	Canvas/HUD/VerticalUIRoot/VerticalSafeAreaRoot/ContentSlot/Dimension1Panel/D1_ExploreVisualRoot/DestinationPanel/OpenDetails	Canvas/HUD/VerticalUIRoot/VerticalSafeAreaRoot/ContentSlot/Dimension1Panel/D1_ExploreVisualRoot/DestinationPanel/OpenDetails
31_record_to_explore	1080	1920	Canvas/HUD/VerticalUIRoot/VerticalSafeAreaRoot/ContentSlot/Dimension1Panel/D1_ExploreVisualRoot/DestinationPanel/OpenDetails	2	960.00	1200.60	OK	Canvas/HUD/VerticalUIRoot/VerticalSafeAreaRoot/ContentSlot/Dimension1Panel/D1_ExploreVisualRoot/DestinationPanel/OpenDetails	Canvas/HUD/VerticalUIRoot/VerticalSafeAreaRoot/ContentSlot/Dimension1Panel/D1_ExploreVisualRoot/DestinationPanel/OpenDetails
31_record_to_explore	1080	1920	Canvas/HUD/VerticalUIRoot/VerticalSafeAreaRoot/ContentSlot/Dimension1Panel/D1_ExploreVisualRoot/DestinationPanel/OpenDetails	3	876.00	1235.40	OK	Canvas/HUD/VerticalUIRoot/VerticalSafeAreaRoot/ContentSlot/Dimension1Panel/D1_ExploreVisualRoot/DestinationPanel/OpenDetails	Canvas/HUD/VerticalUIRoot/VerticalSafeAreaRoot/ContentSlot/Dimension1Panel/D1_ExploreVisualRoot/DestinationPanel/OpenDetails
31_record_to_explore	1080	1920	Canvas/HUD/VerticalUIRoot/VerticalSafeAreaRoot/ContentSlot/Dimension1Panel/D1_ExploreVisualRoot/DestinationPanel/OpenDetails	4	960.00	1235.40	OK	Canvas/HUD/VerticalUIRoot/VerticalSafeAreaRoot/ContentSlot/Dimension1Panel/D1_ExploreVisualRoot/DestinationPanel/OpenDetails	Canvas/HUD/VerticalUIRoot/VerticalSafeAreaRoot/ContentSlot/Dimension1Panel/D1_ExploreVisualRoot/DestinationPanel/OpenDetails
31_record_to_explore	1080	1920	Canvas/HUD/VerticalUIRoot/VerticalSafeAreaRoot/ContentSlot/Dimension1Panel/D1_ExploreVisualRoot/ModePanel/SimpleMode	0	306.00	575.00	OK	Canvas/HUD/VerticalUIRoot/VerticalSafeAreaRoot/ContentSlot/Dimension1Panel/D1_ExploreVisualRoot/ModePanel/SimpleMode	Canvas/HUD/VerticalUIRoot/VerticalSafeAreaRoot/ContentSlot/Dimension1Panel/D1_ExploreVisualRoot/ModePanel/SimpleMode
31_record_to_explore	1080	1920	Canvas/HUD/VerticalUIRoot/VerticalSafeAreaRoot/ContentSlot/Dimension1Panel/D1_ExploreVisualRoot/ModePanel/SimpleMode	1	174.00	551.60	OK	Canvas/HUD/VerticalUIRoot/VerticalSafeAreaRoot/ContentSlot/Dimension1Panel/D1_ExploreVisualRoot/ModePanel/SimpleMode	Canvas/HUD/VerticalUIRoot/VerticalSafeAreaRoot/ContentSlot/Dimension1Panel/D1_ExploreVisualRoot/ModePanel/SimpleMode
31_record_to_explore	1080	1920	Canvas/HUD/VerticalUIRoot/VerticalSafeAreaRoot/ContentSlot/Dimension1Panel/D1_ExploreVisualRoot/ModePanel/SimpleMode	2	438.00	551.60	OK	Canvas/HUD/VerticalUIRoot/VerticalSafeAreaRoot/ContentSlot/Dimension1Panel/D1_ExploreVisualRoot/ModePanel/SimpleMode	Canvas/HUD/VerticalUIRoot/VerticalSafeAreaRoot/ContentSlot/Dimension1Panel/D1_ExploreVisualRoot/ModePanel/SimpleMode
31_record_to_explore	1080	1920	Canvas/HUD/VerticalUIRoot/VerticalSafeAreaRoot/ContentSlot/Dimension1Panel/D1_ExploreVisualRoot/ModePanel/SimpleMode	3	174.00	598.40	OK	Canvas/HUD/VerticalUIRoot/VerticalSafeAreaRoot/ContentSlot/Dimension1Panel/D1_ExploreVisualRoot/ModePanel/SimpleMode	Canvas/HUD/VerticalUIRoot/VerticalSafeAreaRoot/ContentSlot/Dimension1Panel/D1_ExploreVisualRoot/ModePanel/SimpleMode
31_record_to_explore	1080	1920	Canvas/HUD/VerticalUIRoot/VerticalSafeAreaRoot/ContentSlot/Dimension1Panel/D1_ExploreVisualRoot/ModePanel/SimpleMode	4	438.00	598.40	OK	Canvas/HUD/VerticalUIRoot/VerticalSafeAreaRoot/ContentSlot/Dimension1Panel/D1_ExploreVisualRoot/ModePanel/SimpleMode	Canvas/HUD/VerticalUIRoot/VerticalSafeAreaRoot/ContentSlot/Dimension1Panel/D1_ExploreVisualRoot/ModePanel/SimpleMode
31_record_to_explore	1080	1920	Canvas/HUD/VerticalUIRoot/VerticalSafeAreaRoot/ContentSlot/Dimension1Panel/OpenRelicChamberPanelButton	0	1240.00	1476.00	OFFSCREEN	<none>	<none>
31_record_to_explore	1080	1920	Canvas/HUD/VerticalUIRoot/VerticalSafeAreaRoot/ContentSlot/Dimension1Panel/OpenRelicChamberPanelButton	1	1192.00	1467.00	OFFSCREEN	<none>	<none>
31_record_to_explore	1080	1920	Canvas/HUD/VerticalUIRoot/VerticalSafeAreaRoot/ContentSlot/Dimension1Panel/OpenRelicChamberPanelButton	2	1288.00	1467.00	OFFSCREEN	<none>	<none>
31_record_to_explore	1080	1920	Canvas/HUD/VerticalUIRoot/VerticalSafeAreaRoot/ContentSlot/Dimension1Panel/OpenRelicChamberPanelButton	3	1192.00	1485.00	OFFSCREEN	<none>	<none>
31_record_to_explore	1080	1920	Canvas/HUD/VerticalUIRoot/VerticalSafeAreaRoot/ContentSlot/Dimension1Panel/OpenRelicChamberPanelButton	4	1288.00	1485.00	OFFSCREEN	<none>	<none>
31_record_to_explore	1080	1920	Canvas/HUD/VerticalUIRoot/VerticalSafeAreaRoot/ContentSlot/Dimension1Panel/OpenDimension1TreePanelButton	0	1240.00	1376.00	OFFSCREEN	<none>	<none>
31_record_to_explore	1080	1920	Canvas/HUD/VerticalUIRoot/VerticalSafeAreaRoot/ContentSlot/Dimension1Panel/OpenDimension1TreePanelButton	1	1192.00	1367.00	OFFSCREEN	<none>	<none>
31_record_to_explore	1080	1920	Canvas/HUD/VerticalUIRoot/VerticalSafeAreaRoot/ContentSlot/Dimension1Panel/OpenDimension1TreePanelButton	2	1288.00	1367.00	OFFSCREEN	<none>	<none>
31_record_to_explore	1080	1920	Canvas/HUD/VerticalUIRoot/VerticalSafeAreaRoot/ContentSlot/Dimension1Panel/OpenDimension1TreePanelButton	3	1192.00	1385.00	OFFSCREEN	<none>	<none>
31_record_to_explore	1080	1920	Canvas/HUD/VerticalUIRoot/VerticalSafeAreaRoot/ContentSlot/Dimension1Panel/OpenDimension1TreePanelButton	4	1288.00	1385.00	OFFSCREEN	<none>	<none>
31_record_to_explore	1080	1920	Canvas/HUD/VerticalUIRoot/VerticalSafeAreaRoot/ContentSlot/Dimension1Panel/D1_ExploreVisualRoot/BottomNavigation/Nav_HANGAR	0	537.00	110.00	OK	Canvas/HUD/VerticalUIRoot/VerticalSafeAreaRoot/ContentSlot/Dimension1Panel/D1_ExploreVisualRoot/BottomNavigation/Nav_HANGAR	Canvas/HUD/VerticalUIRoot/VerticalSafeAreaRoot/ContentSlot/Dimension1Panel/D1_ExploreVisualRoot/BottomNavigation/Nav_HANGAR
31_record_to_explore	1080	1920	Canvas/HUD/VerticalUIRoot/VerticalSafeAreaRoot/ContentSlot/Dimension1Panel/D1_ExploreVisualRoot/BottomNavigation/Nav_HANGAR	1	477.60	57.20	OK	Canvas/HUD/VerticalUIRoot/VerticalSafeAreaRoot/ContentSlot/Dimension1Panel/D1_ExploreVisualRoot/BottomNavigation/Nav_HANGAR	Canvas/HUD/VerticalUIRoot/VerticalSafeAreaRoot/ContentSlot/Dimension1Panel/D1_ExploreVisualRoot/BottomNavigation/Nav_HANGAR
31_record_to_explore	1080	1920	Canvas/HUD/VerticalUIRoot/VerticalSafeAreaRoot/ContentSlot/Dimension1Panel/D1_ExploreVisualRoot/BottomNavigation/Nav_HANGAR	2	596.40	57.20	OK	Canvas/HUD/VerticalUIRoot/VerticalSafeAreaRoot/ContentSlot/Dimension1Panel/D1_ExploreVisualRoot/BottomNavigation/Nav_HANGAR	Canvas/HUD/VerticalUIRoot/VerticalSafeAreaRoot/ContentSlot/Dimension1Panel/D1_ExploreVisualRoot/BottomNavigation/Nav_HANGAR
31_record_to_explore	1080	1920	Canvas/HUD/VerticalUIRoot/VerticalSafeAreaRoot/ContentSlot/Dimension1Panel/D1_ExploreVisualRoot/BottomNavigation/Nav_HANGAR	3	477.60	162.80	OK	Canvas/HUD/VerticalUIRoot/VerticalSafeAreaRoot/ContentSlot/Dimension1Panel/D1_ExploreVisualRoot/BottomNavigation/Nav_HANGAR	Canvas/HUD/VerticalUIRoot/VerticalSafeAreaRoot/ContentSlot/Dimension1Panel/D1_ExploreVisualRoot/BottomNavigation/Nav_HANGAR
31_record_to_explore	1080	1920	Canvas/HUD/VerticalUIRoot/VerticalSafeAreaRoot/ContentSlot/Dimension1Panel/D1_ExploreVisualRoot/BottomNavigation/Nav_HANGAR	4	596.40	162.80	OK	Canvas/HUD/VerticalUIRoot/VerticalSafeAreaRoot/ContentSlot/Dimension1Panel/D1_ExploreVisualRoot/BottomNavigation/Nav_HANGAR	Canvas/HUD/VerticalUIRoot/VerticalSafeAreaRoot/ContentSlot/Dimension1Panel/D1_ExploreVisualRoot/BottomNavigation/Nav_HANGAR
31_record_to_explore	1080	1920	Canvas/HUD/VerticalUIRoot/VerticalSafeAreaRoot/ContentSlot/Dimension1Panel/D1_ExploreVisualRoot/CommandCenter	0	112.00	1768.00	OK	Canvas/HUD/VerticalUIRoot/VerticalSafeAreaRoot/ContentSlot/Dimension1Panel/D1_ExploreVisualRoot/CommandCenter	Canvas/HUD/VerticalUIRoot/VerticalSafeAreaRoot/ContentSlot/Dimension1Panel/D1_ExploreVisualRoot/CommandCenter
31_record_to_explore	1080	1920	Canvas/HUD/VerticalUIRoot/VerticalSafeAreaRoot/ContentSlot/Dimension1Panel/D1_ExploreVisualRoot/CommandCenter	1	59.20	1738.00	OK	Canvas/HUD/VerticalUIRoot/VerticalSafeAreaRoot/ContentSlot/Dimension1Panel/D1_ExploreVisualRoot/CommandCenter	Canvas/HUD/VerticalUIRoot/VerticalSafeAreaRoot/ContentSlot/Dimension1Panel/D1_ExploreVisualRoot/CommandCenter
31_record_to_explore	1080	1920	Canvas/HUD/VerticalUIRoot/VerticalSafeAreaRoot/ContentSlot/Dimension1Panel/D1_ExploreVisualRoot/CommandCenter	2	164.80	1738.00	OK	Canvas/HUD/VerticalUIRoot/VerticalSafeAreaRoot/ContentSlot/Dimension1Panel/D1_ExploreVisualRoot/CommandCenter	Canvas/HUD/VerticalUIRoot/VerticalSafeAreaRoot/ContentSlot/Dimension1Panel/D1_ExploreVisualRoot/CommandCenter
31_record_to_explore	1080	1920	Canvas/HUD/VerticalUIRoot/VerticalSafeAreaRoot/ContentSlot/Dimension1Panel/D1_ExploreVisualRoot/CommandCenter	3	59.20	1798.00	OK	Canvas/HUD/VerticalUIRoot/VerticalSafeAreaRoot/ContentSlot/Dimension1Panel/D1_ExploreVisualRoot/CommandCenter	Canvas/HUD/VerticalUIRoot/VerticalSafeAreaRoot/ContentSlot/Dimension1Panel/D1_ExploreVisualRoot/CommandCenter
31_record_to_explore	1080	1920	Canvas/HUD/VerticalUIRoot/VerticalSafeAreaRoot/ContentSlot/Dimension1Panel/D1_ExploreVisualRoot/CommandCenter	4	164.80	1798.00	OK	Canvas/HUD/VerticalUIRoot/VerticalSafeAreaRoot/ContentSlot/Dimension1Panel/D1_ExploreVisualRoot/CommandCenter	Canvas/HUD/VerticalUIRoot/VerticalSafeAreaRoot/ContentSlot/Dimension1Panel/D1_ExploreVisualRoot/CommandCenter
31_record_to_explore	1080	1920	Canvas/HUD/VerticalUIRoot/VerticalSafeAreaRoot/ContentSlot/Dimension1Panel/OpenHangarPanelButton	0	1240.00	1426.00	OFFSCREEN	<none>	<none>
31_record_to_explore	1080	1920	Canvas/HUD/VerticalUIRoot/VerticalSafeAreaRoot/ContentSlot/Dimension1Panel/OpenHangarPanelButton	1	1192.00	1417.00	OFFSCREEN	<none>	<none>
31_record_to_explore	1080	1920	Canvas/HUD/VerticalUIRoot/VerticalSafeAreaRoot/ContentSlot/Dimension1Panel/OpenHangarPanelButton	2	1288.00	1417.00	OFFSCREEN	<none>	<none>
31_record_to_explore	1080	1920	Canvas/HUD/VerticalUIRoot/VerticalSafeAreaRoot/ContentSlot/Dimension1Panel/OpenHangarPanelButton	3	1192.00	1435.00	OFFSCREEN	<none>	<none>
31_record_to_explore	1080	1920	Canvas/HUD/VerticalUIRoot/VerticalSafeAreaRoot/ContentSlot/Dimension1Panel/OpenHangarPanelButton	4	1288.00	1435.00	OFFSCREEN	<none>	<none>
31_record_to_explore	1080	1920	Canvas/HUD/VerticalUIRoot/VerticalSafeAreaRoot/ContentSlot/Dimension1Panel/D1_ExploreVisualRoot/ActiveExpedition/Previous	0	632.00	420.00	OK	Canvas/HUD/VerticalUIRoot/VerticalSafeAreaRoot/ContentSlot/Dimension1Panel/D1_ExploreVisualRoot/ActiveExpedition/Previous	Canvas/HUD/VerticalUIRoot/VerticalSafeAreaRoot/ContentSlot/Dimension1Panel/D1_ExploreVisualRoot/ActiveExpedition/Previous
31_record_to_explore	1080	1920	Canvas/HUD/VerticalUIRoot/VerticalSafeAreaRoot/ContentSlot/Dimension1Panel/D1_ExploreVisualRoot/ActiveExpedition/Previous	1	610.40	398.40	OK	Canvas/HUD/VerticalUIRoot/VerticalSafeAreaRoot/ContentSlot/Dimension1Panel/D1_ExploreVisualRoot/ActiveExpedition/Previous	Canvas/HUD/VerticalUIRoot/VerticalSafeAreaRoot/ContentSlot/Dimension1Panel/D1_ExploreVisualRoot/ActiveExpedition/Previous
31_record_to_explore	1080	1920	Canvas/HUD/VerticalUIRoot/VerticalSafeAreaRoot/ContentSlot/Dimension1Panel/D1_ExploreVisualRoot/ActiveExpedition/Previous	2	653.60	398.40	OK	Canvas/HUD/VerticalUIRoot/VerticalSafeAreaRoot/ContentSlot/Dimension1Panel/D1_ExploreVisualRoot/ActiveExpedition/Previous	Canvas/HUD/VerticalUIRoot/VerticalSafeAreaRoot/ContentSlot/Dimension1Panel/D1_ExploreVisualRoot/ActiveExpedition/Previous
31_record_to_explore	1080	1920	Canvas/HUD/VerticalUIRoot/VerticalSafeAreaRoot/ContentSlot/Dimension1Panel/D1_ExploreVisualRoot/ActiveExpedition/Previous	3	610.40	441.60	OK	Canvas/HUD/VerticalUIRoot/VerticalSafeAreaRoot/ContentSlot/Dimension1Panel/D1_ExploreVisualRoot/ActiveExpedition/Previous	Canvas/HUD/VerticalUIRoot/VerticalSafeAreaRoot/ContentSlot/Dimension1Panel/D1_ExploreVisualRoot/ActiveExpedition/Previous
31_record_to_explore	1080	1920	Canvas/HUD/VerticalUIRoot/VerticalSafeAreaRoot/ContentSlot/Dimension1Panel/D1_ExploreVisualRoot/ActiveExpedition/Previous	4	653.60	441.60	OK	Canvas/HUD/VerticalUIRoot/VerticalSafeAreaRoot/ContentSlot/Dimension1Panel/D1_ExploreVisualRoot/ActiveExpedition/Previous	Canvas/HUD/VerticalUIRoot/VerticalSafeAreaRoot/ContentSlot/Dimension1Panel/D1_ExploreVisualRoot/ActiveExpedition/Previous
31_record_to_explore	1080	1920	Canvas/HUD/VerticalUIRoot/VerticalSafeAreaRoot/ContentSlot/Dimension1Panel/D1_ExploreVisualRoot/BottomNavigation/Nav_GALAXIA	0	123.00	110.00	OK	Canvas/HUD/VerticalUIRoot/VerticalSafeAreaRoot/ContentSlot/Dimension1Panel/D1_ExploreVisualRoot/BottomNavigation/Nav_GALAXIA	Canvas/HUD/VerticalUIRoot/VerticalSafeAreaRoot/ContentSlot/Dimension1Panel/D1_ExploreVisualRoot/BottomNavigation/Nav_GALAXIA
31_record_to_explore	1080	1920	Canvas/HUD/VerticalUIRoot/VerticalSafeAreaRoot/ContentSlot/Dimension1Panel/D1_ExploreVisualRoot/BottomNavigation/Nav_GALAXIA	1	63.60	57.20	OK	Canvas/HUD/VerticalUIRoot/VerticalSafeAreaRoot/ContentSlot/Dimension1Panel/D1_ExploreVisualRoot/BottomNavigation/Nav_GALAXIA	Canvas/HUD/VerticalUIRoot/VerticalSafeAreaRoot/ContentSlot/Dimension1Panel/D1_ExploreVisualRoot/BottomNavigation/Nav_GALAXIA
31_record_to_explore	1080	1920	Canvas/HUD/VerticalUIRoot/VerticalSafeAreaRoot/ContentSlot/Dimension1Panel/D1_ExploreVisualRoot/BottomNavigation/Nav_GALAXIA	2	182.40	57.20	OK	Canvas/HUD/VerticalUIRoot/VerticalSafeAreaRoot/ContentSlot/Dimension1Panel/D1_ExploreVisualRoot/BottomNavigation/Nav_GALAXIA	Canvas/HUD/VerticalUIRoot/VerticalSafeAreaRoot/ContentSlot/Dimension1Panel/D1_ExploreVisualRoot/BottomNavigation/Nav_GALAXIA
31_record_to_explore	1080	1920	Canvas/HUD/VerticalUIRoot/VerticalSafeAreaRoot/ContentSlot/Dimension1Panel/D1_ExploreVisualRoot/BottomNavigation/Nav_GALAXIA	3	63.60	162.80	OK	Canvas/HUD/VerticalUIRoot/VerticalSafeAreaRoot/ContentSlot/Dimension1Panel/D1_ExploreVisualRoot/BottomNavigation/Nav_GALAXIA	Canvas/HUD/VerticalUIRoot/VerticalSafeAreaRoot/ContentSlot/Dimension1Panel/D1_ExploreVisualRoot/BottomNavigation/Nav_GALAXIA
31_record_to_explore	1080	1920	Canvas/HUD/VerticalUIRoot/VerticalSafeAreaRoot/ContentSlot/Dimension1Panel/D1_ExploreVisualRoot/BottomNavigation/Nav_GALAXIA	4	182.40	162.80	OK	Canvas/HUD/VerticalUIRoot/VerticalSafeAreaRoot/ContentSlot/Dimension1Panel/D1_ExploreVisualRoot/BottomNavigation/Nav_GALAXIA	Canvas/HUD/VerticalUIRoot/VerticalSafeAreaRoot/ContentSlot/Dimension1Panel/D1_ExploreVisualRoot/BottomNavigation/Nav_GALAXIA
31_record_to_explore	1080	1920	Canvas/HUD/VerticalUIRoot/VerticalSafeAreaRoot/ContentSlot/Dimension1Panel/Registro	0	-60.00	1426.00	OFFSCREEN	<none>	<none>
31_record_to_explore	1080	1920	Canvas/HUD/VerticalUIRoot/VerticalSafeAreaRoot/ContentSlot/Dimension1Panel/Registro	1	-108.00	1417.00	OFFSCREEN	<none>	<none>
31_record_to_explore	1080	1920	Canvas/HUD/VerticalUIRoot/VerticalSafeAreaRoot/ContentSlot/Dimension1Panel/Registro	2	-12.00	1417.00	OFFSCREEN	<none>	<none>
31_record_to_explore	1080	1920	Canvas/HUD/VerticalUIRoot/VerticalSafeAreaRoot/ContentSlot/Dimension1Panel/Registro	3	-108.00	1435.00	OFFSCREEN	<none>	<none>
31_record_to_explore	1080	1920	Canvas/HUD/VerticalUIRoot/VerticalSafeAreaRoot/ContentSlot/Dimension1Panel/Registro	4	-12.00	1435.00	OFFSCREEN	<none>	<none>
31_record_to_explore	1080	1920	Canvas/HUD/VerticalUIRoot/VerticalSafeAreaRoot/ContentSlot/Dimension1Panel/D1_ExploreVisualRoot/ScannerPanel/ChangeSector	0	864.00	1567.00	OK	Canvas/HUD/VerticalUIRoot/VerticalSafeAreaRoot/ContentSlot/Dimension1Panel/D1_ExploreVisualRoot/ScannerPanel/ChangeSector	Canvas/HUD/VerticalUIRoot/VerticalSafeAreaRoot/ContentSlot/Dimension1Panel/D1_ExploreVisualRoot/ScannerPanel/ChangeSector
31_record_to_explore	1080	1920	Canvas/HUD/VerticalUIRoot/VerticalSafeAreaRoot/ContentSlot/Dimension1Panel/D1_ExploreVisualRoot/ScannerPanel/ChangeSector	1	794.40	1548.40	OK	Canvas/HUD/VerticalUIRoot/VerticalSafeAreaRoot/ContentSlot/Dimension1Panel/D1_ExploreVisualRoot/ScannerPanel/ChangeSector	Canvas/HUD/VerticalUIRoot/VerticalSafeAreaRoot/ContentSlot/Dimension1Panel/D1_ExploreVisualRoot/ScannerPanel/ChangeSector
31_record_to_explore	1080	1920	Canvas/HUD/VerticalUIRoot/VerticalSafeAreaRoot/ContentSlot/Dimension1Panel/D1_ExploreVisualRoot/ScannerPanel/ChangeSector	2	933.60	1548.40	OK	Canvas/HUD/VerticalUIRoot/VerticalSafeAreaRoot/ContentSlot/Dimension1Panel/D1_ExploreVisualRoot/ScannerPanel/ChangeSector	Canvas/HUD/VerticalUIRoot/VerticalSafeAreaRoot/ContentSlot/Dimension1Panel/D1_ExploreVisualRoot/ScannerPanel/ChangeSector
31_record_to_explore	1080	1920	Canvas/HUD/VerticalUIRoot/VerticalSafeAreaRoot/ContentSlot/Dimension1Panel/D1_ExploreVisualRoot/ScannerPanel/ChangeSector	3	794.40	1585.60	OK	Canvas/HUD/VerticalUIRoot/VerticalSafeAreaRoot/ContentSlot/Dimension1Panel/D1_ExploreVisualRoot/ScannerPanel/ChangeSector	Canvas/HUD/VerticalUIRoot/VerticalSafeAreaRoot/ContentSlot/Dimension1Panel/D1_ExploreVisualRoot/ScannerPanel/ChangeSector
31_record_to_explore	1080	1920	Canvas/HUD/VerticalUIRoot/VerticalSafeAreaRoot/ContentSlot/Dimension1Panel/D1_ExploreVisualRoot/ScannerPanel/ChangeSector	4	933.60	1585.60	OK	Canvas/HUD/VerticalUIRoot/VerticalSafeAreaRoot/ContentSlot/Dimension1Panel/D1_ExploreVisualRoot/ScannerPanel/ChangeSector	Canvas/HUD/VerticalUIRoot/VerticalSafeAreaRoot/ContentSlot/Dimension1Panel/D1_ExploreVisualRoot/ScannerPanel/ChangeSector
31_record_to_explore	1080	1920	Canvas/HUD/VerticalUIRoot/VerticalSafeAreaRoot/ContentSlot/Dimension1Panel/D1_ExploreVisualRoot/MetalsButton	0	921.50	1768.00	OK	Canvas/HUD/VerticalUIRoot/VerticalSafeAreaRoot/ContentSlot/Dimension1Panel/D1_ExploreVisualRoot/MetalsButton	Canvas/HUD/VerticalUIRoot/VerticalSafeAreaRoot/ContentSlot/Dimension1Panel/D1_ExploreVisualRoot/MetalsButton
31_record_to_explore	1080	1920	Canvas/HUD/VerticalUIRoot/VerticalSafeAreaRoot/ContentSlot/Dimension1Panel/D1_ExploreVisualRoot/MetalsButton	1	848.00	1738.00	OK	Canvas/HUD/VerticalUIRoot/VerticalSafeAreaRoot/ContentSlot/Dimension1Panel/D1_ExploreVisualRoot/MetalsButton	Canvas/HUD/VerticalUIRoot/VerticalSafeAreaRoot/ContentSlot/Dimension1Panel/D1_ExploreVisualRoot/MetalsButton
31_record_to_explore	1080	1920	Canvas/HUD/VerticalUIRoot/VerticalSafeAreaRoot/ContentSlot/Dimension1Panel/D1_ExploreVisualRoot/MetalsButton	2	995.00	1738.00	OK	Canvas/HUD/VerticalUIRoot/VerticalSafeAreaRoot/ContentSlot/Dimension1Panel/D1_ExploreVisualRoot/MetalsButton	Canvas/HUD/VerticalUIRoot/VerticalSafeAreaRoot/ContentSlot/Dimension1Panel/D1_ExploreVisualRoot/MetalsButton
31_record_to_explore	1080	1920	Canvas/HUD/VerticalUIRoot/VerticalSafeAreaRoot/ContentSlot/Dimension1Panel/D1_ExploreVisualRoot/MetalsButton	3	848.00	1798.00	OK	Canvas/HUD/VerticalUIRoot/VerticalSafeAreaRoot/ContentSlot/Dimension1Panel/D1_ExploreVisualRoot/MetalsButton	Canvas/HUD/VerticalUIRoot/VerticalSafeAreaRoot/ContentSlot/Dimension1Panel/D1_ExploreVisualRoot/MetalsButton
31_record_to_explore	1080	1920	Canvas/HUD/VerticalUIRoot/VerticalSafeAreaRoot/ContentSlot/Dimension1Panel/D1_ExploreVisualRoot/MetalsButton	4	995.00	1798.00	OK	Canvas/HUD/VerticalUIRoot/VerticalSafeAreaRoot/ContentSlot/Dimension1Panel/D1_ExploreVisualRoot/MetalsButton	Canvas/HUD/VerticalUIRoot/VerticalSafeAreaRoot/ContentSlot/Dimension1Panel/D1_ExploreVisualRoot/MetalsButton
31_record_to_explore	1080	1920	Canvas/HUD/VerticalUIRoot/VerticalSafeAreaRoot/ContentSlot/Dimension1Panel/OpenGalaxyPanelButton	0	1240.00	1526.00	OFFSCREEN	<none>	<none>
31_record_to_explore	1080	1920	Canvas/HUD/VerticalUIRoot/VerticalSafeAreaRoot/ContentSlot/Dimension1Panel/OpenGalaxyPanelButton	1	1192.00	1517.00	OFFSCREEN	<none>	<none>
31_record_to_explore	1080	1920	Canvas/HUD/VerticalUIRoot/VerticalSafeAreaRoot/ContentSlot/Dimension1Panel/OpenGalaxyPanelButton	2	1288.00	1517.00	OFFSCREEN	<none>	<none>
31_record_to_explore	1080	1920	Canvas/HUD/VerticalUIRoot/VerticalSafeAreaRoot/ContentSlot/Dimension1Panel/OpenGalaxyPanelButton	3	1192.00	1535.00	OFFSCREEN	<none>	<none>
31_record_to_explore	1080	1920	Canvas/HUD/VerticalUIRoot/VerticalSafeAreaRoot/ContentSlot/Dimension1Panel/OpenGalaxyPanelButton	4	1288.00	1535.00	OFFSCREEN	<none>	<none>
32_return_center	1080	1920	Canvas/HUD/VerticalUIRoot/VerticalSafeAreaRoot/ContentSlot/Dimension1Panel/D1CommandCenterProductionRoot/DimensionDrawerToggle	0	540.00	227.00	OK	Canvas/HUD/VerticalUIRoot/VerticalSafeAreaRoot/ContentSlot/Dimension1Panel/D1CommandCenterProductionRoot/DimensionDrawerToggle	Canvas/HUD/VerticalUIRoot/VerticalSafeAreaRoot/ContentSlot/Dimension1Panel/D1CommandCenterProductionRoot/DimensionDrawerToggle
32_return_center	1080	1920	Canvas/HUD/VerticalUIRoot/VerticalSafeAreaRoot/ContentSlot/Dimension1Panel/D1CommandCenterProductionRoot/DimensionDrawerToggle	1	465.00	216.80	OK	Canvas/HUD/VerticalUIRoot/VerticalSafeAreaRoot/ContentSlot/Dimension1Panel/D1CommandCenterProductionRoot/DimensionDrawerToggle	Canvas/HUD/VerticalUIRoot/VerticalSafeAreaRoot/ContentSlot/Dimension1Panel/D1CommandCenterProductionRoot/DimensionDrawerToggle
32_return_center	1080	1920	Canvas/HUD/VerticalUIRoot/VerticalSafeAreaRoot/ContentSlot/Dimension1Panel/D1CommandCenterProductionRoot/DimensionDrawerToggle	2	615.00	216.80	OK	Canvas/HUD/VerticalUIRoot/VerticalSafeAreaRoot/ContentSlot/Dimension1Panel/D1CommandCenterProductionRoot/DimensionDrawerToggle	Canvas/HUD/VerticalUIRoot/VerticalSafeAreaRoot/ContentSlot/Dimension1Panel/D1CommandCenterProductionRoot/DimensionDrawerToggle
32_return_center	1080	1920	Canvas/HUD/VerticalUIRoot/VerticalSafeAreaRoot/ContentSlot/Dimension1Panel/D1CommandCenterProductionRoot/DimensionDrawerToggle	3	465.00	237.20	OK	Canvas/HUD/VerticalUIRoot/VerticalSafeAreaRoot/ContentSlot/Dimension1Panel/D1CommandCenterProductionRoot/DimensionDrawerToggle	Canvas/HUD/VerticalUIRoot/VerticalSafeAreaRoot/ContentSlot/Dimension1Panel/D1CommandCenterProductionRoot/DimensionDrawerToggle
32_return_center	1080	1920	Canvas/HUD/VerticalUIRoot/VerticalSafeAreaRoot/ContentSlot/Dimension1Panel/D1CommandCenterProductionRoot/DimensionDrawerToggle	4	615.00	237.20	OK	Canvas/HUD/VerticalUIRoot/VerticalSafeAreaRoot/ContentSlot/Dimension1Panel/D1CommandCenterProductionRoot/DimensionDrawerToggle	Canvas/HUD/VerticalUIRoot/VerticalSafeAreaRoot/ContentSlot/Dimension1Panel/D1CommandCenterProductionRoot/DimensionDrawerToggle
32_return_center	1080	1920	Canvas/HUD/VerticalUIRoot/VerticalSafeAreaRoot/ContentSlot/Dimension1Panel/D1CommandCenterProductionRoot/CommandDashboard/ScannerCard	0	151.00	989.00	OK	Canvas/HUD/VerticalUIRoot/VerticalSafeAreaRoot/ContentSlot/Dimension1Panel/D1CommandCenterProductionRoot/CommandDashboard/ScannerCard	Canvas/HUD/VerticalUIRoot/VerticalSafeAreaRoot/ContentSlot/Dimension1Panel/D1CommandCenterProductionRoot/CommandDashboard/ScannerCard
32_return_center	1080	1920	Canvas/HUD/VerticalUIRoot/VerticalSafeAreaRoot/ContentSlot/Dimension1Panel/D1CommandCenterProductionRoot/CommandDashboard/ScannerCard	1	65.20	903.80	OK	Canvas/HUD/VerticalUIRoot/VerticalSafeAreaRoot/ContentSlot/Dimension1Panel/D1CommandCenterProductionRoot/CommandDashboard/ScannerCard	Canvas/HUD/VerticalUIRoot/VerticalSafeAreaRoot/ContentSlot/Dimension1Panel/D1CommandCenterProductionRoot/CommandDashboard/ScannerCard
32_return_center	1080	1920	Canvas/HUD/VerticalUIRoot/VerticalSafeAreaRoot/ContentSlot/Dimension1Panel/D1CommandCenterProductionRoot/CommandDashboard/ScannerCard	2	236.80	903.80	OK	Canvas/HUD/VerticalUIRoot/VerticalSafeAreaRoot/ContentSlot/Dimension1Panel/D1CommandCenterProductionRoot/CommandDashboard/ScannerCard	Canvas/HUD/VerticalUIRoot/VerticalSafeAreaRoot/ContentSlot/Dimension1Panel/D1CommandCenterProductionRoot/CommandDashboard/ScannerCard
32_return_center	1080	1920	Canvas/HUD/VerticalUIRoot/VerticalSafeAreaRoot/ContentSlot/Dimension1Panel/D1CommandCenterProductionRoot/CommandDashboard/ScannerCard	3	65.20	1074.20	OK	Canvas/HUD/VerticalUIRoot/VerticalSafeAreaRoot/ContentSlot/Dimension1Panel/D1CommandCenterProductionRoot/CommandDashboard/ScannerCard/DetailedLineIcon	Canvas/HUD/VerticalUIRoot/VerticalSafeAreaRoot/ContentSlot/Dimension1Panel/D1CommandCenterProductionRoot/CommandDashboard/ScannerCard
32_return_center	1080	1920	Canvas/HUD/VerticalUIRoot/VerticalSafeAreaRoot/ContentSlot/Dimension1Panel/D1CommandCenterProductionRoot/CommandDashboard/ScannerCard	4	236.80	1074.20	OK	Canvas/HUD/VerticalUIRoot/VerticalSafeAreaRoot/ContentSlot/Dimension1Panel/D1CommandCenterProductionRoot/CommandDashboard/ScannerCard/DetailedLineIcon	Canvas/HUD/VerticalUIRoot/VerticalSafeAreaRoot/ContentSlot/Dimension1Panel/D1CommandCenterProductionRoot/CommandDashboard/ScannerCard
32_return_center	1080	1920	Canvas/HUD/VerticalUIRoot/VerticalSafeAreaRoot/ContentSlot/Dimension1Panel/D1CommandCenterProductionRoot/CommandDashboard/FleetCard	0	151.00	686.00	OK	Canvas/HUD/VerticalUIRoot/VerticalSafeAreaRoot/ContentSlot/Dimension1Panel/D1CommandCenterProductionRoot/CommandDashboard/FleetCard	Canvas/HUD/VerticalUIRoot/VerticalSafeAreaRoot/ContentSlot/Dimension1Panel/D1CommandCenterProductionRoot/CommandDashboard/FleetCard
32_return_center	1080	1920	Canvas/HUD/VerticalUIRoot/VerticalSafeAreaRoot/ContentSlot/Dimension1Panel/D1CommandCenterProductionRoot/CommandDashboard/FleetCard	1	65.20	600.80	OK	Canvas/HUD/VerticalUIRoot/VerticalSafeAreaRoot/ContentSlot/Dimension1Panel/D1CommandCenterProductionRoot/CommandDashboard/FleetCard	Canvas/HUD/VerticalUIRoot/VerticalSafeAreaRoot/ContentSlot/Dimension1Panel/D1CommandCenterProductionRoot/CommandDashboard/FleetCard
32_return_center	1080	1920	Canvas/HUD/VerticalUIRoot/VerticalSafeAreaRoot/ContentSlot/Dimension1Panel/D1CommandCenterProductionRoot/CommandDashboard/FleetCard	2	236.80	600.80	OK	Canvas/HUD/VerticalUIRoot/VerticalSafeAreaRoot/ContentSlot/Dimension1Panel/D1CommandCenterProductionRoot/CommandDashboard/FleetCard	Canvas/HUD/VerticalUIRoot/VerticalSafeAreaRoot/ContentSlot/Dimension1Panel/D1CommandCenterProductionRoot/CommandDashboard/FleetCard
32_return_center	1080	1920	Canvas/HUD/VerticalUIRoot/VerticalSafeAreaRoot/ContentSlot/Dimension1Panel/D1CommandCenterProductionRoot/CommandDashboard/FleetCard	3	65.20	771.20	OK	Canvas/HUD/VerticalUIRoot/VerticalSafeAreaRoot/ContentSlot/Dimension1Panel/D1CommandCenterProductionRoot/CommandDashboard/FleetCard/DetailedLineIcon	Canvas/HUD/VerticalUIRoot/VerticalSafeAreaRoot/ContentSlot/Dimension1Panel/D1CommandCenterProductionRoot/CommandDashboard/FleetCard
32_return_center	1080	1920	Canvas/HUD/VerticalUIRoot/VerticalSafeAreaRoot/ContentSlot/Dimension1Panel/D1CommandCenterProductionRoot/CommandDashboard/FleetCard	4	236.80	771.20	OK	Canvas/HUD/VerticalUIRoot/VerticalSafeAreaRoot/ContentSlot/Dimension1Panel/D1CommandCenterProductionRoot/CommandDashboard/FleetCard/DetailedLineIcon	Canvas/HUD/VerticalUIRoot/VerticalSafeAreaRoot/ContentSlot/Dimension1Panel/D1CommandCenterProductionRoot/CommandDashboard/FleetCard
32_return_center	1080	1920	Canvas/HUD/VerticalUIRoot/VerticalSafeAreaRoot/ContentSlot/Dimension1Panel/D1CommandCenterProductionRoot/Nav_EXPLORAR	0	330.00	110.00	OK	Canvas/HUD/VerticalUIRoot/VerticalSafeAreaRoot/ContentSlot/Dimension1Panel/D1CommandCenterProductionRoot/Nav_EXPLORAR	Canvas/HUD/VerticalUIRoot/VerticalSafeAreaRoot/ContentSlot/Dimension1Panel/D1CommandCenterProductionRoot/Nav_EXPLORAR
32_return_center	1080	1920	Canvas/HUD/VerticalUIRoot/VerticalSafeAreaRoot/ContentSlot/Dimension1Panel/D1CommandCenterProductionRoot/Nav_EXPLORAR	1	270.60	57.20	OK	Canvas/HUD/VerticalUIRoot/VerticalSafeAreaRoot/ContentSlot/Dimension1Panel/D1CommandCenterProductionRoot/Nav_EXPLORAR	Canvas/HUD/VerticalUIRoot/VerticalSafeAreaRoot/ContentSlot/Dimension1Panel/D1CommandCenterProductionRoot/Nav_EXPLORAR
32_return_center	1080	1920	Canvas/HUD/VerticalUIRoot/VerticalSafeAreaRoot/ContentSlot/Dimension1Panel/D1CommandCenterProductionRoot/Nav_EXPLORAR	2	389.40	57.20	OK	Canvas/HUD/VerticalUIRoot/VerticalSafeAreaRoot/ContentSlot/Dimension1Panel/D1CommandCenterProductionRoot/Nav_EXPLORAR	Canvas/HUD/VerticalUIRoot/VerticalSafeAreaRoot/ContentSlot/Dimension1Panel/D1CommandCenterProductionRoot/Nav_EXPLORAR
32_return_center	1080	1920	Canvas/HUD/VerticalUIRoot/VerticalSafeAreaRoot/ContentSlot/Dimension1Panel/D1CommandCenterProductionRoot/Nav_EXPLORAR	3	270.60	162.80	OK	Canvas/HUD/VerticalUIRoot/VerticalSafeAreaRoot/ContentSlot/Dimension1Panel/D1CommandCenterProductionRoot/Nav_EXPLORAR	Canvas/HUD/VerticalUIRoot/VerticalSafeAreaRoot/ContentSlot/Dimension1Panel/D1CommandCenterProductionRoot/Nav_EXPLORAR
32_return_center	1080	1920	Canvas/HUD/VerticalUIRoot/VerticalSafeAreaRoot/ContentSlot/Dimension1Panel/D1CommandCenterProductionRoot/Nav_EXPLORAR	4	389.40	162.80	OK	Canvas/HUD/VerticalUIRoot/VerticalSafeAreaRoot/ContentSlot/Dimension1Panel/D1CommandCenterProductionRoot/Nav_EXPLORAR	Canvas/HUD/VerticalUIRoot/VerticalSafeAreaRoot/ContentSlot/Dimension1Panel/D1CommandCenterProductionRoot/Nav_EXPLORAR
32_return_center	1080	1920	Canvas/HUD/VerticalUIRoot/VerticalSafeAreaRoot/ContentSlot/Dimension1Panel/D1CommandCenterProductionRoot/CommandDashboard/RelicsCard	0	929.00	1292.00	OK	Canvas/HUD/VerticalUIRoot/VerticalSafeAreaRoot/ContentSlot/Dimension1Panel/D1CommandCenterProductionRoot/CommandDashboard/RelicsCard	Canvas/HUD/VerticalUIRoot/VerticalSafeAreaRoot/ContentSlot/Dimension1Panel/D1CommandCenterProductionRoot/CommandDashboard/RelicsCard
32_return_center	1080	1920	Canvas/HUD/VerticalUIRoot/VerticalSafeAreaRoot/ContentSlot/Dimension1Panel/D1CommandCenterProductionRoot/CommandDashboard/RelicsCard	1	843.20	1206.80	OK	Canvas/HUD/VerticalUIRoot/VerticalSafeAreaRoot/ContentSlot/Dimension1Panel/D1CommandCenterProductionRoot/CommandDashboard/RelicsCard	Canvas/HUD/VerticalUIRoot/VerticalSafeAreaRoot/ContentSlot/Dimension1Panel/D1CommandCenterProductionRoot/CommandDashboard/RelicsCard
32_return_center	1080	1920	Canvas/HUD/VerticalUIRoot/VerticalSafeAreaRoot/ContentSlot/Dimension1Panel/D1CommandCenterProductionRoot/CommandDashboard/RelicsCard	2	1014.80	1206.80	OK	Canvas/HUD/VerticalUIRoot/VerticalSafeAreaRoot/ContentSlot/Dimension1Panel/D1CommandCenterProductionRoot/CommandDashboard/RelicsCard	Canvas/HUD/VerticalUIRoot/VerticalSafeAreaRoot/ContentSlot/Dimension1Panel/D1CommandCenterProductionRoot/CommandDashboard/RelicsCard
32_return_center	1080	1920	Canvas/HUD/VerticalUIRoot/VerticalSafeAreaRoot/ContentSlot/Dimension1Panel/D1CommandCenterProductionRoot/CommandDashboard/RelicsCard	3	843.20	1377.20	OK	Canvas/HUD/VerticalUIRoot/VerticalSafeAreaRoot/ContentSlot/Dimension1Panel/D1CommandCenterProductionRoot/CommandDashboard/RelicsCard/DetailedLineIcon	Canvas/HUD/VerticalUIRoot/VerticalSafeAreaRoot/ContentSlot/Dimension1Panel/D1CommandCenterProductionRoot/CommandDashboard/RelicsCard
32_return_center	1080	1920	Canvas/HUD/VerticalUIRoot/VerticalSafeAreaRoot/ContentSlot/Dimension1Panel/D1CommandCenterProductionRoot/CommandDashboard/RelicsCard	4	1014.80	1377.20	OK	Canvas/HUD/VerticalUIRoot/VerticalSafeAreaRoot/ContentSlot/Dimension1Panel/D1CommandCenterProductionRoot/CommandDashboard/RelicsCard/DetailedLineIcon	Canvas/HUD/VerticalUIRoot/VerticalSafeAreaRoot/ContentSlot/Dimension1Panel/D1CommandCenterProductionRoot/CommandDashboard/RelicsCard
32_return_center	1080	1920	Canvas/HUD/VerticalUIRoot/VerticalSafeAreaRoot/ContentSlot/Dimension1Panel/OpenRelicChamberPanelButton	0	1240.00	1476.00	OFFSCREEN	<none>	<none>
32_return_center	1080	1920	Canvas/HUD/VerticalUIRoot/VerticalSafeAreaRoot/ContentSlot/Dimension1Panel/OpenRelicChamberPanelButton	1	1192.00	1467.00	OFFSCREEN	<none>	<none>
32_return_center	1080	1920	Canvas/HUD/VerticalUIRoot/VerticalSafeAreaRoot/ContentSlot/Dimension1Panel/OpenRelicChamberPanelButton	2	1288.00	1467.00	OFFSCREEN	<none>	<none>
32_return_center	1080	1920	Canvas/HUD/VerticalUIRoot/VerticalSafeAreaRoot/ContentSlot/Dimension1Panel/OpenRelicChamberPanelButton	3	1192.00	1485.00	OFFSCREEN	<none>	<none>
32_return_center	1080	1920	Canvas/HUD/VerticalUIRoot/VerticalSafeAreaRoot/ContentSlot/Dimension1Panel/OpenRelicChamberPanelButton	4	1288.00	1485.00	OFFSCREEN	<none>	<none>
32_return_center	1080	1920	Canvas/HUD/VerticalUIRoot/VerticalSafeAreaRoot/ContentSlot/Dimension1Panel/D1CommandCenterProductionRoot/CommandDashboard/ExpeditionsCard	0	929.00	686.00	OK	Canvas/HUD/VerticalUIRoot/VerticalSafeAreaRoot/ContentSlot/Dimension1Panel/D1CommandCenterProductionRoot/CommandDashboard/ExpeditionsCard	Canvas/HUD/VerticalUIRoot/VerticalSafeAreaRoot/ContentSlot/Dimension1Panel/D1CommandCenterProductionRoot/CommandDashboard/ExpeditionsCard
32_return_center	1080	1920	Canvas/HUD/VerticalUIRoot/VerticalSafeAreaRoot/ContentSlot/Dimension1Panel/D1CommandCenterProductionRoot/CommandDashboard/ExpeditionsCard	1	843.20	600.80	OK	Canvas/HUD/VerticalUIRoot/VerticalSafeAreaRoot/ContentSlot/Dimension1Panel/D1CommandCenterProductionRoot/CommandDashboard/ExpeditionsCard	Canvas/HUD/VerticalUIRoot/VerticalSafeAreaRoot/ContentSlot/Dimension1Panel/D1CommandCenterProductionRoot/CommandDashboard/ExpeditionsCard
32_return_center	1080	1920	Canvas/HUD/VerticalUIRoot/VerticalSafeAreaRoot/ContentSlot/Dimension1Panel/D1CommandCenterProductionRoot/CommandDashboard/ExpeditionsCard	2	1014.80	600.80	OK	Canvas/HUD/VerticalUIRoot/VerticalSafeAreaRoot/ContentSlot/Dimension1Panel/D1CommandCenterProductionRoot/CommandDashboard/ExpeditionsCard	Canvas/HUD/VerticalUIRoot/VerticalSafeAreaRoot/ContentSlot/Dimension1Panel/D1CommandCenterProductionRoot/CommandDashboard/ExpeditionsCard
32_return_center	1080	1920	Canvas/HUD/VerticalUIRoot/VerticalSafeAreaRoot/ContentSlot/Dimension1Panel/D1CommandCenterProductionRoot/CommandDashboard/ExpeditionsCard	3	843.20	771.20	OK	Canvas/HUD/VerticalUIRoot/VerticalSafeAreaRoot/ContentSlot/Dimension1Panel/D1CommandCenterProductionRoot/CommandDashboard/ExpeditionsCard/DetailedLineIcon	Canvas/HUD/VerticalUIRoot/VerticalSafeAreaRoot/ContentSlot/Dimension1Panel/D1CommandCenterProductionRoot/CommandDashboard/ExpeditionsCard
32_return_center	1080	1920	Canvas/HUD/VerticalUIRoot/VerticalSafeAreaRoot/ContentSlot/Dimension1Panel/D1CommandCenterProductionRoot/CommandDashboard/ExpeditionsCard	4	1014.80	771.20	OK	Canvas/HUD/VerticalUIRoot/VerticalSafeAreaRoot/ContentSlot/Dimension1Panel/D1CommandCenterProductionRoot/CommandDashboard/ExpeditionsCard/DetailedLineIcon	Canvas/HUD/VerticalUIRoot/VerticalSafeAreaRoot/ContentSlot/Dimension1Panel/D1CommandCenterProductionRoot/CommandDashboard/ExpeditionsCard
32_return_center	1080	1920	Canvas/HUD/VerticalUIRoot/VerticalSafeAreaRoot/ContentSlot/Dimension1Panel/OpenDimension1TreePanelButton	0	1240.00	1376.00	OFFSCREEN	<none>	<none>
32_return_center	1080	1920	Canvas/HUD/VerticalUIRoot/VerticalSafeAreaRoot/ContentSlot/Dimension1Panel/OpenDimension1TreePanelButton	1	1192.00	1367.00	OFFSCREEN	<none>	<none>
32_return_center	1080	1920	Canvas/HUD/VerticalUIRoot/VerticalSafeAreaRoot/ContentSlot/Dimension1Panel/OpenDimension1TreePanelButton	2	1288.00	1367.00	OFFSCREEN	<none>	<none>
32_return_center	1080	1920	Canvas/HUD/VerticalUIRoot/VerticalSafeAreaRoot/ContentSlot/Dimension1Panel/OpenDimension1TreePanelButton	3	1192.00	1385.00	OFFSCREEN	<none>	<none>
32_return_center	1080	1920	Canvas/HUD/VerticalUIRoot/VerticalSafeAreaRoot/ContentSlot/Dimension1Panel/OpenDimension1TreePanelButton	4	1288.00	1385.00	OFFSCREEN	<none>	<none>
32_return_center	1080	1920	Canvas/HUD/VerticalUIRoot/VerticalSafeAreaRoot/ContentSlot/Dimension1Panel/D1CommandCenterProductionRoot/MetalsButton	0	921.50	1768.00	OK	Canvas/HUD/VerticalUIRoot/VerticalSafeAreaRoot/ContentSlot/Dimension1Panel/D1CommandCenterProductionRoot/MetalsButton	Canvas/HUD/VerticalUIRoot/VerticalSafeAreaRoot/ContentSlot/Dimension1Panel/D1CommandCenterProductionRoot/MetalsButton
32_return_center	1080	1920	Canvas/HUD/VerticalUIRoot/VerticalSafeAreaRoot/ContentSlot/Dimension1Panel/D1CommandCenterProductionRoot/MetalsButton	1	848.00	1738.00	OK	Canvas/HUD/VerticalUIRoot/VerticalSafeAreaRoot/ContentSlot/Dimension1Panel/D1CommandCenterProductionRoot/MetalsButton	Canvas/HUD/VerticalUIRoot/VerticalSafeAreaRoot/ContentSlot/Dimension1Panel/D1CommandCenterProductionRoot/MetalsButton
32_return_center	1080	1920	Canvas/HUD/VerticalUIRoot/VerticalSafeAreaRoot/ContentSlot/Dimension1Panel/D1CommandCenterProductionRoot/MetalsButton	2	995.00	1738.00	OK	Canvas/HUD/VerticalUIRoot/VerticalSafeAreaRoot/ContentSlot/Dimension1Panel/D1CommandCenterProductionRoot/MetalsButton	Canvas/HUD/VerticalUIRoot/VerticalSafeAreaRoot/ContentSlot/Dimension1Panel/D1CommandCenterProductionRoot/MetalsButton
32_return_center	1080	1920	Canvas/HUD/VerticalUIRoot/VerticalSafeAreaRoot/ContentSlot/Dimension1Panel/D1CommandCenterProductionRoot/MetalsButton	3	848.00	1798.00	OK	Canvas/HUD/VerticalUIRoot/VerticalSafeAreaRoot/ContentSlot/Dimension1Panel/D1CommandCenterProductionRoot/MetalsButton	Canvas/HUD/VerticalUIRoot/VerticalSafeAreaRoot/ContentSlot/Dimension1Panel/D1CommandCenterProductionRoot/MetalsButton
32_return_center	1080	1920	Canvas/HUD/VerticalUIRoot/VerticalSafeAreaRoot/ContentSlot/Dimension1Panel/D1CommandCenterProductionRoot/MetalsButton	4	995.00	1798.00	OK	Canvas/HUD/VerticalUIRoot/VerticalSafeAreaRoot/ContentSlot/Dimension1Panel/D1CommandCenterProductionRoot/MetalsButton	Canvas/HUD/VerticalUIRoot/VerticalSafeAreaRoot/ContentSlot/Dimension1Panel/D1CommandCenterProductionRoot/MetalsButton
32_return_center	1080	1920	Canvas/HUD/VerticalUIRoot/VerticalSafeAreaRoot/ContentSlot/Dimension1Panel/D1CommandCenterProductionRoot/Nav_HANGAR	0	537.00	110.00	OK	Canvas/HUD/VerticalUIRoot/VerticalSafeAreaRoot/ContentSlot/Dimension1Panel/D1CommandCenterProductionRoot/Nav_HANGAR	Canvas/HUD/VerticalUIRoot/VerticalSafeAreaRoot/ContentSlot/Dimension1Panel/D1CommandCenterProductionRoot/Nav_HANGAR
32_return_center	1080	1920	Canvas/HUD/VerticalUIRoot/VerticalSafeAreaRoot/ContentSlot/Dimension1Panel/D1CommandCenterProductionRoot/Nav_HANGAR	1	477.60	57.20	OK	Canvas/HUD/VerticalUIRoot/VerticalSafeAreaRoot/ContentSlot/Dimension1Panel/D1CommandCenterProductionRoot/Nav_HANGAR	Canvas/HUD/VerticalUIRoot/VerticalSafeAreaRoot/ContentSlot/Dimension1Panel/D1CommandCenterProductionRoot/Nav_HANGAR
32_return_center	1080	1920	Canvas/HUD/VerticalUIRoot/VerticalSafeAreaRoot/ContentSlot/Dimension1Panel/D1CommandCenterProductionRoot/Nav_HANGAR	2	596.40	57.20	OK	Canvas/HUD/VerticalUIRoot/VerticalSafeAreaRoot/ContentSlot/Dimension1Panel/D1CommandCenterProductionRoot/Nav_HANGAR	Canvas/HUD/VerticalUIRoot/VerticalSafeAreaRoot/ContentSlot/Dimension1Panel/D1CommandCenterProductionRoot/Nav_HANGAR
32_return_center	1080	1920	Canvas/HUD/VerticalUIRoot/VerticalSafeAreaRoot/ContentSlot/Dimension1Panel/D1CommandCenterProductionRoot/Nav_HANGAR	3	477.60	162.80	OK	Canvas/HUD/VerticalUIRoot/VerticalSafeAreaRoot/ContentSlot/Dimension1Panel/D1CommandCenterProductionRoot/Nav_HANGAR	Canvas/HUD/VerticalUIRoot/VerticalSafeAreaRoot/ContentSlot/Dimension1Panel/D1CommandCenterProductionRoot/Nav_HANGAR
32_return_center	1080	1920	Canvas/HUD/VerticalUIRoot/VerticalSafeAreaRoot/ContentSlot/Dimension1Panel/D1CommandCenterProductionRoot/Nav_HANGAR	4	596.40	162.80	OK	Canvas/HUD/VerticalUIRoot/VerticalSafeAreaRoot/ContentSlot/Dimension1Panel/D1CommandCenterProductionRoot/Nav_HANGAR	Canvas/HUD/VerticalUIRoot/VerticalSafeAreaRoot/ContentSlot/Dimension1Panel/D1CommandCenterProductionRoot/Nav_HANGAR
32_return_center	1080	1920	Canvas/HUD/VerticalUIRoot/VerticalSafeAreaRoot/ContentSlot/Dimension1Panel/D1CommandCenterProductionRoot/CommandDashboard/TreeCard	0	929.00	989.00	OK	Canvas/HUD/VerticalUIRoot/VerticalSafeAreaRoot/ContentSlot/Dimension1Panel/D1CommandCenterProductionRoot/CommandDashboard/TreeCard	Canvas/HUD/VerticalUIRoot/VerticalSafeAreaRoot/ContentSlot/Dimension1Panel/D1CommandCenterProductionRoot/CommandDashboard/TreeCard
32_return_center	1080	1920	Canvas/HUD/VerticalUIRoot/VerticalSafeAreaRoot/ContentSlot/Dimension1Panel/D1CommandCenterProductionRoot/CommandDashboard/TreeCard	1	843.20	903.80	OK	Canvas/HUD/VerticalUIRoot/VerticalSafeAreaRoot/ContentSlot/Dimension1Panel/D1CommandCenterProductionRoot/CommandDashboard/TreeCard	Canvas/HUD/VerticalUIRoot/VerticalSafeAreaRoot/ContentSlot/Dimension1Panel/D1CommandCenterProductionRoot/CommandDashboard/TreeCard
32_return_center	1080	1920	Canvas/HUD/VerticalUIRoot/VerticalSafeAreaRoot/ContentSlot/Dimension1Panel/D1CommandCenterProductionRoot/CommandDashboard/TreeCard	2	1014.80	903.80	OK	Canvas/HUD/VerticalUIRoot/VerticalSafeAreaRoot/ContentSlot/Dimension1Panel/D1CommandCenterProductionRoot/CommandDashboard/TreeCard	Canvas/HUD/VerticalUIRoot/VerticalSafeAreaRoot/ContentSlot/Dimension1Panel/D1CommandCenterProductionRoot/CommandDashboard/TreeCard
32_return_center	1080	1920	Canvas/HUD/VerticalUIRoot/VerticalSafeAreaRoot/ContentSlot/Dimension1Panel/D1CommandCenterProductionRoot/CommandDashboard/TreeCard	3	843.20	1074.20	OK	Canvas/HUD/VerticalUIRoot/VerticalSafeAreaRoot/ContentSlot/Dimension1Panel/D1CommandCenterProductionRoot/CommandDashboard/TreeCard/DetailedLineIcon	Canvas/HUD/VerticalUIRoot/VerticalSafeAreaRoot/ContentSlot/Dimension1Panel/D1CommandCenterProductionRoot/CommandDashboard/TreeCard
32_return_center	1080	1920	Canvas/HUD/VerticalUIRoot/VerticalSafeAreaRoot/ContentSlot/Dimension1Panel/D1CommandCenterProductionRoot/CommandDashboard/TreeCard	4	1014.80	1074.20	OK	Canvas/HUD/VerticalUIRoot/VerticalSafeAreaRoot/ContentSlot/Dimension1Panel/D1CommandCenterProductionRoot/CommandDashboard/TreeCard/DetailedLineIcon	Canvas/HUD/VerticalUIRoot/VerticalSafeAreaRoot/ContentSlot/Dimension1Panel/D1CommandCenterProductionRoot/CommandDashboard/TreeCard
32_return_center	1080	1920	Canvas/HUD/VerticalUIRoot/VerticalSafeAreaRoot/ContentSlot/Dimension1Panel/OpenHangarPanelButton	0	1240.00	1426.00	OFFSCREEN	<none>	<none>
32_return_center	1080	1920	Canvas/HUD/VerticalUIRoot/VerticalSafeAreaRoot/ContentSlot/Dimension1Panel/OpenHangarPanelButton	1	1192.00	1417.00	OFFSCREEN	<none>	<none>
32_return_center	1080	1920	Canvas/HUD/VerticalUIRoot/VerticalSafeAreaRoot/ContentSlot/Dimension1Panel/OpenHangarPanelButton	2	1288.00	1417.00	OFFSCREEN	<none>	<none>
32_return_center	1080	1920	Canvas/HUD/VerticalUIRoot/VerticalSafeAreaRoot/ContentSlot/Dimension1Panel/OpenHangarPanelButton	3	1192.00	1435.00	OFFSCREEN	<none>	<none>
32_return_center	1080	1920	Canvas/HUD/VerticalUIRoot/VerticalSafeAreaRoot/ContentSlot/Dimension1Panel/OpenHangarPanelButton	4	1288.00	1435.00	OFFSCREEN	<none>	<none>
32_return_center	1080	1920	Canvas/HUD/VerticalUIRoot/VerticalSafeAreaRoot/ContentSlot/Dimension1Panel/D1CommandCenterProductionRoot/Nav_RELIQUIAS	0	744.00	110.00	OK	Canvas/HUD/VerticalUIRoot/VerticalSafeAreaRoot/ContentSlot/Dimension1Panel/D1CommandCenterProductionRoot/Nav_RELIQUIAS	Canvas/HUD/VerticalUIRoot/VerticalSafeAreaRoot/ContentSlot/Dimension1Panel/D1CommandCenterProductionRoot/Nav_RELIQUIAS
32_return_center	1080	1920	Canvas/HUD/VerticalUIRoot/VerticalSafeAreaRoot/ContentSlot/Dimension1Panel/D1CommandCenterProductionRoot/Nav_RELIQUIAS	1	684.60	57.20	OK	Canvas/HUD/VerticalUIRoot/VerticalSafeAreaRoot/ContentSlot/Dimension1Panel/D1CommandCenterProductionRoot/Nav_RELIQUIAS	Canvas/HUD/VerticalUIRoot/VerticalSafeAreaRoot/ContentSlot/Dimension1Panel/D1CommandCenterProductionRoot/Nav_RELIQUIAS
32_return_center	1080	1920	Canvas/HUD/VerticalUIRoot/VerticalSafeAreaRoot/ContentSlot/Dimension1Panel/D1CommandCenterProductionRoot/Nav_RELIQUIAS	2	803.40	57.20	OK	Canvas/HUD/VerticalUIRoot/VerticalSafeAreaRoot/ContentSlot/Dimension1Panel/D1CommandCenterProductionRoot/Nav_RELIQUIAS	Canvas/HUD/VerticalUIRoot/VerticalSafeAreaRoot/ContentSlot/Dimension1Panel/D1CommandCenterProductionRoot/Nav_RELIQUIAS
32_return_center	1080	1920	Canvas/HUD/VerticalUIRoot/VerticalSafeAreaRoot/ContentSlot/Dimension1Panel/D1CommandCenterProductionRoot/Nav_RELIQUIAS	3	684.60	162.80	OK	Canvas/HUD/VerticalUIRoot/VerticalSafeAreaRoot/ContentSlot/Dimension1Panel/D1CommandCenterProductionRoot/Nav_RELIQUIAS	Canvas/HUD/VerticalUIRoot/VerticalSafeAreaRoot/ContentSlot/Dimension1Panel/D1CommandCenterProductionRoot/Nav_RELIQUIAS
32_return_center	1080	1920	Canvas/HUD/VerticalUIRoot/VerticalSafeAreaRoot/ContentSlot/Dimension1Panel/D1CommandCenterProductionRoot/Nav_RELIQUIAS	4	803.40	162.80	OK	Canvas/HUD/VerticalUIRoot/VerticalSafeAreaRoot/ContentSlot/Dimension1Panel/D1CommandCenterProductionRoot/Nav_RELIQUIAS	Canvas/HUD/VerticalUIRoot/VerticalSafeAreaRoot/ContentSlot/Dimension1Panel/D1CommandCenterProductionRoot/Nav_RELIQUIAS
32_return_center	1080	1920	Canvas/HUD/VerticalUIRoot/VerticalSafeAreaRoot/ContentSlot/Dimension1Panel/D1CommandCenterProductionRoot/Nav_ÁRBOL	0	951.00	110.00	OK	Canvas/HUD/VerticalUIRoot/VerticalSafeAreaRoot/ContentSlot/Dimension1Panel/D1CommandCenterProductionRoot/Nav_ÁRBOL	Canvas/HUD/VerticalUIRoot/VerticalSafeAreaRoot/ContentSlot/Dimension1Panel/D1CommandCenterProductionRoot/Nav_ÁRBOL
32_return_center	1080	1920	Canvas/HUD/VerticalUIRoot/VerticalSafeAreaRoot/ContentSlot/Dimension1Panel/D1CommandCenterProductionRoot/Nav_ÁRBOL	1	891.60	57.20	OK	Canvas/HUD/VerticalUIRoot/VerticalSafeAreaRoot/ContentSlot/Dimension1Panel/D1CommandCenterProductionRoot/Nav_ÁRBOL	Canvas/HUD/VerticalUIRoot/VerticalSafeAreaRoot/ContentSlot/Dimension1Panel/D1CommandCenterProductionRoot/Nav_ÁRBOL
32_return_center	1080	1920	Canvas/HUD/VerticalUIRoot/VerticalSafeAreaRoot/ContentSlot/Dimension1Panel/D1CommandCenterProductionRoot/Nav_ÁRBOL	2	1010.40	57.20	OK	Canvas/HUD/VerticalUIRoot/VerticalSafeAreaRoot/ContentSlot/Dimension1Panel/D1CommandCenterProductionRoot/Nav_ÁRBOL	Canvas/HUD/VerticalUIRoot/VerticalSafeAreaRoot/ContentSlot/Dimension1Panel/D1CommandCenterProductionRoot/Nav_ÁRBOL
32_return_center	1080	1920	Canvas/HUD/VerticalUIRoot/VerticalSafeAreaRoot/ContentSlot/Dimension1Panel/D1CommandCenterProductionRoot/Nav_ÁRBOL	3	891.60	162.80	OK	Canvas/HUD/VerticalUIRoot/VerticalSafeAreaRoot/ContentSlot/Dimension1Panel/D1CommandCenterProductionRoot/Nav_ÁRBOL	Canvas/HUD/VerticalUIRoot/VerticalSafeAreaRoot/ContentSlot/Dimension1Panel/D1CommandCenterProductionRoot/Nav_ÁRBOL
32_return_center	1080	1920	Canvas/HUD/VerticalUIRoot/VerticalSafeAreaRoot/ContentSlot/Dimension1Panel/D1CommandCenterProductionRoot/Nav_ÁRBOL	4	1010.40	162.80	OK	Canvas/HUD/VerticalUIRoot/VerticalSafeAreaRoot/ContentSlot/Dimension1Panel/D1CommandCenterProductionRoot/Nav_ÁRBOL	Canvas/HUD/VerticalUIRoot/VerticalSafeAreaRoot/ContentSlot/Dimension1Panel/D1CommandCenterProductionRoot/Nav_ÁRBOL
32_return_center	1080	1920	Canvas/HUD/VerticalUIRoot/VerticalSafeAreaRoot/ContentSlot/Dimension1Panel/D1CommandCenterProductionRoot/CommandDashboard/SectorCard	0	151.00	1292.00	OK	Canvas/HUD/VerticalUIRoot/VerticalSafeAreaRoot/ContentSlot/Dimension1Panel/D1CommandCenterProductionRoot/CommandDashboard/SectorCard	Canvas/HUD/VerticalUIRoot/VerticalSafeAreaRoot/ContentSlot/Dimension1Panel/D1CommandCenterProductionRoot/CommandDashboard/SectorCard
32_return_center	1080	1920	Canvas/HUD/VerticalUIRoot/VerticalSafeAreaRoot/ContentSlot/Dimension1Panel/D1CommandCenterProductionRoot/CommandDashboard/SectorCard	1	65.20	1206.80	OK	Canvas/HUD/VerticalUIRoot/VerticalSafeAreaRoot/ContentSlot/Dimension1Panel/D1CommandCenterProductionRoot/CommandDashboard/SectorCard	Canvas/HUD/VerticalUIRoot/VerticalSafeAreaRoot/ContentSlot/Dimension1Panel/D1CommandCenterProductionRoot/CommandDashboard/SectorCard
32_return_center	1080	1920	Canvas/HUD/VerticalUIRoot/VerticalSafeAreaRoot/ContentSlot/Dimension1Panel/D1CommandCenterProductionRoot/CommandDashboard/SectorCard	2	236.80	1206.80	OK	Canvas/HUD/VerticalUIRoot/VerticalSafeAreaRoot/ContentSlot/Dimension1Panel/D1CommandCenterProductionRoot/CommandDashboard/SectorCard	Canvas/HUD/VerticalUIRoot/VerticalSafeAreaRoot/ContentSlot/Dimension1Panel/D1CommandCenterProductionRoot/CommandDashboard/SectorCard
32_return_center	1080	1920	Canvas/HUD/VerticalUIRoot/VerticalSafeAreaRoot/ContentSlot/Dimension1Panel/D1CommandCenterProductionRoot/CommandDashboard/SectorCard	3	65.20	1377.20	OK	Canvas/HUD/VerticalUIRoot/VerticalSafeAreaRoot/ContentSlot/Dimension1Panel/D1CommandCenterProductionRoot/CommandDashboard/SectorCard/DetailedLineIcon	Canvas/HUD/VerticalUIRoot/VerticalSafeAreaRoot/ContentSlot/Dimension1Panel/D1CommandCenterProductionRoot/CommandDashboard/SectorCard
32_return_center	1080	1920	Canvas/HUD/VerticalUIRoot/VerticalSafeAreaRoot/ContentSlot/Dimension1Panel/D1CommandCenterProductionRoot/CommandDashboard/SectorCard	4	236.80	1377.20	OK	Canvas/HUD/VerticalUIRoot/VerticalSafeAreaRoot/ContentSlot/Dimension1Panel/D1CommandCenterProductionRoot/CommandDashboard/SectorCard/DetailedLineIcon	Canvas/HUD/VerticalUIRoot/VerticalSafeAreaRoot/ContentSlot/Dimension1Panel/D1CommandCenterProductionRoot/CommandDashboard/SectorCard
32_return_center	1080	1920	Canvas/HUD/VerticalUIRoot/VerticalSafeAreaRoot/ContentSlot/Dimension1Panel/D1CommandCenterProductionRoot/Nav_GALAXIA	0	123.00	110.00	OK	Canvas/HUD/VerticalUIRoot/VerticalSafeAreaRoot/ContentSlot/Dimension1Panel/D1CommandCenterProductionRoot/Nav_GALAXIA	Canvas/HUD/VerticalUIRoot/VerticalSafeAreaRoot/ContentSlot/Dimension1Panel/D1CommandCenterProductionRoot/Nav_GALAXIA
32_return_center	1080	1920	Canvas/HUD/VerticalUIRoot/VerticalSafeAreaRoot/ContentSlot/Dimension1Panel/D1CommandCenterProductionRoot/Nav_GALAXIA	1	63.60	57.20	OK	Canvas/HUD/VerticalUIRoot/VerticalSafeAreaRoot/ContentSlot/Dimension1Panel/D1CommandCenterProductionRoot/Nav_GALAXIA	Canvas/HUD/VerticalUIRoot/VerticalSafeAreaRoot/ContentSlot/Dimension1Panel/D1CommandCenterProductionRoot/Nav_GALAXIA
32_return_center	1080	1920	Canvas/HUD/VerticalUIRoot/VerticalSafeAreaRoot/ContentSlot/Dimension1Panel/D1CommandCenterProductionRoot/Nav_GALAXIA	2	182.40	57.20	OK	Canvas/HUD/VerticalUIRoot/VerticalSafeAreaRoot/ContentSlot/Dimension1Panel/D1CommandCenterProductionRoot/Nav_GALAXIA	Canvas/HUD/VerticalUIRoot/VerticalSafeAreaRoot/ContentSlot/Dimension1Panel/D1CommandCenterProductionRoot/Nav_GALAXIA
32_return_center	1080	1920	Canvas/HUD/VerticalUIRoot/VerticalSafeAreaRoot/ContentSlot/Dimension1Panel/D1CommandCenterProductionRoot/Nav_GALAXIA	3	63.60	162.80	OK	Canvas/HUD/VerticalUIRoot/VerticalSafeAreaRoot/ContentSlot/Dimension1Panel/D1CommandCenterProductionRoot/Nav_GALAXIA	Canvas/HUD/VerticalUIRoot/VerticalSafeAreaRoot/ContentSlot/Dimension1Panel/D1CommandCenterProductionRoot/Nav_GALAXIA
32_return_center	1080	1920	Canvas/HUD/VerticalUIRoot/VerticalSafeAreaRoot/ContentSlot/Dimension1Panel/D1CommandCenterProductionRoot/Nav_GALAXIA	4	182.40	162.80	OK	Canvas/HUD/VerticalUIRoot/VerticalSafeAreaRoot/ContentSlot/Dimension1Panel/D1CommandCenterProductionRoot/Nav_GALAXIA	Canvas/HUD/VerticalUIRoot/VerticalSafeAreaRoot/ContentSlot/Dimension1Panel/D1CommandCenterProductionRoot/Nav_GALAXIA
32_return_center	1080	1920	Canvas/HUD/VerticalUIRoot/VerticalSafeAreaRoot/ContentSlot/Dimension1Panel/Registro	0	-60.00	1426.00	OFFSCREEN	<none>	<none>
32_return_center	1080	1920	Canvas/HUD/VerticalUIRoot/VerticalSafeAreaRoot/ContentSlot/Dimension1Panel/Registro	1	-108.00	1417.00	OFFSCREEN	<none>	<none>
32_return_center	1080	1920	Canvas/HUD/VerticalUIRoot/VerticalSafeAreaRoot/ContentSlot/Dimension1Panel/Registro	2	-12.00	1417.00	OFFSCREEN	<none>	<none>
32_return_center	1080	1920	Canvas/HUD/VerticalUIRoot/VerticalSafeAreaRoot/ContentSlot/Dimension1Panel/Registro	3	-108.00	1435.00	OFFSCREEN	<none>	<none>
32_return_center	1080	1920	Canvas/HUD/VerticalUIRoot/VerticalSafeAreaRoot/ContentSlot/Dimension1Panel/Registro	4	-12.00	1435.00	OFFSCREEN	<none>	<none>
32_return_center	1080	1920	Canvas/HUD/VerticalUIRoot/VerticalSafeAreaRoot/ContentSlot/Dimension1Panel/OpenGalaxyPanelButton	0	1240.00	1526.00	OFFSCREEN	<none>	<none>
32_return_center	1080	1920	Canvas/HUD/VerticalUIRoot/VerticalSafeAreaRoot/ContentSlot/Dimension1Panel/OpenGalaxyPanelButton	1	1192.00	1517.00	OFFSCREEN	<none>	<none>
32_return_center	1080	1920	Canvas/HUD/VerticalUIRoot/VerticalSafeAreaRoot/ContentSlot/Dimension1Panel/OpenGalaxyPanelButton	2	1288.00	1517.00	OFFSCREEN	<none>	<none>
32_return_center	1080	1920	Canvas/HUD/VerticalUIRoot/VerticalSafeAreaRoot/ContentSlot/Dimension1Panel/OpenGalaxyPanelButton	3	1192.00	1535.00	OFFSCREEN	<none>	<none>
32_return_center	1080	1920	Canvas/HUD/VerticalUIRoot/VerticalSafeAreaRoot/ContentSlot/Dimension1Panel/OpenGalaxyPanelButton	4	1288.00	1535.00	OFFSCREEN	<none>	<none>
